line_code,source,target,distance_miles
LN804,9102,2918,4.8
LN804,2918,2832,151.44
LN804,2832,2833,0.0
LN804,2833,4229,0.0
LN804,4229,8207,0.0
LN804,8207,8208,0.0
LN804,8208,8205,0.0
LN804,8205,8206,158.4
LN804,8206,6623,158.4
LN804,6623,6082,0.0
LN804,6082,405,0.0
LN804,405,1433,0.0
LN804,1433,1434,0.0
LN804,1434,10209,0.0
LN804,10209,6022,161.7
LN804,6022,7773,161.7
LN804,7773,5974,0.0
LN804,5974,153,164.7
LN804,153,9031,164.7
LN804,9031,880,0.0
LN804,880,3707,0.0
LN804,3707,9463,0.0
LN804,9463,6272,0.0
LN804,6272,6273,0.0
LN804,6273,7434,0.0
LN804,7434,3413,0.0
LN804,3413,3414,0.0
LN804,3414,3417,0.0
LN804,3417,3418,0.0
LN804,3418,6079,0.0
LN804,6079,6078,0.0
LN804,6078,3991,0.0
LN804,3991,6271,0.0
LN828,6054,5142,0.0
LN828,5142,9174,0.0
LN828,9174,153,164.7
LN826,10572,2809,0.0
LN826,2809,2792,0.0
LN826,2792,2791,0.0
LN826,2791,2108,0.0
LN826,2108,2109,18.13
LN826,2109,6053,2.42
LN826,6053,9031,15.71
LN826,9031,11935,0.0
LN836,2796,1424,0.0
LN836,1424,111,0.0
LN836,111,2211,0.0
LN836,2211,112,0.0
LN836,112,8125,0.0
LN836,8125,8348,0.0
LN836,8348,4243,0.0
LN836,4243,3437,0.0
LN836,3437,4118,0.0
LN836,4118,4117,0.0
LN836,4117,7951,0.0
LN836,7951,10059,0.0
LN836,10059,10055,0.0
LN836,10055,10058,0.0
LN836,10058,10357,0.0
LN836,10357,6912,0.0
LN836,6912,2122,0.0
LN836,2122,4474,0.0
LN836,4474,9957,0.0
LN836,9957,5432,0.0
LN836,5432,5429,0.0
LN836,5429,6379,0.0
LN836,6379,6380,0.0
LN836,6380,6533,0.0
LN836,6533,6532,0.0
LN836,6532,6531,0.0
LN836,6531,6528,0.0
LN806,9102,1147,146.64
LN806,1147,1145,0.0
LN806,1145,1142,0.0
LN806,1142,3520,0.0
LN806,3520,668,0.0
LN806,668,665,0.0
LN806,665,9427,0.0
LN806,9427,1554,0.0
LN806,1554,5975,0.0
LN806,5975,5976,0.0
LN806,5976,5974,0.0
LN808,2833,2831,0.0
LN808,2831,2834,0.0
LN808,2834,9397,0.0
LN830,153,152,0.0
LN830,152,150,0.0
LN830,150,148,0.0
LN830,148,7771,0.0
LN830,7771,9284,0.0
LN830,9284,9285,0.0
LN830,9285,1137,0.0
LN830,1137,9771,0.0
LN101,5175,5178,0.0
LN101,5178,5179,0.0
LN101,5179,4386,0.0
LN101,4386,3490,0.0
LN101,3490,4578,0.0
LN101,4578,4581,0.0
LN101,4581,11029,0.0
LN101,11029,4572,0.0
LN101,4572,4575,0.0
LN101,4575,3564,0.0
LN101,3564,4611,0.0
LN101,4611,4607,0.0
LN101,4607,4620,0.0
LN101,4620,4617,0.0
LN101,4617,4610,0.0
LN101,4610,4609,0.0
LN101,4609,160,0.0
LN101,160,11030,0.0
LN101,11030,921,0.0
LN101,921,6564,0.0
LN101,6564,6851,0.0
LN101,6851,6479,0.0
LN101,6479,4061,0.0
LN101,4061,7282,0.0
LN101,7282,1176,0.0
LN101,1176,9847,0.0
LN101,9847,9848,0.0
LN101,9848,4144,0.0
LN101,4144,10178,0.0
LN101,10178,10175,0.0
LN101,10175,10176,0.0
LN101,10176,10174,0.0
LN101,10174,2615,0.0
LN101,2615,10177,0.0
LN101,10177,10095,0.0
LN101,10095,5162,0.0
LN101,5162,5684,0.0
LN101,5684,5277,0.0
LN101,5277,8667,0.0
LN101,8667,8665,0.0
LN101,8665,4339,0.0
LN101,4339,4337,0.0
LN101,4337,4338,0.0
LN101,4338,11031,0.0
LN101,11031,4340,0.0
LN101,4340,11032,0.0
LN101,11032,302,0.0
LN101,302,303,0.0
LN101,303,760,0.0
LN101,760,761,0.0
LN101,761,762,0.0
LN101,762,8469,0.0
LN101,8469,8790,0.0
LN101,8790,4457,0.0
LN101,4457,4455,0.0
LN101,4455,4459,0.0
LN101,4459,2053,0.0
LN101,2053,2051,0.0
LN101,2051,4477,0.0
LN101,4477,3441,0.0
LN101,3441,7037,0.0
LN101,7037,11033,0.0
LN101,11033,7003,0.0
LN101,7003,7016,0.0
LN101,7016,7015,0.0
LN101,7015,7035,0.0
LN101,7035,7046,0.0
LN101,7046,7027,0.0
LN101,7027,7041,0.0
LN101,7041,7048,0.0
LN101,7048,7030,0.0
LN101,7030,10769,0.0
LN101,10769,7044,0.0
LN101,7044,6522,0.0
LN101,6522,10355,0.0
LN101,10355,4235,0.0
LN101,4235,9090,0.0
LN101,9090,9091,0.0
LN101,9091,8499,0.0
LN101,8499,4297,0.0
LN101,4297,4004,0.0
LN101,4004,4002,0.0
LN101,4002,4007,0.0
LN101,4007,1967,0.0
LN101,1967,6536,0.0
LN101,6536,10763,0.0
LN101,10763,11034,0.0
LN101,11034,6817,0.0
LN101,6817,2342,0.0
LN101,2342,7828,0.0
LN101,7828,7827,0.0
LN101,7827,11035,0.0
LN101,11035,7829,0.0
LN101,7829,470,0.0
LN101,470,7540,0.0
LN101,7540,2793,0.0
LN101,2793,2771,0.0
LN101,2771,2798,0.0
LN101,2798,2806,0.0
LN101,2806,2816,0.0
LN101,2816,2762,0.0
LN101,2762,2782,0.0
LN101,2782,2761,0.0
LN101,2761,2773,0.0
LN101,2773,2774,0.0
LN101,2774,10572,0.0
LN101,10572,2756,0.0
LN101,2756,2825,0.0
LN101,2825,2796,0.0
LN101,2796,298,0.0
LN101,298,8226,0.0
LN101,8226,7028,0.0
LN101,7028,12151,0.0
LN101,12151,12201,0.0
LN101,12201,12152,0.0
LN101,12152,12153,0.0
LN101,12153,11907,0.0
LN101,11907,10094,0.0
LN101,10094,5161,0.0
LN101,5161,5681,0.0
LN101,5681,10700,0.0
LN101,10700,4331,0.0
LN101,4331,4332,0.0
LN101,4332,11906,0.0
LN101,11906,11909,0.0
LN101,11909,12094,0.0
LN101,12094,12095,0.0
LN101,12095,12096,0.0
LN101,12096,3496,0.0
LN101,3496,12097,0.0
LN101,12097,12098,0.0
LN101,12098,12099,0.0
LN101,12099,12100,0.0
LN101,12100,12101,0.0
LN101,12101,12102,0.0
LN101,12102,11908,0.0
LN101,11908,12104,0.0
LN101,12104,4612,0.0
LN101,4612,11688,0.0
LN101,11688,11678,0.0
LN101,11678,11679,0.0
LN101,11679,12214,0.0
LN101,12214,10172,0.0
LN101,10172,10173,0.0
LN101,10173,11290,0.0
LN101,11290,12272,0.0
LN105,6359,6875,0.0
LN105,6875,3254,0.0
LN105,3254,4298,0.0
LN105,4298,2927,0.0
LN105,2927,3490,0.0
LN105,3490,12091,0.0
LN105,12091,12092,0.0
LN105,12092,12093,0.0
LN110,2047,4299,0.0
LN110,4299,3490,0.0
LN110,3490,12090,0.0
LN115,5179,10570,0.0
LN115,10570,2015,0.0
LN115,2015,2011,0.0
LN120,11030,921,0.0
LN120,921,1045,0.0
LN120,1045,1044,0.0
LN120,1044,6978,0.0
LN120,6978,10214,0.0
LN120,10214,3939,0.0
LN120,3939,3207,0.0
LN120,3207,3838,0.0
LN120,3838,2311,0.0
LN120,2311,2456,0.0
LN120,2456,578,0.0
LN120,578,4292,0.0
LN120,4292,4293,0.0
LN120,4293,4291,0.0
LN120,4291,6246,0.0
LN120,6246,9724,0.0
LN120,9724,1060,0.0
LN120,1060,5685,0.0
LN120,5685,5684,0.0
LN120,5684,11910,0.0
LN120,11910,10734,0.0
LN125,4339,4340,0.0
LN125,4340,4328,0.0
LN125,4328,11036,0.0
LN125,11036,5769,0.0
LN125,5769,5771,0.0
LN125,5771,5770,0.0
LN125,5770,5772,0.0
LN125,5772,486,0.0
LN125,486,380,0.0
LN125,380,7790,0.0
LN125,7790,12084,0.0
LN125,12084,12085,0.0
LN125,12085,12086,0.0
LN125,12086,12087,0.0
LN125,12087,12088,0.0
LN125,12088,12089,0.0
LN125,12089,4330,0.0
LN125,4330,10702,0.0
LN135,5079,7026,0.0
LN135,7026,11033,0.0
LN135,11033,7018,0.0
LN147,4235,8614,0.0
LN150,11037,11038,0.0
LN150,11038,2784,0.0
LN150,2784,2781,0.0
LN150,2781,2802,0.0
LN150,2802,2782,0.0
LN155,11037,2793,0.0
LN160,2793,7821,0.0
LN160,7821,11038,0.0
LN165,4579,4578,0.0
LN170,10355,8543,0.0
LN170,8543,10785,0.0
LN170,10785,10784,0.0
LN170,10784,8382,0.0
LN170,8382,8381,0.0
LN170,8381,7820,0.0
LN170,7820,6441,0.0
LN170,6441,7074,0.0
LN170,7074,5535,0.0
LN170,5535,3100,0.0
LN170,3100,9955,0.0
LN170,9955,7491,0.0
LN170,7491,7977,0.0
LN170,7977,3652,0.0
LN170,3652,3657,0.0
LN170,3657,644,0.0
LN170,644,699,0.0
LN170,699,11037,0.0
LN170,11037,11755,0.0
LN170,11755,9146,0.0
LN170,9146,12273,0.0
LN175,8382,8380,0.0
LN180,11039,8381,0.0
LN185,172,173,0.0
LN185,173,230,0.0
LN185,230,7549,0.0
LN185,7549,11039,0.0
LN185,11039,8379,0.0
LN185,8379,8380,0.0
LN185,8380,4200,0.0
LN185,4200,9054,0.0
LN185,9054,4197,0.0
LN185,4197,11040,0.0
LN185,11040,1024,0.0
LN185,1024,1023,0.0
LN185,1023,11041,0.0
LN185,11041,8318,0.0
LN185,8318,681,0.0
LN185,681,9128,0.0
LN185,9128,9664,0.0
LN185,9664,4161,0.0
LN185,4161,8341,0.0
LN185,8341,1196,0.0
LN190,171,173,0.0
LN195,4007,171,0.0
LN195,171,172,0.0
LN195,172,1026,0.0
LN195,1026,1027,0.0
LN200,10317,4379,0.0
LN200,4379,6112,0.0
LN200,6112,9761,0.0
LN200,9761,5678,0.0
LN200,5678,9864,0.0
LN200,9864,7074,0.0
LN200,7074,11911,0.0
LN200,11911,11912,0.0
LN206,6815,6817,0.0
LN206,6817,6816,0.0
LN206,6816,1924,0.0
LN206,1924,9045,0.0
LN206,9045,4770,0.0
LN206,4770,1034,0.0
LN206,1034,9955,0.0
LN206,9955,10764,0.0
LN206,10764,11913,0.0
LN210,11034,6816,0.0
LN215,1034,7491,0.0
LN220,699,2771,0.0
LN235,7823,7821,0.0
LN600,8226,4991,0.0
LN600,4991,2770,0.0
LN600,2770,4205,0.0
LN600,4205,9144,0.0
LN600,9144,4094,0.0
LN600,4094,4093,0.0
LN600,4093,2101,0.0
LN600,2101,2102,0.0
LN600,2102,10520,0.0
LN600,10520,10525,0.0
LN600,10525,10507,0.0
LN600,10507,10528,0.0
LN600,10528,10526,0.0
LN600,10526,10534,0.0
LN600,10534,8344,0.0
LN600,8344,8343,0.0
LN600,8343,9357,0.0
LN600,9357,9201,0.0
LN600,9201,5650,0.0
LN600,5650,6596,0.0
LN600,6596,11042,0.0
LN600,11042,6598,0.0
LN600,6598,2678,0.0
LN600,2678,2683,0.0
LN600,2683,2671,0.0
LN600,2671,2687,0.0
LN600,2687,2680,0.0
LN600,2680,3624,0.0
LN600,3624,3626,0.0
LN600,3626,11043,0.0
LN600,11043,9240,0.0
LN600,9240,11044,0.0
LN600,11044,9511,0.0
LN600,9511,2897,0.0
LN600,2897,2899,0.0
LN600,2899,2898,0.0
LN600,2898,1977,0.0
LN600,1977,1321,0.0
LN600,1321,9545,0.0
LN600,9545,9549,0.0
LN600,9549,9546,0.0
LN600,9546,5733,0.0
LN600,5733,5014,0.0
LN600,5014,5013,0.0
LN600,5013,11045,0.0
LN600,11045,6788,0.0
LN600,6788,11046,0.0
LN600,11046,5918,0.0
LN600,5918,4681,0.0
LN600,4681,4682,0.0
LN600,4682,4680,0.0
LN600,4680,690,0.0
LN600,690,2344,0.0
LN600,2344,6384,0.0
LN600,6384,6386,0.0
LN600,6386,6387,0.0
LN600,6387,7068,0.0
LN600,7068,1479,0.0
LN600,1479,9810,0.0
LN600,9810,1872,0.0
LN600,1872,83,0.0
LN600,83,10213,0.0
LN600,10213,175,0.0
LN600,175,1764,0.0
LN600,1764,671,0.0
LN600,671,2194,0.0
LN600,2194,9528,0.0
LN600,9528,1334,0.0
LN600,1334,1333,0.0
LN600,1333,7671,0.0
LN600,7671,7670,0.0
LN600,7670,11047,0.0
LN600,11047,11928,0.0
LN600,11928,11926,0.0
LN600,11926,11927,0.0
LN600,11927,625,0.0
LN600,625,624,0.0
LN600,624,11929,0.0
LN600,11929,11685,0.0
LN600,11685,6599,0.0
LN600,6599,12167,0.0
LN600,12167,12168,0.0
LN600,12168,2686,0.0
LN600,2686,3621,0.0
LN600,3621,12205,0.0
LN618,10525,10543,0.0
LN618,10543,10542,0.0
LN618,10542,10519,0.0
LN618,10519,10527,0.0
LN618,10527,10518,0.0
LN618,10518,10540,0.0
LN618,10540,8344,0.0
LN620,5012,5013,0.0
LN622,11045,3583,0.0
LN624,11048,6597,0.0
LN624,6597,11049,0.0
LN626,11042,6595,0.0
LN626,6595,11684,0.0
LN627,5650,1012,0.0
LN627,1012,6595,0.0
LN627,6595,10484,0.0
LN627,10484,3089,0.0
LN627,3089,8825,0.0
LN627,8825,4636,0.0
LN627,4636,8824,0.0
LN627,8824,8829,0.0
LN627,8829,8830,0.0
LN627,8830,6657,0.0
LN627,6657,6656,0.0
LN627,6656,845,0.0
LN627,845,844,0.0
LN627,844,3872,0.0
LN627,3872,4643,0.0
LN627,4643,8135,0.0
LN627,8135,8134,0.0
LN627,8134,10632,0.0
LN627,10632,4640,0.0
LN627,4640,4531,0.0
LN627,4531,11050,0.0
LN627,11050,8088,0.0
LN627,8088,8087,0.0
LN627,8087,7942,0.0
LN627,7942,7943,0.0
LN627,7943,8464,0.0
LN627,8464,10900,0.0
LN627,10900,8462,0.0
LN627,8462,8463,0.0
LN627,8463,8655,0.0
LN627,8655,8084,0.0
LN627,8084,3014,0.0
LN627,3014,3015,0.0
LN627,3015,1336,0.0
LN627,1336,1339,0.0
LN627,1339,1338,0.0
LN627,1338,3395,0.0
LN627,3395,7071,0.0
LN627,7071,7069,0.0
LN627,7069,7070,0.0
LN627,7070,4281,0.0
LN627,4281,9551,0.0
LN627,9551,7156,0.0
LN627,7156,4347,0.0
LN627,4347,11046,0.0
LN627,11046,4532,0.0
LN627,4532,4346,0.0
LN627,4346,12078,0.0
LN627,12078,4642,0.0
LN627,4642,12217,0.0
LN627,12217,12274,0.0
LN628,8720,6977,0.0
LN628,6977,6132,0.0
LN628,6132,9581,0.0
LN628,9581,1876,0.0
LN628,1876,8461,0.0
LN628,8461,10900,0.0
LN629,7071,11051,0.0
LN630,11052,7071,0.0
LN631,2683,2627,0.0
LN631,2627,9489,0.0
LN631,9489,163,0.0
LN631,163,11053,0.0
LN631,11053,9138,0.0
LN631,9138,11756,0.0
LN632,8825,1052,0.0
LN632,1052,9071,0.0
LN632,9071,9068,0.0
LN632,9068,9074,0.0
LN632,9074,9138,0.0
LN632,9138,9137,0.0
LN632,9137,6003,0.0
LN632,6003,6002,0.0
LN632,6002,6008,0.0
LN632,6008,5998,0.0
LN632,5998,6007,0.0
LN632,6007,4044,0.0
LN632,4044,9965,0.0
LN632,9965,8714,0.0
LN632,8714,8705,0.0
LN632,8705,626,0.0
LN632,626,3959,0.0
LN632,3959,8713,0.0
LN632,8713,3962,0.0
LN632,3962,3963,0.0
LN632,3963,7633,0.0
LN632,7633,7630,0.0
LN632,7630,7638,0.0
LN632,7638,7628,0.0
LN632,7628,7626,0.0
LN632,7626,7627,0.0
LN632,7627,5717,0.0
LN632,5717,6394,0.0
LN632,6394,7990,0.0
LN632,7990,7989,0.0
LN632,7989,11930,0.0
LN632,11930,12118,0.0
LN634,4044,10718,0.0
LN634,10718,5941,0.0
LN634,5941,4054,0.0
LN634,4054,6754,0.0
LN634,6754,11054,0.0
LN634,11054,3994,0.0
LN634,3994,1431,0.0
LN634,1431,5138,0.0
LN634,5138,2107,0.0
LN634,2107,2451,0.0
LN634,2451,2526,0.0
LN634,2526,5401,0.0
LN634,5401,3697,0.0
LN634,3697,3097,0.0
LN634,3097,3937,0.0
LN634,3937,8385,0.0
LN634,8385,7923,0.0
LN634,7923,10423,0.0
LN634,10423,3938,0.0
LN636,626,5268,0.0
LN638,3963,10165,0.0
LN638,10165,10901,0.0
LN638,10901,10163,0.0
LN640,10165,10161,0.0
LN640,10161,10164,0.0
LN642,7990,2296,0.0
LN642,2296,8352,0.0
LN642,8352,1031,0.0
LN642,1031,1032,0.0
LN644,4636,1052,0.0
LN646,6657,6658,0.0
LN646,6658,3624,0.0
LN646,3624,12215,0.0
LN646,12215,12216,0.0
LN648,6658,6656,0.0
LN652,845,4746,0.0
LN652,4746,4749,0.0
LN652,4749,11055,0.0
LN652,11055,7376,0.0
LN652,7376,10780,0.0
LN652,10780,7373,0.0
LN652,7373,11056,0.0
LN652,11056,11057,0.0
LN652,11057,8095,0.0
LN652,8095,8094,0.0
LN656,8135,11058,0.0
LN662,7943,4430,0.0
LN662,4430,8058,0.0
LN664,1336,1337,0.0
LN666,1338,1337,0.0
LN666,1337,3800,0.0
LN666,3800,4974,0.0
LN670,7069,4978,0.0
LN674,4347,3934,0.0
LN676,7156,3934,0.0
LN676,3934,5012,0.0
LN676,5012,5014,0.0
LN678,2680,6749,0.0
LN678,6749,10699,0.0
LN678,10699,4302,0.0
LN678,4302,6820,0.0
LN678,6820,8203,0.0
LN678,8203,1346,0.0
LN678,1346,1348,0.0
LN678,1348,1347,0.0
LN678,1347,11059,0.0
LN682,5014,6694,0.0
LN682,6694,2719,0.0
LN682,2719,4019,0.0
LN682,4019,9034,0.0
LN682,9034,795,0.0
LN682,795,10473,0.0
LN682,10473,7385,0.0
LN682,7385,8645,0.0
LN682,8645,7703,0.0
LN682,7703,2209,0.0
LN682,2209,4283,0.0
LN682,4283,4764,0.0
LN682,4764,1093,0.0
LN682,1093,4381,0.0
LN682,4381,5740,0.0
LN682,5740,1214,0.0
LN682,1214,1215,0.0
LN682,1215,9889,0.0
LN682,9889,9890,0.0
LN682,9890,11060,0.0
LN682,11060,7125,0.0
LN684,5733,5735,0.0
LN684,5735,6694,0.0
LN694,690,6697,0.0
LN694,6697,616,0.0
LN694,616,617,0.0
LN694,617,6383,0.0
LN694,6383,6387,0.0
LN696,6383,6387,0.0
LN700,1479,1478,0.0
LN700,1478,7423,0.0
LN702,617,10390,0.0
LN702,10390,615,0.0
LN702,615,363,0.0
LN702,363,5876,0.0
LN702,5876,5872,0.0
LN706,10390,10391,0.0
LN706,10391,3551,0.0
LN706,3551,11061,0.0
LN706,11061,6488,0.0
LN708,10391,615,0.0
LN736,1980,6550,0.0
LN736,6550,3900,0.0
LN736,3900,3894,0.0
LN736,3894,3895,0.0
LN736,3895,3901,0.0
LN736,3901,3896,0.0
LN736,3896,4000,0.0
LN736,4000,4219,0.0
LN736,4219,7991,0.0
LN736,7991,4056,0.0
LN736,4056,4055,0.0
LN736,4055,775,0.0
LN736,775,941,0.0
LN736,941,10317,0.0
LN736,10317,1124,0.0
LN736,1124,5247,0.0
LN736,5247,5248,0.0
LN736,5248,6722,0.0
LN736,6722,3654,0.0
LN736,3654,3657,0.0
LN736,3657,9749,0.0
LN736,9749,1972,0.0
LN736,1972,7835,0.0
LN736,7835,7836,0.0
LN736,7836,9245,0.0
LN736,9245,6235,0.0
LN736,6235,10303,0.0
LN736,10303,11062,0.0
LN736,11062,8281,0.0
LN736,8281,8283,0.0
LN736,8283,8282,0.0
LN736,8282,1078,0.0
LN736,1078,5258,0.0
LN736,5258,5256,0.0
LN736,5256,9779,0.0
LN736,9779,9777,0.0
LN736,9777,9778,0.0
LN736,9778,2530,0.0
LN736,2530,9771,0.0
LN736,9771,6623,0.0
LN736,6623,11757,0.0
LN736,11757,11931,0.0
LN736,11931,11932,0.0
LN736,11932,11933,0.0
LN738,3999,3898,0.0
LN740,3896,3899,0.0
LN740,3899,3999,0.0
LN740,3999,3897,0.0
LN740,3897,4858,0.0
LN740,4858,4825,0.0
LN740,4825,4859,0.0
LN740,4859,4855,0.0
LN740,4855,4849,0.0
LN740,4849,4805,0.0
LN740,4805,4807,0.0
LN740,4807,4824,0.0
LN740,4824,4835,0.0
LN741,4055,9576,0.0
LN742,4840,10712,0.0
LN742,10712,10711,0.0
LN742,10711,4830,0.0
LN742,4830,4809,0.0
LN742,4809,4829,0.0
LN742,4829,4838,0.0
LN742,4838,4811,0.0
LN742,4811,4833,0.0
LN742,4833,4837,0.0
LN742,4837,4857,0.0
LN742,4857,4822,0.0
LN742,4822,4831,0.0
LN742,4831,4819,0.0
LN742,4819,4835,0.0
LN742,4835,4843,0.0
LN742,4843,4832,0.0
LN742,4832,9575,0.0
LN742,9575,9574,0.0
LN742,9574,9576,0.0
LN742,9576,775,0.0
LN744,9575,9155,0.0
LN744,9155,3857,0.0
LN744,3857,6944,0.0
LN744,6944,6581,0.0
LN744,6581,559,0.0
LN744,559,1319,0.0
LN746,2165,1972,0.0
LN748,11035,9245,0.0
LN750,9771,9662,0.0
LN750,9662,2558,0.0
LN750,2558,2559,0.0
LN752,10317,8016,0.0
LN752,8016,6593,0.0
LN752,6593,8009,0.0
LN752,8009,11063,0.0
LN752,11063,11064,0.0
LN752,11064,8019,0.0
LN752,8019,8034,0.0
LN752,8034,8033,0.0
LN752,8033,8020,0.0
LN752,8020,11511,0.0
LN752,11511,8021,0.0
LN752,8021,4040,0.0
LN752,4040,8023,0.0
LN752,8023,194,0.0
LN752,194,2387,0.0
LN752,2387,9233,0.0
LN752,9233,9231,0.0
LN752,9231,4664,0.0
LN752,4664,4662,0.0
LN752,4662,5132,0.0
LN752,5132,5133,0.0
LN752,5133,1424,0.0
LN752,1424,2796,0.0
LN752,2796,11934,0.0
LN754,8016,8032,0.0
LN756,8033,8025,0.0
LN756,8025,8026,0.0
LN756,8026,8015,0.0
LN756,8015,8029,0.0
LN758,1078,10651,0.0
LN758,10651,10652,0.0
LN758,10652,2712,0.0
LN758,2712,6156,0.0
LN758,6156,6157,0.0
LN758,6157,3539,0.0
LN758,3539,2808,0.0
LN758,2808,5843,0.0
LN758,5843,5133,0.0
LN758,5133,11758,0.0
LN758,11758,11759,0.0
LN760,3539,4651,0.0
LN762,2808,2784,0.0
LN764,2808,5843,0.0
LN764,5843,2798,0.0
LN766,1424,2791,0.0
LN768,6059,8273,0.0
LN768,8273,8275,0.0
LN768,8275,8272,0.0
LN768,8272,5512,0.0
LN768,5512,2419,0.0
LN768,2419,3159,0.0
LN768,3159,9978,0.0
LN768,9978,9979,0.0
LN768,9979,10224,0.0
LN768,10224,8281,0.0
LN772,9704,8275,0.0
LN774,1142,4361,0.0
LN774,4361,8157,0.0
LN774,8157,6917,0.0
LN774,6917,6915,0.0
LN776,4361,3520,0.0
LN778,8157,857,0.0
LN782,10224,8283,0.0
LN784,4400,958,0.0
LN784,958,9260,0.0
LN784,9260,1969,0.0
LN784,1969,1971,0.0
LN784,1971,10081,0.0
LN784,10081,9704,0.0
LN784,9704,8272,0.0
LN786,958,11065,0.0
LN788,9260,9257,0.0
LN790,1970,1969,0.0
LN800,1970,1971,0.0
LN802,10081,10085,0.0
LN802,10085,10084,0.0
LN807,2832,2834,0.0
LN809,11066,8255,0.0
LN809,8255,9283,0.0
LN810,11066,9285,0.0
LN812,8255,1137,0.0
LN816,665,667,0.0
LN816,667,9779,0.0
LN818,7773,7772,0.0
LN818,7772,11067,0.0
LN824,6273,8348,0.0
LN832,2774,2809,0.0
LN838,307,1203,0.0
LN838,1203,4227,0.0
LN838,4227,4654,0.0
LN838,4654,9846,0.0
LN838,9846,7705,0.0
LN838,7705,6980,0.0
LN838,6980,4598,0.0
LN838,4598,4071,0.0
LN838,4071,8629,0.0
LN838,8629,5199,0.0
LN838,5199,1650,0.0
LN838,1650,4098,0.0
LN838,4098,7275,0.0
LN838,7275,8344,0.0
LN838,8344,10692,0.0
LN838,10692,11936,0.0
LN838,11936,11937,0.0
LN838,11937,11938,0.0
LN838,11938,11939,0.0
LN840,3250,11068,0.0
LN842,9341,257,0.0
LN842,257,8351,0.0
LN842,8351,112,0.0
LN844,257,4991,0.0
LN846,2211,8351,0.0
LN848,4117,2291,0.0
LN850,10059,10056,0.0
LN852,4474,1211,0.0
LN852,1211,6671,0.0
LN852,6671,5284,0.0
LN852,5284,5285,0.0
LN852,5285,1058,0.0
LN852,1058,6136,0.0
LN852,6136,1059,0.0
LN852,1059,11808,0.0
LN854,4085,4193,0.0
LN854,4193,10695,0.0
LN854,10695,10746,0.0
LN854,10746,6458,0.0
LN854,6458,9053,0.0
LN854,9053,6138,0.0
LN854,6138,3958,0.0
LN854,3958,1153,0.0
LN854,1153,1205,0.0
LN854,1205,4276,0.0
LN854,4276,4275,0.0
LN854,4275,6101,0.0
LN854,6101,6100,0.0
LN854,6100,9196,0.0
LN854,9196,2993,0.0
LN854,2993,4394,0.0
LN854,4394,4395,0.0
LN854,4395,4530,0.0
LN854,4530,4529,0.0
LN854,4529,10056,0.0
LN854,10056,10053,0.0
LN854,10053,9464,0.0
LN854,9464,6654,0.0
LN854,6654,188,0.0
LN854,188,9977,0.0
LN854,9977,11069,0.0
LN854,11069,1642,0.0
LN854,1642,6079,0.0
LN854,6079,6080,0.0
LN854,6080,8193,0.0
LN854,8193,8192,0.0
LN854,8192,1763,0.0
LN854,1763,10629,0.0
LN854,10629,9577,0.0
LN854,9577,2103,0.0
LN854,2103,2101,0.0
LN854,2101,11760,0.0
LN854,11760,11761,0.0
LN854,11761,11940,0.0
LN854,11940,11860,0.0
LN858,6138,2998,0.0
LN858,2998,4358,0.0
LN858,4358,4357,0.0
LN858,4357,5738,0.0
LN858,5738,6136,0.0
LN858,6136,11809,0.0
LN859,3958,2998,0.0
LN860,2614,6395,0.0
LN860,6395,8426,0.0
LN860,8426,4214,0.0
LN860,4214,2561,0.0
LN860,2561,1204,0.0
LN860,1204,4276,0.0
LN860,4276,4275,0.0
LN860,4275,6101,0.0
LN860,6101,6100,0.0
LN860,6100,9196,0.0
LN860,9196,7855,0.0
LN860,7855,2991,0.0
LN860,2991,570,0.0
LN860,570,6381,0.0
LN860,6381,2166,0.0
LN860,2166,10574,0.0
LN860,10574,4212,0.0
LN860,4212,8577,0.0
LN860,8577,11941,0.0
LN860,11941,11677,0.0
LN861,1204,1205,0.0
LN862,11070,2728,0.0
LN862,2728,8362,0.0
LN862,8362,7092,0.0
LN862,7092,2706,0.0
LN862,2706,1992,0.0
LN862,1992,8563,0.0
LN862,8563,8757,0.0
LN862,8757,777,0.0
LN862,777,694,0.0
LN862,694,5554,0.0
LN862,5554,8577,0.0
LN862,8577,4214,0.0
LN862,4214,11942,0.0
LN864,11071,2993,0.0
LN868,10209,6022,0.0
LN868,6022,3042,0.0
LN868,3042,1816,0.0
LN868,1816,3162,0.0
LN868,3162,10262,0.0
LN868,10262,935,0.0
LN868,935,11070,0.0
LN868,11070,2922,0.0
LN868,2922,10256,0.0
LN868,10256,4529,0.0
LN868,4529,11943,0.0
LN870,9464,1912,0.0
LN872,188,6651,0.0
LN872,6651,6050,0.0
LN872,6050,9780,0.0
LN872,9780,8930,0.0
LN872,8930,5420,0.0
LN872,5420,5421,0.0
LN872,5421,5425,0.0
LN872,5425,4445,0.0
LN872,4445,5424,0.0
LN872,5424,5428,0.0
LN872,5428,4446,0.0
LN872,4446,4450,0.0
LN872,4450,4473,0.0
LN872,4473,3250,0.0
LN872,3250,5432,0.0
LN872,5432,11944,0.0
LN874,6050,9977,0.0
LN875,11069,3699,0.0
LN875,3699,11072,0.0
LN875,11072,11711,0.0
LN878,8193,3991,0.0
LN880,10507,10532,0.0
LN880,10532,10533,0.0
LN880,10533,5905,0.0
LN880,5905,5906,0.0
LN880,5906,5908,0.0
LN880,5908,8098,0.0
LN880,8098,11073,0.0
LN880,11073,8097,0.0
LN880,8097,7999,0.0
LN880,7999,10512,0.0
LN880,10512,11945,0.0
LN880,11945,11946,0.0
LN880,11946,12169,0.0
LN882,10056,10053,0.0
LN882,10053,10050,0.0
LN882,10050,1912,0.0
LN882,1912,11074,0.0
LN882,11074,6853,0.0
LN882,6853,2291,0.0
LN882,2291,2290,0.0
LN882,2290,2288,0.0
LN882,2288,2289,0.0
LN882,2289,8726,0.0
LN882,8726,3607,0.0
LN882,3607,7439,0.0
LN882,7439,11072,0.0
LN882,11072,7437,0.0
LN882,7437,7436,0.0
LN882,7436,5216,0.0
LN882,5216,5214,0.0
LN882,5214,5219,0.0
LN882,5219,5217,0.0
LN882,5217,5205,0.0
LN882,5205,5206,0.0
LN882,5206,5211,0.0
LN882,5211,5209,0.0
LN882,5209,8053,0.0
LN882,8053,5027,0.0
LN882,5027,8051,0.0
LN882,8051,8055,0.0
LN882,8055,9960,0.0
LN882,9960,9961,0.0
LN882,9961,3084,0.0
LN882,3084,4248,0.0
LN882,4248,2859,0.0
LN882,2859,8449,0.0
LN882,8449,7553,0.0
LN882,7553,3832,0.0
LN884,6852,6853,0.0
LN886,6214,7950,0.0
LN886,7950,6852,0.0
LN886,6852,2290,0.0
LN888,4662,9341,0.0
LN888,9341,4778,0.0
LN888,4778,5215,0.0
LN888,5215,5216,0.0
LN888,5216,3413,0.0
LN889,8226,4778,0.0
LN892,7436,11075,0.0
LN894,5215,5211,0.0
LN896,2859,2860,0.0
LN898,6528,2433,0.0
LN898,2433,3639,0.0
LN898,3639,3092,0.0
LN898,3092,5989,0.0
LN898,5989,11076,0.0
LN898,11076,8439,0.0
LN898,8439,3991,0.0
LN898,3991,3988,0.0
LN898,3988,3989,0.0
LN898,3989,10691,0.0
LN898,10691,4095,0.0
LN898,4095,4092,0.0
LN898,4092,8115,0.0
LN898,8115,11077,0.0
LN898,11077,8114,0.0
LN898,8114,8107,0.0
LN898,8107,8112,0.0
LN898,8112,10326,0.0
LN898,10326,4562,0.0
LN898,4562,3258,0.0
LN898,3258,3703,0.0
LN898,3703,1114,0.0
LN898,1114,1264,0.0
LN898,1264,1265,0.0
LN898,1265,1266,0.0
LN898,1266,6031,0.0
LN898,6031,3411,0.0
LN898,3411,4268,0.0
LN898,4268,4718,0.0
LN898,4718,4269,0.0
LN898,4269,4714,0.0
LN898,4714,4270,0.0
LN898,4270,4706,0.0
LN898,4706,4716,0.0
LN898,4716,11078,0.0
LN898,11078,4705,0.0
LN898,4705,6030,0.0
LN898,6030,8117,0.0
LN898,8117,4729,0.0
LN900,6533,4447,0.0
LN902,11076,1763,0.0
LN902,1763,10629,0.0
LN904,4094,4095,0.0
LN906,4092,4093,0.0
LN908,8117,8115,0.0
LN910,9144,8115,0.0
LN910,8115,11077,0.0
LN912,9231,9232,0.0
LN912,9232,3828,0.0
LN912,3828,3832,0.0
LN912,3832,3826,0.0
LN912,3826,3831,0.0
LN912,3831,3825,0.0
LN912,3825,8430,0.0
LN912,8430,11079,0.0
LN914,4705,11078,0.0
LN914,11078,4733,0.0
LN914,4733,4732,0.0
LN914,4732,2454,0.0
LN914,2454,717,0.0
LN914,717,316,0.0
LN914,316,4676,0.0
LN914,4676,2901,0.0
LN914,2901,6466,0.0
LN914,6466,1092,0.0
LN914,1092,683,0.0
LN914,683,4738,0.0
LN914,4738,3428,0.0
LN914,3428,11073,0.0
LN916,4270,4727,0.0
LN916,4727,4725,0.0
LN916,4725,4707,0.0
LN916,4707,4715,0.0
LN916,4715,4720,0.0
LN916,4720,4713,0.0
LN916,4713,4726,0.0
LN918,4725,4732,0.0
LN920,4706,4733,0.0
LN922,9957,307,0.0
LN922,307,5240,0.0
LN922,5240,5241,0.0
LN922,5241,10726,0.0
LN922,10726,256,0.0
LN922,256,10584,0.0
LN922,10584,8265,0.0
LN922,8265,8266,0.0
LN922,8266,8262,0.0
LN922,8262,8270,0.0
LN922,8270,7957,0.0
LN922,7957,924,0.0
LN922,924,1716,0.0
LN922,1716,5015,0.0
LN922,5015,5016,0.0
LN922,5016,8657,0.0
LN922,8657,2114,0.0
LN922,2114,8354,0.0
LN922,8354,8356,0.0
LN922,8356,8358,0.0
LN922,8358,8353,0.0
LN922,8353,11080,0.0
LN922,11080,8357,0.0
LN922,8357,11081,0.0
LN922,11081,8355,0.0
LN922,8355,3889,0.0
LN922,3889,11082,0.0
LN924,256,8267,0.0
LN924,8267,4038,0.0
LN924,4038,6039,0.0
LN924,6039,1450,0.0
LN924,1450,931,0.0
LN924,931,4800,0.0
LN926,8265,480,0.0
LN926,480,8267,0.0
LN928,8266,8262,0.0
LN928,8262,8268,0.0
LN928,8268,8263,0.0
LN928,8263,3602,0.0
LN928,3602,1057,0.0
LN930,11080,7947,0.0
LN932,8268,8262,0.0
LN932,8262,8270,0.0
LN126,11032,11036,0.0
LN126,11036,10701,0.0
LN737,941,10317,0.0
LN753,10317,8016,0.0
LN814,10842,11362,0.0
LN815,11341,10768,0.0
LN145,12272,12273,0.0
SW195,8985,4207,0.0
SW195,4207,9129,0.0
SW195,9129,4206,0.0
SW200,4207,4423,0.0
SW200,4423,1988,0.0
SW200,1988,6945,0.0
SW200,6945,1660,0.0
SW200,1660,3077,0.0
SW200,3077,4631,0.0
SW200,4631,1882,0.0
SW200,1882,5747,0.0
SW200,5747,4033,0.0
SW205,5484,990,0.0
SW205,990,3077,0.0
SW210,1960,9824,0.0
SW210,9824,7251,0.0
SW210,7251,7470,0.0
SW210,7470,536,0.0
SW210,536,6399,0.0
SW210,6399,6695,0.0
SW210,6695,7697,0.0
SW210,7697,8778,0.0
SW210,8778,9524,0.0
SW210,9524,9526,0.0
SW210,9526,9975,0.0
SW210,9975,9976,0.0
SW210,9976,3400,0.0
SW210,3400,3399,0.0
SW210,3399,327,0.0
SW210,327,8600,0.0
SW210,8600,8603,0.0
SW210,8603,8604,0.0
SW210,8604,8601,0.0
SW210,8601,3086,0.0
SW210,3086,9644,0.0
SW210,9644,5644,0.0
SW210,5644,8977,0.0
SW210,8977,325,0.0
SW210,325,6062,0.0
SW210,6062,1056,0.0
SW210,1056,10255,0.0
SW210,10255,10029,0.0
SW210,10029,10030,0.0
SW210,10030,3244,0.0
SW210,3244,7607,0.0
SW210,7607,7609,0.0
SW210,7609,7590,0.0
SW210,7590,3397,0.0
SW210,3397,11996,0.0
SW210,11996,11997,0.0
SW210,11997,11998,0.0
SW210,11998,8606,0.0
SW210,8606,12246,0.0
SW210,12246,12247,0.0
SW210,12247,12248,0.0
SW210,12248,7696,0.0
SW210,7696,9521,0.0
SW210,9521,9523,0.0
SW210,9523,9522,0.0
SW210A,4553,9976,0.0
SW210B,7607,7605,0.0
SW210C,7590,7595,0.0
SW210C,7595,7609,0.0
SW225,7251,3226,0.0
SW225,3226,9787,0.0
SW225,9787,9790,0.0
SW230,536,933,0.0
SW230,933,1776,0.0
SW230,1776,6558,0.0
SW230,6558,5059,0.0
SW230,5059,6845,0.0
SW230,6845,943,0.0
SW230,943,9063,0.0
SW230,9063,4935,0.0
SW230,4935,4554,0.0
SW230,4554,4553,0.0
SW230,4553,3400,0.0
SW240,6845,5060,0.0
SW240A,6558,5060,0.0
SW245,9526,8940,0.0
SW245,8940,11088,0.0
SW245,11088,8939,0.0
SW245,8939,8201,0.0
SW245,8201,8200,0.0
SW245,8200,12249,0.0
SW245,12249,12250,0.0
SW245,12250,8938,0.0
SW245A,3613,11088,0.0
SW245A,11088,3612,0.0
SW245A,3612,12251,0.0
SW250,8601,10372,0.0
SW250,10372,8979,0.0
SW250,8979,2539,0.0
SW250,2539,10393,0.0
SW255,9644,1862,0.0
SW255,1862,108,0.0
SW255,108,107,0.0
SW255,107,9897,0.0
SW255A,107,1497,0.0
SW260,325,475,0.0
SW260,475,1996,0.0
SW260,1996,3556,0.0
SW260,3556,3557,0.0
SW260,3557,11087,0.0
SW265,4033,9687,0.0
SW265,9687,364,0.0
SW265,364,146,0.0
SW265,146,6703,0.0
SW265,6703,3544,0.0
SW265,3544,592,0.0
SW265,592,8458,0.0
SW265,8458,2421,0.0
SW265,2421,10255,0.0
SW265,10255,12208,0.0
SW265,12208,12209,0.0
SW300,3821,1794,0.0
SW300,1794,8176,0.0
SW300,8176,8177,0.0
SW105,10577,9673,61.06
SW105,9673,10208,5.33
SW105,10208,8191,66.39
SW105,8191,8190,69.5
SW105,8190,3128,69.5
SW105,3128,3135,0.0
SW105,3135,3142,0.0
SW105,3142,3134,73.35
SW105,3134,3130,73.35
SW105,3130,3115,73.35
SW105,3115,3148,0.07
SW105,3148,3139,73.42
SW105,3139,3146,0.0
SW105,3146,3137,0.0
SW105,3137,3125,0.0
SW105,3125,8535,74.66
SW105,8535,9055,1.1
SW105,9055,8654,75.76
SW105,8654,6707,78.15
SW105,6707,8528,1.04
SW105,8528,5959,79.19
SW105,5959,5970,0.0
SW105,5970,5966,0.0
SW105,5966,5962,0.0
SW105,5962,8527,0.0
SW105,8527,7622,0.0
SW105,7622,7623,0.0
SW105,7623,9413,0.0
SW105,9413,5865,0.0
SW105,5865,826,0.0
SW105,826,782,0.0
SW105,782,9023,0.0
SW105,9023,6603,0.0
SW105,6603,4325,0.0
SW105,4325,1822,0.0
SW105,1822,7253,0.0
SW105,7253,972,0.0
SW105,972,1064,0.0
SW105,1064,976,0.0
SW105,976,7415,0.0
SW105,7415,7272,0.0
SW105,7272,4419,0.0
SW105,4419,4481,0.0
SW105,4481,9700,0.0
SW105,9700,10293,0.0
SW105,10293,10266,0.0
SW105,10266,10872,0.0
SW105,10872,6262,0.0
SW105,6262,2888,0.0
SW105,2888,2887,0.0
SW105,2887,9596,0.0
SW105,9596,9907,0.0
SW105,9907,9906,0.0
SW105,9906,1958,0.0
SW105,1958,3239,0.0
SW105,3239,2917,0.0
SW105,2917,9796,0.0
SW105,9796,9790,0.0
SW105,9790,9807,0.0
SW105,9807,7557,0.0
SW105,7557,6560,0.0
SW105,6560,1202,0.0
SW105,1202,10578,0.0
SW105,10578,8985,0.0
SW105,8985,4207,0.0
SW105,4207,3248,0.0
SW105,3248,4260,0.0
SW105,4260,10264,0.0
SW105,10264,9897,0.0
SW105,9897,1496,0.0
SW105,1496,9752,0.0
SW105,9752,10242,0.0
SW105,10242,9804,0.0
SW105,9804,10248,0.0
SW105,10248,10244,0.0
SW105,10244,1200,0.0
SW105,1200,1201,0.0
SW105,1201,1199,0.0
SW105,1199,7292,0.0
SW105,7292,3567,0.0
SW105,3567,3543,0.0
SW105,3543,3566,0.0
SW105,3566,3440,0.0
SW105,3440,10204,0.0
SW105,10204,10203,0.0
SW105,10203,10202,0.0
SW105,10202,4516,0.0
SW105,4516,1376,0.0
SW105,1376,1382,47.61
SW105,1382,10362,2.6
SW105,10362,5979,7.83
SW105,5979,1377,58.04
SW105,1377,1383,0.0
SW105,1383,8517,0.0
SW105,8517,8520,0.0
SW105,8520,11989,0.0
SW105,11989,10742,0.0
SW105,10742,11990,0.0
SW105,11990,8525,0.0
SW105,8525,11991,0.0
SW105,11991,11992,0.0
SW105,11992,8534,0.0
SW105,8534,8524,0.0
SW105,8524,12195,0.0
SW105,12195,11119,0.0
SW105,11119,1379,0.0
SW105,1379,11297,0.0
SW105,11297,11298,0.0
SW105,11298,7274,0.0
SW105,7274,6709,0.0
SW105,6709,9415,0.0
SW105,9415,10241,0.0
SW100,9733,11083,0.0
SW100,11083,10886,0.0
SW100,10886,9730,0.0
SW100,9730,9613,0.0
SW100,9613,6587,0.0
SW100,6587,7499,0.0
SW100,7499,10101,0.0
SW100,10101,10100,0.0
SW100,10100,1965,0.0
SW100,1965,1966,0.0
SW100,1966,1962,0.0
SW100,1962,1960,0.0
SW100,1960,1958,0.0
SW100A,9731,11083,0.0
SW100B,6587,5538,0.0
SW100C,10101,5773,0.0
SW100D,1960,5649,0.0
SW100E,1960,5773,0.0
SW105A,8528,5968,0.0
SW105A,5968,5969,0.0
SW105A,5969,8512,0.0
SW105B,10293,9043,0.0
SW105B,9043,3601,0.0
SW105C,9906,9908,0.0
SW105C,9908,9907,0.0
SW105C,9907,9900,0.0
SW110,10244,10238,0.0
SW110,10238,10361,0.0
SW110,10361,4033,0.0
SW110,4033,8177,0.0
SW110,8177,3568,0.0
SW110,3568,3658,0.0
SW110,3658,6125,0.0
SW110,6125,10043,0.0
SW110,10043,4134,0.0
SW110,4134,5542,0.0
SW110,5542,5548,0.0
SW110,5548,7454,0.0
SW110,7454,7928,0.0
SW110,7928,4158,0.0
SW110,4158,4160,0.0
SW110,4160,613,0.0
SW110,613,3559,0.0
SW110,3559,7053,0.0
SW110,7053,4316,0.0
SW110,4316,3534,0.0
SW110,3534,3536,0.0
SW110,3536,11084,0.0
SW110,11084,3538,0.0
SW110,3538,3529,0.0
SW110,3529,11085,0.0
SW110,11085,7393,0.0
SW110,7393,7129,0.0
SW110,7129,3525,0.0
SW110,3525,3530,0.0
SW110,3530,3535,0.0
SW110,3535,7397,0.0
SW110,7397,7398,0.0
SW115,10362,6913,0.0
SW115,6913,9963,0.0
SW115,9963,234,0.0
SW115,234,3868,0.0
SW115,3868,5760,0.0
SW115,5760,8419,0.0
SW115,8419,8416,0.0
SW115,8416,8414,0.0
SW115,8414,10020,0.0
SW115,10020,10019,0.0
SW115,10019,9295,0.0
SW115,9295,9296,0.0
SW115,9296,3735,0.0
SW115,3735,9324,0.0
SW115,9324,8224,0.0
SW115,8224,10556,0.0
SW115,10556,2336,0.0
SW115,2336,1821,0.0
SW115,1821,436,0.0
SW115,436,438,0.0
SW115,438,440,0.0
SW115,440,4493,0.0
SW115,4493,3402,0.0
SW115,3402,9934,0.0
SW115,9934,1670,0.0
SW115,1670,7144,0.0
SW115,7144,11993,0.0
SW115,11993,8418,0.0
SW115,8418,8411,0.0
SW115,8411,8408,0.0
SW115,8408,8415,0.0
SW115,8415,8417,0.0
SW115,8417,8409,0.0
SW115,8409,8410,0.0
SW115A,234,233,0.0
SW115A,233,5793,0.0
SW115B,5760,5761,0.0
SW115C,10556,10559,0.0
SW120,7292,11087,0.0
SW120,11087,379,0.0
SW120,379,145,0.0
SW120,145,144,0.0
SW120,144,3361,0.0
SW120,3361,942,0.0
SW120,942,4350,0.0
SW120,4350,193,0.0
SW120,193,11780,0.0
SW120,11780,3362,0.0
SW120A,145,146,0.0
SW125,8036,7639,0.0
SW125,7639,6443,0.0
SW125,6443,897,0.0
SW125,897,1382,0.0
SW130,3134,3127,0.0
SW130,3127,2432,0.0
SW130,2432,7745,0.0
SW130,7745,7746,0.0
SW130,7746,7748,0.0
SW130,7748,12206,0.0
SW130,12206,7747,0.0
SW130,7747,11994,0.0
SW130,11994,12207,0.0
SW135,3148,3145,0.0
SW135,3145,3146,0.0
SW135,3146,3137,0.0
SW135,3137,4226,0.0
SW135,4226,1030,0.0
SW135,1030,1029,0.0
SW135,1029,3355,0.0
SW135,3355,3353,0.0
SW135,3353,3354,0.0
SW135,3354,12196,0.0
SW135,12196,3351,0.0
SW135,3351,12197,0.0
SW140,8654,774,0.0
SW140,774,10259,0.0
SW140,10259,8250,0.0
SW140,8250,6526,0.0
SW140,6526,4401,0.0
SW140,4401,1455,0.0
SW140,1455,9052,0.0
SW140,9052,3353,0.0
SW140,3353,3354,0.0
SW140,3354,7050,0.0
SW140,7050,2160,0.0
SW140,2160,2161,0.0
SW140,2161,7053,0.0
SW140A,2161,3559,0.0
SW145,6707,8531,0.0
SW145,8531,8509,0.0
SW145,8509,11787,0.0
SW150,7623,7748,0.0
SW150,7748,6303,0.0
SW150,6303,2554,0.0
SW150,2554,5761,0.0
SW150,5761,8419,0.0
SW155,9415,5983,0.0
SW155,5983,5982,0.0
SW155,5982,3618,0.0
SW160,782,5611,0.0
SW160,5611,5610,0.0
SW165,4419,4421,0.0
SW165,4421,4420,0.0
SW165,4420,12198,0.0
SW170,10020,10375,0.0
SW170,10375,10474,0.0
SW170,10474,9594,0.0
SW170,9594,10351,0.0
SW170,10351,10349,0.0
SW170,10349,10350,0.0
SW170,10350,11995,0.0
SW170,11995,12242,0.0
SW170A,10020,7505,0.0
SW170A,7505,12242,0.0
SW175,1673,10559,0.0
SW175,10559,9194,0.0
SW175,9194,10567,0.0
SW175,10567,1756,0.0
SW175,1756,6016,0.0
SW175,6016,2889,0.0
SW175,2889,2887,0.0
SW175,2887,12199,0.0
SW180,7557,6330,0.0
SW180,6330,6329,0.0
SW180,6329,10320,0.0
SW180,10320,8761,0.0
SW180,8761,3301,0.0
SW180,3301,3218,0.0
SW180,3218,343,0.0
SW180,343,5484,0.0
SW185,6329,5902,0.0
SW185,5902,9358,0.0
SW185,9358,9359,0.0
SW185,9359,1836,0.0
SW185,1836,1837,0.0
SW185,1837,12200,0.0
SW190,6560,6674,0.0
SW190,6674,5082,0.0
SW190,5082,4107,0.0
SW190,4107,9132,0.0
SW190,9132,8201,0.0
SW190,8201,3613,0.0
SW190,3613,3614,0.0
SW190,3614,4103,0.0
SW190,4103,5154,0.0
SW190,5154,8974,0.0
SW190,8974,9571,0.0
SW190,9571,8222,0.0
SW190,8222,12244,0.0
SW190,12244,12245,0.0
SW190,12245,12257,0.0
SW190,12257,5080,0.0
SW190,5080,5081,0.0
SW190,5081,8199,0.0
SW190,8199,8223,0.0
SW190,8223,8198,0.0
MD101,3288,3285,0.0
MD101,3285,3290,0.0
MD101,3290,10665,0.0
MD101,10665,3283,0.0
MD101,3283,2008,0.0
MD101,2008,2007,0.0
MD101,2007,2016,0.0
MD101,2016,2010,0.0
MD101,2010,5135,0.0
MD101,5135,10158,0.0
MD101,10158,7496,0.0
MD101,7496,10159,0.0
MD101,10159,10152,0.0
MD101,10152,4120,0.0
MD101,4120,10131,0.0
MD101,10131,11381,0.0
MD101,11381,10148,0.0
MD101,10148,11503,0.0
MD101,11503,10180,0.0
MD101,10180,6792,0.0
MD101,6792,4622,0.0
MD101,4622,1472,0.0
MD101,1472,9720,0.0
MD101,9720,9717,0.0
MD101,9717,9714,0.0
MD101,9714,9716,0.0
MD101,9716,5139,0.0
MD101,5139,5140,0.0
MD101,5140,265,0.0
MD101,265,4242,0.0
MD101,4242,4241,0.0
MD101,4241,983,0.0
MD101,983,693,0.0
MD101,693,9456,0.0
MD101,9456,9459,0.0
MD101,9459,1742,0.0
MD101,1742,5408,0.0
MD101,5408,5790,0.0
MD101,5790,865,0.0
MD101,865,10601,0.0
MD101,10601,870,0.0
MD101,870,871,0.0
MD101,871,869,0.0
MD101,869,864,0.0
MD101,864,877,0.0
MD101,877,863,0.0
MD101,863,2705,0.0
MD101,2705,2704,0.0
MD101,2704,6111,0.0
MD101,6111,10170,0.0
MD101,10170,10168,0.0
MD101,10168,4110,0.0
MD101,4110,9841,0.0
MD101,9841,4417,0.0
MD101,4417,7900,0.0
MD101,7900,7872,0.0
MD101,7872,7873,0.0
MD101,7873,7871,0.0
MD101,7871,7898,0.0
MD101,7898,7893,0.0
MD101,7893,7888,0.0
MD101,7888,1164,0.0
MD101,1164,398,0.0
MD101,398,399,0.0
MD101,399,6624,0.0
MD101,6624,10902,0.0
MD101,10902,6638,0.0
MD101,6638,6639,0.0
MD101,6639,395,0.0
MD101,395,7483,0.0
MD101,7483,223,0.0
MD101,223,9344,0.0
MD101,9344,5371,0.0
MD101,5371,5367,0.0
MD101,5367,5364,0.0
MD101,5364,7894,0.0
MD101,7894,4240,0.0
MD101,4240,9458,0.0
MD101,9458,9457,0.0
MD101,9457,11762,0.0
MD101,11762,11763,0.0
MD101,11763,11813,0.0
MD101,11813,10151,0.0
MD101,10151,11947,0.0
MD101,11947,11948,0.0
MD101,11948,12077,0.0
MD101,12077,6632,0.0
MD101,6632,7917,0.0
MD101,7917,7904,0.0
MD101,7904,7910,0.0
MD101,7910,7906,0.0
MD101,7906,7907,0.0
MD101,7907,7916,0.0
MD101,7916,12170,0.0
MD101,12170,12171,0.0
MD101,12171,5361,0.0
MD101,5361,5362,0.0
MD101,5362,5360,0.0
MD105,4110,6619,0.0
MD105,6619,6614,0.0
MD105,6614,6615,0.0
MD105,6615,6618,0.0
MD105,6618,6617,0.0
MD105,6617,6611,0.0
MD105,6611,6616,0.0
MD105,6616,6613,0.0
MD105,6613,5642,0.0
MD105,5642,2990,0.0
MD105,2990,2639,0.0
MD105,2639,2989,0.0
MD105,2989,4417,0.0
MD105,4417,6620,0.0
MD105,6620,6622,0.0
MD105,6622,7900,0.0
MD120,2010,8248,0.0
MD120,8248,5134,0.0
MD120,5134,7495,0.0
MD120,7495,7497,0.0
MD120,7497,5042,0.0
MD120,5042,10121,0.0
MD120,10121,11382,0.0
MD120,11382,10150,0.0
MD120,10150,4119,0.0
MD120,4119,8782,0.0
MD120,8782,8785,0.0
MD120,8785,8784,0.0
MD120,8784,10184,0.0
MD120,10184,6791,0.0
MD120,6791,8346,0.0
MD120,8346,5255,0.0
MD120,5255,1473,0.0
MD120,1473,9713,0.0
MD120,9713,9719,0.0
MD120,9719,4625,0.0
MD120,4625,4624,0.0
MD120,4624,4228,0.0
MD120,4228,4658,0.0
MD120,4658,2392,0.0
MD130,9714,9715,0.0
MD130,9715,3943,0.0
MD130,3943,610,0.0
MD130,610,4565,0.0
MD130,4565,7158,0.0
MD130,7158,8610,0.0
MD140,869,862,0.0
MD140,862,875,0.0
MD140,875,10903,0.0
MD140,10903,3606,0.0
MD140,3606,11388,0.0
MD140,11388,1035,0.0
MD140,1035,10222,0.0
MD140,10222,385,0.0
MD140,385,7699,0.0
MD140,7699,5386,0.0
MD140,5386,6117,0.0
MD140,6117,8956,0.0
MD140,8956,3385,0.0
MD140,3385,3390,0.0
MD140,3390,3391,0.0
MD140,3391,3387,0.0
MD140,3387,5153,0.0
MD140,5153,11389,0.0
MD140,11389,697,0.0
MD140,697,651,0.0
MD140,651,657,0.0
MD140,657,698,0.0
MD140,698,11724,0.0
MD140,11724,871,0.0
MD140,871,11812,0.0
MD145,2010,11390,0.0
MD145,11390,2006,0.0
MD145,2006,2004,0.0
MD145,2004,2013,0.0
MD165,6444,10159,0.0
MD165,10159,10157,0.0
MD165,10157,102,0.0
MD180,7898,7887,0.0
MD232,4319,6624,0.0
MD232,6624,6627,0.0
MD232,6627,6644,0.0
MD232,6644,6637,0.0
MD232,6637,6628,0.0
MD233,6644,6638,0.0
MD301,7898,7892,0.0
MD301,7892,10904,0.0
MD301,10904,2179,0.0
MD301,2179,2176,0.0
MD301,2176,1555,0.0
MD301,1555,9278,0.0
MD301,9278,784,0.0
MD301,784,4406,0.0
MD301,4406,741,0.0
MD301,741,6397,0.0
MD301,6397,5398,0.0
MD301,5398,8656,0.0
MD301,8656,10905,0.0
MD301,10905,103,0.0
MD301,103,3891,0.0
MD301,3891,7343,0.0
MD301,7343,750,0.0
MD301,750,6220,0.0
MD301,6220,8498,0.0
MD301,8498,8495,0.0
MD301,8495,8497,0.0
MD301,8497,8447,0.0
MD301,8447,3635,0.0
MD301,3635,3633,0.0
MD301,3633,8468,0.0
MD301,8468,2938,0.0
MD301,2938,10433,0.0
MD301,10433,9292,0.0
MD301,9292,2155,0.0
MD301,2155,6221,0.0
MD301,6221,10460,0.0
MD301,10460,10877,0.0
MD301,10877,10878,0.0
MD301,10878,10457,0.0
MD301,10457,10449,0.0
MD301,10449,10450,0.0
MD301,10450,10459,0.0
MD301,10459,1350,0.0
MD301,1350,1349,0.0
MD301,1349,3524,0.0
MD301,3524,7226,0.0
MD301,7226,7875,0.0
MD301,7875,11950,0.0
MD305,750,3438,0.0
MD305,3438,9582,0.0
MD305,9582,8127,0.0
MD305,8127,1033,0.0
MD305,1033,5524,0.0
MD305,5524,5196,0.0
MD305,5196,5195,0.0
MD305,5195,6688,0.0
MD305,6688,5708,0.0
MD305,5708,5709,0.0
MD305,5709,5713,0.0
MD305,5713,2086,0.0
MD305,2086,734,0.0
MD305,734,785,0.0
MD305,785,1217,0.0
MD310,734,11406,0.0
MD310,11406,11407,0.0
MD310,11407,198,0.0
MD310,198,10876,0.0
MD310,10876,7582,0.0
MD315,8656,389,0.0
MD315,389,11240,0.0
MD320,7343,2936,0.0
MD320,2936,389,0.0
MD320,389,11408,0.0
MD320,11408,10047,0.0
MD320,10047,7386,0.0
MD320,7386,7388,0.0
MD320,7388,4104,0.0
MD320,4104,9098,0.0
MD320,9098,6566,0.0
MD320,6566,1360,0.0
MD320,1360,1364,0.0
MD320,1364,1361,0.0
MD320,1361,1358,0.0
MD320,1358,1355,0.0
MD320,1355,2909,0.0
MD320,2909,7002,0.0
MD320,7002,1350,0.0
MD320,1350,11953,0.0
MD320,11953,11954,0.0
MD320,11954,11951,0.0
MD320,11951,1353,0.0
MD320,1353,11952,0.0
MD325,8498,8496,0.0
MD325,8496,7390,0.0
MD325,7390,7388,0.0
MD330,8496,8497,0.0
MD335,7390,7386,0.0
MD340,11408,3869,0.0
MD340,3869,3227,0.0
MD340,3227,1834,0.0
MD340,1834,10472,0.0
MD340,10472,8990,0.0
MD340,8990,3515,0.0
MD340,3515,1422,0.0
MD340,1422,840,0.0
MD340,840,8249,0.0
MD340,8249,11409,0.0
MD340,11409,5350,0.0
MD340,5350,5351,0.0
MD340,5351,5369,0.0
MD340,5369,5370,0.0
MD340,5370,179,0.0
MD345,1355,9679,0.0
MD345,9679,9677,0.0
MD345,9677,9678,0.0
MD345,9678,11410,0.0
MD345,11410,9674,0.0
MD345,9674,9680,0.0
MD345,9680,853,0.0
MD345,853,851,0.0
MD345,851,5636,0.0
MD345,5636,2038,0.0
MD345,2038,2037,0.0
MD345,2037,4209,0.0
MD345,4209,7914,0.0
MD345,7914,7908,0.0
MD345,7908,11764,0.0
MD345,11764,11955,0.0
MD370,10612,9679,0.0
MD401,4288,457,0.0
MD401,457,455,0.0
MD401,455,454,0.0
MD401,454,5120,0.0
MD401,5120,11252,0.0
MD401,11252,11253,0.0
MD401,11253,11411,0.0
MD401,11411,11254,0.0
MD401,11254,898,0.0
MD401,898,11255,0.0
MD401,11255,11251,0.0
MD401,11251,11249,0.0
MD401,11249,11250,0.0
MD401,11250,11256,0.0
MD401,11256,11258,0.0
MD401,11258,11257,0.0
MD401,11257,11507,0.0
MD401,11507,3406,0.0
MD401,3406,11412,0.0
MD401,11412,11413,0.0
MD401,11413,11414,0.0
MD401,11414,5599,0.0
MD401,5599,5608,0.0
MD401,5608,11415,0.0
MD401,11415,5600,0.0
MD401,5600,5601,0.0
MD401,5601,9706,0.0
MD401,9706,9707,0.0
MD401,9707,4147,0.0
MD401,4147,4149,0.0
MD401,4149,4152,0.0
MD401,4152,11416,0.0
MD401,11416,4150,0.0
MD401,4150,5311,0.0
MD401,5311,2836,0.0
MD401,2836,2837,0.0
MD401,2837,928,0.0
MD401,928,9789,0.0
MD401,9789,8502,0.0
MD401,8502,6880,0.0
MD401,6880,85,0.0
MD401,85,9556,0.0
MD401,9556,9553,0.0
MD401,9553,11417,0.0
MD401,11417,9560,0.0
MD401,9560,9555,0.0
MD401,9555,8445,0.0
MD401,8445,1098,0.0
MD401,1098,1097,0.0
MD401,1097,909,0.0
MD401,909,12253,0.0
MD405,11415,11418,0.0
MD405,11418,6176,0.0
MD405,6176,5036,0.0
MD405,5036,11419,0.0
MD405,11419,11420,0.0
MD405,11420,2175,0.0
MD405,2175,2172,0.0
MD405,2172,10904,0.0
MD410,2176,2171,0.0
MD410,2171,2177,0.0
MD410,2177,2174,0.0
MD410,2174,9237,0.0
MD410,9237,2173,0.0
MD410,2173,10641,0.0
MD410,10641,4169,0.0
MD410,4169,4170,0.0
MD410,4170,659,0.0
MD410,659,623,0.0
MD410,623,660,0.0
MD410,660,10599,0.0
MD410,10599,6640,0.0
MD410,6640,6624,0.0
MD410,6624,6645,0.0
MD420,4150,4151,0.0
MD425,9553,9556,0.0
MD425,9556,8569,0.0
MD425,8569,4359,0.0
MD425,4359,10562,0.0
MD425,10562,8237,0.0
MD425,8237,9942,0.0
MD425,9942,10483,0.0
MD425,10483,3187,0.0
MD425,3187,9188,0.0
MD425,9188,9784,0.0
MD425,9784,9785,0.0
MD425,9785,2528,0.0
MD425,2528,4247,0.0
MD425,4247,10315,0.0
MD425,10315,628,0.0
MD430,2924,4198,0.0
MD430,4198,5007,0.0
MD430,5007,5006,0.0
MD430,5006,5009,0.0
MD430,5009,5008,0.0
MD430,5008,790,0.0
MD430,790,4070,0.0
MD430,4070,8898,0.0
MD430,8898,11421,0.0
MD430,11421,8901,0.0
MD430,8901,8900,0.0
MD430,8900,8896,0.0
MD430,8896,8902,0.0
MD430,8902,11956,0.0
MD435,8445,8444,0.0
MD435,8444,1094,0.0
MD435,1094,737,0.0
MD435,737,746,0.0
MD435,746,744,0.0
MD435,744,753,0.0
MD435,753,752,0.0
MD435,752,738,0.0
MD435,738,743,0.0
MD435,743,4432,0.0
MD435,4432,4433,0.0
MD435,4433,4436,0.0
MD435,4436,4434,0.0
MD435,4434,3634,0.0
MD435,3634,8448,0.0
MD435,8448,7750,0.0
MD435,7750,5509,0.0
MD435,5509,7780,0.0
MD435,7780,7782,0.0
MD435,7782,7781,0.0
MD435,7781,6877,0.0
MD435,6877,2193,0.0
MD435,2193,5862,0.0
MD435,5862,8902,0.0
MD435,8902,751,0.0
MD435,751,745,0.0
MD445,8897,8899,0.0
MD450,8902,5252,0.0
MD450,5252,1166,0.0
MD450,1166,7778,0.0
MD450,7778,11661,0.0
MD501,9343,10017,0.0
MD501,10017,5170,0.0
MD501,5170,5169,0.0
MD501,5169,5165,0.0
MD501,5165,10947,0.0
MD501,10947,5168,0.0
MD501,5168,5171,0.0
MD501,5171,10442,0.0
MD501,10442,10443,0.0
MD501,10443,1664,0.0
MD501,1664,1663,0.0
MD501,1663,1070,0.0
MD501,1070,10386,0.0
MD501,10386,10382,0.0
MD501,10382,10378,0.0
MD501,10378,10376,0.0
MD501,10376,754,0.0
MD501,754,8429,0.0
MD501,8429,5854,0.0
MD501,5854,5633,0.0
MD501,5633,3891,0.0
MD501,3891,7343,0.0
MD501,7343,10380,0.0
MD501,10380,10388,0.0
MD501,10388,10385,0.0
MD501,10385,10381,0.0
MD501,10381,10383,0.0
MD501,10383,10387,0.0
MD501,10387,8427,0.0
MD501,8427,11700,0.0
MD501,11700,8428,0.0
MD545,5171,9650,0.0
MD555,10902,6627,0.0
MD555,6627,6637,0.0
MD555,6637,2545,0.0
MD555,2545,2546,0.0
MD555,2546,2549,0.0
MD555,2549,9649,0.0
MD555,9649,9650,0.0
MD555,9650,4415,0.0
MD555,4415,4414,0.0
MD555,4414,4407,0.0
MD555,4407,4408,0.0
MD555,4408,2093,0.0
MD555,2093,10442,0.0
MD565,1664,7198,0.0
MD565,7198,9680,0.0
MD570,5633,8586,0.0
MD570,8586,1097,0.0
MD570,1097,5523,0.0
MD570,5523,5196,0.0
MD570,5196,8428,0.0
MD570,8428,8427,0.0
MD575,8586,3891,0.0
MD580,5523,5524,0.0
MD701,5943,5947,0.0
MD701,5947,5942,0.0
MD701,5942,10948,0.0
MD701,10948,6502,0.0
MD701,6502,6508,0.0
MD701,6508,6512,0.0
MD701,6512,9865,0.0
MD701,9865,9866,0.0
MD701,9866,9867,0.0
MD701,9867,9869,0.0
MD701,9869,8047,0.0
MD701,8047,8046,0.0
MD701,8046,6719,0.0
MD701,6719,6721,0.0
MD701,6721,8584,0.0
MD701,8584,10369,0.0
MD701,10369,10364,0.0
MD701,10364,2565,0.0
MD701,2565,2566,0.0
MD701,2566,3663,0.0
MD701,3663,3662,0.0
MD701,3662,8101,0.0
MD701,8101,595,0.0
MD701,595,4760,0.0
MD701,4760,4762,0.0
MD701,4762,8975,0.0
MD701,8975,7308,0.0
MD701,7308,7307,0.0
MD701,7307,7306,0.0
MD701,7306,4063,0.0
MD701,4063,10593,0.0
MD701,10593,607,0.0
MD701,607,609,0.0
MD701,609,599,0.0
MD701,599,453,0.0
MD701,453,455,0.0
MD701,455,10368,0.0
MD701,10368,10366,0.0
MD701,10366,12275,0.0
MD710,6508,4124,0.0
MD710,4124,10425,0.0
MD710,10425,7575,0.0
MD710,7575,1827,0.0
MD710,1827,1778,0.0
MD710,1778,210,0.0
MD720,7308,7304,0.0
MD720,7304,6217,0.0
MD720,6217,5786,0.0
MD720,5786,446,0.0
MD725,446,449,0.0
MD725,449,451,0.0
MD725,451,450,0.0
MD725,450,7507,0.0
MD725,7507,1526,0.0
MD725,1526,2490,0.0
MD745,10593,10592,0.0
MD736,6938,11423,0.0
MD736,11423,11330,0.0
MD736,11330,4936,0.0
MD736,4936,10591,0.0
MD736,10591,603,0.0
MD736,603,10590,0.0
MD736,10590,10890,0.0
MD736,10890,608,0.0
MD736,608,10592,0.0
MD736,10592,11095,0.0
MD736,11095,2490,0.0
MD736,2490,878,0.0
MD736,878,873,0.0
MD736,873,2705,0.0
MD736,2705,6930,0.0
MD736,6930,11765,0.0
MD736,11765,12173,0.0
MD736,12173,6926,0.0
MD740,873,10903,0.0
MD740,10903,3606,0.0
MD801,10459,10458,0.0
MD801,10458,6941,0.0
MD801,6941,6942,0.0
MD801,6942,6943,0.0
MD801,6943,763,0.0
MD801,763,2085,0.0
MD801,2085,131,0.0
MD801,131,2157,0.0
MD801,2157,8228,0.0
MD801,8228,5887,0.0
MD801,5887,9143,0.0
MD801,9143,6839,0.0
MD801,6839,2827,0.0
MD801,2827,9852,0.0
MD801,9852,8298,0.0
MD801,8298,11766,0.0
MD810,5887,10949,0.0
MD810,10949,10950,0.0
MD810,10950,4925,0.0
MD810,4925,4921,0.0
NW1001,306,7904,0.0
NW1001,7904,7916,0.0
NW1001,7916,2105,0.0
NW1001,2105,6056,0.0
NW1001,6056,9928,0.0
NW1001,9928,8596,0.0
NW1001,8596,10815,0.0
NW1001,10815,8592,0.0
NW1001,8592,8591,0.0
NW1001,8591,10814,0.0
NW1001,10814,10730,0.0
NW1001,10730,6734,0.0
NW1001,6734,5888,0.0
NW1001,5888,2228,0.0
NW1001,2228,2262,0.0
NW1001,2262,2238,0.0
NW1001,2238,2236,0.0
NW1001,2236,2245,0.0
NW1001,2245,2240,0.0
NW1001,2240,11428,0.0
NW1001,11428,10218,0.0
NW1001,10218,4128,0.0
NW1001,4128,4129,0.0
NW1001,4129,71,0.0
NW1001,71,11429,0.0
NW1001,11429,9831,0.0
NW1001,9831,72,0.0
NW1001,72,10951,0.0
NW1001,10951,10337,0.0
NW1001,10337,11430,0.0
NW1001,11430,2499,0.0
NW1001,2499,2500,0.0
NW1001,2500,10341,0.0
NW1001,10341,10031,0.0
NW1001,10031,3817,0.0
NW1001,3817,4172,0.0
NW1001,4172,895,0.0
NW1001,895,8565,0.0
NW1001,8565,8567,0.0
NW1001,8567,10004,0.0
NW1001,10004,10002,0.0
NW1001,10002,10001,0.0
NW1001,10001,492,0.0
NW1001,492,3292,0.0
NW1001,3292,5496,0.0
NW1001,5496,3571,0.0
NW1001,3571,3570,0.0
NW1001,3570,7368,0.0
NW1001,7368,7366,0.0
NW1001,7366,7369,0.0
NW1001,7369,7353,0.0
NW1001,7353,7361,0.0
NW1001,7361,10809,0.0
NW1001,10809,11781,0.0
NW1001,11781,8588,0.0
NW1001,8588,2227,0.0
NW1001,2227,2246,0.0
NW1001,2246,1414,0.0
NW1001,1414,11958,0.0
NW1001,11958,11957,0.0
NW1001,11957,10000,0.0
NW1001,10000,11959,0.0
NW1001,11959,5497,0.0
NW1001,5497,12174,0.0
NW1002,10809,7226,0.0
NW1002,7226,7576,0.0
NW1002,7576,8596,0.0
NW1005,11431,5089,0.0
NW1005,5089,182,0.0
NW1005,182,181,0.0
NW1005,181,1414,0.0
NW1005,1414,2273,0.0
NW1005,2273,2268,0.0
NW1005,2268,2246,0.0
NW1007,6471,10952,0.0
NW1007,10952,2243,0.0
NW1007,2243,2246,0.0
NW1007,2246,2275,0.0
NW1007,2275,11111,0.0
NW1007,11111,2255,0.0
NW1007,2255,2249,0.0
NW1007,2249,2253,0.0
NW1007,2253,2267,0.0
NW1007,2267,2254,0.0
NW1007,2254,11960,0.0
NW1009,2228,2230,0.0
NW1009,2230,2229,0.0
NW1009,2229,2260,0.0
NW1009,2260,2274,0.0
NW1009,2274,2272,0.0
NW1009,2272,2270,0.0
NW1011,2243,2272,0.0
NW1013,2230,2229,0.0
NW1013,2229,2274,0.0
NW1013,2274,2243,0.0
NW1015,2272,2222,0.0
NW1015,2222,2240,0.0
NW1017,2272,2240,0.0
NW1019,72,10343,0.0
NW1019,10343,10951,0.0
NW1021,10031,3240,0.0
NW1021,3240,3242,0.0
NW1021,3242,10997,0.0
NW1021,10997,6833,0.0
NW1021,6833,10953,0.0
NW1021,10953,5744,0.0
NW1021,5744,3817,0.0
NW1023,4172,366,0.0
NW1025,895,4864,0.0
NW1027,7369,10954,0.0
NW1027,10954,7364,0.0
NW2001,9831,4088,0.0
NW2001,4088,7919,0.0
NW2001,7919,2655,0.0
NW2001,2655,2653,0.0
NW2001,2653,2654,0.0
NW2001,2654,8552,0.0
NW2001,8552,10955,0.0
NW2001,10955,158,0.0
NW2001,158,11172,0.0
NW2001,11172,157,0.0
NW2001,157,9667,0.0
NW2001,9667,6418,0.0
NW2001,6418,10461,0.0
NW2001,10461,3055,0.0
NW2001,3055,3058,0.0
NW2001,3058,3056,0.0
NW2001,3056,3053,0.0
NW2001,3053,5835,0.0
NW2001,5835,11715,0.0
NW2001,11715,4091,0.0
NW2001,4091,12175,0.0
NW2003,7919,3485,0.0
NW2005,8552,3949,0.0
NW2007,10955,3949,0.0
NW2009,5775,310,0.0
NW2009,310,3384,0.0
NW2009,3384,2655,0.0
NW2011,10343,310,0.0
NW2015,6888,3034,0.0
NW2015,3034,7452,0.0
NW2015,7452,388,0.0
NW2015,388,7157,0.0
NW2015,7157,10953,0.0
NW2015,10953,6833,0.0
NW2015,6833,10997,0.0
NW2015,10997,3242,0.0
NW2015,3242,3241,0.0
NW2015,3241,3243,0.0
NW2015,3243,8723,0.0
NW2015,8723,5438,0.0
NW2015,5438,7680,0.0
NW2015,7680,9936,0.0
NW2015,9936,4744,0.0
NW2015,4744,4745,0.0
NW2015,4745,7716,0.0
NW2015,7716,11433,0.0
NW2015,11433,1249,0.0
NW2015,1249,6878,0.0
NW2015,6878,10463,0.0
NW2015,10463,10956,0.0
NW2015,10956,996,0.0
NW2015,996,9496,0.0
NW2015,9496,3058,0.0
NW2017,3034,10957,0.0
NW2017,10957,3035,0.0
NW2017,3035,9830,0.0
NW2019,7157,5744,0.0
NW2021,3240,3242,0.0
NW2021,3242,3241,0.0
NW2023,8567,4864,0.0
NW2023,4864,1343,0.0
NW2023,1343,3647,0.0
NW2023,3647,8722,0.0
NW2023,8722,10958,0.0
NW2023,10958,8721,0.0
NW2023,8721,9197,0.0
NW2023,9197,3043,0.0
NW2023,3043,7294,0.0
NW2023,7294,4744,0.0
NW2025,10958,7550,0.0
NW2027,996,3052,0.0
NW2027,3052,998,0.0
NW2027,998,7677,0.0
NW2027,7677,5825,0.0
NW2027,5825,5821,0.0
NW2027,5821,5828,0.0
NW2027,5828,8166,0.0
NW9903,8138,3669,0.0
NW9903,3669,1968,0.0
NW9903,1968,944,0.0
NW9903,944,9877,0.0
NW9903,9877,10971,0.0
NW9909,9889,9890,0.0
NW9909,9890,7125,0.0
NW9911,1622,1609,0.0
MD135,4120,10153,0.0
MD135,10153,10188,0.0
MD150,5043,11382,0.0
MD155,5043,4120,0.0
MD155,4120,10134,0.0
MD160,10141,6444,0.0
MD175,11391,11392,0.0
MD175,11392,11393,0.0
MD175,11393,11394,0.0
MD175,11394,6619,0.0
MD350,1341,1340,0.0
MD350,1340,11409,0.0
MD355,5371,5370,0.0
MD360,9679,2909,0.0
MD365,7002,10878,0.0
MD415,4152,11416,0.0
MD415,11416,4151,0.0
MD415,4151,1886,0.0
MD415,1886,627,0.0
MD415,627,628,0.0
MD415,628,10016,0.0
MD415,10016,8492,0.0
MD415,8492,8489,0.0
MD440,3635,8448,0.0
MD455,5252,1166,0.0
MD540,5170,5165,0.0
MD560,10443,7198,0.0
MD712,209,4017,0.0
MD712,4017,9873,0.0
MD712,9873,8749,0.0
MD712,8749,11422,0.0
MD712,11422,446,0.0
MD715,6508,6510,0.0
MD805,10458,1350,0.0
MD170,87,11504,0.0
MD170,11504,10151,0.0
MD732,10593,10592,0.0
MD735,2705,873,0.0
MD735,873,878,0.0
MD735,878,2490,0.0
MD735,2490,10592,0.0
MD735,10592,608,0.0
MD735,608,10591,0.0
MD735,10591,10590,0.0
MD735,10590,603,0.0
MD735,603,605,0.0
MD735,605,4936,0.0
MD735,4936,6926,0.0
MD735,6926,6938,0.0
MD735,6938,10767,0.0
MD735,10767,6930,0.0
MD136,4120,11383,0.0
MD136,11383,11384,0.0
MD136,11384,10188,0.0
MD136,10188,11385,0.0
MD136,11385,11503,0.0
MD136,11503,10180,0.0
MD137,4120,10142,0.0
MD137,10142,10154,0.0
MD137,10154,10153,0.0
MD137,10153,10132,0.0
MD137,10132,10863,0.0
MD137,10863,9869,0.0
MD137,9869,11387,0.0
MD137,11387,11385,0.0
MD137,11385,11503,0.0
MD137,11503,10180,0.0
MD137,10180,12112,0.0
MD137,12112,10186,0.0
MD137,10186,10187,0.0
MD137,10187,12113,0.0
MD166,6444,10159,0.0
MD166,10159,10136,0.0
MD166,10136,90,0.0
MD166,90,11504,0.0
MD166,11504,10151,0.0
MD166,10151,10181,0.0
MD166,10181,10149,0.0
MD166,10149,10132,0.0
MD166,10132,10148,0.0
MD166,10148,10189,0.0
MD166,10189,10124,0.0
MD166,10124,11503,0.0
MD166,11503,10180,0.0
MD166,10180,12119,0.0
MD167,6444,10159,0.0
MD167,10159,10157,0.0
MD167,10157,102,0.0
MD167,102,10138,0.0
MD167,10138,11949,0.0
MD167,11949,10133,0.0
MD306,750,3438,0.0
MD306,3438,9582,0.0
MD306,9582,8127,0.0
MD306,8127,1033,0.0
MD306,1033,5524,0.0
MD306,5524,11505,0.0
MD306,11505,5196,0.0
MD306,5196,5195,0.0
MD306,5195,5193,0.0
MD306,5193,10889,0.0
MD306,10889,5191,0.0
MD306,5191,5189,0.0
MD306,5189,6688,0.0
MD306,6688,5708,0.0
MD306,5708,11506,0.0
MD306,11506,5713,0.0
MD306,5713,5709,0.0
MD306,5709,2086,0.0
MD306,2086,11396,0.0
MD306,11396,734,0.0
MD306,734,11397,0.0
MD306,11397,785,0.0
MD306,785,11522,0.0
MD306,11522,11398,0.0
MD306,11398,1217,0.0
MD306,1217,11399,0.0
MD306,11399,11400,0.0
MD306,11400,8758,0.0
MD306,8758,11401,0.0
MD306,11401,8575,0.0
MD306,8575,11402,0.0
MD306,11402,11403,0.0
MD306,11403,69,0.0
MD306,69,11404,0.0
MD306,11404,3036,0.0
MD306,3036,11405,0.0
MD306,11405,339,0.0
MD306,339,11725,0.0
MD306,11725,12172,0.0
MD460,11412,3408,0.0
NW1004,7908,7904,0.0
NW1004,7904,7916,0.0
NW2029,6878,3052,0.0
NW5012,11462,8850,0.0
NW6004,11364,11466,0.0
NW6004,11466,8389,0.0
NW3001,2245,2265,0.0
NW3001,2265,2222,0.0
NW3001,2222,2248,0.0
NW3001,2248,713,0.0
NW3001,713,1847,0.0
NW3001,1847,1845,0.0
NW3001,1845,1838,0.0
NW3001,1838,1852,0.0
NW3001,1852,1851,0.0
NW3001,1851,1848,0.0
NW3001,1848,8399,0.0
NW3001,8399,8253,0.0
NW3003,1847,6066,0.0
NW3003,6066,4236,0.0
NW3003,4236,3548,0.0
NW3003,3548,3549,0.0
NW3003,3549,7920,0.0
NW3003,7920,72,0.0
NW3005,10998,10333,0.0
NW3005,10333,8399,0.0
NW3007,6523,4273,0.0
NW3007,4273,9595,0.0
NW3007,9595,619,0.0
NW3007,619,10883,0.0
NW3007,10883,621,0.0
NW3007,621,10991,0.0
NW3009,1850,1851,0.0
NW3011,1852,1850,0.0
NW3011,1850,471,0.0
NW3011,471,2190,0.0
NW3011,2190,10999,0.0
NW3013,10999,5788,0.0
NW3013,5788,6885,0.0
NW3013,6885,11434,0.0
NW3013,11434,3174,0.0
NW3013,3174,8809,0.0
NW3013,8809,4868,0.0
NW3013,4868,10716,0.0
NW3013,10716,9759,0.0
NW3013,9759,4236,0.0
NW3013,4236,10959,0.0
NW3021,3549,4088,0.0
NW3023,8755,8753,0.0
NW3023,8753,6717,0.0
NW3023,6717,6716,0.0
NW3023,6716,6713,0.0
NW3023,6713,6714,0.0
NW3023,6714,8349,0.0
NW3023,8349,2569,0.0
NW3023,2569,6476,0.0
NW3023,6476,196,0.0
NW3023,196,4075,0.0
NW3023,4075,372,0.0
NW3023,372,6236,0.0
NW3023,6236,5225,0.0
NW3023,5225,7207,0.0
NW3023,7207,7208,0.0
NW3023,7208,5757,0.0
NW3023,5757,6731,0.0
NW3023,6731,6725,0.0
NW3023,6725,6730,0.0
NW3023,6730,10960,0.0
NW3023,10960,6728,0.0
NW3023,6728,4127,0.0
NW3023,4127,10961,0.0
NW3023,10961,3653,0.0
NW3023,3653,4126,0.0
NW3023,4126,2455,0.0
NW3023,2455,2562,0.0
NW3023,2562,6120,0.0
NW3023,6120,6066,0.0
NW3023,6066,2568,0.0
NW3023,2568,11675,0.0
NW3023,11675,12220,0.0
NW3025,8349,7382,0.0
NW3027,9281,2569,0.0
NW3027,2569,6476,0.0
NW3027,6476,196,0.0
NW3029,10962,11436,0.0
NW3029,11436,6010,0.0
NW3029,6010,11437,0.0
NW3029,11437,6009,0.0
NW3029,6009,11438,0.0
NW3029,11438,6727,0.0
NW3029,6727,6728,0.0
NW3031,6727,10960,0.0
NW3033,4127,10963,0.0
NW3035,10961,10963,0.0
NW3035,10963,6732,0.0
NW3037,4126,4129,0.0
NW4001,7361,6940,0.0
NW4001,6940,580,0.0
NW4001,580,3993,0.0
NW4001,3993,6908,0.0
NW4001,6908,5294,0.0
NW4001,5294,5293,0.0
NW4001,5293,11000,0.0
NW4001,11000,6260,0.0
NW4001,6260,4272,0.0
NW4001,4272,11439,0.0
NW4001,11439,2360,0.0
NW4001,2360,2361,0.0
NW4001,2361,2355,0.0
NW4001,2355,6139,0.0
NW4001,6139,11440,0.0
NW4001,11440,6921,0.0
NW4001,6921,6919,0.0
NW4001,6919,11441,0.0
NW4001,11441,6920,0.0
NW4001,6920,3890,0.0
NW4001,3890,11508,0.0
NW4001,11508,9130,0.0
NW4001,9130,11509,0.0
NW4001,11509,8186,0.0
NW4001,8186,8188,0.0
NW4001,8188,4570,0.0
NW4001,4570,8184,0.0
NW4001,8184,3050,0.0
NW4001,3050,7239,0.0
NW4001,7239,11443,0.0
NW4001,11443,7237,0.0
NW4001,7237,11444,0.0
NW4001,11444,7201,0.0
NW4001,7201,8514,0.0
NW4001,8514,1625,0.0
NW4001,1625,1628,0.0
NW4001,1628,11001,0.0
NW4001,11001,1618,0.0
NW4001,1618,11445,0.0
NW4001,11445,1611,0.0
NW4001,1611,5072,0.0
NW4001,5072,5075,0.0
NW4001,5075,11446,0.0
NW4001,11446,10970,0.0
NW4001,10970,1619,0.0
NW4001,1619,3460,0.0
NW4001,3460,6411,0.0
NW4001,6411,3883,0.0
NW4001,3883,7493,0.0
NW4001,7493,2169,0.0
NW4001,2169,12177,0.0
NW4001,12177,12254,0.0
NW4001,12254,8183,0.0
NW4001,8183,2353,0.0
NW4001,2353,3050,0.0
NW4003,7361,7360,0.0
NW4005,7361,7963,0.0
NW4005,7963,11448,0.0
NW4005,11448,5124,0.0
NW4005,5124,5126,0.0
NW4005,5126,7204,0.0
NW4005,7204,5338,0.0
NW4005,5338,798,0.0
NW4005,798,801,0.0
NW4007,5126,11449,0.0
NW4007,11449,6426,0.0
NW4007,6426,5879,0.0
NW4007,5879,249,0.0
NW4007,249,8630,0.0
NW4007,8630,8578,0.0
NW4007,8578,800,0.0
NW4007,800,802,0.0
NW4009,7204,10964,0.0
NW4009,10964,10965,0.0
NW4009,10965,10966,0.0
NW4009,10966,10967,0.0
NW4009,10967,1234,0.0
NW4011,6260,516,0.0
NW4011,516,515,0.0
NW4011,515,6259,0.0
NW4011,6259,6258,0.0
NW4013,4272,516,0.0
NW4017,6259,4289,0.0
NW4017,4289,4290,0.0
NW4019,6920,5031,0.0
NW4019,5031,934,0.0
NW4019,934,8634,0.0
NW4019,8634,10192,0.0
NW4021,1628,1609,0.0
NW4021,1609,10968,0.0
NW4023,1628,1622,0.0
NW4025,1612,1609,0.0
NW4027,10969,5073,0.0
NW4027,5073,10970,0.0
NW4027,10970,1610,0.0
NW4029,6411,11450,0.0
NW4029,11450,11451,0.0
NW4029,11451,10994,0.0
NW4029,10994,11767,0.0
NW4029,11767,11768,0.0
NW4033,2355,2351,0.0
NW4033,2351,10971,0.0
NW4033,10971,8044,0.0
NW4033,8044,309,0.0
NW4033,309,3854,0.0
NW4033,3854,5253,0.0
NW4033,5253,1600,0.0
NW4033,1600,9579,0.0
NW4033,9579,2520,0.0
NW4033,2520,2521,0.0
NW4033,2521,7751,0.0
NW4033,7751,538,0.0
NW4033,538,539,0.0
NW4033,539,7414,0.0
NW4033,7414,381,0.0
NW4033,381,5231,0.0
NW4033,5231,3518,0.0
NW4033,3518,3873,0.0
NW4033,3873,6133,0.0
NW4033,6133,8324,0.0
NW4033,8324,997,0.0
NW4033,997,7676,0.0
NW4033,7676,2903,0.0
NW4033,2903,8099,0.0
NW4033,8099,8106,0.0
NW4033,8106,2902,0.0
NW4033,2902,8105,0.0
NW4033,8105,1344,0.0
NW4033,1344,6524,0.0
NW4033,6524,8639,0.0
NW4033,8639,2210,0.0
NW4033,2210,9938,0.0
NW4033,9938,10972,0.0
NW4033,10972,6998,0.0
NW4033,6998,6997,0.0
NW4033,6997,4438,0.0
NW4033,4438,10069,0.0
NW4033,10069,10072,0.0
NW4033,10072,3442,0.0
NW4033,3442,6337,0.0
NW4033,6337,387,0.0
NW4033,387,10007,0.0
NW4033,10007,2516,0.0
NW4033,2516,2517,0.0
NW4033,2517,1612,0.0
NW4033,1612,11001,0.0
NW4033,11001,12178,0.0
NW4033,12178,540,0.0
NW4033,540,12221,0.0
NW4033,12221,6099,0.0
NW4033,6099,10080,0.0
NW4033,10080,545,0.0
NW4041,2514,7414,0.0
NW5001,2245,2277,0.0
NW5001,2277,2270,0.0
NW5001,2270,11452,0.0
NW5001,11452,7979,0.0
NW5001,7979,10962,0.0
NW5001,10962,4199,0.0
NW5001,4199,11453,0.0
NW5001,11453,3834,0.0
NW5001,3834,11454,0.0
NW5001,11454,1749,0.0
NW5001,1749,11455,0.0
NW5001,11455,1748,0.0
NW5001,1748,11456,0.0
NW5001,11456,134,0.0
NW5001,134,11457,0.0
NW5001,11457,10096,0.0
NW5001,10096,11458,0.0
NW5001,11458,10098,0.0
NW5001,10098,11459,0.0
NW5001,11459,4425,0.0
NW5001,4425,1740,0.0
NW5001,1740,1738,0.0
NW5001,1738,1739,0.0
NW5001,1739,110,0.0
NW5001,110,8754,0.0
NW5001,8754,8755,0.0
NW5001,8755,11460,0.0
NW5001,11460,8751,0.0
NW5001,8751,8752,0.0
NW5001,8752,8756,0.0
NW5001,8756,4677,0.0
NW5001,4677,4659,0.0
NW5001,4659,5817,0.0
NW5001,5817,8378,0.0
NW5001,8378,5667,0.0
NW5001,5667,5671,0.0
NW5001,5671,5662,0.0
NW5001,5662,5673,0.0
NW5001,5673,5672,0.0
NW5001,5672,285,0.0
NW5001,285,5897,0.0
NW5001,5897,10973,0.0
NW5001,10973,6201,0.0
NW5001,6201,10097,0.0
NW5001,10097,5666,0.0
NW5001,5666,12222,0.0
NW5001,12222,12223,0.0
NW5001,12223,11233,0.0
NW5001,11233,11234,0.0
NW5001,11234,5668,0.0
NW5001,5668,5663,0.0
NW5003,10098,11461,0.0
NW5003,11461,8968,0.0
NW5003,8968,4353,0.0
NW5003,4353,10974,0.0
NW5003,10974,4352,0.0
NW5003,4352,3651,0.0
NW5003,3651,3060,0.0
NW5003,3060,473,0.0
NW5003,473,6122,0.0
NW5003,6122,8378,0.0
NW5005,4353,4354,0.0
NW5007,6192,4354,0.0
NW5007,4354,10974,0.0
NW5008,6734,10809,0.0
NW5008,10809,10880,0.0
NW5008,10880,8861,0.0
NW5008,8861,8865,0.0
NW5009,2105,8861,0.0
NW5009,8861,533,0.0
NW5009,533,9834,0.0
NW5009,9834,8852,0.0
NW5009,8852,8850,0.0
NW5009,8850,8842,0.0
NW5009,8842,8851,0.0
NW5009,8851,8847,0.0
NW5009,8847,3262,0.0
NW5009,3262,5655,0.0
NW5009,5655,1103,0.0
NW5009,1103,5089,0.0
NW5009,5089,10975,0.0
NW5009,10975,2110,0.0
NW5009,2110,5883,0.0
NW5009,5883,7392,0.0
NW5009,7392,106,0.0
NW5009,106,7286,0.0
NW5009,7286,896,0.0
NW5009,896,1738,0.0
NW5009,1738,12179,0.0
NW5009,12179,5660,0.0
NW5009,5660,5657,0.0
NW5011,4677,320,0.0
NW5011,320,7656,0.0
NW5011,7656,2725,0.0
NW5011,2725,2723,0.0
NW5011,2723,2724,0.0
NW5011,2724,3677,0.0
NW5011,3677,11961,0.0
NW5013,2724,374,0.0
NW5015,4059,11002,0.0
NW5015,11002,2722,0.0
NW5015,2722,11003,0.0
NW5015,11003,1074,0.0
NW5015,1074,4146,0.0
NW5015,4146,3811,0.0
NW5015,3811,6821,0.0
NW5015,6821,3462,0.0
NW5015,3462,4767,0.0
NW5015,4767,3679,0.0
NW5015,3679,3675,0.0
NW5015,3675,3678,0.0
NW5015,3678,3670,0.0
NW5015,3670,3677,0.0
NW5015,3677,3554,0.0
NW5015,3554,3842,0.0
NW5015,3842,11463,0.0
NW5015,11463,335,0.0
NW5015,335,333,0.0
NW5015,333,337,0.0
NW5015,337,336,0.0
NW5015,336,286,0.0
NW5015,286,289,0.0
NW5015,289,285,0.0
NW5017,11004,11002,0.0
NW5019,3779,11004,0.0
NW5019,11004,2722,0.0
NW5019,2722,11003,0.0
NW5021,7993,11005,0.0
NW5021,11005,3678,0.0
NW5021,3678,7997,0.0
NW5021,7997,7996,0.0
NW6001,10973,6201,0.0
NW6001,6201,11464,0.0
NW6001,11464,6198,0.0
NW6001,6198,6184,0.0
NW6001,6184,1717,0.0
NW6001,1717,11364,0.0
NW6001,11364,6888,0.0
NW6001,6888,10976,0.0
NW6001,10976,8388,0.0
NW6001,8388,10977,0.0
NW6001,10977,1223,0.0
NW6001,1223,1225,0.0
NW6001,1225,1226,0.0
NW6001,1226,7084,0.0
NW6001,7084,1222,0.0
NW6001,1222,1981,0.0
NW6001,1981,5011,0.0
NW6001,5011,3574,0.0
NW6001,3574,6413,0.0
NW6001,6413,11465,0.0
NW6001,11465,611,0.0
NW6001,611,971,0.0
NW6001,971,10978,0.0
NW6001,10978,5719,0.0
NW6001,5719,5720,0.0
NW6001,5720,4546,0.0
NW6001,4546,854,0.0
NW6001,854,109,0.0
NW6001,109,1812,0.0
NW6001,1812,1811,0.0
NW6001,1811,3292,0.0
NW6003,1717,9446,0.0
NW6003,9446,6206,0.0
NW6003,6206,10979,0.0
NW6003,10979,9448,0.0
NW6003,9448,4404,0.0
NW6003,4404,9597,0.0
NW6003,9597,1728,0.0
NW6003,1728,3446,0.0
NW6003,3446,4920,0.0
NW6003,4920,3700,0.0
NW6003,3700,3701,0.0
NW6003,3701,768,0.0
NW6003,768,6957,0.0
NW6003,6957,10335,0.0
NW6003,10335,7968,0.0
NW6003,7968,9989,0.0
NW6003,9989,4550,0.0
NW6003,4550,4089,0.0
NW6003,4089,4739,0.0
NW6003,4739,4741,0.0
NW6003,4741,158,0.0
NW6003,158,11722,0.0
NW6003,11722,9449,0.0
NW6003,9449,9439,0.0
NW6003,9439,9443,0.0
NW6003,9443,9440,0.0
NW6005,6207,6209,0.0
NW6005,6209,6211,0.0
NW6005,6211,6210,0.0
NW6005,6210,6188,0.0
NW6005,6188,8389,0.0
NW6005,8389,11006,0.0
NW6005,11006,11467,0.0
NW6005,11467,10976,0.0
NW6007,6188,8389,0.0
NW6007,8389,11466,0.0
NW6007,11466,6888,0.0
NW6009,10977,9051,0.0
NW6009,9051,6392,0.0
NW6009,6392,9669,0.0
NW6009,9669,392,0.0
NW6009,392,4066,0.0
NW6009,4066,2498,0.0
NW6009,2498,2420,0.0
NW6009,2420,4320,0.0
NW6009,4320,4863,0.0
NW6009,4863,10002,0.0
NW6009,10002,10003,0.0
NW6009,10003,10980,0.0
NW6009,10980,9997,0.0
NW6009,9997,3650,0.0
NW6009,3650,258,0.0
NW6009,258,6984,0.0
NW6009,6984,4547,0.0
NW6009,4547,1284,0.0
NW6009,1284,6559,0.0
NW6009,6559,696,0.0
NW6009,696,6040,0.0
NW6009,6040,8540,0.0
NW6011,10981,971,0.0
NW6011,971,10978,0.0
NW6011,10978,11468,0.0
NW6011,11468,4343,0.0
NW6011,4343,1208,0.0
NW6011,1208,3213,0.0
NW6011,3213,11469,0.0
NW6011,11469,2538,0.0
NW6011,2538,11470,0.0
NW6011,11470,829,0.0
NW6011,829,834,0.0
NW6013,5719,10413,0.0
NW6013,10413,2420,0.0
NW6015,10980,7049,0.0
NW6015,7049,6901,0.0
NW6015,6901,9585,0.0
NW6015,9585,7712,0.0
NW6015,7712,10982,0.0
NW6015,10982,5197,0.0
NW6015,5197,5130,0.0
NW7001,6211,6209,0.0
NW7001,6209,6207,0.0
NW7001,6207,6073,0.0
NW7001,6073,1111,0.0
NW7001,1111,9256,0.0
NW7001,9256,6831,0.0
NW7001,6831,6429,0.0
NW7001,6429,9645,0.0
NW7001,9645,6155,0.0
NW7001,6155,2444,0.0
NW7001,2444,2442,0.0
NW7001,2442,2441,0.0
NW7001,2441,2435,0.0
NW7001,2435,11471,0.0
NW7001,11471,7565,0.0
NW7001,7565,7566,0.0
NW7001,7566,7567,0.0
NW7001,7567,8435,0.0
NW7001,8435,5549,0.0
NW7001,5549,9772,0.0
NW7001,9772,9354,0.0
NW7001,9354,11472,0.0
NW7001,11472,4085,0.0
NW7001,4085,10984,0.0
NW7001,10984,4193,0.0
NW7001,4193,11940,0.0
NW7001,11940,2438,0.0
NW7001,2438,2437,0.0
NW7005,2442,2443,0.0
NW7005,2443,2440,0.0
NW7006,9354,11472,0.0
NW7006,11472,8816,0.0
NW7007,3570,2385,0.0
NW7007,2385,7866,0.0
NW7007,7866,1285,0.0
NW7007,1285,6893,0.0
NW7009,3570,5758,0.0
NW7009,5758,5759,0.0
NW7009,5759,891,0.0
NW7009,891,7202,0.0
NW7009,7202,1861,0.0
NW7009,1861,6129,0.0
NW7009,6129,836,0.0
NW7009,836,834,0.0
NW7009,834,827,0.0
NW7009,827,832,0.0
NW7009,832,7709,0.0
NW7009,7709,1814,0.0
NW7009,1814,86,0.0
NW7009,86,4735,0.0
NW7009,4735,4115,0.0
NW7009,4115,7758,0.0
NW7009,7758,7756,0.0
NW7009,7756,3637,0.0
NW7009,3637,1453,0.0
NW7009,1453,2126,0.0
NW7009,2126,8816,0.0
NW7009,8816,4085,0.0
NW7009,4085,11659,0.0
NW7011,3571,5759,0.0
NW7013,832,7711,0.0
NW7013,7711,5506,0.0
NW7013,5506,9915,0.0
NW7013,9915,1937,0.0
NW7013,1937,1936,0.0
NW7013,1936,10985,0.0
NW7017,3637,1451,0.0
NW7017,1451,1452,0.0
NW7017,1452,1159,0.0
NW7017,1159,6601,0.0
NW7017,6601,1721,0.0
NW7017,1721,2097,0.0
NW7019,9256,6204,0.0
NW7019,6204,6185,0.0
NW7021,6073,7132,0.0
NW7021,7132,474,0.0
NW7021,474,374,0.0
NW7021,374,373,0.0
NW7021,373,11005,0.0
NW7021,11005,7993,0.0
NW7021,7993,6297,0.0
NW7021,6297,3664,0.0
NW7021,3664,2614,0.0
NW7021,2614,10984,0.0
NW7021,10984,6395,0.0
NW7023,7132,1111,0.0
NW7025,7132,7133,0.0
NW7025,7133,336,0.0
NW7027,474,7133,0.0
NW8001,4741,5840,0.0
NW8001,5840,2398,0.0
NW8001,2398,115,0.0
NW8001,115,8776,0.0
NW8001,8776,949,0.0
NW8001,949,10986,0.0
NW8001,10986,5822,0.0
NW8001,5822,10987,0.0
NW8001,10987,5830,0.0
NW8001,5830,10988,0.0
NW8001,10988,6983,0.0
NW8001,6983,6265,0.0
NW8001,6265,5837,0.0
NW8001,5837,7967,0.0
NW8001,7967,7966,0.0
NW8001,7966,11008,0.0
NW8001,11008,929,0.0
NW8001,929,998,0.0
NW8001,998,1000,0.0
NW8001,1000,999,0.0
NW8001,999,8165,0.0
NW8001,8165,10860,0.0
NW8001,10860,843,0.0
NW8001,843,4081,0.0
NW8001,4081,4342,0.0
NW8001,4342,3508,0.0
NW8001,3508,3579,0.0
NW8001,3579,116,0.0
NW8001,116,4315,0.0
NW8001,4315,776,0.0
NW8001,776,8537,0.0
NW8001,8537,8539,0.0
NW8001,8539,8542,0.0
NW8001,8542,8540,0.0
NW8003,6983,5838,0.0
NW8003,5838,4971,0.0
NW8003,4971,5912,0.0
NW8005,11008,11009,0.0
NW8005,11009,5235,0.0
NW8005,5235,5234,0.0
NW8005,5234,11010,0.0
NW8005,11010,9684,0.0
NW8005,9684,9685,0.0
NW8005,9685,6891,0.0
NW8005,6891,118,0.0
NW8005,118,6874,0.0
NW8005,6874,5895,0.0
NW8005,5895,9419,0.0
NW8005,9419,114,0.0
NW8005,114,6893,0.0
NW8005,6893,11718,0.0
NW8007,998,995,0.0
NW8007,995,6393,0.0
NW8007,6393,119,0.0
NW8007,119,118,0.0
NW8009,9684,7695,0.0
NW8009,7695,3379,0.0
NW8009,3379,10989,0.0
NW8009,10989,5130,0.0
NW8011,5912,4971,0.0
NW8011,4971,6264,0.0
NW8011,6264,5836,0.0
NW8011,5836,5831,0.0
NW8011,5831,10884,0.0
NW8011,10884,4106,0.0
NW8011,4106,11011,0.0
NW8011,11011,1185,0.0
NW8011,1185,10990,0.0
NW8011,10990,1191,0.0
NW8011,1191,1190,0.0
NW8011,1190,1193,0.0
NW8011,1193,620,0.0
NW8011,620,10991,0.0
NW8011,10991,621,0.0
NW8011,621,10883,0.0
NW8011,10883,5402,0.0
NW8011,5402,6328,0.0
NW8011,6328,6033,0.0
NW8011,6033,6223,0.0
NW8011,6223,4567,0.0
NW8011,4567,10064,0.0
NW8011,10064,10065,0.0
NW8011,10065,10063,0.0
NW8013,10884,4106,0.0
NW8013,4106,10990,0.0
NW8013,10990,1189,0.0
NW8013,1189,1182,0.0
NW8013,1182,1184,0.0
NW8013,1184,3799,0.0
NW8013,3799,10992,0.0
NW8013,10992,7720,0.0
NW8013,7720,10993,0.0
NW8013,10993,641,0.0
NW8013,641,7400,0.0
NW8013,7400,8559,0.0
NW8013,8559,1207,0.0
NW8013,1207,1206,0.0
NW8013,1206,3257,0.0
NW8013,3257,11012,0.0
NW8013,11012,4517,0.0
NW8013,4517,10999,0.0
NW8015,620,9666,0.0
NW8015,9666,9665,0.0
NW8015,9665,6494,0.0
NW8015,6494,6495,0.0
NW8015,6495,6496,0.0
NW8015,6496,6492,0.0
NW8017,10994,10992,0.0
NW8017,10992,10993,0.0
NW9001,2834,10952,0.0
NW9001,10952,9397,0.0
NW9001,9397,3908,0.0
NW9001,3908,4145,0.0
NW9001,4145,493,0.0
NW9001,493,4520,0.0
NW9001,4520,3238,0.0
NW9001,3238,10663,0.0
NW9001,10663,10661,0.0
NW9001,10661,3048,0.0
NW9001,3048,1801,0.0
NW9001,1801,1802,0.0
NW9001,1802,1800,0.0
NW9001,1800,6801,0.0
NW9001,6801,4192,0.0
NW9001,4192,11013,0.0
NW9001,11013,4191,0.0
NW9001,4191,11014,0.0
NW9001,11014,10194,0.0
NW9001,10194,2542,0.0
NW9001,2542,8754,0.0
NW9001,8754,12224,0.0
NW9001,12224,12225,0.0
NW9001,12225,12226,0.0
NW9001,12226,12227,0.0
NW9003,1801,1803,0.0
NW9005,1802,1803,0.0
NW9005,1803,10630,0.0
NW9005,10630,7061,0.0
NW9005,7061,7060,0.0
NW9005,7060,7063,0.0
NW9005,7063,7062,0.0
NW9005,7062,4018,0.0
NW9005,4018,9386,0.0
NW9005,9386,1485,0.0
NW9005,1485,1487,0.0
NW9005,1487,11723,0.0
NW9007,6801,6800,0.0
NW9007,6800,8916,0.0
NW9007,8916,5938,0.0
NW9007,5938,5939,0.0
NW9007,5939,7743,0.0
NW9007,7743,10995,0.0
NW9007,10995,1105,0.0
NW9007,1105,1227,0.0
NW9007,1227,7655,0.0
NW9007,7655,7934,0.0
NW9007,7934,842,0.0
NW9007,842,333,0.0
NW9009,5939,11473,0.0
NW9009,11473,7727,0.0
NW9009,7727,10969,0.0
NW9011,10995,11015,0.0
NW9011,11015,10265,0.0
NW9011,10265,4766,0.0
NW9011,4766,4768,0.0
NW9011,4768,4767,0.0
NW9013,11015,1107,0.0
NW9013,1107,1108,0.0
NW9017,4192,1741,0.0
NW9017,1741,6714,0.0
NW9019,1485,10996,0.0
NW9019,10996,1162,0.0
NW9019,1162,11962,0.0
NW9021,1486,1485,0.0
NW9021,1485,2988,0.0
NW9021,2988,1747,0.0
NW9021,1747,9916,0.0
NW9021,9916,3615,0.0
NW9021,3615,6802,0.0
NW9021,6802,2641,0.0
NW9021,2641,6020,0.0
NW9021,6020,11013,0.0
NW9901,3889,10984,0.0
NW9901,10984,11474,0.0
NW9901,11474,4231,0.0
NW9901,4231,5745,0.0
NW9901,5745,8138,0.0
NW9901,8138,8137,0.0
NW9901,8137,11090,0.0
NW9901,11090,11091,0.0
NW9901,11091,4238,0.0
NW9901,4238,4678,0.0
NW9901,4678,7691,0.0
NW9901,7691,7693,0.0
NW9901,7693,806,0.0
NW9901,806,2570,0.0
NW9901,2570,3642,0.0
NW9901,3642,125,0.0
NW9901,125,5904,0.0
NW9901,5904,5250,0.0
NW9901,5250,2378,0.0
NW9901,2378,6892,0.0
NW9901,6892,253,0.0
NW9901,253,6772,0.0
NW9901,6772,6769,0.0
NW9901,6769,5842,0.0
NW9901,5842,5339,0.0
NW9901,5339,308,0.0
NW9901,308,5737,0.0
NW9901,5737,4563,0.0
NW9901,4563,7125,0.0
NW9901,7125,1622,0.0
NW9901,1622,11001,0.0
NW9901,11001,6768,0.0
NW9901,6768,6774,0.0
NW9901,6774,12120,0.0
GW103,6971,7785,0.0
GW103,7785,11342,0.0
GW103,11342,6970,0.0
GW103,6970,9742,0.0
GW103,9742,11143,0.0
GW103,11143,7002,0.0
GW103,7002,5384,0.0
GW103,5384,10759,0.0
GW103,10759,6868,0.0
GW103,6868,10766,0.0
GW103,10766,6862,0.0
GW103,6862,6866,0.0
GW103,6866,6867,0.0
GW103,6867,6864,0.0
GW103,6864,6865,0.0
GW103,6865,6869,0.0
GW103,6869,3555,0.0
GW103,3555,95,0.0
GW103,95,96,0.0
GW103,96,97,0.0
GW103,97,3004,0.0
GW103,3004,9826,0.0
GW103,9826,9827,0.0
GW103,9827,4114,0.0
GW103,4114,4112,0.0
GW103,4112,8698,0.0
GW103,8698,8699,0.0
GW103,8699,8702,0.0
GW103,8702,8700,0.0
GW103,8700,4173,0.0
GW103,4173,4176,0.0
GW103,4176,4174,0.0
GW103,4174,4693,0.0
GW103,4693,8760,0.0
GW103,8760,2995,0.0
GW103,2995,9812,0.0
GW103,9812,9819,0.0
GW103,9819,9818,0.0
GW103,9818,9820,0.0
GW103,9820,4937,0.0
GW103,4937,5306,0.0
GW103,5306,5305,0.0
GW103,5305,2755,0.0
GW103,2755,8404,0.0
GW103,8404,8403,0.0
GW103,8403,8406,0.0
GW103,8406,8405,0.0
GW103,8405,925,0.0
GW103,925,9101,0.0
GW103,9101,6013,0.0
GW103,6013,6015,0.0
GW103,6015,7921,0.0
GW103,7921,10907,0.0
GW103,10907,9536,0.0
GW103,9536,9535,0.0
GW103,9535,7602,0.0
GW103,7602,7601,0.0
GW103,7601,7605,0.0
GW103,7605,7609,0.0
GW103,7609,7595,0.0
GW103,7595,7610,0.0
GW103,7610,10790,0.0
GW103,10790,7612,0.0
GW103,7612,10791,0.0
GW103,10791,7641,0.0
GW103,7641,7608,0.0
GW103,7608,9279,0.0
GW103,9279,9280,0.0
GW103,9280,6979,0.0
GW103,6979,3835,0.0
GW103,3835,1810,0.0
GW103,1810,6400,0.0
GW103,6400,2603,0.0
GW103,2603,2607,0.0
GW103,2607,2598,0.0
GW103,2598,2610,0.0
GW103,2610,3519,0.0
GW103,3519,2606,0.0
GW103,2606,2594,0.0
GW103,2594,6084,0.0
GW103,6084,8951,0.0
GW103,8951,9692,0.0
GW103,9692,1723,0.0
GW103,1723,9569,0.0
GW103,9569,12137,0.0
GW103,12137,12136,0.0
GW103,12136,9817,0.0
GW103,9817,11888,0.0
GW103,11888,8703,0.0
GW103,8703,11887,0.0
GW103,11887,11886,0.0
GW103,11886,11845,0.0
GW103,11845,11844,0.0
GW105,9569,8064,0.0
GW105,8064,8074,0.0
GW105,8074,8075,0.0
GW105,8075,4303,0.0
GW105,4303,8067,0.0
GW105,8067,8077,0.0
GW105,8077,8063,0.0
GW105,8063,8066,0.0
GW105,8066,8071,0.0
GW105,8071,8076,0.0
GW105,8076,8061,0.0
GW105,8061,8062,0.0
GW105,8062,10438,0.0
GW105,10438,10437,0.0
GW105,10437,10435,0.0
GW105,10435,1771,0.0
GW105,1771,9223,0.0
GW105,9223,9224,0.0
GW105,9224,1417,0.0
GW105,1417,569,0.0
GW105,569,1288,0.0
GW105,1288,567,0.0
GW105,567,568,0.0
GW105,568,6857,0.0
GW105,6857,5065,0.0
GW105,5065,1295,0.0
GW105,1295,6700,0.0
GW105,6700,1303,0.0
GW105,1303,1302,0.0
GW105,1302,1297,0.0
GW105,1297,1304,0.0
GW105,1304,1305,0.0
GW105,1305,618,0.0
GW105,618,1290,0.0
GW105,1290,6996,0.0
GW105,6996,6467,0.0
GW105,6467,10499,0.0
GW105,10499,10500,0.0
GW105,10500,10310,0.0
GW105,10310,10311,0.0
GW105,10311,9584,0.0
GW105,9584,4295,0.0
GW105,4295,4296,0.0
GW105,4296,1085,0.0
GW105,1085,1086,0.0
GW105,1086,11512,0.0
GW105,11512,12138,0.0
GW105,12138,11889,0.0
GW105,11889,1301,0.0
GW105,1301,12116,0.0
GW107,10311,10193,0.0
GW107,10193,10392,0.0
GW107,10392,9584,0.0
GW108,11512,2089,0.0
GW108,2089,10908,0.0
GW108,10908,9117,0.0
GW108,9117,9121,0.0
GW108,9121,9107,0.0
GW108,9107,9112,0.0
GW108,9112,3599,0.0
GW108,3599,6738,0.0
GW108,6738,9301,0.0
GW108,9301,9300,0.0
GW108,9300,9299,0.0
GW108,9299,2483,0.0
GW108,2483,3322,0.0
GW108,3322,3304,0.0
GW108,3304,3323,0.0
GW108,3323,3325,0.0
GW108,3325,3305,0.0
GW108,3305,3306,0.0
GW108,3306,3313,0.0
GW108,3313,3324,0.0
GW108,3324,3319,0.0
GW108,3319,8903,0.0
GW108,8903,2544,0.0
GW108,2544,2543,0.0
GW108,2543,9142,0.0
GW108,9142,6460,0.0
GW108,6460,10927,0.0
GW108,10927,6459,0.0
GW108,6459,6462,0.0
GW108,6462,2497,0.0
GW108,2497,9399,0.0
GW108,9399,126,0.0
GW108,126,4967,0.0
GW108,4967,4239,0.0
GW108,4239,9519,0.0
GW108,9519,5313,0.0
GW108,5313,5543,0.0
GW108,5543,7217,0.0
GW108,7217,2581,0.0
GW108,2581,2727,0.0
GW108,2727,5063,0.0
GW108,5063,10909,0.0
GW108,10909,8637,0.0
GW108,8637,8636,0.0
GW108,8636,7974,0.0
GW108,7974,8696,0.0
GW108,8696,6037,0.0
GW108,6037,5545,0.0
GW108,5545,8886,0.0
GW108,8886,5748,0.0
GW108,5748,955,0.0
GW108,955,5765,0.0
GW108,5765,5767,0.0
GW108,5767,5766,0.0
GW108,5766,5764,0.0
GW108,5764,10910,0.0
GW108,10910,10911,0.0
GW108,10911,10912,0.0
GW108,10912,6989,0.0
GW108,6989,8633,0.0
GW108,8633,732,0.0
GW108,732,7342,0.0
GW108,7342,9481,0.0
GW108,9481,7245,0.0
GW108,7245,804,0.0
GW108,804,7660,0.0
GW108,7660,10913,0.0
GW108,10913,1666,0.0
GW108,1666,4177,0.0
GW108,4177,8662,0.0
GW108,8662,5661,0.0
GW108,5661,7266,0.0
GW108,7266,7101,0.0
GW108,7101,7099,0.0
GW108,7099,12139,0.0
GW108,12139,9118,0.0
GW108,9118,11731,0.0
GW108,11731,11732,0.0
GW108,11732,11733,0.0
GW108,11733,11734,0.0
GW108,11734,11735,0.0
GW108,11735,11739,0.0
GW108,11739,11740,0.0
GW108,11740,11741,0.0
GW108,11741,1301,0.0
GW108,1301,11736,0.0
GW108,11736,11737,0.0
GW108,11737,11738,0.0
GW110,6869,7346,0.0
GW110,7346,7348,0.0
GW110,7348,3666,0.0
GW110,3666,3668,0.0
GW110,3668,8584,0.0
GW117,3667,3666,0.0
GW130,102,11016,0.0
GW174,9826,2866,0.0
GW174,2866,1656,0.0
GW174,1656,8168,0.0
GW174,8168,3667,0.0
GW174,3667,3668,0.0
GW175,3667,3665,0.0
GW176,4114,2866,0.0
GW176,2866,11890,0.0
GW178,8699,1242,0.0
GW178,1242,1241,0.0
GW178,1241,1245,0.0
GW180,4693,8760,0.0
GW180,8760,4697,0.0
GW180,4697,10708,0.0
GW180,10708,4701,0.0
GW180,4701,4702,0.0
GW182,9819,9274,0.0
GW182,9274,9275,0.0
GW182,9275,9271,0.0
GW182,9271,2034,0.0
GW182,2034,2035,0.0
GW182,2035,10635,0.0
GW182,10635,2036,0.0
GW182,2036,11743,0.0
GW182,11743,11891,0.0
GW182,11891,11892,0.0
GW182,11892,11893,0.0
GW182,11893,11894,0.0
GW182,11894,10636,0.0
GW184,8404,8402,0.0
GW184,8402,10028,0.0
GW185,6015,3616,0.0
GW185,3616,2117,0.0
GW185,2117,1011,0.0
GW185,1011,5936,0.0
GW187,9536,10852,0.0
GW187,10852,9696,0.0
GW187,9696,8258,0.0
GW187,8258,4440,0.0
GW190,7605,7607,0.0
GW200,2598,2604,0.0
GW200,2604,2609,0.0
GW200,2609,2607,0.0
GW200,2607,2605,0.0
GW200,2605,262,0.0
GW200,262,261,0.0
GW200,261,260,0.0
GW200,260,2458,0.0
GW200,2458,7584,0.0
GW200,7584,5185,0.0
GW200,5185,5184,0.0
GW200,5184,4322,0.0
GW200,4322,4323,0.0
GW200,4323,11513,0.0
GW200,11513,6935,0.0
GW200,6935,6922,0.0
GW200,6922,6932,0.0
GW200,6932,6928,0.0
GW200,6928,6930,0.0
GW200,6930,10445,0.0
GW200,10445,9077,0.0
GW200,9077,4288,0.0
GW200,4288,4321,0.0
GW200,4321,4324,0.0
GW200,4324,11744,0.0
GW200,11744,11745,0.0
GW200,11745,11746,0.0
GW200,11746,11747,0.0
GW200,11747,11748,0.0
GW200,11748,11749,0.0
GW220,7606,7641,0.0
GW240,2603,2605,0.0
GW250,3519,2609,0.0
GW260,5185,5550,0.0
GW260,5550,6270,0.0
GW300,69,6693,0.0
GW300,6693,10915,0.0
GW300,10915,10292,0.0
GW300,10292,10283,0.0
GW300,10283,10281,0.0
GW300,10281,10916,0.0
GW300,10916,10278,0.0
GW300,10278,10288,0.0
GW300,10288,10279,0.0
GW300,10279,10280,0.0
GW300,10280,10275,0.0
GW300,10275,10277,0.0
GW300,10277,10289,0.0
GW300,10289,10917,0.0
GW300,10917,10918,0.0
GW300,10918,10291,0.0
GW300,10291,2923,0.0
GW300,2923,2924,0.0
GW300,2924,8758,0.0
GW300,8758,12117,0.0
GW310,10445,4108,0.0
GW310,4108,2106,0.0
GW310,2106,3435,0.0
GW310,3435,1733,0.0
GW310,1733,326,0.0
GW310,326,8576,0.0
GW310,8576,5119,0.0
GW310,5119,6091,0.0
GW310,6091,4496,0.0
GW310,4496,4500,0.0
GW310,4500,3296,0.0
GW310,3296,7107,0.0
GW310,7107,6693,0.0
GW310,6693,11725,0.0
GW317,4500,4501,0.0
GW317,4501,4499,0.0
GW317,4499,5652,0.0
GW340,10288,10286,0.0
GW340,10286,4249,0.0
GW340,4249,6797,0.0
GW340,6797,6173,0.0
GW340,6173,4015,0.0
GW340,4015,6175,0.0
GW340,6175,6174,0.0
GW340,6174,1986,0.0
GW340,1986,5385,0.0
GW340,5385,8236,0.0
GW350,10291,10286,0.0
GW350,10286,4249,0.0
GW370,2924,10919,0.0
GW370,10919,2925,0.0
GW370,2925,10920,0.0
GW370,10920,4198,0.0
GW425,1195,1174,0.0
GW425,1174,8292,0.0
GW430,10492,9562,0.0
GW430,9562,12141,0.0
GW450,11017,11018,0.0
GW450,11018,3431,0.0
GW450,3431,8884,0.0
GW450,8884,8885,0.0
GW450,8885,5335,0.0
GW450,5335,5336,0.0
GW450,5336,1342,0.0
GW450,1342,2890,0.0
GW450,2890,1300,0.0
GW450,1300,1302,0.0
GW450,1302,8744,0.0
GW450,8744,11750,0.0
GW454,9009,10826,0.0
GW454,10826,4373,0.0
GW454,4373,10588,0.0
GW454,10588,7955,0.0
GW454,7955,7954,0.0
GW454,7954,429,0.0
GW454,429,8178,0.0
GW454,8178,8128,0.0
GW454,8128,1920,0.0
GW454,1920,7657,0.0
GW454,7657,6250,0.0
GW454,6250,8884,0.0
GW454,8884,12142,0.0
GW454,12142,12143,0.0
GW454,12143,12105,0.0
GW456,5336,1342,0.0
GW490,3777,4646,0.0
GW5001,10349,10350,0.0
GW5001,10350,10351,0.0
GW5001,10351,2618,0.0
GW5001,2618,10922,0.0
GW5001,10922,11896,0.0
GW520,10924,4755,0.0
GW530,6700,2890,0.0
GW5401,3432,6999,0.0
GW570,1940,3577,0.0
GW570,3577,3575,0.0
GW570,3575,796,0.0
GW580,3259,6044,0.0
GW580,6044,9974,0.0
GW580,9974,6043,0.0
GW580,6043,2200,0.0
GW580,2200,11898,0.0
GW606,2483,6701,0.0
GW606,6701,2220,0.0
GW606,2220,10501,0.0
GW606,10501,2123,0.0
GW606,2123,6237,0.0
GW606,6237,5310,0.0
GW606,5310,3085,0.0
GW606,3085,5226,0.0
GW606,5226,7384,0.0
GW606,7384,9580,0.0
GW606,9580,1725,0.0
GW606,1725,1238,0.0
GW608,2220,10925,0.0
GW608,10925,6849,0.0
GW608,6849,6119,0.0
GW608,6119,7965,0.0
GW611,3331,7262,0.0
GW611,7262,2612,0.0
GW611,2612,6780,0.0
GW611,6780,9389,0.0
GW611,9389,3333,0.0
GW611,3333,5863,0.0
GW611,5863,5864,0.0
GW611,5864,3332,0.0
GW611,3332,11899,0.0
GW620,6462,9396,0.0
GW620,9396,9395,0.0
GW620,9395,6974,0.0
GW620,6974,6976,0.0
GW620,6976,3823,0.0
GW620,3823,11900,0.0
GW629,5313,5316,0.0
GW629,5316,6230,0.0
GW630,5543,10928,0.0
GW630,10928,6230,0.0
GW640,5545,5546,0.0
GW640,5546,2119,0.0
GW640,2119,2118,0.0
GW640,2118,10930,0.0
GW640,10930,8740,0.0
GW640,8740,1652,0.0
GW640,1652,8080,0.0
GW640,8080,5718,0.0
GW650,5766,5764,0.0
GW650,5764,10931,0.0
GW650,10931,3517,0.0
GW660,6989,8640,0.0
GW660,8640,8642,0.0
GW660,8642,8643,0.0
GW660,8643,5816,0.0
GW660,5816,3784,0.0
GW660,3784,1439,0.0
GW660,1439,7568,0.0
GW660,7568,8646,0.0
GW660,8646,7494,0.0
GW660,7494,6563,0.0
GW680,7245,7104,0.0
GW680,7104,7391,0.0
GW680,7391,7093,0.0
GW680,7093,3345,0.0
GW680,3345,3344,0.0
GW690,8662,5450,0.0
GW690,5450,5449,0.0
GW690,5449,1575,0.0
GW690,1575,8736,0.0
GW720,3426,3269,0.0
GW720,3269,3270,0.0
GW730,8302,8306,0.0
GW730,8306,8308,0.0
GW730,8308,8304,0.0
GW730,8304,2843,0.0
GW730,2843,10932,0.0
GW730,10932,2446,0.0
GW730,2446,6415,0.0
GW730,6415,2204,0.0
GW730,2204,2203,0.0
GW730,2203,10933,0.0
GW730,10933,1112,0.0
GW730,1112,5795,0.0
GW730,5795,10225,0.0
GW730,10225,5462,0.0
GW730,5462,6403,0.0
GW730,6403,8236,0.0
GW730,8236,4253,0.0
GW730,4253,4254,0.0
GW730,4254,4252,0.0
GW730,4252,9424,0.0
GW730,9424,7268,0.0
GW730,7268,47,0.0
GW730,47,49,0.0
GW730,49,5792,0.0
GW730,5792,7269,0.0
GW730,7269,6981,0.0
GW730,6981,2485,0.0
GW730,2485,5900,0.0
GW730,5900,5901,0.0
GW730,5901,48,0.0
GW730,48,12149,0.0
GW730,12149,11795,0.0
GW730,11795,11901,0.0
GW730,11901,11902,0.0
GW732,8298,8306,0.0
GW734,2855,7091,0.0
GW734,7091,9,0.0
GW734,9,9563,0.0
GW734,9563,9383,0.0
GW734,9383,5868,0.0
GW734,5868,3540,0.0
GW734,3540,6055,0.0
GW734,6055,1213,0.0
GW734,1213,5612,0.0
GW734,5612,9084,0.0
GW734,9084,2999,0.0
GW734,2999,5340,0.0
GW734,5340,7412,0.0
GW734,7412,5635,0.0
GW734,5635,4583,0.0
GW734,4583,9540,0.0
GW734,9540,9322,0.0
GW734,9322,5614,0.0
GW734,5614,7301,0.0
GW734,7301,6090,0.0
GW734,6090,10934,0.0
GW734,10934,10935,0.0
GW734,10935,7379,0.0
GW734,7379,2313,0.0
GW734,2313,7097,0.0
GW734,7097,44,0.0
GW734,44,7480,0.0
GW734,7480,7481,0.0
GW740,5899,5900,0.0
GW770,10660,3030,0.0
GW770,3030,5575,0.0
GW770,5575,6491,0.0
GW770,6491,2396,0.0
GW770,2396,2395,0.0
GW770,2395,7707,0.0
GW770,7707,7708,0.0
GW770,7708,7726,0.0
GW770,7726,10783,0.0
GW770,10783,7313,0.0
GW770,7313,7314,0.0
GW770,7314,3629,0.0
GW780,7314,3013,0.0
GW780,3013,11796,0.0
GW784,202,6809,0.0
GW790,7087,1589,0.0
GW790,1589,1590,0.0
GW810,7948,7689,0.0
GW810,7689,7688,0.0
GW810,7688,7949,0.0
GW810,7949,7241,0.0
GW810,7241,9294,0.0
GW810,9294,1169,0.0
GW810,1169,722,0.0
GW810,722,518,0.0
GW810,518,517,0.0
GW810,517,3709,0.0
GW810,3709,7086,0.0
GW810,7086,4246,0.0
GW810,4246,10563,0.0
GW810,10563,10566,0.0
GW810,10566,5557,0.0
GW810,5557,3228,0.0
GW810,3228,10,0.0
GW810,10,2391,0.0
GW810,2391,5776,0.0
GW810,5776,5576,0.0
GW810,5576,4222,0.0
GW810,4222,4223,0.0
GW810,4223,11019,0.0
GW820,2484,2486,0.0
GW820,2486,10566,0.0
GW828,2154,9923,0.0
GW828,9923,7681,0.0
GW828,7681,582,0.0
GW828,582,9539,0.0
GW828,9539,4224,0.0
GW828,4224,4223,0.0
GW830,6049,7242,0.0
GW830,7242,9425,0.0
GW830,9425,6048,0.0
GW830,6048,7500,0.0
GW830,7500,25,0.0
GW830,25,8857,0.0
GW830,8857,11020,0.0
GW830,11020,7456,0.0
GW830,7456,9452,0.0
GW830,9452,9080,0.0
GW830,9080,7520,0.0
GW830,7520,11021,0.0
GW830,11021,5555,0.0
GW830,5555,1648,0.0
GW830,1648,11019,0.0
GW830,11019,1586,0.0
GW830,1586,11022,0.0
GW830,11022,2214,0.0
GW830,2214,2217,0.0
GW830,2217,7080,0.0
GW830,7080,3803,0.0
GW830,3803,2088,0.0
GW830,2088,2087,0.0
GW830,2087,3011,0.0
GW830,3011,2619,0.0
GW830,2619,11023,0.0
GW830,11023,1505,0.0
GW830,1505,546,0.0
GW830,546,557,0.0
GW830,557,556,0.0
GW830,556,11024,0.0
GW830,11024,558,0.0
GW830,558,11752,0.0
GW830,11752,11904,0.0
GW834,9421,6,0.0
GW834,6,1994,0.0
GW834,1994,4,0.0
GW834,4,3410,0.0
GW834,3410,5950,0.0
GW834,5950,7232,0.0
GW834,7232,23,0.0
GW834,23,25,0.0
GW835,9430,10503,0.0
GW835,10503,9438,0.0
GW835,9438,9384,0.0
GW835,9384,10568,0.0
GW835,10568,5591,0.0
GW835,5591,9351,0.0
GW835,9351,2620,0.0
GW835,2620,7276,0.0
GW835,7276,9429,0.0
GW835,9429,11020,0.0
GW835,11020,11797,0.0
GW839,11022,1583,0.0
GW840,11021,2527,0.0
GW840,2527,3598,0.0
GW840,3598,9738,0.0
GW840,9738,5381,0.0
GW840,5381,6588,0.0
GW840,6588,7096,0.0
GW840,7096,2217,0.0
GW850,5382,5381,0.0
GW860,7096,7080,0.0
GW864,2088,2582,0.0
GW864,2582,7081,0.0
GW870,11024,550,0.0
GW870,550,7682,0.0
GW870,7682,67,0.0
GW870,67,65,0.0
GW870,65,56,0.0
GW870,56,63,0.0
GW870,63,5580,0.0
GW870,5580,59,0.0
GW870,59,60,0.0
GW870,60,1121,0.0
GW870,1121,2471,0.0
GW870,2471,10938,0.0
GW870,10938,10939,0.0
GW870,10939,11025,0.0
GW870,11025,1123,0.0
GW874,11026,10086,0.0
GW874,10086,7972,0.0
GW874,7972,9382,0.0
GW874,9382,9380,0.0
GW874,9380,3956,0.0
GW874,3956,5892,0.0
GW874,5892,5894,0.0
GW875,9382,9379,0.0
GW877,9382,6140,0.0
GW877,6140,6356,0.0
GW877,6356,6345,0.0
GW877,6345,6355,0.0
GW877,6355,7443,0.0
GW877,7443,6346,0.0
GW877,6346,6348,0.0
GW877,6348,6358,0.0
GW877,6358,7448,0.0
GW877,7448,11719,0.0
GW890,1171,2453,0.0
GW890,2453,3003,0.0
GW890,3003,4983,0.0
GW890,4983,3396,0.0
GW890,3396,4045,0.0
GW890,4045,6267,0.0
GW890,6267,11704,0.0
GW890,11704,11676,0.0
GW8901,3003,4982,0.0
GW8901,4982,3002,0.0
GW8901,3002,4981,0.0
GW8901,4981,4984,0.0
GW892,2487,6516,0.0
GW892,6516,4984,0.0
GW892,4984,9017,0.0
GW893,6883,10940,0.0
GW893,10940,6516,0.0
GW894,4983,4984,0.0
GW897,4045,4245,0.0
GW900,7142,8152,0.0
GW900,8152,8154,0.0
GW900,8154,8156,0.0
GW900,8156,8153,0.0
GW900,8153,8150,0.0
GW900,8150,5896,0.0
GW900,5896,5586,0.0
GW900,5586,5851,0.0
GW900,5851,5850,0.0
GW900,5850,3270,0.0
GW900,3270,3271,0.0
GW900,3271,5899,0.0
GW900,5899,5901,0.0
GW900,5901,6814,0.0
GW900,6814,3629,0.0
GW900,3629,202,0.0
GW900,202,6807,0.0
GW900,6807,3013,0.0
GW900,3013,6416,0.0
GW900,6416,9878,0.0
GW900,9878,7918,0.0
GW900,7918,7088,0.0
GW900,7088,7087,0.0
GW900,7087,10749,0.0
GW900,10749,5645,0.0
GW900,5645,2214,0.0
GW900,2214,2219,0.0
GW900,2219,11516,0.0
GW900,11516,1569,0.0
GW900,1569,5382,0.0
GW900,5382,6102,0.0
GW900,6102,7270,0.0
GW900,7270,5573,0.0
GW900,5573,7082,0.0
GW900,7082,9433,0.0
GW900,9433,11025,0.0
GW900,11025,1123,0.0
GW900,1123,10941,0.0
GW900,10941,1117,0.0
GW900,1117,10942,0.0
GW900,10942,8867,0.0
GW900,8867,8868,0.0
GW900,8868,8869,0.0
GW900,8869,7492,0.0
GW900,7492,6353,0.0
GW900,6353,6356,0.0
GW900,6356,6345,0.0
GW900,6345,6355,0.0
GW900,6355,6346,0.0
GW900,6346,6348,0.0
GW900,6348,6358,0.0
GW900,6358,6352,0.0
GW900,6352,10943,0.0
GW900,10943,7419,0.0
GW900,7419,7416,0.0
GW900,7416,11027,0.0
GW900,11027,725,0.0
GW900,725,1171,0.0
GW900,1171,1168,0.0
GW900,1168,2453,0.0
GW900,2453,6515,0.0
GW900,6515,5579,0.0
GW900,5579,5631,0.0
GW900,5631,5269,0.0
GW900,5269,9021,0.0
GW900,9021,2082,0.0
GW900,2082,3856,0.0
GW900,3856,2941,0.0
GW900,2941,5562,0.0
GW900,5562,5578,0.0
GW900,5578,7221,0.0
GW900,7221,5090,0.0
GW900,5090,3628,0.0
GW900,3628,2025,0.0
GW900,2025,2024,0.0
GW900,2024,9941,0.0
GW900,9941,1991,0.0
GW900,1991,1885,0.0
GW900,1885,11028,0.0
GW900,11028,3423,0.0
GW900,3423,3422,0.0
GW900,3422,1167,0.0
GW900,1167,11704,0.0
GW900,11704,8347,0.0
GW900,8347,11705,0.0
GW900,11705,11706,0.0
GW900,11706,11707,0.0
GW900,11707,11753,0.0
GW900,11753,11800,0.0
GW900,11800,11801,0.0
GW900,11801,11802,0.0
GW900,11802,11905,0.0
GW900,11905,11275,0.0
GW900,11275,11274,0.0
GW900,11274,11276,0.0
GW900,11276,11277,0.0
GW900,11277,11664,0.0
GW900,11664,9880,0.0
GW9001,5631,9020,0.0
GW9001,9020,9018,0.0
GW9001,9018,11705,0.0
GW9001,11705,11706,0.0
GW9001,11706,11708,0.0
GW9001,11708,11709,0.0
GW9001,11709,11710,0.0
GW9001,11710,11798,0.0
GW906,9020,9021,0.0
GW910,10933,1259,0.0
GW910,1259,4523,0.0
GW910,4523,778,0.0
GW910,778,5180,0.0
GW910,5180,5224,0.0
GW910,5224,5572,0.0
GW910,5572,5558,0.0
GW910,5558,2732,0.0
GW910,2732,7484,0.0
GW910,7484,5563,0.0
GW910,5563,5564,0.0
GW910,5564,1441,0.0
GW910,1441,1875,0.0
GW910,1875,3643,0.0
GW910,3643,5570,0.0
GW910,5570,5589,0.0
GW910,5589,8172,0.0
GW910,8172,2492,0.0
GW910,2492,5565,0.0
GW910,5565,5588,0.0
GW910,5588,5569,0.0
GW910,5569,5561,0.0
GW910,5561,3420,0.0
GW910,3420,5567,0.0
GW910,5567,215,0.0
GW910,215,7243,0.0
GW910,7243,7235,0.0
GW910,7235,4245,0.0
GW910,4245,6267,0.0
GW910,6267,5571,0.0
GW910,5571,1498,0.0
GW910,1498,5560,0.0
GW910,5560,9469,0.0
GW910,9469,5562,0.0
GW910,5562,11754,0.0
GW930,2023,2025,0.0
GW950,9941,6673,0.0
GW950,6673,5100,0.0
GW950,5100,8081,0.0
GW950,8081,9145,0.0
GW950,9145,7222,0.0
GW950,7222,6222,0.0
GW950,6222,5289,0.0
GW950,5289,7079,0.0
GW950,7079,7078,0.0
GW950,7078,9939,0.0
GW960,11028,4162,0.0
GW960,4162,4989,0.0
GW960,4989,10944,0.0
GW960,10944,4569,0.0
GW960,4569,6123,0.0
GW980,4569,7715,0.0
NW3001,8253,7574,0.0
NW3001,7574,3443,0.0
NW3001,3443,4384,0.0
NW3001,4384,9083,0.0
NW3001,9083,7413,0.0
NW3001,7413,7686,0.0
NW3001,7686,11,0.0
NW3001,11,1657,0.0
NW3001,1657,5301,0.0
NW3001,5301,2116,0.0
NW3001,2116,7231,0.0
NW3001,7231,7230,0.0
NW3001,7230,5303,0.0
NW3001,5303,496,0.0
NW3001,496,6035,0.0
NW3001,6035,5502,0.0
NW3001,5502,3983,0.0
NW3001,3983,957,0.0
NW3001,957,9537,0.0
NW3001,9537,7683,0.0
NW3001,7683,9608,0.0
NW3001,9608,4387,0.0
NW3001,4387,11818,0.0
NW3001,11818,11817,0.0
NW3001,11817,12124,0.0
NW3001,12124,12125,0.0
NW3001,12125,6299,0.0
NW3001,6299,6302,0.0
NW3001,6302,6300,0.0
NW3001,6300,12126,0.0
NW3001,12126,12127,0.0
NW3001,12127,12128,0.0
NW3001,12128,4389,0.0
NW3001,4389,11849,0.0
NW3015,5301,3741,0.0
NW3015,3741,9097,0.0
NW3015,9097,2734,0.0
NW3015,2734,6592,0.0
NW3015,6592,5692,0.0
NW3015,5692,715,0.0
NW3015,715,7249,0.0
NW3015,7249,2689,0.0
NW3015,2689,7731,0.0
NW3015,7731,786,0.0
NW3015,786,788,0.0
NW3015,788,787,0.0
NW3017,5301,2560,0.0
NW3017,2560,5796,0.0
NW3007,10330,10331,0.0
NW3007,10331,10328,0.0
NW3007,10328,4049,0.0
NW3007,4049,1705,0.0
NW3007,1705,1506,0.0
NW3007,1506,4519,0.0
NW3007,4519,7246,0.0
NW3007,7246,7248,0.0
NW3007,7248,593,0.0
NW3007,593,4164,0.0
NW3007,4164,8252,0.0
NW3007,8252,4165,0.0
NW3007,4165,2691,0.0
NW3007,2691,6523,0.0
NW3007,6523,12176,0.0
GW400,339,340,0.0
GW400,340,341,0.0
GW400,341,338,0.0
GW400,338,1788,0.0
GW400,1788,1792,0.0
GW400,1792,1789,0.0
GW400,1789,187,0.0
GW400,187,1791,0.0
GW400,1791,1790,0.0
GW400,1790,947,0.0
GW400,947,3774,0.0
GW400,3774,3765,0.0
GW400,3765,3764,0.0
GW400,3764,3777,0.0
GW400,3777,4125,0.0
GW400,4125,8786,0.0
GW400,8786,2985,0.0
GW400,2985,1195,0.0
GW400,1195,1762,0.0
GW400,1762,10492,0.0
GW400,10492,10491,0.0
GW400,10491,10493,0.0
GW400,10493,10415,0.0
GW400,10415,12140,0.0
GW400,12140,11895,0.0
GW400,11895,11662,0.0
GW440,10493,10879,0.0
GW440,10879,10416,0.0
GW440,10416,10417,0.0
GW440,10417,11662,0.0
GW4501,11017,3432,0.0
GW4501,3432,4367,0.0
GW4501,4367,4373,0.0
GW4501,4373,431,0.0
GW4501,431,423,0.0
GW451,3431,11018,0.0
GW451,11018,3432,0.0
GW480,8061,8072,0.0
GW480,8072,5029,0.0
GW480,5029,8936,0.0
GW480,8936,8935,0.0
GW480,8935,8803,0.0
GW480,8803,8786,0.0
GW500,10921,11514,0.0
GW500,11514,7597,0.0
GW500,7597,7596,0.0
GW500,7596,10789,0.0
GW500,10789,10788,0.0
GW500,10788,7606,0.0
GW500,7606,7642,0.0
GW500,7642,7598,0.0
GW500,7598,8036,0.0
GW500,8036,10839,0.0
GW500,10839,9181,0.0
GW500,9181,9184,0.0
GW500,9184,9186,0.0
GW500,9186,9178,0.0
GW500,9178,9179,0.0
GW500,9179,9183,0.0
GW500,9183,9182,0.0
GW500,9182,10840,0.0
GW500,10840,10851,0.0
GW500,10851,139,0.0
GW500,139,6064,0.0
GW500,6064,9157,0.0
GW500,9157,10755,0.0
GW500,10755,6546,0.0
GW500,6546,6547,0.0
GW500,6547,10757,0.0
GW500,10757,10758,0.0
GW500,10758,6548,0.0
GW500,6548,10756,0.0
GW500,10756,5204,0.0
GW500,5204,4736,0.0
GW500,4736,4737,0.0
GW500,4737,661,0.0
GW500,661,662,0.0
GW500,662,7128,0.0
GW500,7128,9740,0.0
GW500,9740,5328,0.0
GW500,5328,10401,0.0
GW500,10401,4757,0.0
GW500,4757,3600,0.0
GW500,3600,1940,0.0
GW500,1940,796,0.0
GW500,796,3259,0.0
GW500,3259,1329,0.0
GW500,1329,1673,0.0
GW500,1673,8504,0.0
GW500,8504,394,0.0
GW500,394,2089,0.0
GW500,2089,12145,0.0
GW500,12145,12146,0.0
GW500,12146,12144,0.0
GW500,12144,11751,0.0
GW510,10923,11515,0.0
GW510,11515,4755,0.0
GW510,4755,9485,0.0
GW510,9485,1079,0.0
GW510,1079,1080,0.0
GW510,1080,421,0.0
GW510,421,3552,0.0
GW510,3552,1417,0.0
GW523,9224,6028,0.0
GW523,6028,1079,0.0
GW528,6700,1305,0.0
GW528,1305,8881,0.0
GW540,3431,11018,0.0
GW540,11018,6999,0.0
GW540,6999,11269,0.0
GW548,6996,370,0.0
GW548,370,368,0.0
GW548,368,7430,0.0
GW548,7430,10781,0.0
GW548,10781,7426,0.0
GW560,4757,10924,0.0
GW560,10924,10923,0.0
GW560,10923,10405,0.0
GW560,10405,10404,0.0
GW560,10404,10922,0.0
GW560,10922,10403,0.0
GW560,10403,3600,0.0
GW560,3600,9485,0.0
GW560,9485,10400,0.0
GW560,10400,10398,0.0
GW560,10398,11897,0.0
GW572,3577,9922,0.0
GW600,10438,4383,0.0
GW600,4383,1818,0.0
GW600,1818,10415,0.0
GW600,10415,1313,0.0
GW600,1313,8746,0.0
GW600,8746,11017,0.0
GW600,11017,6999,0.0
GW600,6999,7142,0.0
GW600,7142,8744,0.0
GW600,8744,12147,0.0
GW600,12147,12148,0.0
GW610,10926,7144,0.0
GW610,7144,3330,0.0
GW610,3330,3331,0.0
GW610,3331,8737,0.0
GW610,8737,3308,0.0
GW610,3308,3314,0.0
GW610,3314,3323,0.0
GW618,10927,4666,0.0
GW628,5313,10928,0.0
GW628,10928,6230,0.0
GW628,6230,6229,0.0
GW628,6229,10929,0.0
GW628,10929,7218,0.0
GW628,7218,7214,0.0
GW637,8637,8638,0.0
GW637,8638,8635,0.0
GW637,8635,692,0.0
GW637,692,691,0.0
GW637,691,1525,0.0
GW637,1525,4041,0.0
GW642,10930,2120,0.0
GW672,732,730,0.0
GW672,730,7312,0.0
GW672,7312,7310,0.0
GW700,947,4646,0.0
GW700,4646,3768,0.0
GW700,3768,3772,0.0
GW700,3772,3770,0.0
GW700,3770,435,0.0
GW700,435,5858,0.0
GW700,5858,5859,0.0
GW700,5859,1751,0.0
GW700,1751,1684,0.0
GW700,1684,8153,0.0
GW700,8153,11793,0.0
GW700,11793,11794,0.0
GW700,11794,11848,0.0
GW710,5586,5851,0.0
GW710,5851,5847,0.0
GW710,5847,5849,0.0
GW710,5849,5850,0.0
GW710,5850,11683,0.0
GW731,8298,8302,0.0
GW731,8302,3808,0.0
GW731,3808,1772,0.0
GW731,1772,1773,0.0
GW731,1773,7861,0.0
GW731,7861,2373,0.0
GW731,2373,10331,0.0
GW731,10331,10998,0.0
GW733,8308,9860,0.0
GW733,9860,9861,0.0
GW733,9861,9857,0.0
GW733,9857,9855,0.0
GW733,9855,6836,0.0
GW733,6836,1640,0.0
GW733,1640,9094,0.0
GW733,9094,5987,0.0
GW733,5987,2854,0.0
GW733,2854,2855,0.0
GW733,2855,1015,0.0
GW733,1015,6982,0.0
GW733,6982,5292,0.0
GW733,5292,55,0.0
GW733,55,11903,0.0
GW735,8302,8299,0.0
GW735,8299,4589,0.0
GW735,4589,10544,0.0
GW735,10544,9870,0.0
GW735,9870,7293,0.0
GW735,7293,9757,0.0
GW735,9757,10323,0.0
GW735,10323,6471,0.0
GW750,4253,10936,0.0
GW750,10936,10937,0.0
GW773,5881,7314,0.0
GW773,7314,12150,0.0
GW915,4047,7243,0.0
GW940,2023,2024,0.0
GW970,10944,10418,0.0
GW225,7610,10788,0.0
GW225,10788,10789,0.0
GW225,10789,7606,0.0
GW277,6930,11765,0.0
GW277,11765,10767,0.0
GW277,10767,6938,0.0
LN3201,8888,8893,0.0
LN3201,8893,2731,0.0
LN3201,2731,2730,0.0
LN3201,2730,5222,1.42
LN3201,5222,11375,1.42
LN3201,11375,2452,0.0
LN3201,2452,9953,0.0
LN3201,9953,9954,3.73
LN3201,9954,9952,3.73
LN3201,9952,9951,0.0
LN3201,9951,2335,0.0
LN3201,2335,2331,5.09
LN3201,2331,2330,5.09
LN3201,2330,2325,0.0
LN3201,2325,10644,0.0
LN3201,10644,2332,0.0
LN3201,2332,2326,0.0
LN3201,2326,10645,0.0
LN3201,10645,10643,0.0
LN3201,10643,2323,0.0
LN3201,2323,1110,0.0
LN3201,1110,4211,6.79
LN3201,4211,8396,6.79
LN3201,8396,6128,9.28
LN3201,6128,3184,9.28
LN3201,3184,7514,0.0
LN3201,7514,7515,15.17
LN3201,7515,7516,15.17
LN3201,7516,8609,19.71
LN3201,8609,4628,19.71
LN3201,4628,4627,24.51
LN3201,4627,5806,4.68
LN3201,5806,10735,29.19
LN3201,10735,5809,0.0
LN3201,5809,5811,30.19
LN3201,5811,5814,30.19
LN3201,5814,5597,0.0
LN3201,5597,5596,0.0
LN3201,5596,5595,0.0
LN3201,5595,5394,0.0
LN3201,5394,5395,0.0
LN3201,5395,4586,0.0
LN3201,4586,4587,0.0
LN3201,4587,4585,37.22
LN3201,4585,3445,2.96
LN3201,3445,3444,40.18
LN3201,3444,3181,0.0
LN3201,3181,3180,0.0
LN3201,3180,649,0.0
LN3201,649,655,0.0
LN3201,655,652,49.65
LN3201,652,653,49.65
LN3201,653,8451,0.0
LN3201,8451,10104,65.11
LN3201,10104,10106,65.11
LN3201,10106,4649,0.0
LN3201,4649,5055,0.0
LN3201,5055,5049,72.01
LN3201,5049,5053,72.01
LN3201,5053,6375,82.74
LN3201,6375,5136,82.74
LN3201,5136,9912,0.0
LN3201,9912,9911,0.0
LN3201,9911,5476,0.0
LN3201,5476,5466,0.0
LN3201,5466,5480,0.0
LN3201,5480,5472,99.18
LN3201,5472,5479,99.18
LN3201,5479,5473,0.0
LN3201,5473,5475,0.0
LN3201,5475,9067,103.63
LN3201,9067,9066,103.63
LN3201,9066,9065,0.0
LN3201,9065,8326,106.5
LN3201,8326,8327,106.5
LN3201,8327,6334,0.0
LN3201,6334,543,108.52
LN3201,543,5705,108.52
LN3201,5705,5703,111.51
LN3201,5703,5702,111.51
LN3201,5702,3204,118.2
LN3201,3204,7547,118.2
LN3201,7547,9436,0.0
LN3201,9436,8204,0.0
LN3201,8204,5646,120.28
LN3201,5646,8548,5.39
LN3201,8548,2884,125.67
LN3201,2884,2867,127.68
LN3201,2867,2882,127.68
LN3201,2882,1104,0.0
LN3201,1104,2940,133.06
LN3201,2940,678,2.49
LN3201,678,1252,135.55
LN3201,1252,205,0.0
LN3201,205,1891,0.0
LN3201,1891,1889,143.12
LN3201,1889,1761,143.12
LN3201,1761,1757,146.2
LN3201,1757,11804,146.2
LN3201,11804,11803,0.0
LN3201,11803,7548,0.0
LN3201,7548,11914,0.0
LN3201,11914,5804,0.0
LN3201,5804,11915,0.0
LN3201,11915,11917,0.0
LN3201,11917,5477,0.0
LN3201,5477,5478,0.0
LN3201,5478,5474,0.0
LN3201,5474,11916,0.0
LN3201,11916,12079,0.0
LN3201,12079,12080,0.0
LN3201,12080,12081,0.0
LN3201,12081,10103,0.0
LN3201,10103,12082,0.0
LN3201,12082,12083,0.0
LN3201,12083,6376,0.0
LN3201,6376,12133,0.0
LN3201,12133,2329,0.0
LN3201,2329,2333,0.0
LN3201,2333,12154,0.0
LN3201,12154,12155,0.0
LN3201,12155,2318,0.0
LN3201,2318,2328,0.0
LN3201,2328,11698,0.0
LN3201,11698,11668,0.0
LN3201,11668,11667,0.0
LN3201,11667,11672,0.0
LN3201,11672,11673,0.0
LN3201,11673,11671,0.0
LN3201,11671,12156,0.0
LN3201,12156,12157,0.0
LN3201,12157,2319,0.0
LN3201,2319,12158,0.0
LN3201,12158,5815,0.0
LN3201,5815,12159,0.0
LN3201,12159,12160,0.0
LN3201,12160,12132,0.0
LN3201,12132,10105,0.0
LN3201,10105,12161,0.0
LN3201,12161,12162,0.0
LN3201,12162,12163,0.0
LN3201,12163,2881,0.0
LN3201,2881,2874,0.0
LN3201,2874,11669,0.0
LN3201,11669,11666,0.0
LN3201,11666,2869,0.0
LN3201,2869,2871,0.0
LN3201,2871,12164,0.0
LN3201,12164,9102,0.0
LN3201,9102,12218,0.0
LN3201,12218,12219,0.0
LN3228,9435,8204,0.0
LN3207,9435,5648,120.28
LN3207,5648,9408,120.28
LN3207,9408,9407,0.0
LN3207,9407,10573,0.0
LN3207,10573,8819,0.0
LN3207,8819,9487,0.0
LN3207,9487,4799,125.63
LN3207,4799,10710,125.63
LN3207,10710,5508,129.68
LN3207,5508,1697,129.68
LN3207,1697,4926,0.0
LN3207,4926,162,136.07
LN3207,162,1492,136.07
LN3207,1492,1490,0.0
LN3207,1490,1491,0.0
LN3207,1491,1489,0.0
LN3207,1489,6405,0.0
LN3207,6405,1889,143.12
LN3204,9436,9435,0.0
LN3204,9435,9437,0.0
LN3204,9437,6023,0.0
LN3204,6023,402,0.0
LN3204,402,401,0.0
LN3204,401,710,0.0
LN3204,710,709,0.0
LN3204,709,711,0.0
LN3204,711,702,0.0
LN3204,702,707,0.0
LN3204,707,5459,0.0
LN3204,5459,6743,0.0
LN3204,6743,6739,0.0
LN3204,6739,11918,0.0
LN3210,4995,2452,0.0
LN3213,3569,8889,0.0
LN3213,8889,10824,0.0
LN3213,10824,2730,0.0
LN3213,2730,5222,0.0
LN3213,5222,2452,0.0
LN3214,5178,10824,0.0
LN3219,2330,2939,0.0
LN3222,1110,2939,0.0
LN3231,9912,9910,0.0
LN3232,9911,9913,0.0
LN3232,9913,9910,0.0
LN3232,9910,6474,0.0
LN3232,6474,2376,0.0
LN3232,2376,2377,0.0
LN3232,2377,4319,0.0
LN3234,9064,9065,0.0
LN3237,5705,5707,0.0
LN3246,205,206,0.0
LN3246,206,9736,0.0
LN3246,9736,2382,0.0
LN3246,2382,5951,0.0
LN3246,5951,5952,0.0
LN3249,5459,5458,0.0
LN3252,6743,5458,0.0
LN3252,5458,7512,0.0
LN3252,7512,9487,0.0
LN3255,7512,1444,0.0
LN3255,1444,1443,0.0
LN3255,1443,1403,0.0
LN3255,1403,4704,0.0
LN3255,4704,6818,0.0
LN3255,6818,5537,0.0
LN3255,5537,5245,0.0
LN3261,9436,6021,0.0
LN3261,6021,9408,0.0
LN3264,402,6021,0.0
LN3273,4926,8387,0.0
LN3273,8387,7147,0.0
LN3273,7147,5245,0.0
LN3273,5245,5244,0.0
LN3273,5244,8942,0.0
LN3273,8942,6058,0.0
LN3273,6058,6059,0.0
LN3273,6059,8273,0.0
LN3273,8273,8275,0.0
LN3340,179,9984,0.0
LN3501,2867,2878,0.0
LN3501,2878,7065,0.0
LN3501,7065,6025,0.0
LN3501,6025,8976,0.0
LN3501,8976,8941,0.0
LN3501,8941,6699,0.0
LN3501,6699,10111,0.0
LN3501,10111,1938,0.0
LN3501,1938,1466,0.0
LN3501,1466,1464,0.0
LN3501,1464,1458,0.0
LN3501,1458,1449,0.0
LN3501,1449,1462,0.0
LN3501,1462,1459,0.0
LN3501,1459,1457,0.0
LN3501,1457,1429,0.0
LN3501,1429,1428,0.0
LN3501,1428,1430,0.0
LN3501,1430,9984,0.0
LN3501,9984,3114,0.0
LN3501,3114,9343,0.0
LN3501,9343,2873,0.0
LN3505,6699,9513,0.0
LN3505,9513,9603,0.0
LN3505,9603,9604,0.0
LN3505,9604,9600,0.0
LN3505,9600,886,0.0
LN3505,886,11377,0.0
LN3505,11377,11378,0.0
LN3505,11378,1654,0.0
LN3505,1654,5694,0.0
LN3505,5694,11379,0.0
LN3505,11379,11380,0.0
LN3505,11380,8850,0.0
LN3515,6025,8334,0.0
LN3515,8334,8333,0.0
LN3520,8204,1700,0.0
LN3520,1700,1701,0.0
LN3520,1701,8941,0.0
LN3520,8941,11919,0.0
LN3520,11919,11920,0.0
LN3520,11920,11921,0.0
LN3520,11921,11922,0.0
LN3520,11922,12165,0.0
LN3520,12165,12166,0.0
LN3525,5476,5467,0.0
LN3525,5467,479,0.0
LN3525,479,1929,0.0
LN3525,1929,514,0.0
LN3525,514,513,0.0
LN3525,513,6231,0.0
LN3525,6231,5722,0.0
LN3525,5722,6239,0.0
LN3525,6239,1456,0.0
LN3525,1456,1459,0.0
LN3525,1459,1927,0.0
LN3525,1927,11924,0.0
LN3525,11924,11923,0.0
LN3525,11923,5466,0.0
LN3535,1456,1457,0.0
LN3601,5053,2140,0.0
LN3601,2140,2129,0.0
LN3601,2129,2128,0.0
LN3601,2128,2139,0.0
LN3601,2139,2136,0.0
LN3601,2136,2127,0.0
LN3601,2127,5925,0.0
LN3601,5925,11925,0.0
LN3615,4235,8614,0.0
LN3615,8614,8613,0.0
LN3615,8613,5056,0.0
LN3615,5056,5058,0.0
LN3615,5058,5057,0.0
LN3615,5057,5923,0.0
LN3615,5923,5925,0.0
LN3615,5925,6837,0.0
LN3615,6837,5276,0.0
LN3615,5276,6838,0.0
LN3615,6838,6172,0.0
LN3615,6172,10887,0.0
LN3615,10887,6165,0.0
LN3615,6165,6167,0.0
LN3615,6167,6171,0.0
LN3615,6171,6164,0.0
LN3615,6164,6163,0.0
LN3615,6163,9064,0.0
LN3615,9064,9066,0.0
LN3625,6739,6724,0.0
LN3625,6724,2414,0.0
LN3625,2414,1320,0.0
LN3625,1320,5728,0.0
LN3625,5728,9238,0.0
LN3625,9238,805,0.0
LN3625,805,3436,0.0
LN3625,3436,7728,0.0
LN3625,7728,8969,0.0
LN3625,8969,6815,0.0
LN3625,6815,6817,0.0
LN3625,6817,6740,0.0
LN3625,6740,6744,0.0
LN3635,1027,3183,0.0
LN3635,3183,383,0.0
LN3635,383,767,0.0
LN3635,767,7517,0.0
LN3635,7517,7617,0.0
LN3635,7617,6723,0.0
LN3635,6723,6724,0.0
LN3635,6724,172,0.0
LN3635,172,1026,0.0
LN3635,1026,171,0.0
LN3605,2129,2140,0.0
LN3610,2130,2140,0.0
LN3620,6164,6854,0.0
LN3620,6854,6161,0.0
LN3140,698,697,0.0
LN3140,697,651,0.0
LN3140,651,657,0.0
LN3140,657,652,0.0
LN3515,6025,8335,0.0
EA1010,5551,9924,0.0
EA1010,9924,1421,0.0
EA1010,1421,1420,0.0
EA1010,1420,1418,0.0
EA1010,1418,1046,0.0
EA1010,1046,1036,0.0
EA1010,1036,1037,0.0
EA1010,1037,1038,0.0
EA1010,1038,1039,0.0
EA1010,1039,1040,0.0
EA1010,1040,1041,0.0
EA1010,1041,1042,0.0
EA1010,1042,1043,0.0
EA1010,1043,1636,0.0
EA1010,1636,8682,0.0
EA1010,8682,8671,0.0
EA1010,8671,8678,0.0
EA1010,8678,6408,0.0
EA1010,6408,3580,0.0
EA1010,3580,3581,0.0
EA1010,3581,5920,0.0
EA1010,5920,133,0.0
EA1010,133,4790,0.0
EA1010,4790,4798,0.0
EA1010,4798,4794,0.0
EA1010,4794,4795,0.0
EA1010,4795,9002,0.0
EA1010,9002,11791,0.0
EA1010,11791,8674,0.0
EA1010,8674,8675,0.0
EA1010,8675,11867,0.0
EA1010,11867,11868,0.0
EA1010,11868,11689,0.0
EA1011,3812,1745,0.0
EA1011,1745,7732,0.0
EA1011,7732,7741,0.0
EA1011,7741,3684,0.0
EA1011,3684,3689,0.0
EA1011,3689,3687,0.0
EA1011,3687,3685,0.0
EA1011,3685,3686,0.0
EA1011,3686,4584,0.0
EA1011,4584,1324,0.0
EA1011,1324,8220,0.0
EA1011,8220,8219,0.0
EA1011,8219,8217,0.0
EA1011,8217,11478,0.0
EA1011,11478,11479,0.0
EA1011,11479,4872,0.0
EA1011,4872,4873,0.0
EA1011,4873,1871,0.0
EA1011,1871,1785,0.0
EA1011,1785,1786,0.0
EA1011,1786,1784,0.0
EA1011,1784,1782,0.0
EA1011,1782,4294,0.0
EA1011,4294,10038,0.0
EA1011,10038,10039,0.0
EA1011,10039,11480,0.0
EA1011,11480,10040,0.0
EA1011,10040,10041,0.0
EA1011,10041,10042,0.0
EA1011,10042,5028,0.0
EA1011,5028,6369,0.0
EA1011,6369,11481,0.0
EA1011,11481,6367,0.0
EA1011,6367,6371,0.0
EA1011,6371,11482,0.0
EA1011,11482,1892,0.0
EA1011,1892,1901,0.0
EA1011,1901,1907,0.0
EA1011,1907,1899,0.0
EA1011,1899,1910,0.0
EA1011,1910,1911,0.0
EA1011,1911,1906,0.0
EA1011,1906,1909,0.0
EA1011,1909,11483,0.0
EA1011,11483,10896,0.0
EA1011,10896,5914,0.0
EA1011,5914,11484,0.0
EA1011,11484,5913,0.0
EA1011,5913,1896,0.0
EA1011,1896,5916,0.0
EA1011,5916,10895,0.0
EA1011,10895,4909,0.0
EA1011,4909,4910,0.0
EA1011,4910,8218,0.0
EA1011,8218,8221,0.0
EA1011,8221,11680,0.0
EA1011,11680,11856,0.0
EA1011,11856,11857,0.0
EA1011,11857,11858,0.0
EA1011,11858,1781,0.0
EA1011,1781,273,0.0
EA1012,4910,4900,0.0
EA1012,4900,4895,0.0
EA1012,4895,4890,0.0
EA1012,4890,4891,0.0
EA1012,4891,4918,0.0
EA1012,4918,4913,0.0
EA1012,4913,4919,0.0
EA1012,4919,4905,0.0
EA1012,4905,4904,0.0
EA1012,4904,1915,0.0
EA1012,1915,520,0.0
EA1012,520,519,0.0
EA1012,519,6517,0.0
EA1012,6517,8953,0.0
EA1012,8953,8954,0.0
EA1012,8954,4069,0.0
EA1012,4069,2642,0.0
EA1012,2642,9472,0.0
EA1012,9472,9474,0.0
EA1012,9474,9471,0.0
EA1012,9471,2187,0.0
EA1012,2187,2643,0.0
EA1013,9474,9473,0.0
EA1013,9473,9475,0.0
EA1013,9475,9488,0.0
EA1013,9488,6685,0.0
EA1013,6685,6680,0.0
EA1013,6680,6676,0.0
EA1013,6676,6686,0.0
EA1013,6686,11852,0.0
EA1013,11852,6682,0.0
EA1013,6682,6681,0.0
EA1020,1636,1635,0.0
EA1030,3581,11485,0.0
EA1040,7741,7735,0.0
EA1040,7735,3205,0.0
EA1040,3205,9590,0.0
EA1050,11478,10898,0.0
EA1050,10898,6233,0.0
EA1050,6233,765,0.0
EA1050,765,10012,0.0
EA1050,10012,11486,0.0
EA1050,11486,7555,0.0
EA1050,7555,4471,0.0
EA1050,4471,7717,0.0
EA1050,7717,8716,0.0
EA1050,8716,7309,0.0
EA1050,7309,8142,0.0
EA1050,8142,8143,0.0
EA1050,8143,8139,0.0
EA1050,8139,8140,0.0
EA1050,8140,8727,0.0
EA1050,8727,10011,0.0
EA1050,10011,10010,0.0
EA1060,11486,1423,0.0
EA1060,1423,9775,0.0
EA1060,9775,3347,0.0
EA1060,3347,189,0.0
EA1060,189,1232,0.0
EA1060,1232,8440,0.0
EA1060,8440,8441,0.0
EA1070,11480,10217,0.0
EA1070,10217,2221,0.0
EA1070,2221,1061,0.0
EA1070,1061,1062,0.0
EA1080,11481,6369,0.0
EA1080,6369,1819,0.0
EA1080,1819,1447,0.0
EA1080,1447,8971,0.0
EA1090,11483,1893,0.0
EA1090,1893,1900,0.0
EA1090,1900,11487,0.0
EA1090,11487,1903,0.0
EA1090,1903,10049,0.0
EA1090,10049,176,0.0
EA1090,176,3996,0.0
EA1090,3996,9845,0.0
EA1090,9845,9235,0.0
EA1090,9235,9234,0.0
EA1090,9234,11488,0.0
EA1090,11488,10899,0.0
EA1090,10899,1881,0.0
EA1090,1881,1880,0.0
EA1090,1880,12259,0.0
EA1090,12259,12260,0.0
EA1090,12260,12261,0.0
EA1090,12261,12262,0.0
EA1090,12262,12263,0.0
EA1100,1900,11487,0.0
EA1100,11487,1904,0.0
EA1100,1904,12210,0.0
EA1110,11488,5122,0.0
EA1110,5122,3558,0.0
EA1110,3558,10263,0.0
EA1120,5914,11484,0.0
EA1120,11484,1895,0.0
EA1120,1895,1897,0.0
EA1120,1897,5916,0.0
EA1120,5916,5915,0.0
EA1120,5915,6103,0.0
EA1120,6103,6104,0.0
EA1120,6104,10316,0.0
EA1120,10316,7317,0.0
EA1120,7317,7325,0.0
EA1120,7325,7316,0.0
EA1120,7316,7322,0.0
EA1120,7322,7336,0.0
EA1120,7336,7330,0.0
EA1120,7330,7319,0.0
EA1120,7319,7327,0.0
EA1120,7327,7320,0.0
EA1120,7320,7332,0.0
EA1120,7332,7324,0.0
EA1120,7324,7326,0.0
EA1120,7326,7329,0.0
EA1120,7329,7333,0.0
EA1120,7333,7323,0.0
EA1120,7323,7328,0.0
EA1120,7328,2853,0.0
EA1120,2853,4131,0.0
EA1120,4131,11869,0.0
EA1120,11869,11872,0.0
EA1130,4909,4908,0.0
EA1140,4912,4902,0.0
EA1150,1798,1635,0.0
EA1150,1635,8682,0.0
EA1150,8682,8671,0.0
EA1160,1421,1420,0.0
EA1160,1420,1418,0.0
EA1160,1418,1419,0.0
EA1160,1419,1551,0.0
EA1160,1551,5716,0.0
EA1160,5716,7578,0.0
EA1160,7578,4074,0.0
EA1160,4074,11489,0.0
EA1160,11489,1884,0.0
EA1160,1884,1883,0.0
EA1160,1883,2125,0.0
EA1160,2125,9493,0.0
EA1160,9493,9492,0.0
EA1160,9492,6602,0.0
EA1160,6602,238,0.0
EA1160,238,7223,0.0
EA1160,7223,1163,0.0
EA1160,1163,3210,0.0
EA1160,3210,9668,0.0
EA1160,9668,11490,0.0
EA1160,11490,1755,0.0
EA1160,1755,1280,0.0
EA1160,1280,1273,0.0
EA1160,1273,1275,0.0
EA1160,1275,1272,0.0
EA1160,1272,1271,0.0
EA1160,1271,1274,0.0
EA1160,1274,1281,0.0
EA1160,1281,7787,0.0
EA1160,7787,4597,0.0
EA1160,4597,4592,0.0
EA1160,4592,10706,0.0
EA1160,10706,4591,0.0
EA1160,4591,4596,0.0
EA1160,4596,4590,0.0
EA1160,4590,4593,0.0
EA1160,4593,4595,0.0
EA1160,4595,4594,0.0
EA1160,4594,7983,0.0
EA1160,7983,1371,0.0
EA1160,1371,1372,0.0
EA1160,1372,1369,0.0
EA1160,1369,1370,0.0
EA1160,1370,11870,0.0
EA1161,1370,8622,0.0
EA1161,8622,8620,0.0
EA1161,8620,8624,0.0
EA1161,8624,8623,0.0
EA1161,8623,3163,0.0
EA1161,3163,6562,0.0
EA1161,6562,410,0.0
EA1161,410,3997,0.0
EA1161,3997,3998,0.0
EA1161,3998,10432,0.0
EA1161,10432,10430,0.0
EA1161,10430,8213,0.0
EA1161,8213,8259,0.0
EA1161,8259,1530,0.0
EA1161,1530,1531,0.0
EA1161,1531,1539,0.0
EA1161,1539,1543,0.0
EA1161,1543,10625,0.0
EA1161,10625,1538,0.0
EA1161,1538,1547,0.0
EA1161,1547,1913,0.0
EA1161,1913,1246,0.0
EA1161,1246,1713,0.0
EA1161,1713,11273,0.0
EA1161,11273,1714,0.0
EA1161,1714,9710,0.0
EA1161,9710,3198,0.0
EA1161,3198,3191,0.0
EA1161,3191,3188,0.0
EA1161,3188,3199,0.0
EA1161,3199,3196,0.0
EA1161,3196,3195,0.0
EA1161,3195,12106,0.0
EA1161,12106,1549,0.0
EA1161,1549,12109,0.0
EA1161,12109,1532,0.0
EA1161,1532,11720,0.0
EA1161,11720,1546,0.0
EA1161,1546,12107,0.0
EA1161,12107,12108,0.0
EA1161,12108,1544,0.0
EA1161,1544,1540,0.0
EA1161,1540,1535,0.0
EA1161,1535,1533,0.0
EA1161,1533,1534,0.0
EA1161,1534,10431,0.0
EA1161,10431,12211,0.0
EA1161,12211,12212,0.0
EA1161,12212,1711,0.0
EA1161,1711,1709,0.0
EA1161,1709,1710,0.0
EA1161,1710,1712,0.0
EA1162,3195,5787,0.0
EA1162,5787,2856,0.0
EA1162,2856,9722,0.0
EA1162,9722,11491,0.0
EA1162,11491,5150,0.0
EA1162,5150,5146,0.0
EA1162,5146,5151,0.0
EA1162,5151,5147,0.0
EA1162,5147,5144,0.0
EA1162,5144,11727,0.0
EA1162,11727,11728,0.0
EA1162,11728,12114,0.0
EA1162,12114,11854,0.0
EA1162,11854,2857,0.0
EA1162,2857,10855,0.0
EA1170,11489,7577,0.0
EA1170,7577,8750,0.0
EA1170,8750,8777,0.0
EA1170,8777,8146,0.0
EA1170,8146,11492,0.0
EA1170,11492,8147,0.0
EA1170,8147,1325,0.0
EA1170,1325,9927,0.0
EA1170,9927,8338,0.0
EA1170,8338,3068,0.0
EA1170,3068,1500,0.0
EA1170,1500,755,0.0
EA1170,755,3209,0.0
EA1170,3209,3211,0.0
EA1180,7578,6477,0.0
EA1190,1500,7992,0.0
EA1190,7992,9510,0.0
EA1190,9510,9175,0.0
EA1190,9175,1753,0.0
EA1190,1753,11490,0.0
EA1200,1883,8738,0.0
EA1200,8738,10167,0.0
EA1200,10167,9821,0.0
EA1200,9821,4301,0.0
EA1200,4301,1766,0.0
EA1200,1766,1767,0.0
EA1200,1767,1768,0.0
EA1210,1271,7941,0.0
EA1210,7941,11493,0.0
EA1210,11493,9695,0.0
EA1210,9695,4263,0.0
EA1220,8624,8623,0.0
EA1220,8623,8621,0.0
EA1220,8621,9538,0.0
EA1220,9538,8617,0.0
EA1220,8617,8622,0.0
EA1220,8622,8619,0.0
EA1220,8619,11871,0.0
EA1220,11871,8615,0.0
EA1230,7790,6026,0.0
EA1230,6026,8260,0.0
EA1230,8260,10674,0.0
EA1230,10674,3522,0.0
EA1230,3522,8259,0.0
EA1230,8259,12115,0.0
EA1270,5150,6017,0.0
EA1280,8682,8671,0.0
EA1280,8671,9329,0.0
EA1280,9329,9337,0.0
EA1280,9337,9332,0.0
EA1280,9332,9335,0.0
EA1280,9335,5392,0.0
EA1280,5392,2124,0.0
EA1280,2124,2125,0.0
EA1290,9493,9490,0.0
EA1290,9490,10893,0.0
EA1300,8870,8145,0.0
EA1300,8145,11492,0.0
EA1310,2013,5223,0.0
EA1310,5223,3849,0.0
EA1310,3849,11494,0.0
EA1310,11494,3845,0.0
EA1310,3845,4405,0.0
EA1310,4405,3487,0.0
EA1310,3487,9944,0.0
EA1310,9944,1075,0.0
EA1310,1075,1076,0.0
EA1310,1076,5041,0.0
EA1310,5041,5045,0.0
EA1310,5045,5043,0.0
EA1310,5043,10144,0.0
EA1310,10144,10143,0.0
EA1310,10143,10141,0.0
EA1310,10141,102,0.0
EA1310,102,88,0.0
EA1310,88,7952,0.0
EA1310,7952,7953,0.0
EA1310,7953,11495,0.0
EA1310,11495,3802,0.0
EA1310,3802,5061,0.0
EA1310,5061,7698,0.0
EA1320,2013,2012,0.0
EA1320,2012,2011,0.0
EA1320,2011,2015,0.0
EA1320,2015,2014,0.0
EA1320,2014,1914,0.0
EA1320,1914,10374,0.0
EA1320,10374,4306,0.0
EA1320,4306,4305,0.0
EA1320,4305,4307,0.0
EA1320,4307,2047,0.0
EA1320,2047,2044,0.0
EA1320,2044,2515,0.0
EA1320,2515,6477,0.0
EA1320,6477,4057,0.0
EA1320,4057,4484,0.0
EA1320,4484,11496,0.0
EA1320,11496,4058,0.0
EA1320,4058,5399,0.0
EA1320,5399,5400,0.0
EA1320,5400,1798,0.0
EA1320,1798,8671,0.0
EA1330,7953,5060,0.0
EA1330,5060,6558,0.0
EA1330,6558,6845,0.0
EA1330,6845,943,0.0
EA1330,943,7952,0.0
EA1340,5399,4402,0.0
EA1350,1798,4402,0.0
EA1350,4402,9329,0.0
EA1360,2939,6510,0.0
EA1360,6510,87,0.0
EA1360,87,102,0.0
EA1370,11494,3849,0.0
EA1370,3849,3846,0.0
EA1370,3846,3847,0.0
EA1370,3847,4995,0.0
EA1370,4995,9592,0.0
EA1370,9592,2386,0.0
EA1370,2386,4579,0.0
EA1370,4579,4580,0.0
EA1370,4580,8870,0.0
EA1370,8870,8871,0.0
EA1370,8871,10893,0.0
EA1370,10893,797,0.0
EA1370,797,10160,0.0
EA1370,10160,5499,0.0
EA1370,5499,5880,0.0
EA1370,5880,10220,0.0
EA1370,10220,11485,0.0
EA1370,11485,9774,0.0
EA1370,9774,530,0.0
EA1370,530,529,0.0
EA1370,529,11497,0.0
EA1370,11497,522,0.0
EA1380,531,9590,0.0
EA1380,9590,9956,0.0
EA1380,9956,5278,0.0
EA1380,5278,564,0.0
EA1380,564,7150,0.0
EA1380,7150,11498,0.0
EA1380,11498,684,0.0
EA1380,684,5514,0.0
EA1380,5514,1779,0.0
EA1380,1779,9764,0.0
EA1380,9764,8715,0.0
EA1380,8715,8724,0.0
EA1380,8724,9229,0.0
EA1380,9229,8195,0.0
EA1380,8195,8194,0.0
EA1380,8194,8196,0.0
EA1380,8196,8197,0.0
EA1380,8197,3401,0.0
EA1380,3401,2315,0.0
EA1380,2315,5533,0.0
EA1380,5533,3649,0.0
EA1380,3649,3648,0.0
EA1380,3648,9918,0.0
EA1380,9918,3099,0.0
EA1380,3099,529,0.0
EA1390,10891,10799,0.0
EA1390,10799,7816,0.0
EA1390,7816,7813,0.0
EA1390,7813,7799,0.0
EA1390,7799,7798,0.0
EA1390,7798,10897,0.0
EA1390,10897,7814,0.0
EA1390,7814,7808,0.0
EA1390,7808,7807,0.0
EA1390,7807,7810,0.0
EA1390,7810,2592,0.0
EA1390,2592,2590,0.0
EA1390,2590,7794,0.0
EA1390,7794,2593,0.0
EA1390,2593,2587,0.0
EA1390,2587,7713,0.0
EA1390,7713,7458,0.0
EA1390,7458,7459,0.0
EA1390,7459,7295,0.0
EA1390,7295,9222,0.0
EA1390,9222,10427,0.0
EA1390,10427,3870,0.0
EA1390,3870,7986,0.0
EA1390,7986,9309,0.0
EA1390,9309,9311,0.0
EA1390,9311,9319,0.0
EA1390,9319,9321,0.0
EA1390,9321,3261,0.0
EA1390,3261,9213,0.0
EA1390,9213,8386,0.0
EA1390,8386,7150,0.0
EA1390,7150,11498,0.0
EA1390,11498,7298,0.0
EA1390,7298,12134,0.0
EA1390,12134,12135,0.0
EA1390,12135,7297,0.0
EA1390,7297,10428,0.0
EA1390,10428,11730,0.0
EA1390,11730,11873,0.0
EA1390,11873,11874,0.0
EA1390,11874,11690,0.0
EA1390,11690,11691,0.0
EA1390,11691,11859,0.0
EA1390,11859,11692,0.0
EA1390,11692,2584,0.0
EA1390,2584,2591,0.0
EA1390,2591,11693,0.0
EA1390,11693,523,0.0
EA1390,523,12264,0.0
EA1390,12264,12265,0.0
EA1390,12265,12266,0.0
EA1390,12266,12267,0.0
EA1390,12267,12268,0.0
EA1400,3648,1046,0.0
EA1410,9590,6842,0.0
EA1410,6842,1720,0.0
EA1410,1720,10427,0.0
EA1420,9213,9209,0.0
EA1420,9209,9215,0.0
EA1420,9215,9210,0.0
EA1420,9210,9217,0.0
EA1420,9217,9216,0.0
EA1420,9216,9218,0.0
EA1420,9218,9220,0.0
EA1420,9220,9211,0.0
EA1420,9211,9212,0.0
EA1420,9212,9221,0.0
EA1420,9221,9219,0.0
EA1430,4905,4898,0.0
EA1430,4898,10419,0.0
EA1430,10419,11499,0.0
EA1430,11499,10223,0.0
EA1430,10223,6034,0.0
EA1430,6034,9762,0.0
EA1430,9762,9057,0.0
EA1430,9057,9056,0.0
EA1430,9056,2531,0.0
EA1430,2531,4087,0.0
EA1430,4087,1063,0.0
EA1430,1063,642,0.0
EA1430,642,6911,0.0
EA1430,6911,6909,0.0
EA1440,11499,2573,0.0
EA1440,2573,10648,0.0
EA1440,10648,9453,0.0
EA1440,9453,9454,0.0
EA1440,9454,9455,0.0
EA1440,9455,3465,0.0
EA1440,3465,3483,0.0
EA1440,3483,7779,0.0
EA1440,7779,11875,0.0
EA1440,11875,11876,0.0
EA1440,11876,11877,0.0
EA1440,11877,11878,0.0
EA1440,11878,11879,0.0
EA1440,11879,11880,0.0
EA1440,11880,12269,0.0
EA1450,9455,3477,0.0
EA1450,3477,3471,0.0
EA1450,3471,3472,0.0
EA1450,3472,3473,0.0
EA1450,3473,3466,0.0
EA1450,3466,3467,0.0
EA1450,3467,3468,0.0
EA1450,3468,3474,0.0
EA1450,3474,3463,0.0
EA1450,3463,11881,0.0
EA1450,11881,3475,0.0
EA1460,3465,3464,0.0
EA1460,3464,3469,0.0
EA1460,3469,3478,0.0
EA1460,3478,3479,0.0
EA1460,3479,3480,0.0
EA1460,3480,11729,0.0
EA1470,9488,6685,0.0
EA1470,6685,6684,0.0
EA1470,6684,10221,0.0
EA1470,10221,9966,0.0
EA1470,9966,1327,0.0
EA1470,1327,1326,0.0
EA1470,1326,11500,0.0
EA1470,11500,1436,0.0
EA1470,1436,2065,0.0
EA1470,2065,7580,0.0
EA1470,7580,11501,0.0
EA1470,11501,4060,0.0
EA1470,4060,8446,0.0
EA1470,8446,6910,0.0
EA1470,6910,6909,0.0
EA1470,6909,5742,0.0
EA1470,5742,5743,0.0
EA1470,5743,6677,0.0
EA1470,6677,11885,0.0
EA1470,11885,11882,0.0
EA1470,11882,11883,0.0
EA1470,11883,11884,0.0
EA1470,11884,12252,0.0
EA1470,12252,6678,0.0
EA1480,9966,7961,0.0
EA1480,7961,10359,0.0
EA1480,10359,10312,0.0
EA1480,10312,6761,0.0
EA1480,6761,6762,0.0
EA1480,6762,4043,0.0
EA1480,4043,7675,0.0
EA1480,7675,11502,0.0
EA1480,11502,2017,0.0
EA1490,2017,11502,0.0
EA1490,11502,10370,0.0
EA1490,10370,8278,0.0
EA1500,11500,5513,0.0
EA1500,5513,84,0.0
EA1500,84,10487,0.0
EA1500,10487,10490,0.0
EA1510,11501,1247,0.0
EA1510,1247,10490,0.0
EA1520,9056,8340,0.0
EA1530,1913,2947,0.0
EA1530,2947,6804,0.0
EA1530,6804,1817,0.0
EA1530,1817,5037,0.0
EA1530,5037,5039,0.0
EA1530,5039,5032,0.0
EA1530,5032,1397,0.0
EA1530,1397,1398,0.0
EA1530,1398,9269,0.0
EA1530,9269,3158,0.0
EA1530,3158,4069,0.0
EA1530,4069,1830,0.0
EA1530,1830,4310,0.0
EA1530,4310,7976,0.0
EA1530,7976,11476,0.0
EA1530,11476,11475,0.0
EA1530,11475,1396,0.0
EA1530,1396,1394,0.0
EA1530,1394,11477,0.0
EA1540,1817,8479,0.0
EA1540,8479,8481,0.0
EA1540,8481,8493,0.0
EA1540,8493,3191,0.0
EA1550,3195,3200,0.0
EA1560,3195,3200,0.0
EA1560,3200,5909,0.0
EA1560,5909,5930,0.0
EA1560,5930,5931,0.0
EA1560,5931,6339,0.0
EA1560,6339,6341,0.0
EA1560,6341,6343,0.0
EA1560,6343,9967,0.0
EA1560,9967,5079,0.0
EA1560,5079,7026,0.0
EA1560,7026,8781,0.0
EA1560,8781,6342,0.0
EA1560,6342,12204,0.0
EA1560,12204,12213,0.0
EA1560,12213,6340,0.0
EA1560,6340,9239,0.0
EA1570,6341,6343,0.0
EA1570,6343,9972,0.0
EA1570,9972,9973,0.0
EA1570,9973,10033,0.0
EA1580,3195,8557,0.0
EA1580,8557,5287,0.0
EA1580,5287,917,0.0
EA1580,917,918,0.0
EA1580,918,915,0.0
EA1580,915,9192,0.0
EA1580,9192,4588,0.0
EA1580,4588,3039,0.0
EA1580,3039,3038,0.0
EA1580,3038,403,0.0
EA1580,403,8564,0.0
EA1580,8564,10481,0.0
EA1580,10481,10478,0.0
EA1580,10478,9474,0.0
EA1580,9474,11701,0.0
EA1580,11701,11702,0.0
EA1580,11702,10479,0.0
EA1580,10479,11853,0.0
EA1744,4898,4892,0.0
EA1744,4892,4893,0.0
EA1744,4893,4904,0.0
XR001,11788,11689,0.0
XR001,11689,11789,0.0
XR001,11789,11790,0.0
XR001,11790,70,0.0
XR001,70,11230,0.0
XR001,11230,7383,0.0
XR001,7383,11686,0.0
XR001,11686,11660,0.0
XR001,11660,11696,0.0
XR001,11696,11674,0.0
XR001,11674,11682,0.0
XR001,11682,11697,0.0
XR001,11697,11695,0.0
XR001,11695,11663,0.0
XR001,11663,2469,0.0
XR001,2469,11699,0.0
XR001,11699,11687,0.0
XR001,11687,11232,0.0
XR001,11232,11658,0.0
XR001,11658,11231,0.0
XR002,11697,11695,0.0
XR002,11695,11689,0.0
EA1560,8781,6342,0.0
EA1560,6342,3195,0.0
EA1560,3195,3200,0.0
EA1560,3200,5909,0.0
EA1560,5909,5930,0.0
EA1560,5930,5931,0.0
EA1560,5931,6339,0.0
EA1560,6339,6341,0.0
EA1560,6341,6343,0.0
EA1560,6343,9967,0.0
EA1560,9967,5079,0.0
EA1560,5079,7026,0.0
EA1560,7026,12204,0.0
EA1560,12204,12213,0.0
EA1560,12213,6340,0.0
EA1560,6340,9239,0.0
SO110,9639,9635,0.0
SO110,9635,9634,0.0
SO110,9634,3979,0.0
SO110,3979,5538,0.0
SO110,5538,3337,0.0
SO110,3337,9642,0.0
SO110,9642,8261,0.0
SO110,8261,1173,0.0
SO110,1173,4257,0.0
SO110,4257,4258,0.0
SO110,4258,9823,0.0
SO110,9823,9061,0.0
SO110,9061,7224,0.0
SO110,7224,5046,0.0
SO110,5046,590,0.0
SO110,590,8294,0.0
SO110,8294,8293,0.0
SO110,8293,1257,0.0
SO110,1257,758,0.0
SO110,758,759,0.0
SO110,759,8780,0.0
SO110,8780,8779,0.0
SO110,8779,9035,0.0
SO110,9035,3573,0.0
SO110,3573,3375,0.0
SO110,3375,5504,0.0
SO110,5504,6042,0.0
SO110,6042,8501,0.0
SO110,8501,7571,0.0
SO110,7571,7569,0.0
SO110,7569,7572,0.0
SO110,7572,7573,0.0
SO110,7573,1731,0.0
SO110,1731,3750,0.0
SO110,3750,3749,0.0
SO110,3749,3754,0.0
SO110,3754,3748,0.0
SO110,3748,7522,0.0
SO110,7522,10787,0.0
SO110,10787,6561,0.0
SO110,6561,8801,0.0
SO110,8801,3103,0.0
SO110,3103,8795,0.0
SO110,8795,8797,0.0
SO110,8797,9154,0.0
SO110,9154,3373,0.0
SO110,3373,3371,0.0
SO110,3371,3369,0.0
SO110,3369,3374,0.0
SO110,3374,9959,0.0
SO110,9959,1855,0.0
SO110,1855,4600,0.0
SO110,4600,594,0.0
SO110,594,9882,0.0
SO110,9882,5934,0.0
SO110,5934,1287,0.0
SO110,1287,2955,0.0
SO110,2955,7528,0.0
SO110,7528,7532,0.0
SO110,7532,7527,0.0
SO110,7527,7535,0.0
SO110,7535,7533,0.0
SO110,7533,11784,0.0
SO110,11784,586,0.0
SO110,586,1254,0.0
SO110,1254,9036,0.0
SO110,9036,9037,0.0
SO110,9037,4255,0.0
SO110,4255,12202,0.0
SO110A,759,11173,0.0
SO110A,11173,7127,0.0
SO110B,3750,1732,0.0
SO130,1828,10112,0.0
SO130,10112,10666,0.0
SO130,10666,6446,0.0
SO130,6446,5628,0.0
SO130,5628,5616,0.0
SO130,5616,8547,0.0
SO130,8547,882,0.0
SO130,882,11517,0.0
SO130,11517,11296,0.0
SO130,11296,6591,0.0
SO130,6591,6782,0.0
SO130,6782,6783,0.0
SO130,6783,8739,0.0
SO130,8739,11174,0.0
SO130,11174,7153,0.0
SO130,7153,4670,0.0
SO130,4670,4671,0.0
SO130,4671,4673,0.0
SO130,4673,5437,0.0
SO130,5437,3973,0.0
SO130,3973,3975,0.0
SO130,3975,3971,0.0
SO130,3971,3160,0.0
SO130,3160,1833,0.0
SO130,1833,11175,0.0
SO130,11175,7127,0.0
SO130,7127,7126,0.0
SO130,7126,6898,0.0
SO130,6898,6896,0.0
SO130,6896,1787,0.0
SO130,1787,5158,0.0
SO130,5158,2929,0.0
SO130,2929,9003,0.0
SO130,9003,9008,0.0
SO130,9008,9005,0.0
SO130,9005,4355,0.0
SO130,4355,9368,0.0
SO130,9368,9361,0.0
SO130,9361,9369,0.0
SO130,9369,9377,0.0
SO130,9377,9378,0.0
SO130,9378,9365,0.0
SO130,9365,7159,0.0
SO130,7159,5933,0.0
SO130,5933,8558,0.0
SO130,8558,2199,0.0
SO130,2199,4217,0.0
SO130,4217,7206,0.0
SO130,7206,1826,0.0
SO130,1826,362,0.0
SO130,362,360,0.0
SO130,360,351,0.0
SO130,351,361,0.0
SO130,361,359,0.0
SO130,359,349,0.0
SO130,349,353,0.0
SO130,353,354,0.0
SO130,354,8999,0.0
SO130,8999,4259,0.0
SO130,4259,9875,0.0
SO130,9875,8056,0.0
SO130,8056,8431,0.0
SO130,8431,3458,0.0
SO130,3458,3455,0.0
SO130,3455,3456,0.0
SO130,3456,3454,0.0
SO130,3454,2851,0.0
SO130,2851,2852,0.0
SO130,2852,12057,0.0
SO130,12057,12058,0.0
SO130,12058,12059,0.0
SO130,12059,12060,0.0
SO130,12060,12061,0.0
SO130,12061,12062,0.0
SO130,12062,12063,0.0
SO130,12063,12064,0.0
SO130,12064,12065,0.0
SO130,12065,12066,0.0
SO130,12066,12067,0.0
SO130,12067,12068,0.0
SO130,12068,12069,0.0
SO130,12069,3974,0.0
SO130,3974,12070,0.0
SO130,12070,12071,0.0
SO130,12071,12072,0.0
SO130,12072,3968,0.0
SO130,3968,6894,0.0
SO130,6894,6895,0.0
SO130,6895,12073,0.0
SO130,12073,8997,0.0
SO130,8997,12074,0.0
SO130A,1558,1559,0.0
SO130A,1559,6446,0.0
SO130A,6446,12056,0.0
SO130B,1558,1559,0.0
SO130B,1559,1006,0.0
SO130B,1006,5629,0.0
SO130B,5629,12056,0.0
SO130C,6783,5495,0.0
SO130D,11174,11176,0.0
SO130E,7153,5391,0.0
SO130F,2413,7153,0.0
SO130G,11175,1832,0.0
SO130G,1832,11173,0.0
SO130G,11173,8780,0.0
SO130H,8431,2751,0.0
SO130H,2751,2749,0.0
SO130H,2749,1864,0.0
SO130K,8999,9001,0.0
SO140,9035,3336,0.0
SO140,3336,8284,0.0
SO140,8284,6904,0.0
SO140,6904,6905,0.0
SO140,6905,6906,0.0
SO140,6906,5030,0.0
SO140,5030,1018,0.0
SO140,1018,1019,0.0
SO140,1019,10179,0.0
SO140,10179,3201,0.0
SO140,3201,534,0.0
SO140,534,6433,0.0
SO140,6433,1393,0.0
SO140,1393,4195,0.0
SO140,4195,4632,0.0
SO140,4632,5454,0.0
SO140,5454,5451,0.0
SO140,5451,2363,0.0
SO140,2363,4661,0.0
SO140,4661,581,0.0
SO140,581,357,0.0
SO140,357,360,0.0
SO140,360,12055,0.0
SO140,12055,358,0.0
SO140,358,12183,0.0
SO140,12183,12184,0.0
SO140A,6905,565,0.0
SO140A,565,9003,0.0
SO140A,9003,8998,0.0
SO150,8801,11519,0.0
SO150,11519,5156,0.0
SO150,5156,11178,0.0
SO150,11178,7700,0.0
SO150,7700,9013,0.0
SO150,9013,7501,0.0
SO150,7501,7504,0.0
SO150,7504,8289,0.0
SO150,8289,8290,0.0
SO150A,3103,11519,0.0
SO160,3373,8123,0.0
SO160,8123,2057,0.0
SO160,2057,669,0.0
SO160,669,105,0.0
SO160,105,186,0.0
SO160,186,8487,0.0
SO160,8487,9025,0.0
SO160,9025,5249,0.0
SO160,5249,584,0.0
SO160,584,2851,0.0
SO170,9368,8438,0.0
SO170,8438,4196,0.0
SO170,4196,9509,0.0
SO170,9509,9507,0.0
SO170,9507,9508,0.0
SO170,9508,8952,0.0
SO170,8952,3523,0.0
SO170,3523,9659,0.0
SO170,9659,11179,0.0
SO170,11179,9660,0.0
SO170,9660,8474,0.0
SO170,8474,3260,0.0
SO170,3260,7563,0.0
SO170,7563,6228,0.0
SO170,6228,6227,0.0
SO170,6227,577,0.0
SO170,577,2418,0.0
SO170,2418,10389,0.0
SO170,10389,1001,0.0
SO180,7159,881,0.0
SO180,881,10485,0.0
SO180,10485,10440,0.0
SO180,10440,3073,0.0
SO180,3073,6434,0.0
SO180,6434,6432,0.0
SO180,6432,165,0.0
SO180,165,441,0.0
SO180,441,1253,0.0
SO180,1253,6796,0.0
SO180,6796,8482,0.0
SO180,8482,4076,0.0
SO180,4076,11180,0.0
SO180,11180,2489,0.0
SO180,2489,8926,0.0
SO180,8926,11670,0.0
SO180,11670,12185,0.0
SO200,360,4416,0.0
SO200,4416,255,0.0
SO200,255,7938,0.0
SO200,7938,10025,0.0
SO200,10025,2733,0.0
SO200,2733,9227,0.0
SO200,9227,6889,0.0
SO200,6889,4138,0.0
SO200,4138,4141,0.0
SO200,4141,4140,0.0
SO200,4140,4139,0.0
SO220,354,11181,0.0
SO220,11181,10470,0.0
SO220,10470,1939,0.0
SO220,1939,1726,0.0
SO220,1726,2061,0.0
SO220,2061,2064,0.0
SO220,2064,8943,0.0
SO220,8943,6093,0.0
SO220,6093,6095,0.0
SO220,6095,6092,0.0
SO220,6092,7533,0.0
SO240,584,6177,0.0
SO240,6177,9671,0.0
SO240,9671,2552,0.0
SO240,2552,9024,0.0
SO240,9024,6094,0.0
SO240,6094,6092,0.0
SO240A,6094,6095,0.0
SO260,1560,1669,0.0
SO260,1669,2567,0.0
SO260,2567,1719,0.0
SO260,1719,7052,0.0
SO260,7052,6752,0.0
SO260,6752,6753,0.0
SO260,6753,1718,0.0
SO260,1718,1647,0.0
SO260,1647,676,0.0
SO260,676,677,0.0
SO260,677,589,0.0
SO260,589,7558,0.0
SO260,7558,8294,0.0
SO260,8294,11982,0.0
SO260,11982,11983,0.0
SO260,11983,11984,0.0
SO260,11984,675,0.0
SO280,3569,8160,0.0
SO280,8160,2449,0.0
SO280,2449,813,0.0
SO280,813,816,0.0
SO280,816,9033,0.0
SO280,9033,3161,0.0
SO280,3161,5341,0.0
SO280,5341,4257,0.0
SO280,4257,4258,0.0
SO280,4258,4255,0.0
SO280,4255,4256,0.0
SO280A,816,6446,0.0
SO280B,5341,1669,0.0
SO280B,1669,11982,0.0
SO280C,5341,1560,0.0
SO290,6591,2572,0.0
SO290,2572,3804,0.0
SO290,3804,5958,0.0
SO290,5958,9765,0.0
SO290,9765,2339,0.0
SO290,2339,2338,0.0
SO290,2338,10260,0.0
SO290,10260,10261,0.0
SO290,10261,7194,0.0
SO290,7194,7196,0.0
SO290,7196,70,0.0
SO290,70,11232,0.0
SO290,11232,11231,0.0
SO290,11231,11230,0.0
SO290,11230,680,0.0
SO290,680,3233,0.0
SO290,3233,8364,0.0
SO290,8364,11182,0.0
SO290,11182,8363,0.0
SO290,8363,8365,0.0
SO290,8365,8367,0.0
SO290,8367,8368,0.0
SO290,8368,2284,0.0
SO290,2284,2285,0.0
SO290,2285,2534,0.0
SO290A,11183,243,0.0
SO290A,243,2339,0.0
SO290A,2339,12054,0.0
SO290B,243,244,0.0
SO290B,244,1258,0.0
SO290B,1258,245,0.0
SO290B,245,11772,0.0
SO290B,11772,11771,0.0
SO300,11176,5494,0.0
SO300,5494,838,0.0
SO300,838,11183,0.0
SO300,11183,5087,0.0
SO300,5087,3182,0.0
SO300,3182,3341,0.0
SO300,3341,9851,0.0
SO300,9851,1494,0.0
SO300,1494,1230,0.0
SO300,1230,1229,0.0
SO300,1229,2284,0.0
SO300A,11182,3234,0.0
SO300A,3234,1229,0.0
SO310,4670,5434,0.0
SO310,5434,5433,0.0
SO310,5433,6327,0.0
SO310,6327,6790,0.0
SO310,6790,8321,0.0
SO310,8321,8322,0.0
SO310,8322,130,0.0
SO310,130,721,0.0
SO310,721,2282,0.0
SO310,2282,2286,0.0
SO310,2286,2534,0.0
SO310,2534,2533,0.0
SO310,2533,2536,0.0
SO310,2536,2535,0.0
SO310,2535,8650,0.0
SO310,8650,3796,0.0
SO310,3796,9049,0.0
SO310,9049,6691,0.0
SO310,6691,6692,0.0
SO310,6692,6690,0.0
SO310,6690,8556,0.0
SO310,8556,3982,0.0
SO310,3982,11184,0.0
SO310,11184,4503,0.0
SO310,4503,4515,0.0
SO310,4515,4310,0.0
SO310,4310,8926,0.0
SO310,8926,8925,0.0
SO310,8925,7571,0.0
SO310,7571,12053,0.0
SO310A,5437,5434,0.0
SO310A,5434,12255,0.0
SO310B,2285,2287,0.0
SO310B,2287,2286,0.0
SO320,4503,1922,0.0
SO320,1922,3858,0.0
SO320,3858,1921,0.0
SO320,1921,3859,0.0
SO320,3859,3860,0.0
SO320,3860,3863,0.0
SO320,3863,11773,0.0
SO320,11773,11985,0.0
SO320,11985,3866,0.0
SO320,3866,12256,0.0
SO330,6752,6753,0.0
SO330,6753,5495,0.0
SO330,5495,11176,0.0
SO330,11176,5494,0.0
SO330,5494,2413,0.0
SO330,2413,5391,0.0
SO330,5391,5390,0.0
SO330,5390,1646,0.0
SO330,1646,5768,0.0
SO330,5768,6480,0.0
SO330,6480,1943,0.0
SO330,1943,3157,0.0
SO330,3157,3071,0.0
SO330,3071,10464,0.0
SO330,10464,4188,0.0
SO330,4188,12051,0.0
SO330,12051,12052,0.0
SO330A,6480,590,0.0
SO330A,590,12050,0.0
SO330A,12050,588,0.0
SO330A,588,6481,0.0
SO350,3971,8460,0.0
SO350,8460,1256,0.0
SO350,1256,12049,0.0
SO400,8875,8876,0.0
SO400,8876,10571,0.0
SO400,10571,8695,0.0
SO400,8695,8694,0.0
SO400,8694,8693,0.0
SO400,8693,2494,0.0
SO400,2494,9874,0.0
SO400,9874,3028,0.0
SO400,3028,3027,0.0
SO400,3027,3026,0.0
SO400,3026,8161,0.0
SO400,8161,8162,0.0
SO400,8162,8476,0.0
SO400,8476,8478,0.0
SO400,8478,6475,0.0
SO400,6475,2434,0.0
SO400,2434,5452,0.0
SO400,5452,5453,0.0
SO400,5453,2364,0.0
SO400,2364,350,0.0
SO400,350,348,0.0
SO400,348,9876,0.0
SO400,9876,2753,0.0
SO400,2753,1864,0.0
SO410A,8876,11187,0.0
SO410A,11187,10570,0.0
SO410B,8876,1704,0.0
SO420,10571,11189,0.0
SO420,11189,1704,0.0
SO420,1704,2015,0.0
SO430,8695,9339,0.0
SO440,7794,2494,0.0
SO450,3028,3027,0.0
SO450,3027,2191,0.0
SO450,2191,8556,0.0
SO460,3375,8161,0.0
SO470,358,360,0.0
SO470,360,350,0.0
SO480,358,360,0.0
SO480,360,348,0.0
SO490,2753,2751,0.0
SC001,3883,7493,0.0
SC001,7493,5239,0.0
SC001,5239,5238,0.0
SC001,5238,5375,0.0
SC001,5375,5374,0.0
SC001,5374,631,0.0
SC001,631,632,0.0
SC001,632,18,0.0
SC001,18,2411,0.0
SC001,2411,2409,0.0
SC001,2409,2400,0.0
SC001,2400,7825,0.0
SC001,7825,5291,0.0
SC001,5291,2337,0.0
SC001,2337,5329,0.0
SC001,5329,8234,0.0
SC001,8234,8233,0.0
SC001,8233,2524,0.0
SC001,2524,6324,0.0
SC001,6324,6320,0.0
SC001,6320,9567,0.0
SC001,9567,9566,0.0
SC001,9566,6824,0.0
SC001,6824,6826,0.0
SC001,6826,2001,0.0
SC001,2001,7846,0.0
SC001,7846,7845,0.0
SC001,7845,7850,0.0
SC001,7850,8225,0.0
SC001,8225,11333,0.0
SC001,11333,11334,0.0
SC001,11334,7184,0.0
SC001,7184,7191,0.0
SC001,7191,7179,0.0
SC001,7179,5750,0.0
SC001,5750,3087,0.0
SC001,3087,3714,0.0
SC001,3714,3638,0.0
SC001,3638,3713,0.0
SC001,3713,5334,0.0
SC001,5334,5330,0.0
SC001,5330,10195,0.0
SC001,10195,634,0.0
SC001,634,637,0.0
SC001,637,633,0.0
SC001,633,11966,0.0
SC001,11966,11967,0.0
SC001,11967,11968,0.0
SC001,11968,9062,0.0
SC001,9062,11963,0.0
SC001,11963,11964,0.0
SC001,11964,11965,0.0
SC001,11965,2412,0.0
SC001,2412,11970,0.0
SC001,11970,11969,0.0
SC003,2411,2410,0.0
SC003,2410,80,0.0
SC003,80,2080,0.0
SC003,2080,2081,0.0
SC003,2081,5991,0.0
SC003,5991,5237,0.0
SC003,5237,2467,0.0
SC003,2467,9914,0.0
SC003,9914,5174,0.0
SC003,5174,8372,0.0
SC003,8372,8375,0.0
SC003,8375,11769,0.0
SC003,11769,11971,0.0
SC003,11971,4184,0.0
SC005,2409,2410,0.0
SC007,5991,5819,0.0
SC007,5819,9754,0.0
SC007,9754,104,0.0
SC007,104,1109,0.0
SC007,1109,3363,0.0
SC007,3363,686,0.0
SC007,686,8314,0.0
SC007,8314,4648,0.0
SC007,4648,1919,0.0
SC007,1919,1598,0.0
SC007,1598,4482,0.0
SC007,4482,11721,0.0
SC007,11721,9755,0.0
SC007,9755,9753,0.0
SC009,5290,5291,0.0
SC011,5329,10035,0.0
SC011,10035,4482,0.0
SC011,4482,4483,0.0
SC011,4483,6283,0.0
SC011,6283,6286,0.0
SC011,6286,856,0.0
SC011,856,9565,0.0
SC011,9565,9567,0.0
SC013,10036,11211,0.0
SC015,6283,6284,0.0
SC017,6283,6285,0.0
SC019,6285,6286,0.0
SC023,6320,120,0.0
SC023,120,4154,0.0
SC023,4154,4101,0.0
SC023,4101,4102,0.0
SC023,4102,4100,0.0
SC023,4100,791,0.0
SC023,791,6822,0.0
SC023,6822,6823,0.0
SC023,6823,10694,0.0
SC023,10694,11972,0.0
SC024,5325,6391,0.0
SC024,6391,6390,0.0
SC024,6390,1857,0.0
SC024,1857,4154,0.0
SC025,7844,7847,0.0
SC025,7847,2660,0.0
SC025,2660,1155,0.0
SC025,1155,290,0.0
SC025,290,3716,0.0
SC025,3716,236,0.0
SC025,236,3327,0.0
SC025,3327,3497,0.0
SC025,3497,3498,0.0
SC027,7850,7847,0.0
SC029,5750,9148,0.0
SC029,9148,8240,0.0
SC031,3883,3882,0.0
SC031,3882,3232,0.0
SC031,3232,247,0.0
SC031,247,2951,0.0
SC031,2951,4398,0.0
SC031,4398,9198,0.0
SC031,9198,7969,0.0
SC031,7969,5232,0.0
SC031,5232,6779,0.0
SC031,6779,6777,0.0
SC031,6777,930,0.0
SC031,930,78,0.0
SC031,78,5954,0.0
SC031,5954,4742,0.0
SC031,4742,5107,0.0
SC031,5107,5141,0.0
SC031,5141,5357,0.0
SC031,5357,8669,0.0
SC031,8669,2711,0.0
SC031,2711,5798,0.0
SC031,5798,1138,0.0
SC031,1138,6589,0.0
SC031,6589,7134,0.0
SC031,7134,5035,0.0
SC031,5035,1471,0.0
SC031,1471,7174,0.0
SC031,7174,2397,0.0
SC031,2397,6362,0.0
SC031,6362,6360,0.0
SC031,6360,6361,0.0
SC031,6361,4999,0.0
SC031,4999,2952,0.0
SC035,930,11212,0.0
SC035,11212,3905,0.0
SC036,3905,3906,0.0
SC037,4999,7694,0.0
SC039,5107,5102,0.0
SC039,5102,5106,0.0
SC039,5106,5103,0.0
SC039,5103,4934,0.0
SC039,4934,506,0.0
SC039,506,11243,0.0
SC039,11243,12180,0.0
SC045,3105,4121,0.0
SC045,4121,4122,0.0
SC045,4122,9156,0.0
SC045,9156,1470,0.0
SC045,1470,1973,0.0
SC045,1973,3692,0.0
SC045,3692,9203,0.0
SC045,9203,1471,0.0
SC047,6362,5750,0.0
SC049,6360,9148,0.0
SC051,6360,7172,0.0
SC051,7172,5956,0.0
SC051,5956,8317,0.0
SC051,8317,7173,0.0
SC051,7173,5693,0.0
SC051,5693,1682,0.0
SC051,1682,1679,0.0
SC051,1679,6438,0.0
SC051,6438,2384,0.0
SC051,2384,7506,0.0
SC051,7506,7171,0.0
SC051,7171,6361,0.0
SC053,6518,7000,0.0
SC053,7000,10424,0.0
SC053,10424,10196,0.0
SC053,10196,6448,0.0
SC053,6448,1682,0.0
SC055,6823,5236,0.0
SC055,5236,1286,0.0
SC055,1286,1715,0.0
SC055,1715,5078,0.0
SC055,5078,1682,0.0
SC055,1682,1680,0.0
SC057,1680,1681,0.0
SC059,3713,3638,0.0
SC059,3638,3714,0.0
SC059,3714,3733,0.0
SC059,3733,8240,0.0
SC059,8240,4050,0.0
SC059,4050,4264,0.0
SC059,4264,1690,0.0
SC059,1690,1693,0.0
SC059,1693,4364,0.0
SC059,4364,4365,0.0
SC059,4365,294,0.0
SC059,294,7405,0.0
SC059,7405,7407,0.0
SC059,7407,3112,0.0
SC059,3112,4992,0.0
SC059,4992,6081,0.0
SC059,6081,4564,0.0
SC059,4564,5373,0.0
SC059,5373,3727,0.0
SC059,3727,1267,0.0
SC059,1267,1270,0.0
SC059,1270,2509,0.0
SC059,2509,2508,0.0
SC059,2508,5114,0.0
SC059,5114,5113,0.0
SC059,5113,1499,0.0
SC059,1499,736,0.0
SC059,736,4929,0.0
SC059,4929,505,0.0
SC059,505,506,0.0
SC059,506,11520,0.0
SC059,11520,503,0.0
SC059,503,10589,0.0
SC059,10589,11521,0.0
SC059,11521,502,0.0
SC059,502,507,0.0
SC059,507,9466,0.0
SC059,9466,7478,0.0
SC059,7478,7477,0.0
SC059,7477,7475,0.0
SC059,7475,7474,0.0
SC059,7474,3449,0.0
SC059,3449,3448,0.0
SC059,3448,3450,0.0
SC059,3450,6834,0.0
SC059,6834,6835,0.0
SC059,6835,458,0.0
SC059,458,463,0.0
SC059,463,2670,0.0
SC059,2670,5957,0.0
SC059,5957,5131,0.0
SC059,5131,3694,0.0
SC059,3694,10678,0.0
SC059,10678,1282,0.0
SC059,1282,3760,0.0
SC059,3760,2713,0.0
SC059,2713,8918,0.0
SC059,8918,3108,0.0
SC059,3108,3113,0.0
SC059,3113,4787,0.0
SC061,8240,8242,0.0
SC061,8242,8243,0.0
SC061,8243,2948,0.0
SC061,2948,1879,0.0
SC061,1879,1878,0.0
SC061,1878,1877,0.0
SC061,1877,6428,0.0
SC061,6428,2381,0.0
SC061,2381,4753,0.0
SC061,4753,7404,0.0
SC063,1693,1694,0.0
SC063,1694,2718,0.0
SC063,2718,11214,0.0
SC065,7407,7409,0.0
SC065,7409,771,0.0
SC065,771,5503,0.0
SC065,5503,9926,0.0
SC065,9926,7440,0.0
SC065,7440,9871,0.0
SC065,9871,966,0.0
SC065,966,2415,0.0
SC065,2415,3877,0.0
SC065,3877,3878,0.0
SC065,3878,3584,0.0
SC065,3584,3851,0.0
SC067,9871,9935,0.0
SC067,9935,2913,0.0
SC067,2913,1221,0.0
SC067,1221,4786,0.0
SC067,4786,2982,0.0
SC067,2982,4880,0.0
SC067,4880,9872,0.0
SC073,5113,2931,0.0
SC073,2931,8949,0.0
SC073,8949,8945,0.0
SC073,8945,8377,0.0
SC073,8377,282,0.0
SC073,282,10060,0.0
SC073,10060,4466,0.0
SC073,4466,11215,0.0
SC073,11215,11216,0.0
SC073,11216,4460,0.0
SC073,4460,3338,0.0
SC073,3338,5324,0.0
SC077,282,283,0.0
SC077,283,281,0.0
SC081,1499,2931,0.0
SC085,465,6835,0.0
SC087,6835,459,0.0
SC087,459,248,0.0
SC087,248,5954,0.0
SC089,248,5098,0.0
SC091,2670,1795,0.0
SC093,6320,6322,0.0
SC093,6322,11217,0.0
SC093,11217,6307,0.0
SC093,6307,6306,0.0
SC093,6306,6285,0.0
SC093,6285,6284,0.0
SC093,6284,6277,0.0
SC093,6277,6278,0.0
SC093,6278,6295,0.0
SC093,6295,6296,0.0
SC093,6296,6282,0.0
SC093,6282,6287,0.0
SC093,6287,9933,0.0
SC093,9933,9930,0.0
SC093,9930,9932,0.0
SC093,9932,2072,0.0
SC093,2072,2069,0.0
SC093,2069,2075,0.0
SC093,2075,2078,0.0
SC093,2078,3992,0.0
SC093,3992,11218,0.0
SC093,11218,3933,0.0
SC093,3933,3787,0.0
SC093,3787,3909,0.0
SC093,3909,2000,0.0
SC093,2000,3792,0.0
SC093,3792,11665,0.0
SC093,11665,1999,0.0
SC093,1999,1997,0.0
SC097,9933,8978,0.0
SC099,9932,5507,0.0
SC099,5507,5243,0.0
SC099,5243,1116,0.0
SC099,1116,489,0.0
SC099,489,6234,0.0
SC099,6234,1634,0.0
SC099,1634,7846,0.0
SC101,2073,5507,0.0
SC103,3933,3954,0.0
SC103,3954,3953,0.0
SC103,3953,8659,0.0
SC103,8659,8573,0.0
SC103,8573,2482,0.0
SC103,2482,3734,0.0
SC103,3734,11973,0.0
SC103,11973,8572,0.0
SC103,8572,8169,0.0
SC103,8169,8170,0.0
SC105,11665,3992,0.0
SC105,3992,3954,0.0
SC106,8170,2481,0.0
SC107,3064,7340,0.0
SC107,7340,4185,0.0
SC107,4185,4182,0.0
SC107,4182,4186,0.0
SC107,4186,3066,0.0
SC107,3066,6765,0.0
SC107,6765,6767,0.0
SC107,6767,10198,0.0
SC107,10198,5691,0.0
SC107,5691,5690,0.0
SC107,5690,985,0.0
SC107,985,7259,0.0
SC107,7259,7261,0.0
SC107,7261,3343,0.0
SC107,3343,3795,0.0
SC107,3795,2390,0.0
SC107,2390,4021,0.0
SC107,4021,4022,0.0
SC107,4022,5460,0.0
SC107,5460,11219,0.0
SC107,11219,1687,0.0
SC107,1687,11220,0.0
SC107,11220,1688,0.0
SC107,1688,1502,0.0
SC107,1502,11221,0.0
SC107,11221,1367,0.0
SC107,1367,2477,0.0
SC107,2477,3074,0.0
SC107,3074,2482,0.0
SC107,2482,2481,0.0
SC107,2481,3731,0.0
SC107,3731,11974,0.0
SC107,11974,11975,0.0
SC107,11975,11976,0.0
SC107,11976,7339,0.0
SC107,7339,988,0.0
SC107,988,11861,0.0
SC109,7259,7260,0.0
SC109,7260,3924,0.0
SC109,3924,3342,0.0
SC109,3342,1550,0.0
SC109,1550,2348,0.0
SC109,2348,2349,0.0
SC110,2348,5319,0.0
SC111,6765,9583,0.0
SC111,9583,5818,0.0
SC111,5818,1411,0.0
SC111,1411,1408,0.0
SC111,1408,1410,0.0
SC111,1410,1409,0.0
SC113,10198,2664,0.0
SC115,2482,2479,0.0
SC115,2479,328,0.0
SC115,328,7280,0.0
SC115,7280,5288,0.0
SC115,5288,8973,0.0
SC115,8973,6406,0.0
SC115,6406,6407,0.0
SC115(0),6406,2550,0.0
SC115(0),2550,250,0.0
SC116,2477,2479,0.0
SC117,3924,3917,0.0
SC117,3917,3918,0.0
SC117,3918,3502,0.0
SC117,3502,3922,0.0
SC117,3922,11222,0.0
SC117,11222,11223,0.0
SC117,11223,11224,0.0
SC117,11224,11782,0.0
SC117,11782,11783,0.0
SC119,3795,3792,0.0
SC119,3792,2349,0.0
SC119,2349,5319,0.0
SC119,5319,5321,0.0
SC119,5321,8731,0.0
SC119,8731,8735,0.0
SC119,8735,8730,0.0
SC119,8730,8732,0.0
SC119,8732,733,0.0
SC119,733,2959,0.0
SC119,2959,2960,0.0
SC119,2960,810,0.0
SC119,810,3742,0.0
SC119,3742,4317,0.0
SC119,4317,7110,0.0
SC119,7110,926,0.0
SC119,926,3246,0.0
SC119,3246,4881,0.0
SC119,4881,11117,0.0
SC119,11117,2966,0.0
SC119,2966,3930,0.0
SC119,3930,11977,0.0
SC119,11977,11978,0.0
SC119,11978,12228,0.0
SC119,12228,7112,0.0
SC123,1409,305,0.0
SC123,305,839,0.0
SC123,839,1916,0.0
SC123,1916,2914,0.0
SC123,2914,123,0.0
SC123,123,122,0.0
SC123,122,121,0.0
SC123,121,2077,0.0
SC123,2077,2074,0.0
SC123,2074,8978,0.0
SC123,8978,789,0.0
SC123,789,3249,0.0
SC123,3249,3640,0.0
SC123,3640,8312,0.0
SC123,8312,8311,0.0
SC123,8311,2067,0.0
SC123,2067,824,0.0
SC123,824,4657,0.0
SC123,4657,3726,0.0
SC123,3726,3732,0.0
SC123,3732,1823,0.0
SC123,1823,3497,0.0
SC123,3497,3498,0.0
SC123,3498,7432,0.0
SC123,7432,4773,0.0
SC123,4773,4771,0.0
SC123,4771,4772,0.0
SC123,4772,250,0.0
SC123,250,9888,0.0
SC123,9888,2912,0.0
SC123,2912,2926,0.0
SC123,2926,8337,0.0
SC123,8337,2507,0.0
SC123,2507,2505,0.0
SC123,2505,5143,0.0
SC123,5143,1051,0.0
SC123,1051,2700,0.0
SC123,2700,2699,0.0
SC123,2699,2669,0.0
SC123,2669,1702,0.0
SC123,1702,2295,0.0
SC123,2295,2294,0.0
SC123,2294,4371,0.0
SC123,4371,4774,0.0
SC125,4772,4994,0.0
SC125,4994,4775,0.0
SC125,4775,8043,0.0
SC125,8043,3984,0.0
SC125,3984,10504,0.0
SC125,10504,10505,0.0
SC125,10505,1987,0.0
SC125,1987,2507,0.0
SC129,8573,926,0.0
SC129,926,204,0.0
SC129,204,2946,0.0
SC129,2946,824,0.0
SC131,4657,8240,0.0
SC133,9888,1365,0.0
SC133,1365,4356,0.0
SC133,4356,6127,0.0
SC135,2669,7668,0.0
SC135,7668,201,0.0
SC135,201,490,0.0
SC136,4774,4775,0.0
SC141,2295,4372,0.0
SC141,4372,3893,0.0
SC141,3893,3705,0.0
SC141,3705,3706,0.0
SC141,3706,271,0.0
SC141,271,277,0.0
SC141,277,2370,0.0
SC141,2370,2368,0.0
SC141,2368,9544,0.0
SC141,9544,992,0.0
SC141,992,3964,0.0
SC141,3964,7538,0.0
SC141,7538,2151,0.0
SC141,2151,9498,0.0
SC141,9498,7786,0.0
SC141,7786,8550,0.0
SC141,8550,3592,0.0
SC141,3592,10676,0.0
SC141,10676,3595,0.0
SC141,3595,11112,0.0
SC143,2368,9543,0.0
SC143,9543,2659,0.0
SC143,2659,5696,0.0
SC143,5696,3461,0.0
SC143,3461,9126,0.0
SC143,9126,2111,0.0
SC143,2111,6841,0.0
SC143,6841,6840,0.0
SC145,3595,10676,0.0
SC145,10676,3586,0.0
SC145,3586,3592,0.0
SC145,3592,3593,0.0
SC145,3593,494,0.0
SC145,494,2147,0.0
SC145,2147,228,0.0
SC145,228,2148,0.0
SC145,2148,5346,0.0
SC145,5346,5353,0.0
SC145,5353,3744,0.0
SC145,3744,5348,0.0
SC145,5348,629,0.0
SC145,629,291,0.0
SC145,291,6257,0.0
SC145,6257,6116,0.0
SC145,6116,6114,0.0
SC147,1334,7671,0.0
SC147,7671,7670,0.0
SC147,7670,7672,0.0
SC147,7672,4010,0.0
SC147,4010,9393,0.0
SC147,9393,9392,0.0
SC147,9392,6952,0.0
SC147,6952,6956,0.0
SC147,6956,6955,0.0
SC147,6955,6951,0.0
SC147,6951,2961,0.0
SC147,2961,2894,0.0
SC147,2894,2896,0.0
SC147,2896,2895,0.0
SC147,2895,5653,0.0
SC147,5653,1677,0.0
SC147,1677,1675,0.0
SC147,1675,7289,0.0
SC147,7289,7287,0.0
SC147,7287,9670,0.0
SC147,9670,6219,0.0
SC147,6219,6412,0.0
SC147,6412,7278,0.0
SC147,7278,5446,0.0
SC147,5446,2307,0.0
SC147,2307,2309,0.0
SC147,2309,13,0.0
SC147,13,3064,0.0
SC147,3064,7479,0.0
SC147,7479,11979,0.0
SC147,11979,12181,0.0
SC149,6482,2895,0.0
SC151,12271,7278,0.0
SC151,7278,5446,0.0
SC151,5446,12270,0.0
SC151,12270,4993,0.0
SC153,2309,7479,0.0
SC155,6219,6144,0.0
SC155,6144,11324,0.0
SC155,11324,11225,0.0
SC155,11225,6153,0.0
SC161,6153,6497,0.0
SC161,6497,6584,0.0
SC161,6584,1328,0.0
SC161,1328,7278,0.0
SC161,7278,12076,0.0
SC163,7278,6585,0.0
SC164,10850,10849,0.0
SC164,10849,3632,0.0
SC164,3632,10624,0.0
SC164,10624,10823,0.0
SC164,10823,10679,0.0
SC164,10679,10853,0.0
SC164,10853,10677,0.0
SC164,10677,10684,0.0
SC164,10684,10765,0.0
SC164,10765,10664,0.0
SC164,10664,10719,0.0
SC164,10719,10808,0.0
SC164,10808,10751,0.0
SC164,10751,6497,0.0
SC165,6584,6585,0.0
SC165,6585,2341,0.0
SC165,2341,3840,0.0
SC165,3840,4186,0.0
SC167,2341,8375,0.0
SC167,8375,11694,0.0
SC169,3840,4182,0.0
SC171,4186,8719,0.0
SC171,8719,11295,0.0
SC171,11295,2664,0.0
SC171,2664,2661,0.0
SC171,2661,6672,0.0
SC171,6672,4944,0.0
SC171,4944,4947,0.0
SC171,4947,4941,0.0
SC171,4941,4942,0.0
SC171,4942,2502,0.0
SC171,2502,8,0.0
SC171,8,772,0.0
SC171,772,5066,0.0
SC171,5066,5000,0.0
SC171,5000,9252,0.0
SC171,9252,9251,0.0
SC171,9251,6106,0.0
SC171,6106,5272,0.0
SC171,5272,8554,0.0
SC171,8554,2464,0.0
SC171,2464,5488,0.0
SC171,5488,5756,0.0
SC171,5756,9123,0.0
SC171,9123,2966,0.0
SC171,2966,12240,0.0
SC171,12240,12241,0.0
SC173,4941,4946,0.0
SC173,4946,4945,0.0
SC173,4945,4943,0.0
SC173,4943,7765,0.0
SC173,7765,1860,0.0
SC173,1860,2707,0.0
SC173,2707,2708,0.0
SC173,2708,9345,0.0
SC173,9345,2473,0.0
SC173,2473,5354,0.0
SC173,5354,1689,0.0
SC173,1689,1941,0.0
SC173,1941,7637,0.0
SC173,7637,3758,0.0
SC173,3758,9251,0.0
SC175,7766,4944,0.0
SC176,4943,4942,0.0
SC177,9251,11227,0.0
SC177,11227,3247,0.0
SC177,3247,6440,0.0
SC178,9252,3758,0.0
SC178,3758,9254,0.0
SC181,5272,5271,0.0
SC181,5271,6490,0.0
SC181,6490,4317,0.0
SC183,8730,8732,0.0
SC183,8732,8729,0.0
SC183,8729,2031,0.0
SC183,2031,167,0.0
SC183,167,168,0.0
SC183,168,5157,0.0
SC183,5157,5638,0.0
SC183,5638,5639,0.0
SC183,5639,1860,0.0
SC183,1860,11355,0.0
SC189,10409,10420,0.0
SC189,10420,7637,0.0
SC191,11713,11712,0.0
SC191,11712,11717,0.0
SC191,11717,11716,0.0
SC191,11716,12230,0.0
SC191,12230,12229,0.0
SC191,12229,12231,0.0
SC191,12231,2966,0.0
SC191,2966,2969,0.0
SC191,2969,2019,0.0
SC191,2019,1113,0.0
SC191,1113,491,0.0
SC191,491,6248,0.0
SC191,6248,1283,0.0
SC191,1283,3818,0.0
SC191,3818,2055,0.0
SC191,2055,268,0.0
SC191,268,4883,0.0
SC191,4883,9598,0.0
SC191,9598,6254,0.0
SC191,6254,6252,0.0
SC191,6252,6253,0.0
SC191,6253,2197,0.0
SC191,2197,5752,0.0
SC191,5752,5751,0.0
SC191,5751,1501,0.0
SC191,1501,8315,0.0
SC191,8315,6793,0.0
SC191,6793,7203,0.0
SC191,7203,2304,0.0
SC191,2304,2300,0.0
SC191,2300,2298,0.0
SC191,2298,33,0.0
SC191,33,34,0.0
SC191,34,26,0.0
SC191,26,29,0.0
SC191,29,30,0.0
SC191,30,12182,0.0
SC193,12233,12234,0.0
SC193,12234,7110,0.0
SC193,7110,8823,0.0
SC193,8823,2975,0.0
SC193,2975,7449,0.0
SC193,7449,793,0.0
SC193,793,2666,0.0
SC193,2666,2667,0.0
SC193,2667,2523,0.0
SC193,2523,6827,0.0
SC193,6827,5084,0.0
SC193,5084,5159,0.0
SC193,5159,414,0.0
SC193,414,417,0.0
SC193,417,416,0.0
SC193,416,1638,0.0
SC193,1638,8400,0.0
SC193,8400,9360,0.0
SC193,9360,6336,0.0
SC193,6336,2457,0.0
SC193,2457,2195,0.0
SC193,2195,6071,0.0
SC193,6071,10373,0.0
SC193,10373,4960,0.0
SC193,4960,4965,0.0
SC193,4965,4966,0.0
SC193,4966,7755,0.0
SC193,7755,4952,0.0
SC193,4952,4958,0.0
SC193,4958,11862,0.0
SC193,11862,12232,0.0
SC193,12232,12235,0.0
SC195,30,5129,0.0
SC195,5129,5127,0.0
SC195,5127,2996,0.0
SC195,2996,2997,0.0
SC195,2997,4886,0.0
SC195,4886,4887,0.0
SC195,4887,4878,0.0
SC195,4878,5183,0.0
SC195,5183,4452,0.0
SC195,4452,5021,0.0
SC195,5021,5019,0.0
SC195,5019,3151,0.0
SC195,3151,3149,0.0
SC195,3149,3150,0.0
SC195,3150,3511,0.0
SC195,3511,3510,0.0
SC195,3510,6468,0.0
SC195,6468,6071,0.0
SC195,6071,7755,0.0
SC195,7755,4958,0.0
SC195,4958,11980,0.0
SC195,11980,12075,0.0
SC195,12075,11846,0.0
SC195,11846,11863,0.0
SC195,11863,5128,0.0
SC195,5128,11850,0.0
SC195,11850,4885,0.0
SC195,4885,11865,0.0
SC195,11865,11851,0.0
SC195,11851,5020,0.0
SC203,4958,4952,0.0
SC203,4952,7755,0.0
SC203,7755,1925,0.0
SC203,1925,1982,0.0
SC203,1982,640,0.0
SC203,640,6455,0.0
SC203,6455,2113,0.0
SC203,2113,2624,0.0
SC203,2624,3299,0.0
SC203,3299,170,0.0
SC203,170,4939,0.0
SC203,4939,3393,0.0
SC203,3393,9081,0.0
SC203,9081,274,0.0
SC203,274,2462,0.0
SC203,2462,4884,0.0
SC203,4884,5279,0.0
SC203,5279,5282,0.0
SC203,5282,7724,0.0
SC203,7724,3820,0.0
SC203,3820,2715,0.0
SC203,2715,1260,0.0
SC203,1260,4234,0.0
SC203,4234,5099,0.0
SC203,5099,5115,0.0
SC203,5115,3514,0.0
SC203,3514,190,0.0
SC203,190,8041,0.0
SC203,8041,3887,0.0
SC203,3887,3885,0.0
SC203,3885,3886,0.0
SC203,3886,9985,0.0
SC203,9985,12236,0.0
SC203,12236,12237,0.0
SC203,12237,12238,0.0
SC203,12238,12239,0.0
SC205,2624,3392,0.0
SC205,3392,3644,0.0
SC205,3644,5355,0.0
SC205,5355,74,0.0
SC205,74,82,0.0
SC205,82,77,0.0
SC205,77,8647,0.0
SC205,8647,391,0.0
SC205,391,8917,0.0
SC205,8917,2965,0.0
SC205,2965,7199,0.0
SC205,7199,2943,0.0
SC205,2943,5261,0.0
SC205,5261,5263,0.0
SC207,3885,9267,0.0
SCO87,6835,459,0.0
SCO87,459,248,0.0
SCO87,248,5954,0.0
SC197,5129,42,0.0
SC197,42,12203,0.0
SC197,11863,11864,0.0
SC197,11864,42,0.0
SC197,42,43,0.0
SC197,43,12203,0.0
SO610,255,5856,0.0
SO610,5856,5855,0.0
SO250,3337,5649,0.0
SO250,5649,5773,0.0
SO250,5773,2431,0.0
SO250,2431,9741,0.0
SO250,9741,5040,0.0
SO250,5040,8256,0.0
SO250,8256,6664,0.0
SO250,6664,6670,0.0
SO250,6670,6665,0.0
SO250,6665,6666,0.0
SO250,6666,6669,0.0
SO250,6669,6444,0.0
SO250,6444,11770,0.0
SO250A,3979,8963,0.0
SO250A,8963,8965,0.0
SO250A,8965,3337,0.0
SO250B,8961,8962,0.0
SO250B,8962,8964,0.0
SO250B,8964,573,0.0
SO250B,573,8963,0.0
SO250B,8963,8965,0.0
SO250B,8965,5649,0.0
SO250B,5649,11981,0.0
SO250B,11981,575,0.0
SO250C,5649,7283,0.0
SO250D,11197,1959,0.0
SO250D,1959,5773,0.0
SO500,9639,573,0.0
SO500,573,572,0.0
SO500,572,571,0.0
SO500,571,574,0.0
SO500,574,7283,0.0
SO500,7283,1957,0.0
SO500,1957,11197,0.0
SO500,11197,9688,0.0
SO500,9688,487,0.0
SO500,487,488,0.0
SO500,488,8905,0.0
SO500,8905,8909,0.0
SO500,8909,6649,0.0
SO500,6649,9265,0.0
SO500,9265,8120,0.0
SO500,8120,11198,0.0
SO500,11198,8390,0.0
SO500,8390,11199,0.0
SO500,11199,10210,0.0
SO500,10210,3047,0.0
SO500,3047,8039,0.0
SO500,8039,11200,0.0
SO500,11200,7464,0.0
SO500,7464,7465,0.0
SO500,7465,7463,0.0
SO500,7463,8485,0.0
SO500,8485,2099,0.0
SO500,2099,6046,0.0
SO500,6046,7652,0.0
SO500,7652,7649,0.0
SO500,7649,3009,0.0
SO500,3009,7960,0.0
SO500,7960,7959,0.0
SO500,7959,4533,0.0
SO500,4533,4023,0.0
SO500,4023,9349,0.0
SO500,9349,2205,0.0
SO500,2205,9165,0.0
SO500,9165,11201,0.0
SO500,11201,10837,0.0
SO500,10837,10833,0.0
SO500,10833,10834,0.0
SO500,10834,10829,0.0
SO500,10829,9160,0.0
SO500,9160,10830,0.0
SO500,10830,10831,0.0
SO500,10831,484,0.0
SO500,484,485,0.0
SO500,485,2192,0.0
SO500,2192,4782,0.0
SO500,4782,10447,0.0
SO500,10447,5064,0.0
SO500,5064,1448,0.0
SO500,1448,4135,0.0
SO500,4135,7350,0.0
SO500,7350,5727,0.0
SO500,5727,11202,0.0
SO500,11202,1134,0.0
SO500,1134,11774,0.0
SO500,11774,11775,0.0
SO500,11775,11776,0.0
SO500,11776,4026,0.0
SO500,4026,11986,0.0
SO500,11986,11987,0.0
SO500,11987,12026,0.0
SO500,12026,3044,0.0
SO500,3044,12027,0.0
SO500,12027,12027,0.0
SO500,12027,7468,0.0
SO500,7468,7460,0.0
SO500,7460,12028,0.0
SO500,12028,12029,0.0
SO500,12029,12030,0.0
SO500,12030,12111,0.0
SO500,12111,12032,0.0
SO500,12032,12033,0.0
SO500,12033,12034,0.0
SO500,12034,12035,0.0
SO500,12035,3006,0.0
SO500,3006,12036,0.0
SO500,12036,4024,0.0
SO500,4024,4027,0.0
SO500,4027,4025,0.0
SO500,4025,9159,0.0
SO500,9159,12038,0.0
SO500,12038,9161,0.0
SO500,9161,4779,0.0
SO500,4779,4785,0.0
SO500,4785,4783,0.0
SO500,4783,4784,0.0
SO500,4784,7352,0.0
SO500,7352,12039,0.0
SO500,12039,12040,0.0
SO500,12040,5725,0.0
SO500,5725,5726,0.0
SO500,5726,12041,0.0
SO500,12041,12042,0.0
SO500,12042,12043,0.0
SO500,12043,12044,0.0
SO500,12044,12045,0.0
SO500,12045,12046,0.0
SO500,12046,12047,0.0
SO500,12047,12048,0.0
SO500,12048,9164,0.0
SO500,9164,9167,0.0
SO500,9167,3046,0.0
SO500,3046,3045,0.0
SO500,3045,10642,0.0
SO500,10642,9163,0.0
SO500,9163,12131,0.0
SO500,12131,12131,0.0
SO500,12131,1133,0.0
SO500,1133,12037,0.0
SO500,12037,9170,0.0
SO500,9170,9172,0.0
SO500,9172,1135,0.0
SO500,1135,12186,0.0
SO500,12186,12187,0.0
SO500A,11198,8119,0.0
SO500B,2192,279,0.0
SO500C,7350,4555,0.0
SO500C,4555,7352,0.0
SO500C,7352,4559,0.0
SO510,5627,5626,0.0
SO510,5626,5616,0.0
SO510,5616,8547,0.0
SO510,8547,7988,0.0
SO510,7988,1077,0.0
SO510,1077,6577,0.0
SO510,6577,6574,0.0
SO510,6574,1250,0.0
SO510,1250,4495,0.0
SO510,4495,3507,0.0
SO510,3507,9059,0.0
SO510,9059,7085,0.0
SO510,7085,237,0.0
SO510,237,6662,0.0
SO510,6662,6661,0.0
SO510,6661,8390,0.0
SO510,8390,8119,0.0
SO510,8119,9768,0.0
SO510,9768,9654,0.0
SO510,9654,9672,0.0
SO510,9672,2393,0.0
SO510,2393,8994,0.0
SO510,8994,674,0.0
SO510,674,500,0.0
SO510,500,3217,0.0
SO510,3217,12019,0.0
SO510,12019,12020,0.0
SO510,12020,12021,0.0
SO510,12021,12022,0.0
SO510,12022,6660,0.0
SO510,6660,12014,0.0
SO510,12014,12015,0.0
SO510,12015,12016,0.0
SO510,12016,12017,0.0
SO510,12017,12018,0.0
SO510,12018,8049,0.0
SO510,8049,8395,0.0
SO510,8395,12023,0.0
SO510,12023,8394,0.0
SO510,8394,12024,0.0
SO510,12024,12025,0.0
SO510,12025,9766,0.0
SO510,9766,2427,0.0
SO510A,2428,11203,0.0
SO510A,11203,9059,0.0
SO510B,6662,6661,0.0
SO510B,6661,10210,0.0
SO510B,10210,12014,0.0
SO510B,12014,12015,0.0
SO510B,12015,12016,0.0
SO510B,12016,12017,0.0
SO510B,12017,12018,0.0
SO520,9165,10835,0.0
SO520,10835,10836,0.0
SO520,10836,2206,0.0
SO520,2206,4788,0.0
SO520,4788,3377,0.0
SO520,3377,5520,0.0
SO520,5520,4537,0.0
SO520,4537,4539,0.0
SO520,4539,4540,0.0
SO520,4540,4542,0.0
SO520,4542,4545,0.0
SO520,4545,1825,0.0
SO520,1825,766,0.0
SO520,766,7457,0.0
SO520,7457,214,0.0
SO520,214,317,0.0
SO520,317,318,0.0
SO520,318,3506,0.0
SO520,3506,3505,0.0
SO520,3505,1148,0.0
SO520,1148,1736,0.0
SO520,1736,1737,0.0
SO520,1737,3604,0.0
SO520,3604,1020,0.0
SO520,1020,6756,0.0
SO520,6756,7985,0.0
SO520,7985,3206,0.0
SO520,3206,10318,0.0
SO520,10318,4158,0.0
SO520,4158,11777,0.0
SO520,11777,9158,0.0
SO520,9158,12013,0.0
SO520,12013,1734,0.0
SO520,1734,12188,0.0
SO520,12188,12189,0.0
SO520A,3506,11204,0.0
SO530,11200,8082,0.0
SO530,8082,7585,0.0
SO530,7585,9605,0.0
SO530,9605,10088,0.0
SO530,10088,6948,0.0
SO530,6948,4634,0.0
SO530,4634,4635,0.0
SO530,4635,5539,0.0
SO530,5539,2842,0.0
SO530,2842,3095,0.0
SO530,3095,12012,0.0
SO530,12012,8083,0.0
SO540,4635,3070,0.0
SO540,3070,4278,0.0
SO540,4278,2182,0.0
SO540,2182,803,0.0
SO540,803,377,0.0
SO540,377,376,0.0
SO540,376,3230,0.0
SO540,3230,1659,0.0
SO540,1659,3929,0.0
SO540,3929,1495,0.0
SO540,1495,9564,0.0
SO550,7649,7651,0.0
SO550,7651,11142,0.0
SO550,11142,6758,0.0
SO550,6758,3815,0.0
SO550,3815,3069,0.0
SO550,3069,7234,0.0
SO550,7234,5440,0.0
SO550,5440,9372,0.0
SO550,9372,9367,0.0
SO550,9367,9375,0.0
SO550,9375,9368,0.0
SO550,9368,7643,0.0
SO550,7643,12010,0.0
SO550,12010,12011,0.0
SO560,7649,7664,0.0
SO560,7664,1406,0.0
SO560,1406,2571,0.0
SO560,2571,2904,0.0
SO560,2904,3821,0.0
SO560,3821,7644,0.0
SO560,7644,7665,0.0
SO560,7665,7663,0.0
SO590,5064,7193,0.0
SO590,7193,2090,0.0
SO590,2090,5490,0.0
SO590,5490,8725,0.0
SO590,8725,3781,0.0
SO590,3781,695,0.0
SO590,695,7255,0.0
SO590,7255,10014,0.0
SO590,10014,4403,0.0
SO590,4403,3018,0.0
SO590,3018,11785,0.0
SO590,11785,11786,0.0
SO590,11786,3017,0.0
SO590,3017,3020,0.0
SO590,3020,3019,0.0
SO590,3019,3016,0.0
SO590,3016,12190,0.0
SO600,10014,7471,0.0
SO600,7471,7472,0.0
SO600,7472,6687,0.0
SO600,6687,2084,0.0
SO600,2084,2450,0.0
SO600,2450,720,0.0
SO600,720,8762,0.0
SO600,8762,8764,0.0
SO600,8764,8770,0.0
SO600,8770,8765,0.0
SO600,8765,8771,0.0
SO600,8771,1001,0.0
SO600,1001,8768,0.0
SO600,8768,4139,0.0
SO600,4139,4140,0.0
SO600,4140,4141,0.0
SO600,4141,4138,0.0
SO600,4138,6889,0.0
SO600,6889,9227,0.0
SO600,9227,2733,0.0
SO600,2733,7938,0.0
SO600,7938,255,0.0
SO600,255,4416,0.0
SO600,4416,360,0.0
SO620,12276,12277,0.0
SO620,12277,1134,0.0
SO620,1134,11202,0.0
SO620,11202,1131,0.0
SO620,1131,6154,0.0
SO620,6154,3348,0.0
SO620,3348,5490,0.0
SO620,5490,8725,0.0
SO620,8725,8131,0.0
SO620,8131,6557,0.0
SO620,6557,6556,0.0
SO620,6556,6554,0.0
SO620,6554,11205,0.0
SO620,11205,1390,0.0
SO620,1390,8086,0.0
SO620,8086,12191,0.0
SO620A,11205,6555,0.0
SO620A,6555,11778,0.0
SO630,1134,4555,0.0
SO630,4555,147,0.0
SO630,147,7399,0.0
SO630,7399,3605,0.0
SO630,3605,8728,0.0
SO630,8728,8280,0.0
SO630,8280,5613,0.0
SO630,5613,3302,0.0
SO630,3302,10314,0.0
SO630,10314,10467,0.0
SO630,10467,10468,0.0
SO630,10468,2915,0.0
SO630,2915,3841,0.0
SO630,3841,239,0.0
SO630,239,318,0.0
SO630,318,11204,0.0
SO630,11204,5782,0.0
SO630,5782,11779,0.0
SO630,11779,1126,0.0
SO630,1126,12006,0.0
SO630,12006,12007,0.0
SO630,12007,1136,0.0
SO630,1136,1127,0.0
SO630,1127,4557,0.0
SO630,4557,4561,0.0
SO630,4561,12008,0.0
SO630,12008,4556,0.0
SO630,4556,10466,0.0
SO630,10466,10466,0.0
SO630,10466,5784,0.0
SO630,5784,5783,0.0
SO630,5783,12009,0.0
SO630,12009,11681,0.0
SO630,11681,5780,0.0
SO640,964,1148,0.0
SO640,1148,963,0.0
SO640,963,965,0.0
SO645,574,3337,0.0
SO645,3337,10211,0.0
SO645,10211,9642,0.0
SO645,9642,1951,0.0
SO645,1951,8261,0.0
SO645,8261,2567,0.0
SO645,2567,1719,0.0
SO645,1719,7052,0.0
SO650,488,8910,0.0
SO650,8910,8913,0.0
SO650,8913,9503,0.0
SO650,9503,10215,0.0
SO650,10215,10216,0.0
SO650,10216,3693,0.0
SO650,3693,2428,0.0
SO650,2428,2427,0.0
SO650,2427,769,0.0
SO650,769,591,0.0
SO650,591,12110,0.0
SO650,12110,12004,0.0
SO650,12004,8911,0.0
SO650,8911,2425,0.0
SO650,2425,12003,0.0
SO650,12003,12192,0.0
SO650,12192,12193,0.0
SO650A,2427,6662,0.0
SO650A,6662,6660,0.0
SO660,7463,11206,0.0
SO660,11206,5181,0.0
SO660,5181,9981,0.0
SO660,9981,9982,0.0
SO660,9982,1645,0.0
SO660,1645,1643,0.0
SO660,1643,1644,0.0
SO660,1644,12122,0.0
SO660,12122,12123,0.0
SO660A,7463,11206,0.0
SO660A,11206,7661,0.0
SO660A,7661,2100,0.0
SO660A,2100,9783,0.0
SO660A,9783,1831,0.0
SO660A,1831,5085,0.0
SO660A,5085,9079,0.0
SO660A,9079,9106,0.0
SO660A,9106,12121,0.0
SO660A,12121,9105,0.0
SO660A,9105,12129,0.0
SO680,11714,7988,0.0
SO680,7988,7987,0.0
SO680,7987,6860,0.0
SO680,6860,7051,0.0
SO680,7051,7155,0.0
SO680,7155,11207,0.0
SO680,11207,3072,0.0
SO680,3072,6498,0.0
SO680,6498,9502,0.0
SO680,9502,8907,0.0
SO680,8907,8908,0.0
SO680,8908,8906,0.0
SO680,8906,3256,0.0
SO680,3256,6105,0.0
SO680,6105,4344,0.0
SO680,4344,2394,0.0
SO680,2394,8994,0.0
SO680,8994,1746,0.0
SO680,1746,3300,0.0
SO680,3300,3218,0.0
SO680,3218,343,0.0
SO680,343,5484,0.0
SO680,5484,1053,0.0
SO680,1053,2841,0.0
SO680,2841,4362,0.0
SO680,4362,6843,0.0
SO680,6843,9703,0.0
SO680,9703,4535,0.0
SO680,4535,4540,0.0
SO680,4540,9499,0.0
SO680,9499,11999,0.0
SO680,11999,12001,0.0
SO680,12001,12002,0.0
SO680,12002,12000,0.0
SO680,12000,4541,0.0
SO680,4541,12194,0.0
SO680A,4257,9502,0.0
SO680A,9502,4256,0.0
SO680B,9502,9503,0.0
SO680C,9502,10215,0.0
SO680C,10215,9500,0.0
SO680D,8908,8909,0.0
SO680E,8905,8906,0.0
SO700,8906,9385,0.0
SO700,9385,4769,0.0
SO700,4769,10023,0.0
SO700,10023,9807,0.0
SO700,9807,10024,0.0
SO700,10024,8437,0.0
SO700,8437,6261,0.0
SO700,6261,8245,0.0
SO700,8245,8995,0.0
SO700,8995,10422,0.0
SO700,10422,8994,0.0
EA1325A,4308,2045,0.0
EA1325A,2045,11208,0.0
EA1325A,11208,2510,0.0
EA1325A,2510,4067,0.0
EA1325A,4067,4566,0.0
EA1325A,4566,8276,0.0
EA1325A,8276,9756,0.0
EA1325A,9756,8173,0.0
EA1325A,8173,9693,0.0
EA1325A,9693,7839,0.0
EA1325A,7839,2040,0.0
EA1325A,2040,8987,0.0
EA1325A,8987,8988,0.0
EA1325A,8988,8989,0.0
EA1325A,8989,1553,0.0
EA1325A,1553,6572,0.0
EA1325A,6572,6576,0.0
EA1325A,6576,6571,0.0
EA1325A,6571,6570,0.0
EA1325A,6570,6575,0.0
EA1325A,6575,11209,0.0
EA1325A,11209,6574,0.0
EA1325A,6574,11210,0.0
EA1325A,11210,6569,0.0
EA1325B,1553,7729,0.0
EA1325B,7729,6781,0.0
EA1327,8988,3155,0.0
EA1327,3155,6860,0.0
SO600,6890,10014,0.0
SO600,10014,7471,0.0
SO600,7471,7472,0.0
SO600,7472,6687,0.0
SO600,6687,2084,0.0
SO600,2084,2450,0.0
SO600,2450,720,0.0
SO600,720,8762,0.0
SO600,8762,8764,0.0
SO600,8764,8770,0.0
SO600,8770,8765,0.0
SO600,8765,8767,0.0
SO600,8767,1001,0.0
SO600,1001,8768,0.0
SO600,8768,4139,0.0
SO600,4139,4140,0.0
SO600,4140,4141,0.0
SO600,4141,4138,0.0
SO600,4138,6889,0.0
SO600,6889,9227,0.0
SO600,9227,2733,0.0
SO600,2733,10025,0.0
SO600,10025,7938,0.0
SO600,7938,255,0.0
SO600,255,4416,0.0
SO600,4416,360,0.0
