id,tiploc,name
1,None,None
2,Unknown,Unknown
3,AACHEN,Aachen
4,ABCWM,Abercwmboi
5,ABDAPEN,Penywaun
6,ABDARE,Aberdare
7,ABDATRE,Trecynon
8,ABDO,Aberdour
9,ABDVY,Aberdovey
10,ABER,Aber
11,ABGLELE,Abergele & Pensarn
12,ABGNWYN,Abergynolwyn
13,ABHLJN,Abbeyhill Jn
14,ABHLTB,Abbeyhill Turnback Sidings
15,ABINCE,Abington C.E.
16,ABINDPL,Abington D.P.L.
17,ABINDS,Abington Down Sidings
18,ABINGTN,Abington
19,ABINUPL,Abington U.P.L.
20,ABNGHST,Abingdon High Street
21,ABNGSTR,Abingdon Stratton Way
22,ABRBEG,Aberbeeg
23,ABRC187,Abercynon Signal A187
24,ABRCJN,Abercynon Junction
25,ABRCYNS,Abercynon
26,ABRD27,Aberdeen Sig A27
27,ABRD75,Aberdeen Signal A75
28,ABRD77,Aberdeen Signal A77
29,ABRDCH,Aberdeen Clayhills Car.M.D
30,ABRDEEN,Aberdeen
31,ABRDFDS,Aberdeen Ferryhill Dn Sdgs
32,ABRDFGL,Aberdeen Ferryhill GL
33,ABRDFJN,Aberdeen Ferryhill Jn
34,ABRDFUS,Aberdeen Ferryhill Up Sdgs
35,ABRDGBR,Aberdeen Guild Street GBRF
36,ABRDNDS,Aberdeen Guild St DRS
37,ABRDNHS,Aberdeen H.S.
38,ABRDNS,Aberdeen North Siding
39,ABRDPDK,Aberdeen Parcels Dock
40,ABRDRSL,Aberdeen Russell J.G.
41,ABRDSVC,Aberdeen Service Co
42,ABRDWAT,Aberdeen Waterloo
43,ABRDWGB,Aberdeen Waterloo (GBRF)
44,ABRE,Abererch
45,ABRFRWD,Aberffrwd
46,ABRGPGN,Penpergwn
47,ABRGS38,Abergavenny Sig 38
48,ABRGUS,Abergavenny Up Sidings
49,ABRGVNY,Abergavenny
50,ABRPGWM,Aberpergwm
51,ABRYAFO,Afon Wen L.C.
52,ABRYRRL,Aberystwyth Run Round Loop
53,ABRYSHE,Aberystwyth Shell Sdgs
54,ABRYSNS,Aberystwyth Stn Sdgs
55,ABRYSTH,Aberystwyth
56,ABTH,Aberthaw
57,ABTH222,Aberthaw Signal AW222
58,ABTH231,Aberthaw Signal AW231
59,ABTH433,Aberthaw Sig CF3433
60,ABTH440,Aberthaw Sig CF3440
61,ABTHA13,Aberthaw Signal A13
62,ABTHA39,Aberthaw Signal A39
63,ABTHLAF,Aberthaw Cement Works
64,ABTHOSD,Aberthaw N.P.Oil Sdg
65,ABTHPS,Aberthaw Power Station
66,ABTHPST,Aberthaw Pwr Stn Fliner Hvy Hl
67,ABTHRCP,Aberthaw Rec Sdgs
68,ABTHWCC,Aberthaw Cement Works - ABTHWCC
69,ABTSWDJ,Abbotswood Jn
70,ABWD,Abbey Wood
71,ACBG,Acton Bridge
72,ACGJN,Acton Grange Jn
73,ACGJNLX,Norton LC (Acton Grange)
74,ACHANLT,Achanalt
75,ACHERES,Acheres
76,ACHHBLC,Balnacra LC
77,ACHHSHL,Achnashellach
78,ACHILCK,Auchinleck
79,ACHLDH,Acheildh
80,ACHNGRY,Auchengray
81,ACHNSCE,Achnasheen C.E.
82,ACHNSHN,Achnasheen
83,ACKLNGT,Acklington
84,ACLE,Acle
85,ACOCKSG,Acocks Green
86,ACRNGTN,Accrington
87,ACTCWHF,Acton Canal Wharf
88,ACTNCTL,Acton Central
89,ACTNLRG,Acton Lane Rec Sdgs GBRf
90,ACTNLRS,Acton Lane Reception Sdgs
91,ACTOEWS,Acton Yard EWS
92,ACTOGBR,Acton Yard GBRF
93,ACTOLHS,Acton Loco Holding Sidings
94,ACTONFY,ACTON FOSTER YEOMAN
95,ACTONML,Acton Main Line
96,ACTONTC,Acton T.C.
97,ACTONW,Acton West
98,ACTRNED,Achterneed
99,ACWL105,Acton Wells Signal AW105
100,ACWL149,Acton Wells Jn SIG AW149
101,ACWL150,Acton Wells Jn SIG AW150
102,ACWLJN,Acton Wells Jn
103,ADERLYP,Adderley Park
104,ADIEWEL,Addiewell
105,ADISHAM,Adisham
106,ADLC,Adlington (Cheshire)
107,ADLESTJ,Addlestone Jn
108,ADLESTN,Addlestone
109,ADNL,Adlington (Lancashire)
110,ADSWDRD,Adswood Road Jn
111,ADWICK,Adwick
112,ADWICKJ,Adwick Jn
113,AGCRFTJ,Agecroft Jn
114,AGHTNPH,Aughton Park
115,AIGBURT,Aigburth
116,AINSDAL,Ainsdale
117,AINT206,Aintree Signal 1206
118,AINTREE,Aintree
119,AINTSFJ,Aintree Sefton Jn
120,AIRBLES,Airbles
121,AIRD754,Airdrie Signal YS754
122,AIRDCS,Airdrie Carriage Sdg.
123,AIRDRIE,Airdrie
124,AIRP,Airport (Newcastle)
125,AISGILL,Ais Gill
126,AISHXO,Aish Emergency Crossover
127,ALBION,Albion Gulf Oil Depot
128,ALBNFCL,Albany Park-Footscray Lane
129,ALBNHV,Albany Park-Hrst Rd/Val Av
130,ALBNYPK,Albany Park
131,ALBRGHT,Albrighton
132,ALDB337,Aldersbrook Signal 337/354
133,ALDBUCS,Aldersbrook CS
134,ALDEDGE,Alderley Edge
135,ALDGEST,Aldgate East LT
136,ALDGTLT,London Aldgate
137,ALDMCE,Aldermaston Tip (CE)
138,ALDMSPS,Aldermaston Padworth Sdgs
139,ALDMSTN,Aldermaston
140,ALDR371,Aldershot Signal WK1371
141,ALDR378,Aldershot Signal WK1378
142,ALDRS15,Aldershot Signal AS15
143,ALDRS16,Aldershot Signal AS16
144,ALDRSHT,Aldershot
145,ALDRSJN,Aldershot North Jn
146,ALDRSJS,Aldershot South Jn
147,ALDTON,Aldrington
148,ALDW109,Sheffield SIG S.1092
149,ALDW721,Roundwood Chord Sig S721
150,ALDW738,Aldwarke Junction Sig S738
151,ALDWGBF,Aldwgbf
152,ALDWNWS,Aldwarke U.E.S.
153,ALDWRKJ,Aldwarke Jn
154,ALDWRML,Roundwood B.S.C. 11' Mill
155,ALDWRS,Aldwarke Repair Sidings
156,ALERTN,Liverpool South PW HL
157,ALERTN4,Alerton Signal AN4
158,ALERTNJ,Allerton Jn
159,ALERTNS,Allerton Depot
160,ALEXNDP,Alexandra Palace
161,ALEXPSS,Alexandra Palace Sand Sdg
162,ALFRETN,Alfreton
163,ALLENSW,Allens West
164,ALLEURL,Urlay Nook Crossover
165,ALLGARC,Allington A.R.C. Sdg.
166,ALLGREV,Allington A.R.C Reverse
167,ALLOA,Alloa
168,ALLOALP,Alloa Loop
169,ALMNUES,Alnmouth Up Engineers Sidings
170,ALNESS,Alness
171,ALNGEJN,Allington East Jn
172,ALNGJN,Allington West Jn
173,ALNGNJN,Allington North Jn
174,ALNMILL,Little Mill LC
175,ALNMOTH,Alnmouth
176,ALRESFD,Alresford (Essex)
177,ALRSBUS,Alresford (Swan)
178,ALRSFRD,Alresford (Hants)
179,ALRWAS,Alrewas L.C.
180,ALSAEJN,Alsager East Jn
181,ALSAGER,Alsager
182,ALSAUDG,Alsager Up & Dn Gds Loop
183,ALSCGF,Allscott GF
184,ALSCTSW,Allscott Sdgs
185,ALSCUPT,Upton Magna
186,ALSHAM,Aylesham
187,ALSTONS,Alstone C.H.S.
188,ALTFTJN,Altofts Jn
189,ALTHORN,Althorne
190,ALTNBRC,Altnabreac
191,ALTNCCE,Altnabreac C.E.
192,ALTOBUS,Alton (High Street)
193,ALTON,Alton
194,ALTPE,Althorpe
195,ALTPKC,Keadby Canal
196,ALTRNHM,Altrincham
197,ALTT,Alton Towers
198,ALVCHRC,Alvechurch
199,ALVCRLP,Alvechurch Red Lion Pub
200,ALVES,Alves Jn
201,ALXANDR,Alexandria
202,ALXNJTC,Alexandra Dock Jn. T.C.
203,ALXNUDG,Alexandra Docks UDG
204,ALXPD,Alexandra Parade
205,AMBERGJ,Ambergate Jn
206,AMBERGT,Ambergate
207,AMBEWIN,Wingfield
208,AMBRIEU,Amberieu
209,AMERMWD,Mantles Wood
210,AMERSHM,Amersham
211,AMIENS,Amiens
212,AMLWCH,Amlwch
213,AMLWOCT,Amlwch Assoctd Octel Sdg
214,AMLY,Amberley
215,AMMANFD,Ammanford
216,AMNG294,AMINGTON JN SIG NL1294
217,AMNG459,AMINGTON JN SIG NL9459
218,AMNG462,AMINGTON JN SIG NL9462
219,AMNG485,Amington Jn Sig NL5485
220,AMNG487,AMINGTON JN SIG NL3487
221,AMNG488,Amington Jn Sig NL5488
222,AMNG490,AMINGTON JN SIG NL3490
223,AMNGTNJ,Amington Jn
224,AMPFLD,Ampfield (School)
225,AMPTNLS,Ampthill Tunnels
226,AMSTDAM,Amsterdam Cs
227,AMSTSCH,Amsterdam Schiphol
228,ANAT,Annat
229,ANCAHON,Honington
230,ANCASTR,Ancaster
231,ANDO202,Andover Shunt Signal BE5202
232,ANDOKMR,Andover Sidings
233,ANDOLSB,Ludgershall Branch Stop Board
234,ANDOVER,Andover
235,ANDOYD,ANDOVER YARD
236,ANDRSTN,Anderston
237,ANERLEY,Anerley
238,ANGELRD,Angel Road
239,ANGMRNG,Angmering
240,ANGOLEM,Angouleme
241,ANGRFHH,Angerstein Wharf FLHH
242,ANGRMAR,Angerstein Wharf - Marcon
243,ANGRSTJ,Angerstein Jn
244,ANGRSTW,Angerstein Wharf
245,ANGRTAR,Angerstein Wharf (Tarmac)
246,ANNADRS,Annan DRS ISU
247,ANNAN,Annan
248,ANNBANK,Annbank
249,ANSDELL,Ansdell & Fairhaven
250,ANSL,Anniesland
251,ANSL3,Anniesland Platform 3
252,ANSTYXR,Ansty Cross Roads
253,APBY,Appleby
254,APBYNE,Appleby North East Sidings
255,APDR,Appledore (Kent)
256,APERLYJ,Apperley Jn
257,APLHRSJ,Applehurst Jn
258,APLYBDG,Appley Bridge
259,APLYBGW,Appley Bridge Wimpey
260,APPLEFD,Appleford
261,APPLEFS,Appleford Sidings
262,APPLEFX,Appleford L.C.
263,APPLEGB,Appleford SDGS (GBRf)
264,APPLFHH,Appleford FHH
265,APSLEY,Apsley
266,ARAS,Arras
267,ARBRCVR,Arbroath Crossover
268,ARBROTH,Arbroath
269,ARBRURS,Arbroath U.R.S.
270,ARCHAME,Arrochar & Tarbet URS AMEC
271,ARCHRAT,Arrochar & Tarbet
272,ARCHRCE,Arrochar & Tarbert C.E.
273,ARDEGH,Ardleigh
274,ARDGAY,Ardgay
275,ARDGAYC,Ardgay C.E.
276,ARDLUCE,Ardlui C.E.
277,ARDLUI,Ardlui
278,ARDNFHH,Ardingly Hanson Aggregates
279,ARDNGLY,Ardingly
280,ARDRSDS,Ardrossan E.M.U. Sdg
281,ARDRSHB,Ardrossan Harbour
282,ARDRSSB,Ardrossan South Beach
283,ARDRSTN,Ardrossan Town
284,ARDWCK,Ardwck
285,ARDWCKJ,Ardwick Jn
286,ARDWICK,Ardwick
287,ARDWKEJ,Ardwick East Jn
288,ARDWKEY,Ardwick East Yard
289,ARDWTMD,Ardwick T.M.D.
290,ARGYLST,Argyle Street
291,ARISAIG,Arisaig
292,ARISCE,Arisaig C.E.
293,ARKLSTE,ARKLESTON EAST 
294,ARKLSTJ,Arkleston Jn
295,ARKLSTW,ARKLESTON WEST
296,ARKS814,Arksey Signal D814
297,ARKS815,Arksey Signal D815
298,ARKSEYL,Arksey Loop
299,ARKW,Arklow
300,ARLEY,Arley
301,ARLON,Arlon
302,ARLSCAD,Cadwell
303,ARLSEY,Arlesey
304,ARMADLE,Armadle (Skye)
305,ARMDALE,Armadale
306,ARMITAG,Armitage
307,ARMLJCN,Armley Junction
308,ARMTHWT,Armathwaite
309,ARNSIDE,Arnside
310,ARPLEYJ,Arpley Jn
311,ARPLEYS,Arpley Sidings
312,ARPLHOL,Warrington Appley (Hole)
313,ARPLSHS,Arpley H.S.
314,ARPLYFA,Warrington Fuelling Point
315,ARPNRD,Warrington Arpley NC RDS
316,ARRAM,Arram
317,ARUNDEL,Arundel
318,ARUNDLJ,Arundel Jn
319,ARUNLRD,Arundel London Road
320,ASBRDGE,Ash Bridge Junction
321,ASCO501,Ascot Signal F501
322,ASCO504,Ascot Signal F504
323,ASCO506,Ascot Signal F506
324,ASCODS,Ascot Down Siding
325,ASCOT,Ascot
326,ASCTUWD,Ascott-under-Wychwood
327,ASFDMSX,Ashford (Surrey)
328,ASFIELD,Ashfield
329,ASFRDBY,Asfordby Colliery
330,ASHBAWS,Ardwick West Sdgs (EWS)
331,ASHBEWS,Ashburys (EWS)
332,ASHBFHH,Ashburys LaFarge (FLHH)
333,ASHBREJ,Ashburys East Jn
334,ASHBRSB,Ashburys S.B.
335,ASHBRSY,Ashburys S.S.
336,ASHBRWJ,Ashburys West Jn
337,ASHBRYS,Ashburys
338,ASHC453,Ashchurch Signal G453
339,ASHCHRC,Ashchurch
340,ASHCMOD,Ashchurch MOD Sidings
341,ASHCWGF,Ashchurch War Dept G.F.
342,ASHCWTF,Ashchurch War Dept G.F. - ASHCWTF
343,ASHD,Ashtead
344,ASHF119,Ashford Signal AD2119
345,ASHF871,Ashford Signal AD871
346,ASHF878,Ashford Signal AD878
347,ASHFAJN,Ashford A Junction
348,ASHFCEJ,Ashford East Jn (CTRL)
349,ASHFCR,Ashford Crane Depot
350,ASHFCWJ,Ashford West Jn (CTRL)
351,ASHFDNS,Ashford Down Sidings
352,ASHFDYW,Ashford Down Yd Washer Rd
353,ASHFEBS,Ashford East Berthing Sdgs
354,ASHFEJN,Ashford East Junction
355,ASHFKCY,Ashford Down Yard Cantebury End
356,ASHFKDY,Ashford Down Yard
357,ASHFKGR,Ashford Maidstone Loop
358,ASHFKI,Ashford International (ASHFKI)
359,ASHFKPD,Ashford P.A.D.
360,ASHFKY,Ashford International (ASHFKY)
361,ASHFUPS,Ashford Up Sidings
362,ASHFWJN,Ashford West Junction
363,ASHGTNJ,Ashington Jn
364,ASHH,Ash
365,ASHH331,Ash Signal GD1331
366,ASHIMKS,Ashton In Makerfield K.S.
367,ASHIMSB,Ashton in M Stop Board
368,ASHJ335,Ashton Jn Signal B335
369,ASHJGAT,Ashton Gate
370,ASHJN,Ashton Jn
371,ASHJNCE,Ashton Junction (CE)
372,ASHLEY,Ashley
373,ASHONUL,Ashton-under-Lyne
374,ASHTMNJ,Ashton Moss North Jn
375,ASHUBUS,Ashurst Bald Face Stag PH
376,ASHUJN,Ashurst Jn
377,ASHURST,Ashurst
378,ASHV408,Ash Vale Sig WK408
379,ASHVALE,Ash Vale
380,ASHWELC,Ashwell & Morden
381,ASKAM,Askam
382,ASKRNLC,Norton Level Crossing
383,ASLCKTN,Aslockton
384,ASLYBJN,Astley Bridge Jn
385,ASPLEYG,Aspley Guise
386,ASPTBRA,Brayton
387,ASPTRIA,Aspatria
388,ASTLEY,Astley
389,ASTON,Aston
390,ASTOSTJ,Aston South Jn
391,ATADALE,Attadale
392,ATHERTN,Atherton
393,ATHH,Ath
394,ATHLNEY,Athelney Crossing
395,ATHRSTN,Atherstone
396,ATLB431,Attleborough Jn Sig RN3431
397,ATLB533,Attleborough Jn Sig RN9533
398,ATLBRJN,Attleborough Jn
399,ATLBRNJ,Attleborough North Jn
400,ATLBSHI,Shilton
401,ATNBRO,Attenborough
402,ATNBROJ,Attenborough Jn
403,ATTLBON,Attleborough
404,ATTREWS,Attercliffe Sdgs EWS
405,ATTRFHH,Attercliffe Sdgs FHH
406,ATTRMGS,Attercliffe M&G
407,ATTSTEM,Attercliffe Stone Teml D&C
408,AUCHTDR,Auchterarder
409,AUCHTER,Auchterarder
410,AUDLEYE,Audley End
411,AULDGTH,Auldgirth
412,AULNOYE,Aulnoye
413,AVEBRED,Avebury Red Lion
414,AVIEA29,Aviemore Signal A29
415,AVIEDRS,Aviemore DRS ISU (CE)
416,AVIEMRE,Aviemore
417,AVIEMRS,Aviemore (Speyside)
418,AVIEURS,Aviemore URS ISU (CE)
419,AVIGCMT,Avignon C M T
420,AVIGVIL,Avignon Ville
421,AVNCLFF,Avoncliff
422,AVONBEN,Avonmouth Bennetts Siding
423,AVONBHT,Avonmouth BBHT Coal Silos
424,AVONCOL,Avonmouth Coal Silo (COLAS)
425,AVONCT,Avonmouth Ctr Termal EWS
426,AVONDKJ,Avonmouth Dock Jn
427,AVONHAN,Avonmouth Hansons Siding
428,AVONMCM,Avonmouth Chittening Estate
429,AVONMTH,Avonmouth
430,AVONNP2,Avonmouth Ntl Pwr Silo 2
431,AVONNPT,Avonmouth National Power
432,AVONRCK,Avonmouth Rockingham Road
433,AVONWFH,Avonmouth West Wharf (FHH)
434,AVONWWF,Avonmouth No.5 Wharf EWS
435,AWRE,Awre
436,AXMNSEJ,Axminster East Junction
437,AXMNSSA,Axminster Station Approach
438,AXMNSTR,Axminster
439,AXMNSTS,Axminster Station
440,AXMNSWJ,Axminster West Junction
441,AYLESFD,Aylesford
442,AYLS302,Aylesbury Signal ME302
443,AYLS792,Aylesbury Signal ME792
444,AYLSBCH,Aylesbury Branch Siding
445,AYLSBRS,Aylesbury (Sdgs 1 - 7)
446,AYLSBRY,Aylesbury
447,AYLSCCD,Aylesbury C.C.D.
448,AYLSDMU,Aylesbury D.M.U. Depot
449,AYLSNL,Aylesbury North Loop
450,AYLSPWY,Aylesbury Vale Parkway
451,AYLSVJN,Aylesbury Vale Junction
452,AYLSWAD,Waddesdon Manor
453,AYNH501,Aynho Jn Sig  BS501
454,AYNH502,Aynho Signal BS5002
455,AYNHOJ,Aynho Jn
456,AYNHPKJ,Aynho Park Jn
457,AYNHUGL,Aynho Up Goods Loop
458,AYRR,Ayr
459,AYRR335,Ayr Signal PA335
460,AYRR853,Ayr Sig PA853
461,AYRR859,Ayr Sig 859
462,AYRRABP,Ayr Harbour A.B.P.
463,AYRRCSD,Ayr C.S.D.
464,AYRRFHH,Ayr Harbour FHH
465,AYRRHBR,Ayr Harbour
466,AYRRSTE,Ayr S.& T.E.
467,AYRRTMD,Ayr Depot
468,AYRRWRD,Ayr W.R.D.
469,AYSHMS,Aylsham South
470,BABWTHL,Babworth Loop
471,BACHE,Bache
472,BADMTN,Badminton
473,BAGE,Burnage
474,BAGLYFJ,Baguley Fold Jn
475,BAGSHOT,Bagshot
476,BAGWDES,Desford
477,BAGWJRS,Bagworth Jn Refuge Sdgs
478,BAGWKM,Kirby Muxloe
479,BAGWTHJ,Bagworth Jcn
480,BAILDON,Baildon
481,BAISIEU,Baisieux (Sncf/Sncb Brdr)
482,BAKECH,Chatsworth House
483,BAKEWEL,Bakewell Square
484,BALCMTJ,Balcombe Tunnel Jn
485,BALCOMB,Balcombe
486,BALDOCK,Baldock
487,BALHAM,Balham
488,BALHJN,Balham Jn
489,BALISTN,Baillieston
490,BALLOCH,Balloch
491,BALMOSS,Balmossie
492,BALSHWL,Balshaw Lane
493,BAMFORD,Bamford
494,BANAVIE,Banavie
495,BANG37,Bangor Sig. BR37
496,BANGOR,Bangor (Gwynedd)
497,BANGRCS,Bangor C. S.
498,BANGRTC,Bangor Tunnel Cement
499,BANSBUS,Banstead (Firtree Road)
500,BANSTED,Banstead
501,BARACE,Barassie C.E.
502,BARADPL,Barassie Jn DPL
503,BARAFHH,Barrassie FHH
504,BARASCP,Shewalton Coup C.E.
505,BARASIE,Barassie
506,BARASIJ,Barassie Jn
507,BARAUGL,Barassie Jn UGL
508,BARCEMR,Barcelona El Morrot
509,BARDFHH,Bardon Hill Quarry FHH
510,BARDGBR,Bardon Hill GBRF
511,BARDHBR,Bardon Hill B.R. Sdgs
512,BARDHGF,Bardon Hill Ground Frame
513,BARDNHQ,Bardon Hill Quarry
514,BARDONH,Bardon Hill
515,BARELA,Bare Lane
516,BARELAJ,Bare Lane Junction
517,BARGOED,Bargoed
518,BARGSDG,Bargoed Viaduct Sidings
519,BARH379,Barham Ground Sig C01379
520,BARHAM,Barham
521,BARHFHH,Barham FHH
522,BARK103,Barking Signal 1103
523,BARK104,Barking Signal 1104
524,BARKADV,Barking Advenza Freight
525,BARKG1P,Barking No 1 Platform
526,BARKG21,Barking Signal BK 21
527,BARKG7P,Barking No7 Platform
528,BARKGLT,Barking LT
529,BARKING,Barking
530,BARKNGJ,Barking Station Junction
531,BARKUPJ,Barking Upney Junction
532,BARLSOP,Barlaston Orchard Place
533,BARLSTN,Barlaston
534,BARMING,Barming
535,BARN090,Barnes Signal W1090
536,BARNES,Barnes
537,BARO54,Barrow-In-Furness Sig 52/53/54
538,BAROSHJ,Salthouse Jn
539,BAROW,Barrow-in-Furness
540,BAROWCS,Barrow-in-Furness CS
541,BAROWEW,Barrow Docks (ABP)
542,BAROWHS,Barrow-in-Furness HS
543,BAROWOS,Barrow-on-Soar
544,BAROWRD,Barrow Ramsden Dock
545,BAROWYD,Barrow-in-Furness TC
546,BARRABP,Barry Docks ABP Shipment
547,BARRB49,Barry Signal B49
548,BARRBPC,Barry Docks Zeon
549,BARRDCG,Barry Docks Dow Chemicals
550,BARRDGL,Barry Down Goods Loop
551,BARRDNS,Barry DKS ABP Nonshipment
552,BARRDUN,Barry Docks Dunn Bros
553,BARREWS,Barry Docks EWS
554,BARRHEX,Barry Docks Hexion
555,BARRSMT,Barry Docks Samat Terminal
556,BARRY,Barry
557,BARRYDK,Barry Docks
558,BARRYIS,Barry Island
559,BARWHVN,Barrow Haven
560,BASCSDG,Baschurch Sidings
561,BASEL,Basel
562,BASESGG,Basel Sbb Gb Gti
563,BASFORD,Basford (Notts)
564,BASILDN,Basildon
565,BATABAL,Bat & Ball
566,BATHBUS,Bath Spa Bus Station
567,BATHGSL,Bath Goods Loop
568,BATHRTS,Bath A.C.C. R.T.S.
569,BATHSPA,Bath Spa
570,BATLEY,Batley
571,BATRPHS,Battersea Pier C.H.S.
572,BATRSH,Battersea Pier Staff Halt
573,BATRSPJ,Battersea Pier Jn.
574,BATRSPK,Battersea Park
575,BATRSYD,Battersea Loop
576,BATT2XO,Battle No 2 Xover
577,BATTLE,Battle
578,BAYFORD,Bayford
579,BAYHORS,Bay Horse
580,BBGHGL,Barton & Broughton Pass Loop
581,BCHBKFM,Beechbrook Farm Loop
582,BCHGRV,Birchgrove
583,BCKFOOT,Beckfoot
584,BCKJN,Buckland Jn
585,BCKLWCS,Buckley Wells CS(E.L.RLY)
586,BCKN607,Beckenham Jn Signal VS607
587,BCKNBUS,Beckenham Jn (Up Side-Bus)
588,BCKNDSG,Beckenham Down Sidings
589,BCKNHMH,Beckenham Hill
590,BCKNHMJ,Beckenham Junction
591,BCKNMJC,Beckenham Junction (C)
592,BCKWATR,Blackwater
593,BCKY,Buckley
594,BCNGNOS,Birchington-on-Sea
595,BCNSFLD,Beaconsfield
596,BCNSWHI,Whitehouse Tunnel
597,BCST189,Bicester North Signal 189
598,BCST192,Bicester North Signal 192
599,BCST196,Bicester Signal ME2034
600,BCSTARD,Ardley
601,BCSTBLA,Blackthorne
602,BCSTBUS,Bicester Bure Place
603,BCSTCOD,Bicester C.O.D
604,BCSTES,Bicester North ENG SDG
605,BCSTGF,Bicester C.O.D. G.F.
606,BCSTLRD,Bicester London Rd L.C.
607,BCSTN,Bicester North
608,BCSTRTN,Bicester Town
609,BCSTUS,Bicester North Turnback Sidings
610,BCWD,Bricket Wood
611,BDENJT,Burnden Jn
612,BDHMNRD,Bedhampton (New Road)
613,BDHMPTN,Bedhampton
614,BDICK,Brodick
615,BDLNMHJ,Marcheys House Jn
616,BDLNTNS,Bedl'Ton Furnaceway Sdgs
617,BDLNTNX,Bedlington Nth. L.C.
618,BDMNSTR,Bedminster
619,BDST544,Bidston Signal 1544
620,BDSTNEJ,Bidston East Jn
621,BDSTON,Bidston
622,BDSTSDG,Bidston Sidings
623,BDWTHMS,Bedworth Murco Sdgs
624,BEAL,Beal L.C.
625,BEALSMA,Smeafield
626,BEAMMLJ,Beam Mill Jn.
627,BEARLEY,Bearley
628,BEARLYJ,Bearley Jn
629,BEASDAL,Beasdale
630,BEATCE,Beattock Down Siding
631,BEATCK,Beattock
632,BEATCKS,Beattock Summit
633,BEATDNS,Beattock Down Sdgs
634,BEATDPL,Beattock D.P.L.
635,BEATSDL,Beattock Summit D.P.L.
636,BEATSUL,Beattock Summit U.P.L.
637,BEATUPL,Beattock U.P.L.
638,BEATUPS,Beattock Up Sdgs
639,BEATUSS,Beattock Up Summit Sdgs
640,BEAULY,Beauly
641,BEBNGTN,Bebington
642,BECCLES,Beccles
643,BECKBPA,Walkeringham B.P.A.
644,BECKGHM,Beckingham Loop
645,BECKHAX,Haxey & Epworth Crossover
646,BECNTRE,Becontree
647,BEDF603,Bedford Signal 603
648,BEDFBUS,Bedford Bus Station
649,BEDFDCD,Bedford Cauldwell Depot
650,BEDFDCS,Bedford C S
651,BEDFDJS,Bedford Jowett Sdgs
652,BEDFDM,Bedford
653,BEDFDN,Bedford North Jn.
654,BEDFDNS,Bedford North Sidings
655,BEDFDS,Bedford South Jn.
656,BEDFDWR,Bedford Wash Road
657,BEDFEGS,Bedford Engineers Sdgs
658,BEDFMIL,Millbrook
659,BEDWGF,Bedworth Ground Frame
660,BEDWRTH,Bedworth
661,BEDYN,Bedwyn
662,BEDYNRS,Bedwyn Reversing Siding
663,BEGHEAL,Beighton Depot E Allen
664,BEGHFHH,Westthorpe Run Round (FHH)
665,BEGHTJN,Beighton Jn
666,BEGHTND,Beighton Depot
667,BEGHTSJ,Beighton Station Jn
668,BEGHWES,Westthorpe Run Round
669,BEKSBRN,Bekesbourne
670,BELFDRS,Belford Down Recess SDGS
671,BELFORD,Belford L.C.
672,BELFTS,Belford Tamper Siding
673,BELINGS,Bealings
674,BELM,Belmont
675,BELN688,Bellingham Signal VS688
676,BELNGHM,Bellingham
677,BELNGMS,Bellingham Siding
678,BELPER,Belper
679,BELTLC,Belmont Level Crossing
680,BELVEDR,Belvedere
681,BELWTRJ,Bellwater Jn. S.B.
682,BEMPSPE,Speeton
683,BEMPTON,Bempton
684,BENFLET,Benfleet
685,BENHACE,Benhar Jn C.E.
686,BENHARJ,Benhar Jn
687,BENIFAY,Benifayo-Almosafes
688,BENTKIL,Killingworth
689,BENTMET,Benton (metro)
690,BENTON,Benton Nth Jn
691,BEREALS,Bere Alston
692,BEREFRS,Bere Ferrers
693,BERKHMD,Berkhamsted
694,BERRYB,Berry Brow
695,BERWICK,Berwick
696,BESCRLA,Bescar Lane
697,BESJGL,Bedford St Johns G.L.
698,BESJOHN,Bedford St.Johns
699,BESSCRJ,Bessacarr Jn
700,BEST344,Beeston Signal 344
701,BEST918,Beeston SIG TN4918
702,BEST931,Beeston SIG TN4931
703,BESTFHH,Beeston Sims Metals FHH
704,BESTGBR,Beeston Sims Metals GBRf
705,BESTHST,Beeston Headshunt
706,BESTNCS,Beeston Cement Sdgs
707,BESTNMC,Beeston Sims Mcintyre Ltd
708,BESTNNJ,Beeston North Jn
709,BESTNSJ,Beeston South Jn
710,BESTON,Beeston
711,BESTONS,Beeston Sidings
712,BESTRR,Beeston Run Round
713,BESTTSB,Beeston Castle & T.S.B.
714,BETLRSB,Betley Road SB
715,BETSYCD,Betws-y-Coed
716,BETTMBG,Bettembourg
717,BEVERLY,Beverley
718,BEWDLEY,Bewdley
719,BEXHGF,Bexhill Ground Frame
720,BEXHILL,Bexhill
721,BEXLEY,Bexley
722,BGEDSLJ,BARGOED SINGLE LINE JN
723,BGHD,Burghead
724,BGHDDCL,Burghead D.C.L.
725,BGLAN,Baglan
726,BGLNBBP,Baglan Bay BP Cheml EWS
727,BGLNBC,Baglan Bay (COLAS)
728,BGLNBPF,Baglan Bay BP Chem Flin HH
729,BGLNRPT,BAGLAN BAY RPT (COLAS)
730,BGLWECC,Burngullow E.C.C.
731,BGLWFHH,Burngullow (FLHH)
732,BGLWJN,Burngullow Jn
733,BGOALAN,Bridge of Allan
734,BGRN,Barnt Green
735,BGSDEAY,Bogside (Ayrshire)
736,BGSDEJN,Bogside Junction
737,BHAM190,B'HAM MOOR ST SIG WM190
738,BHAM459,B'ham Snow Hill Signal 459
739,BHAMAIR,Birmingham Airport
740,BHAMINJ,Bham Inter N Jn
741,BHAMINT,Birmingham International
742,BHAMISJ,Bham Inter S Jn
743,BHAMJEW,Jewellry Quarter
744,BHAMMRS,Birmingham Moor Street
745,BHAMMS2,Birmingham Moor St Sidings 2
746,BHAMMSS,Birmingham Moor Street Siding 1
747,BHAMNBL,Birmingham New St Ballast
748,BHAMNEC,Birmingham Int'l Bus Station
749,BHAMNHS,Birmingham New Street H.S.
750,BHAMNWS,Birmingham New Street
751,BHAMQHS,Birmingham Queens Head
752,BHAMSHT,Birmingham Snowhill Turnback Sdg
753,BHAMSNH,Birmingham Snow Hill
754,BHAMSYJ,Duddeston Jn
755,BHILLPK,Bush Hill Park
756,BHLP,Barnhill (Perth)
757,BICK626,Bickley Signal VS626
758,BICKLEY,Bickley
759,BICKLYJ,Bickley Jn
760,BIGL235,Biggleswade Sig K235
761,BIGLPL,Biggleswade Plasmor
762,BIGLSWD,Biggleswade
763,BILBROK,Bilbrook
764,BILE572,Liverpool Street Sig L572
765,BILERCY,Billericay
766,BILSHST,Billingshurst
767,BINGHAM,Bingham
768,BIRCHWD,Birchwood
769,BIRKBCK,Birkbeck
770,BISHPBA,Bishopton Brit. Aerospace
771,BISHPTN,Bishopton
772,BISLND,Burntisland
773,BISLNDJ,Burntisland Jn
774,BITERNE,Bitterne
775,BKBY,Brocklesby Jn
776,BKDLE,Birkdale
777,BKHLS,Brockholes
778,BKNELL,Bucknell
779,BKNH16,Brockenhurst Signal BH16
780,BKNH62,Brockenhurst Signal BH62
781,BKNHDS,Brockenhurst Down Siding
782,BKNHRST,Brockenhurst
783,BKNHUPS,Brockenhurst Up Siding
784,BKSWELL,Berkswell
785,BLACKWL,Blackwell
786,BLAE2GF,Blaenau Ffestiniog No.2 GF
787,BLAE4GF,Blaenau Ffestiniog No.3 GF
788,BLAENAU,Blaenau Ffestiniog
789,BLAIRHL,Blairhill
790,BLAKEDN,Blakedown
791,BLANTYR,Blantyre
792,BLAR34,Blair Atholl Sig 3-4
793,BLARATH,Blair Atholl
794,BLARDS,Blair Atholl Down Sidings
795,BLAYDON,Blaydon
796,BLBGJN,Blatchbridge Jn
797,BLCHSRD,Blackhorse Road
798,BLCKNCS,Blackpool North Car MD
799,BLCKNHS,Blackpool North H.S.
800,BLCKPB,Blackpool Pleasure Beach
801,BLCKPLN,Blackpool North
802,BLCKS,Blackpool South
803,BLCMJN,Blackham Jn.
804,BLDHU,Baldhu
805,BLEASBY,Bleasby
806,BLEMOR,Blea Moor
807,BLEMUGL,Blea Moor U.G.L.
808,BLENCWM,Blaencwm
809,BLFAIRS,Belfairs Bus
810,BLFD,Blackford
811,BLFDDCE,Blackford Down Sdg ISU CE
812,BLFDUS,Blackford Up Siding
813,BLFR,London Blackfriars
814,BLFR688,Blackfriars Signal VS688
815,BLFRCHS,Blackfriars C.H.S.
816,BLFRJN,Blackfriars Jn
817,BLFSGPO,Belfast G.P.O.
818,BLFSTCL,Belfast Central
819,BLFSTDQ,Belfast Donegall Quay
820,BLFSTPT,Belfast Port
821,BLFSTYR,Belfast Yorkgate
822,BLGR783,Bellgrove Sig YS783
823,BLGR785,Bellgrove Sig YS785
824,BLGRVE,Bellgrove
825,BLHSJN,Blackhouse Jn
826,BLIEURD,Beaulieu Road
827,BLKB,Blackburn
828,BLKB444,Blackburn Signal 444
829,BLKBBBJ,Blackburn Bolton Branch Jn
830,BLKBBFG,Blackburn Pg Fogarty
831,BLKBBRS,Blackburn Bolton Road Sdg
832,BLKBDJN,Daisyfield Jn.
833,BLKBELS,Blackburn East Lancs Sdgs
834,BLKBNBJ,Blackburn Bolton Jn
835,BLKBNHS,Blackburn H.S.
836,BLKBNTS,Blackburn Taylor Street
837,BLKBSHS,Blackburn Station H.S.
838,BLKHTH,Blackheath
839,BLKRDGE,Blackridge
840,BLKST,Blake Street
841,BLLINUG,Ballinluig
842,BLLVUE,Belle Vue
843,BLNDLAC,Blundellsands & Crosby
844,BLNGHM,Billingham
845,BLNGHMJ,Billingham Jn
846,BLNGMAR,Billingham Marcroft Eng
847,BLNGRFS,Billingham RFS Eng
848,BLNNBLP,Bryteg Loading Pad
849,BLNRHND,Blaenrhondda
850,BLOX103,Bloxwich Signal 103
851,BLOXN,Bloxwich North
852,BLOXSB,Bloxwich Signal Box
853,BLOXWCH,Bloxwich
854,BLRD,Blackrod
855,BLRDSB,Blackrod Jn S.B.
856,BLSHL,Bellshill
857,BLSVCL,Bolsover Coalite
858,BLSVCW,Bolsover C&W EWS
859,BLSVFHH,Bolsover Coalite (FHH)
860,BLTC76,Bletchley Sig 76 (Dn Fast)
861,BLTCCAM,Bletchley Cambridge Sdngs
862,BLTCCE,Bletchley CE Sdgs
863,BLTCCS,Bletchley C.S.
864,BLTCDGL,Bletchley Up and Down Relief 1
865,BLTCDRJ,Bletchley Drayton Road Jn
866,BLTCDS,Bletchley Down Sidings
867,BLTCFJN,Bletchley Flyover Jn
868,BLTCHFS,Bletchley Field Sidings
869,BLTCHLY,Bletchley
870,BLTCHSJ,Bletchley South Jn
871,BLTCHTS,Bletchley Hopper Sidings
872,BLTCSN,Bletchley Shunt Neck
873,BLTCSOF,Bletchley Smt of Flyover
874,BLTCSTE,Bletchley ISU (S&TE)
875,BLTCTMD,Bletchley T.M.D.
876,BLTCUDG,Bletchley Up & Down Goods
877,BLTCUGL,Bletchley Up and Down Relief 2
878,BLTCWL,Bletchley Swanbourne Sdg
879,BLTCYD,Bletchley Yard
880,BLTNODR,Bolton-Upon-Dearne
881,BLTRNAB,Beltring
882,BLUANCR,Blue Anchor (X)
883,BLUEANC,Blue Anchor
884,BLWLOC,Blindwells Opencast
885,BLYBCRL,Cresswell
886,BLYBDGE,Blythe Bridge
887,BLYBLLC,Leigh Level Crossing
888,BLYTCPS,Cambois Powr Station Blyth
889,BLYTCW,Blyth EWS C&W
890,BLYTLIP,Blyth Cambois L.I.P.
891,BMBRBDG,Bamber Bridge
892,BMBRCE,Bamber Bridge ISU (CE)
893,BMBRRS,Bamber Bridge Eng Rec Sdg
894,BMBRWI,Bamber Bridge Whittle Int.
895,BMFRLNJ,Bamfurlong Jn
896,BMHL,Bramhall
897,BMLY,Bramley (Hants)
898,BNBR,Banbury
899,BNBR12,Banbury Signal 12
900,BNBR21,Banbury Signal 21
901,BNBR32,Bnbr32
902,BNBRCAT,Banbury Cattle Rd Sidings
903,BNBRJN,Banbury Jn
904,BNBRTS,Banbury Tamper Siding
905,BNBRUGL,Banbury Up Goods Loop
906,BNBRYD,Banbury Down Goods Loop
907,BNBRYFY,Banbury Reservoir F.Y.
908,BNBRYNB,Banbury North S.B.
909,BNBRYRA,Banbury Reservoir Rland A
910,BNBRYSB,Banbury South S.B.
911,BNBRYUS,Banbury Up Sidings
912,BNDO1,Brandon Signal B19
913,BNDO19,Brandon Shunt Signal B19
914,BNDO2,Brandon Signal B2
915,BNDODSD,Brandon Down Sidings
916,BNDODSU,Brandon Up Refuge Sidings
917,BNDON,Brandon
918,BNDONGL,Brandon Goods Loop
919,BNDSBPL,Bounds Green By Pass
920,BNDSGNY,Bounds Green New Yard
921,BNDSGRN,Bounds Green T&R.S.M.D
922,BNDSGRW,Bounds Green Washer
923,BNGRD,Bingham Road
924,BNGY,Bingley
925,BNHAM,Burnham
926,BNHL,Barnhill
927,BNHOUSE,Burnhouse (Mossend)
928,BNHTX,Bentley Heath Crossing
929,BNKHALL,Bank Hall
930,BNKJN,Bank Jn
931,BNRHYDN,Ben Rhydding
932,BNRTH,Bridgnorth
933,BNSBDGE,Barnes Bridge
934,BNSD,Burneside
935,BNSLY,Barnsley
936,BNTB27,Barnetby Signal BE27
937,BNTBDS,Barnetby Down Sidings
938,BNTBFHH,Barnetby Dn Recp Sdg (FHH)
939,BNTBRSF,Barnetby East Eng Sdg FP
940,BNTBUS,Barnetby Up Sidings
941,BNTBY,Barnetby
942,BNTEY,Bentley
943,BNTFORD,Brentford
944,BNTHAM,Bentham
945,BNTLEY,Bentley (Suffolk)
946,BNTNKCL,Bentinck Colly Sdgs
947,BNWDJN,Barnwood Jn
948,BNWDSDG,Barnwood Sdgs
949,BNWK,Brunswick
950,BOATOFG,Boat of Garten
951,BOCHUM,Bochum Hbf
952,BODMINS,Bodmin Siding
953,BODMNGS,Bodmin General Station
954,BODMNMF,Bodmin Mount Folly
955,BODMNPW,Bodmin Parkway
956,BODMTSB,Bodmin TSB Bus Stop
957,BODORGN,Bodorgan
958,BOGHTNJ,Boughton Jn
959,BOGN13,Bognor Regis Signal BR 13
960,BOGNBAL,Bognor Regis (Ballast)
961,BOGNCHS,Bognor Regis C.H.S
962,BOGNMR,Bognor Middle Road
963,BOGNORR,Bognor Regis
964,BOGNS55,Bognor Regis Signal BR55
965,BOGNSID,Bognor Sidings
966,BOGSTON,Bogston
967,BOKNTRE,Boat of Kintore
968,BOLGHVP,Boulogne Hoverport
969,BOLGNEM,Boulogne Maritime
970,BOLTNCS,Bolton C.S.
971,BOLTON,Bolton
972,BOMO,Bournemouth
973,BOMO011,Bournemouth Sig BC1011
974,BOMO21,Bournemouth Signal 21
975,BOMOCS,Bournemouth C.S.D.
976,BOMOCSD,Bournemouth T.&R.S.M.D
977,BOMODD6,Bournemouth Depot D6
978,BOMOEWS,Bournemouth T&RS Depot - EWS
979,BOMOHAP,Bournemouth Hurn Airport
980,BOMOMS,Bournemouth Middle Sdg
981,BOMOUPS,Bournemouth Up Siding
982,BOMOXTN,Bournemouth Extension
983,BONENDJ,Bourne End Jn (Herts)
984,BONNHBF,Bonn Hbf
985,BONSDPL,Bo'ness D.P.L.
986,BONSRPS,Bo'ness SRPS
987,BONSS,Bo'ness
988,BONSSGF,Bo'ness G.F.
989,BONSSJ,Bo'ness Jn
990,BOOKHAM,Bookham
991,BOORCCE,Bridge Of Orchy C.E.
992,BOORCHY,Bridge of Orchy
993,BOOT031,Bootle Jn Signal 1031
994,BOOT032,Bootle Jn Signal 1032
995,BOOTDUG,Bootle Down & Up Gds Line
996,BOOTLBJ,Bootle Branch Jn
997,BOOTLE,Bootle (Cumbria)
998,BOOTLEJ,Bootle Jn
999,BOOTLNS,Bootle New Strand
1000,BOOTLOR,Bootle Oriel Road
1001,BOPEEPJ,Bopeep Jn S.B.
1002,BORDBAS,Bordeaux-Bastide
1003,BORDON,Bordon Camp (Fire Station)
1004,BORDSTJ,Bordeaux St. Jean
1005,BORGSTM,Bourg St. Maurice
1006,BORMRKJ,Borough Market Jn
1007,BORN412,Bourne End Signal WT1412
1008,BORN414,Bourne End Signal WT1414
1009,BORN419,Bourne End Signal WT1419
1010,BORN421,Bourne End Signal WT1421
1011,BORNEND,Bourne End
1012,BOROBDR,Boroughbridge Rd. L.C.
1013,BORRVIA,Borrow Brook Viaduct
1014,BORTBOW,Bow Street
1015,BORTH,Borth
1016,BORTLLA,Llandre
1017,BORW303,Borough Green Signal ME303
1018,BORWDNL,Borough Green Down Loop
1019,BORWGAW,Borough Green & Wrotham
1020,BOSHAM,Bosham
1021,BOSTLFR,Boston Lafarge Redland
1022,BOSTNSS,Boston Station Sidings
1023,BOSTON,Boston
1024,BOSTOND,Boston Docks
1025,BOSTSLS,Boston Sleaford Sidings
1026,BOTESFD,Bottesford
1027,BOTESWJ,Bottesford West Jn
1028,BOTL295,Botley Signal E295
1029,BOTLEY,Botley
1030,BOTLYFY,Botley Aggregate Sdgs.
1031,BOULBYR,Boulby Potash Recp.
1032,BOULFHH,Boulby Mine Carlin How FHH
1033,BOURNVL,Bournville
1034,BOUTHMJ,Boultham Jn
1035,BOWBRKH,Bow Brickhill
1036,BOWD,Bow Depot
1037,BOWDECC,Bow ECCQ Private Sidings
1038,BOWDEWS,Bow Depot EWS Loop
1039,BOWDFHH,Bow Depot FLHH
1040,BOWDGBR,Bow Olympics (GBRf)
1041,BOWDMWR,Bow Midland Waste Recycling
1042,BOWDOLE,Bow East FLHH (Olympics)
1043,BOWDOLY,Bow Depot (Olympics)
1044,BOWERRL,Bowes Park R.R.L.
1045,BOWESPK,Bowes Park
1046,BOWJ,Bow Jn
1047,BOWJ506,Bow Jn Sig L5069
1048,BOWJB4S,Bow Jn B4 Signal
1049,BOWKERV,Bowker Vale
1050,BOWLESO,Bowling ESSO
1051,BOWLING,Bowling
1052,BOWSFLD,Bowesfield Jn.
1053,BOXHAWH,Box Hill & Westhumble
1054,BOXHBUS,Boxhill Burford Bdge Hotel
1055,BRACETC,Bracknell Emergency  X over
1056,BRACKNL,Bracknell
1057,BRADFS,Bradford Forster Square
1058,BRADHAM,Hammerton Street Loop
1059,BRADIN,Bradford Interchange
1060,BRAGJN,Bragbury Junction
1061,BRAINFP,Braintree Freeport
1062,BRAINTR,Braintree
1063,BRAMPTN,Brampton (Suffolk)
1064,BRANKSM,Branksome
1065,BRANS27,Branksome Signal 27
1066,BRAY,Bray
1067,BRBCNLT,Barbican
1068,BRBDGBR,Barnby Dun Rockware Glass GBRF
1069,BRBDNRG,Barnby Dun Rockware Glass
1070,BRBG,Bromford Bridge
1071,BRBGES,Bromford Bridge ESSO Sdg
1072,BRBGJN,Bromford Bridge Jn
1073,BRBGLP,Bromford Loop
1074,BRBM,Broadbottom
1075,BRBY,Brondesbury
1076,BRBYPK,Brondesbury Park
1077,BRCKLAJ,Bricklayers Arms Jn
1078,BRCLEJN,Brancliffe East Jn
1079,BRDFDJN,Bradford Jn
1080,BRDFDOA,Bradford-on-Avon
1081,BRDG80,Bridgwater Signal 80
1082,BRDGCRL,Bridgwater Charterail
1083,BRDGDUN,Dunball
1084,BRDGUGF,Bridgwater Up Sdg GF
1085,BRDGWTR,Bridgwater
1086,BRDGWUY,Bridgwater F.D
1087,BRDHRST,Braidhurst
1088,BRDHSTD,Braidhurst Down Loop
1089,BRDHSTU,Braidhurst Up Loop
1090,BRDING,Brading
1091,BRDLCAR,Carnaby
1092,BRDLNGT,Bridlington
1093,BRDNML,Bardon Mill
1094,BRDS,Bordesley
1095,BRDS732,Bordesley Signal LJ7326
1096,BRDSLSJ,Bordesley South Jn
1097,BRDSLYJ,Bordesley Jn.
1098,BRDSLYL,Bordesley Loop
1099,BRDSLYY,Bordsley T.C.
1100,BRDSMAT,Bordesley M.A.T.
1101,BRDSULP,BORDESLEY UP LOOP 
1102,BRDW564,Bradwell Jn Sig SOT564
1103,BRDWJN,Bradwell Junction
1104,BREADSL,Breadsall
1105,BREDBRY,Bredbury
1106,BREDFHH,Bredbury R.T.S. (FLHH)
1107,BREDRTS,Bredbury R.T.S.
1108,BREDTCN,Bredbury Tilcon
1109,BREICH,Breich
1110,BRENTCJ,Brent Curve Jn
1111,BREWRYS,Brewery Junction
1112,BRFLD,Bromfield
1113,BRFRY,Broughty Ferry
1114,BRFT,Broomfleet
1115,BRGBRSE,Bourg-en-Bresse
1116,BRGDDIE,Bargeddie
1117,BRGE462,Port Talbot SIG 3462
1118,BRGE602,Bridgend Signal PT602
1119,BRGE65,Bridgend Signal PT65
1120,BRGEDFS,Bridgend Ford Sidings
1121,BRGEFGF,Bridgend Ford Sidings G.F.
1122,BRGEFRS,Bridgend Ford Repair Sdgs
1123,BRGEND,Bridgend
1124,BRGG,Brigg
1125,BRGH257,Brighton Signal 1257
1126,BRGH277,Brighton Signal T 1277
1127,BRGH280,Brighton Signal T1280
1128,BRGHBAL,Brighton (Ballast)
1129,BRGHBUS,London Road(Ditchling Rse)
1130,BRGHLHS,Brighton L.H.S.
1131,BRGHLRD,London Road (Brighton)
1132,BRGHMHS,Brighton Montpelier C.H.S.
1133,BRGHRC,Brighton Reception Road
1134,BRGHTN,Brighton
1135,BRGHTTY,Brighton Down Siding
1136,BRGHWS,Brighton Wall Siding
1137,BRGLJN,Broughton Lane Jn
1138,BRHD,Barrhead
1139,BRHLDGF,Barrow Hill Down Goods (FLHH)
1140,BRHLFHH,Barrow Hill Up Sdgs No. 2 and 3
1141,BRHLFLH,Barrow Hill Up Siding No. 1
1142,BRHLJN,Barrow Hill North Jcn
1143,BRHLLFL,Barrow Hill Loco Shed FHH
1144,BRHLLIP,Barrow Hill L.I.P.
1145,BRHLRS,Barrow Hill S.S.
1146,BRHLSGF,Barrow Hill Staveley (FLHH)
1147,BRHLSJN,Barrow Hill South Jn
1148,BRHM,Barnham
1149,BRHM115,Barnham Signal BH115
1150,BRHM122,Barnham Signal BH122
1151,BRHMDS,Barnham Down Sdg
1152,BRHMUS,Barnham Up Sidings
1153,BRHOUSE,Brighouse
1154,BRIDGBR,Bridgeton Yard GBRf
1155,BRIDGTN,Bridgeton
1156,BRIDGYD,Bridgton Yard
1157,BRIDRP,Bridgeton RP GBRF
1158,BRIDYCW,Glasgow Bridgeton Yard C&W
1159,BRIERFL,Brierfield
1160,BRIGEWS,Briggs Siding (EWS)
1161,BRIGICI,Briggs I.C.I. Sdgs
1162,BRIGSSC,Briggs Sdgs(Dowlow Quarry)
1163,BRIMSDN,Brimsdown
1164,BRINKLW,Brinklow
1165,BRIRLYF,BRIERLEY HILL FLHH 
1166,BRIRLYH,Brierley Hill
1167,BRITFEE,Briton Ferry East
1168,BRITFRY,Briton Ferry
1169,BRITHDR,Brithdir
1170,BRITONF,Briton Ferry Yard
1171,BRITUFJ,Briton Ferry U.F.L. Jn.
1172,BRIXJN,Brixton Junction
1173,BRIXTON,Brixton
1174,BRKELEY,Berkeley C.E.G.B.
1175,BRKLNDS,Brooklands
1176,BRKMNPK,Brookmans Park
1177,BRKN564,Birkenhead North Signl 564
1178,BRKN570,Birkenhead North Signl 570
1179,BRKN574,Birkenhead North Signl 574
1180,BRKN577,Birkenhead North Signl 577
1181,BRKN601,Birkenhead North Signl 601
1182,BRKN717,Birkenhead Central Sig 717
1183,BRKN718,Birkenhead Central Sig 718
1184,BRKNCDS,Birkenhead Central C.S.
1185,BRKNCPK,Conway Park
1186,BRKNCVS,Birkenhead Cavendish T.C.
1187,BRKNDKS,Birkenhead Docks (MDHC)
1188,BRKNEWR,B'Head Nth Emud Washer Rd
1189,BRKNHDC,Birkenhead Central
1190,BRKNHDN,Birkenhead North
1191,BRKNHDP,Birkenhead Park
1192,BRKNIOM,Birkenhead 12 Quays
1193,BRKNMUD,Birkenhead North E.M.U.D
1194,BRKNUDS,B'Head Nth Emud Udts
1195,BRKRJUN,Berkeley Rd Jn
1196,BRKSTEJ,Barkston East Jn
1197,BRKSTSJ,Barkston South Jn
1198,BRKTNL,Birkett Tunnel
1199,BRKWDCE,Brookwood Country End
1200,BRKWDLE,Brookwood London End
1201,BRKWOOD,Brookwood
1202,BRLANDS,Berrylands
1203,BRLEYPK,Burley Park
1204,BRLYJN,Bradley Jn
1205,BRLYWJN,Bradley Wood Jn
1206,BRMB,Bromborough
1207,BRMBRK,Bromborough Rake
1208,BRMCRSS,Bromley Cross
1209,BRMHILL,Broomhills O.C.
1210,BRMHSJN,Holehouse Jn
1211,BRMLYSR,Bramley (West Yorkshire)
1212,BRMNDSY,Bermondsey LRT
1213,BRMOUTH,Barmouth
1214,BRMPTNC,Brampton (Cumbria)
1215,BRMPTNF,Brampton Fell
1216,BRMS463,Bromsgrove Sig. G463
1217,BRMSGRV,Bromsgrove
1218,BRMSUGL,Bromsgrove Up Goods Loop
1219,BRNAMKT,Burnham Market
1220,BRNBYJ,Barnsbury Junction
1221,BRNCHTN,Branchton
1222,BRNDANJ,Agecroft North Jn
1223,BRNDASJ,Agecroft South Jn
1224,BRNDFHH,Brindle Heath R.T.S. (FLHH)
1225,BRNDLHS,Brindle Heath Loop
1226,BRNDRTS,Brindle Heath R.T.S.
1227,BRNGTN,Brinnington
1228,BRNH532,Barnehurst Signal NK1532
1229,BRNHPSJ,Perry Street Fork Jn
1230,BRNHRST,Barnehurst
1231,BRNKNOL,Brent Knoll
1232,BRNMONC,Burnham-on-Crouch
1233,BRNNICI,Burn Naze I.C.I. Sdgs.
1234,BRNNVCM,Burn Naze Vcm Sdgs
1235,BRNNZHS,Burn Naze HS
1236,BRNSSDG,Barons Court Lay By Sidings
1237,BRNSTLT,Barons Court LT
1238,BRNSTPL,Barnstaple
1239,BRNSTPS,Barnstaple Station BS
1240,BRNSTSA,Branstaple Station Approach
1241,BRNTDS,Brentford Town Day &.Sons
1242,BRNTFDT,Brentford Town
1243,BRNTFHH,Brentford Town Days FLHH
1244,BRNTGBF,Brentford Town Days GBRf
1245,BRNTGLC,Brentfd Tn W.Waste R.T.S
1246,BRNWJBP,Barnwell Jn B.P.
1247,BRNYARM,Berney Arms
1248,BRNZETT,Brenzett
1249,BROADGR,Broad Green
1250,BROCKLY,Brockley
1251,BRODIE,Brodie
1252,BROHLME,Broadholme
1253,BROKGTS,Brookgate Sidings
1254,BROM617,Bromley South Signal VS617
1255,BROMBLT,Bromley-By-Bow LT
1256,BROMLYN,Bromley North
1257,BROMLYS,Bromley South
1258,BRONLPT,Angerstein Wharf (Bardon)
1259,BROOME,Broome
1260,BRORA,Brora
1261,BRORACE,Brora C.E.
1262,BRORALC,Brora L.C.
1263,BRORDLC,Dalchalm L.C.
1264,BROUCCL,Crabley Creek LC
1265,BROUGH,Brough
1266,BROUXO,Brough Crossover
1267,BROWDPL,Brownhill D.P.L.
1268,BROWNCE,Brownhill C.E.
1269,BROWNHJ,Brownhill Jn
1270,BROWUPL,Brownhill U.P.L.
1271,BROXBNJ,Broxbourne Jn
1272,BROXBNR,Broxbourne Recp.
1273,BROXBRN,Broxbourne
1274,BROXCGB,Broxbourne C.E.G.B.
1275,BROXDPL,Broxbourne Down Pass Loop
1276,BROXDSG,Broxbourne Down Tamper Sdg
1277,BROXS12,Broxbourne Sig L1226
1278,BROXS14,Broxbourne Sig L1484
1279,BROXS30,Broxbourne Signal Bn30
1280,BROXS31,Broxbourne Sig L5315
1281,BROXS53,Broxbourne Sig L5331
1282,BRRHL,Barrhill
1283,BRRYLNK,Barry Links
1284,BRSCGHB,Burscough Bridge
1285,BRSCGHJ,Burscough Junction
1286,BRSDE,Burnside
1287,BRSR,Broadstairs
1288,BRSS175,Bath Goods SIG B175
1289,BRSS242,BrIstol TM Sig. B242
1290,BRSS423,Bristol TM Signal 423
1291,BRSS442,Bristol B442 (Filton Chd)
1292,BRSTAIR,Bristol International Airport
1293,BRSTBRT,Barton Hill Fliner HH
1294,BRSTEDC,Bristol East Depot R.C.E
1295,BRSTEDT,Bristol East Depot DGL
1296,BRSTFLT,Bristol Freightliner Trml
1297,BRSTHLS,Bristol High Level Siding
1298,BRSTKFL,Bristol Kingsland Road FHH
1299,BRSTLBH,Bristol Barton Hill EWS
1300,BRSTLCW,Bristol Barton Hill W.R.D.
1301,BRSTLED,Bristol East Depot EWS
1302,BRSTLEJ,Bristol East Jn
1303,BRSTLKR,Bristol Kingsland Road
1304,BRSTLTM,Bristol Temple Meads
1305,BRSTLWJ,Bristol West Jn.
1306,BRSTMD,Bristol HSS
1307,BRSTMHL,Bristol TM High Level Sdg
1308,BRSTMJD,Bristol March Jn Depot
1309,BRSTMJG,Bristol Marsh Jn Up GF
1310,BRSTOUT,Bristl TM In/Out Road 553
1311,BRSTPL2,Bristol TM Plat 2 Motorail
1312,BRSTPUS,Bristol Pwy Rmt Spur
1313,BRSTPWY,Bristol Parkway
1314,BRSTSPU,Bristol Tm Loco Spur
1315,BRSTSTA,Bristol T.M. Stn. Approach
1316,BRSTSTE,Bristol Kingsland Rd S&TE
1317,BRTDGBF,Barton Dock Road (GBRF)
1318,BRTDRCB,Barton Dock Road C.B.
1319,BRTHMBR,Barton-on-Humber
1320,BRTJYC,Burton Joyce
1321,BRTLYJN,Birtley Jn
1322,BRTNFRM,Britannic Farm
1323,BRTPNT,Burton Point
1324,BRTWOOD,Brentwood
1325,BRUCGRV,Bruce Grove
1326,BRUNDAL,Brundall
1327,BRUNDLG,Brundall Gardens
1328,BRUSTAN,Brunstane
1329,BRUTON,Bruton
1330,BRUXFOR,Bruxelles Forest Depot
1331,BRUXMID,Bruxelles Midi
1332,BRWCGAL,Galashiels Bus Station
1333,BRWCKGL,Berwick Upon Tweed Gds Lp
1334,BRWCKUT,Berwick-upon-Tweed
1335,BRWCNDS,Berwick U T Nth Down Sdgs
1336,BRWHBEJ,Boldon East Jn
1337,BRWHBNJ,Boldon North Junction
1338,BRWHBWJ,Boldon West Jn
1339,BRWHINS,Brockley Whins
1340,BRWNASG,Anglesea Sidings
1341,BRWNHLS,Brownhills
1342,BRWRRTS,Barrow Road A.C.C. R.T.S
1343,BRYN,Bryn
1344,BRYSTNS,Braystones
1345,BSAUEJN,Bp Auckland E Jn
1346,BSAUKLD,Bishop Auckland
1347,BSAUWCP,Wolsingham Coal Handling Plant
1348,BSAUWEA,Bishop Auckland West
1349,BSBYJDG,"Bushbury Jn, D.G.L."
1350,BSBYJN,Bushbury Jn
1351,BSCTBRS,Bescot Ballast Reclaim STE
1352,BSCTCJN,Bescot Curve Jn
1353,BSCTESD,Bescot Engineers Sdgs
1354,BSCTHS,Bescot H.S.
1355,BSCTJN,Bescot Jn
1356,BSCTSPT,Bescot C&D Roads Spoil Tip
1357,BSCTSS,Bescot Storage Sidings
1358,BSCTSTA,Bescot Stadium
1359,BSCTTMD,Bescot T.M.D.
1360,BSCTUDG,Bescot Up and Down Goods
1361,BSCTULP,Bescot Up Loop
1362,BSCTURQ,Bescot Up Rec Sdgs V.Q.
1363,BSCTUYD,Bescot Up Yard
1364,BSCTYD,Bescot Yard
1365,BSDN,Bearsden
1366,BSEAFST,Battersea Festival
1367,BSHB,Bishopbriggs
1368,BSHPSCH,Charrington CCD
1369,BSHPSCS,Bishops Stortford CS
1370,BSHPSFD,Bishops Stortford
1371,BSHPSFY,Bishops Stortford Recp.
1372,BSHPSUL,Bishop Stortford Up Loop
1373,BSNG105,Basingstoke Signal B5105
1374,BSNG106,Basingstoke Signal B5106
1375,BSNG109,Basingstoke Signal B5109
1376,BSNGBME,Basingstoke Barton Mill E
1377,BSNGDES,Basingstoke Dn E End Sdg
1378,BSNGSBM,Basingstoke Bartn Ml C.S.D
1379,BSNGSDR,Basingstoke Down Yard
1380,BSNGSEB,Basingstoke East Bay
1381,BSNGSNY,Basingstoke North Yard
1382,BSNGSTK,Basingstoke
1383,BSNGSUR,Basingstoke West Yard
1384,BSNGW34,Basingstoke Signal BE547
1385,BSNGW36,Basingstoke Signal BE549
1386,BSPSBUS,Bishops Lydeard L Arms
1387,BSPSGBR,Bishops Lydeard GBRf
1388,BSPSHIT,Bishops Lydeard Hithermead
1389,BSPSLYD,"Bishops Lydeard, WS Rwy"
1390,BSSN,Bishopstone
1391,BSSNBUS,Bishopstone (Hill Rise)
1392,BSTBARN,Besses-O'-Th'-Barn
1393,BSTD,Bearsted
1394,BSTED19,Bury St Edmunds Sig BY 19
1395,BSTEDCM,Bury St Edmunds Ctrl Mtnce dpt
1396,BSTEDGL,Bury St Edmunds DGL
1397,BSTEDMR,Bury St Edmunds Recp.
1398,BSTEDMS,Bury St.Edmunds
1399,BSTEFHH,Bury St Edmunds FHH
1400,BSTETAR,Bury St. Edmunds FD Tarmac
1401,BSTNGF,Bayston Hill G.F.
1402,BSTNHQ,Bayston Hill Quarry
1403,BSTWDPJ,Bestwood Park Jn
1404,BTCHBUS,Betchworth (A25)
1405,BTCHUCE,Betchworth Up CE Siding
1406,BTCHWTH,Betchworth
1407,BTGBJN,Brentingby Jn
1408,BTHG031,Bathgate Sig 2031
1409,BTHGATE,Bathgate
1410,BTHGCSD,Bathgate LMD
1411,BTHGEJ,Bathgate East Jn
1412,BTHGMAT,Bathgate M.A.T.
1413,BTHGTC,Bathgate T.C.
1414,BTHLYJN,Barthomley Jn
1415,BTHM202,Bathampton Signal B202
1416,BTHM502,Bathampton Sig. B502
1417,BTHMPTJ,Bathampton Jn
1418,BTHNLGE,Bethnal Green East Jn
1419,BTHNLGN,Bethnal Green North Jn
1420,BTHNLGR,Bethnal Green
1421,BTHNLGW,Bethnal Green West Jn
1422,BTLRSLA,Butlers Lane
1423,BTLSBDG,Battlesbridge
1424,BTLYJN,Bentley Jn
1425,BTLYSY,Bentley (S.Yorks)
1426,BTLYXO,Bentley Crossover
1427,BTNULH,Barton U Needwood LH Group
1428,BTNUNMD,Barton Under Needwood RSMD
1429,BTNUNNJ,Barton Under Needwood North Jn
1430,BTNUNSJ,Barton Under Needwood South Jn
1431,BTRSBY,Battersby
1432,BTSD174,Brightside Loop Sig 174
1433,BTSDLOP,Brightside Up/Dn East Slow
1434,BTSDSJN,Brightside Jn
1435,BUCFAST,Buckfastleigh
1436,BUCKNHM,Buckenham
1437,BUCVBUS,Buckingham Tesco
1438,BUDESTD,Bude Strand
1439,BUGLE,Bugle
1440,BUGLROC,Rocks Dries ECC Siding
1441,BUILTHR,Builth Road
1442,BUKSHAW,BUCKSHAW PARKWAY
1443,BULWELL,Bulwell (Notts)
1444,BULWLSJ,Bulwell South Jn
1445,BUMOUTH,Burnmouth
1446,BUNT,Burnt Tree
1447,BURES,Bures
1448,BURGESH,Burgess Hill
1449,BURHGBJ,Horninglow Bridge Jn
1450,BURLYIW,Burley-in-Wharfedale
1451,BURNLYB,Burnley Barracks
1452,BURNLYC,Burnley Central
1453,BURNMR,Burnley Manchester Road
1454,BURNTTL,Towneley Tunnel
1455,BURSLDN,Bursledon
1456,BURTBCJ,Birmingham Curve Jn
1457,BURTBJN,Branston Jn
1458,BURTNEY,Burton East Yard
1459,BURTNLJ,Burton Leicester Jn
1460,BURTNMH,Burton OT West Yard FT
1461,BURTNMS,Burton Mosley Street
1462,BURTNOT,Burton-on-Trent
1463,BURTNRP,Burton East Loop Repair PT
1464,BURTNWY,Burton West Yard
1465,BURTTML,Burton Road and Rail TML
1466,BURTWJN,Burton Wetmore Jn
1467,BURTWS,Wetmore Sdgs
1468,BURY,Bury (Metrolink)
1469,BURYELR,Bury (East Lancs Rlwy)
1470,BUSBY,Busby
1471,BUSBYJ,Busby Jn
1472,BUSHEY,Bushey
1473,BUSHYDC,Bushey DC
1474,BUSTARZ,Busto Arsizio
1475,BUTRDCR,Butterwell (DCR)
1476,BUTRFHH,Butterwell Opencast (FLHH)
1477,BUTRGBF,Butterwell Opencast (GBRF)
1478,BUTROCT,Butterwell Opencast
1479,BUTRWLJ,Butterwell Jn
1480,BUTTMRC,Butterley M.R.C.
1481,BUURSTN,Burston
1482,BUXTDMU,Buxton TMD
1483,BUXTMP,Buxton Market Place
1484,BUXTNHS,Buxton H.S.
1485,BUXTNO1,Buxton S.B.
1486,BUXTON,Buxton
1487,BUXTURS,Buxton Up Relief Sdgs
1488,BWEL726,Blackwell South Sig TC4726
1489,BWEL727,Blackwell South Sig TC4727
1490,BWELDBS,Blackwell DB Schenker
1491,BWELFHH,Blackwell FHH
1492,BWELLSJ,Blackwell South Jn.
1493,BWLGJN,Bowling Jn
1494,BXLYHTH,Bexleyheath
1495,BXTD,Buxted
1496,BYFLANH,Byfleet & New Haw
1497,BYFLETJ,Byfleet Jn
1498,BYNEA,Bynea
1499,BYREHJ,Byrehill Jn
1500,BYSTJN,Bury Street Jn
1501,CAARMNT,Carmont
1502,CADDER,Cadder Yard DRS
1503,CADOB9,Cadoxton Signal B9
1504,CADOEWS,Cadoxton EWS
1505,CADOXTN,Cadoxton
1506,CAERGWL,Caergwrle
1507,CAEUPK,Caerau Park
1508,CAEUSQU,Caerau (Square)
1509,CALACA,Calais Caffiers
1510,CALACE,Calais Coquelles Eurotunl
1511,CALAEES,Calais Eurotunnel Emgcy S
1512,CALAFCR,Calais Frethun Colas Rail
1513,CALAFD,Calais Frethun Depot
1514,CALAFGB,Calais Frethun
1515,CALAFGV,Calais Frethun Gare Vgrs
1516,CALAFL,Calais Frethun (Local)
1517,CALAFT,Calais Frethun (Tunnel)
1518,CALAISM,Calais Maritime
1519,CALATSH,Calais Tunnel South H.S
1520,CALAVGV,Calais Ville Gare Vgrs
1521,CALDNLB,Caldon Low
1522,CALDONL,Caldon Low
1523,CALLNRD,Callington New Road
1524,CALNSTR,Calne Strand
1525,CALSTCK,Calstock
1526,CALVERT,Calvert
1527,CALVFHH,Calvert Shanks & McEwan FL
1528,CALVGBR,Calvert GBRF
1529,CALVTDC,Calvert Waste Terminal D&C
1530,CAMB147,Cambridge Sig CA147
1531,CAMB149,Cambridge Sig CA149
1532,CAMB164,Cambridge Signal 164
1533,CAMB180,Cambridge Sig CA180
1534,CAMB540,Whittlesford Sig CA540
1535,CAMB708,Cambridge Signal 708
1536,CAMBCE,Cambridge ISU (CE)
1537,CAMBCGF,Cambridge Coalfields
1538,CAMBDCS,Cambridge C.S
1539,CAMBDGE,Cambridge
1540,CAMBDHS,Cambridge L.H.S.
1541,CAMBDSJ,Cambridge South Jn
1542,CAMBECD,Cambridge ECD (OHL)
1543,CAMBGTC,Cambridge Reception Roads 1&2 DBC
1544,CAMBREC,Cambridge Recp 1 & 2
1545,CAMBSTE,Cambridge ISU (S&TE)
1546,CAMBTGB,Cambridge Recp 1-3 GBRF
1547,CAMBTMD,Cambridge T.M.D
1548,CAMBTRD,Cambridge Through Road
1549,CAMBYFL,Cambridge Recp 1-3 FL
1550,CAMELON,Camelon
1551,CAMHTH,Cambridge Heath
1552,CAMVBUS,Cambridge Bus Station
1553,CANALJ,Canal Junction (New Cross)
1554,CANKLOW,Canklow Loop
1555,CANLEY,Canley
1556,CANNA,Canna
1557,CANOBAL,Cannon Street (Ballast)
1558,CANONST,London Cannon Street
1559,CANOSDG,Cannon Street Sidings
1560,CANRDJ,Canterbury Road Jn
1561,CANT637,Canton Signal C637
1562,CANT641,Canton Signal C641
1563,CANTCAR,Staff Car (Do Not Delete)
1564,CANTFLT,Canton TMD (FL)
1565,CANTGBR,Cardiff Canton Sdgs GBRf
1566,CANTISK,Cardiff Canton D.C.A.
1567,CANTNCS,Canton C.S.D.
1568,CANTONS,Canton Sidings
1569,CANTTMD,Canton T.&R.S.M.D.
1570,CANVHC,Canvey Haystack Corner
1571,CANVLB,Canvey Leigh Beck
1572,CANVLR,Canvey Link Road  and Dinant
1573,CAPELDR,Capeldrae
1574,CAPLBAN,Capel Bangor
1575,CARBISB,Carbis Bay
1576,CARD305,Cardiff Signal 305
1577,CARD410,Cardiff Sig. C410
1578,CARD430,Cardiff Sig. C430
1579,CARD510,Cardiff Sig. C510
1580,CARDCSS,Cardiff Docks Coastal Ship
1581,CARDDOC,Cardiff Docks HCB Energy
1582,CARDDRG,Cardiff Docks RP GBRF
1583,CARDFBR,Cardiff Bay
1584,CARDFDW,Cardiff Dks Dowlais Wharf
1585,CARDFHH,Cardiff Tidal Complex
1586,CARDFQS,Cardiff Queen Street
1587,CARDFRS,Cardiff Rodmill Allied S&W
1588,CARDFTA,Cardiff Tidal Advenza
1589,CARDFTS,Cardiff Tidal T.C.
1590,CARDGBF,Cardiff Docks Greenergy GB
1591,CARDGBR,Cardiff Tidal TC GBRf
1592,CARDRFW,Cardiff Docks Ryans F.W.
1593,CARDRIV,Cardiff Riverside
1594,CARDRP,Cardiff Tidal RP GBRF
1595,CARDRYN,Cardiff Docks Ryans Sdgs
1596,CARDTVS,Cardiff T.V. Sdgs
1597,CARDUGL,Cardiff Up Goods Loop
1598,CARFIN,Carfin
1599,CARICOS,Carrick-on-Suir
1600,CARK,Cark
1601,CARL335,Carlisle CE 335 Signal
1602,CARL404,Carlisle CE 404 Signal
1603,CARL464,Carlisle CE 464 Signal
1604,CARL465,Carlisle CE 465 Signal
1605,CARL467,Carlisle CE 467 Signal
1606,CARLAME,CARLISLE YARD COLAS RAIL
1607,CARLAPC,Upperby E.W.S.
1608,CARLBGS,Carlisle Kingmoor B Gp Sdg
1609,CARLBJN,Bog Jn
1610,CARLBRU,Carlisle Brunthill (FHH)
1611,CARLCJN,Caldew Jn
1612,CARLCUR,Currock Jn
1613,CARLCWL,Carlisle Harker Kingstown
1614,CARLDRS,Carlisle No1 D R SDG
1615,CARLFD,London Road Freight Depot
1616,CARLHFH,Carlisle H Wapping Sdg FHH
1617,CARLHWS,Carlisle High Wapping SDGS
1618,CARLILE,Carlisle
1619,CARLILY,Carlisle Network Yard
1620,CARLLHS,Carlisle Stn L.H.S.
1621,CARLLR,Carlisle London Road
1622,CARLLRJ,Carlisle London Road Jn
1623,CARLNEC,CARLILE NE SHUNT NECK
1624,CARLTMD,Upperby T.M.D.
1625,CARLUBJ,Carlisle Upperby Bridge Jn
1626,CARLUES,Carlisle Upperby C.E.Sdgs
1627,CARLUJG,Upperby Jn. D.G.L.
1628,CARLUJN,Carlisle Upperby Jn
1629,CARLUMD,Carlisle Upperby TMD
1630,CARLURS,Upperby R.S.
1631,CARLUTG,Upperby Up Through G.L.
1632,CARLWRD,Carlisle Currock WRD
1633,CARLYDR,Carlisle Network Yd (DRS)
1634,CARMYLE,Carmyle
1635,CARPNRC,Carpenters Road Curve
1636,CARPSJN,Carpenters Road South Jn
1637,CARPWJN,Carpenters Road West Jn
1638,CARRBDG,Carrbridge
1639,CARRCE,Carrbridge Siding ISU (CE)
1640,CARSWS,Caersws
1641,CARTBEE,Carterton Beehive
1642,CASTLFD,Castleford
1643,CATE361,Caterham Signal T1361
1644,CATECHS,Caterham Sidings
1645,CATERHM,Caterham
1646,CATFBDG,Catford Bridge
1647,CATFORD,Catford
1648,CATHAYS,Cathays
1649,CATHCE,Cardiff Cathays ISU (CE)
1650,CATTAL,Cattal
1651,CATTHOP,Hopperton
1652,CAUSLND,Causeland
1653,CAVRS24,Caverswall Sig CL24
1654,CAVRSWL,Caverswall
1655,CAWBRNJ,Cawburn Jn
1656,CBARPAR,Castle Bar Park
1657,CBAY,Colwyn Bay
1658,CBE4415,Canterbury E Signal EK4415
1659,CBGH,Crowborough
1660,CBHMSDA,Cobham & Stoke d'Abernon
1661,CBOMCS,Castle Bromwich Cement Sdg
1662,CBOMDS,Castle Bromwich Dunlop Sdg
1663,CBOMJAB,Castle Bromwich Jaguar
1664,CBOMJN,Castle Bromwich Jn
1665,CBOMMEB,CASTLE Bromwich M.E.B. Sdg
1666,CBORNE,Camborne
1667,CBORRXO,Roskear Crossover
1668,CBREA,Carn Brea
1669,CBRIJN,Cambria Jn
1670,CBRK,Cranbrook
1671,CCAR782,Castle Cary Signal W782
1672,CCARCE,Castle Cary (CE)
1673,CCARY,Castle Cary
1674,CCBNPH,Cockburnspath
1675,CCKN833,Cockenzie Sig EA833
1676,CCKNFHH,Cockenzie Power Stn (FHH)
1677,CCKNYRD,Cockenzie Yard
1678,CCKNZPS,Cockenzie Power Station
1679,CCRT,Cathcart
1680,CCRTEJN,Cathcart East Jn
1681,CCRTNJN,Cathcart North Jn
1682,CCRTWJN,Cathcart West Jn
1683,CDCOCGF,Caldicot L.C. 
1684,CDCOT,Caldicot
1685,CDDR,Cadder
1686,CDDRCES,Cadder C.E. Sdgs
1687,CDDRDPL,Cadder Down Passenger Loop
1688,CDDRUPL,Cadder Up Passenger Loop
1689,CDND,Cardenden
1690,CDNL,Cardonald
1691,CDNL567,Cardonald Signal G567
1692,CDNL576,Cardonald Jn Signal G576
1693,CDNLJN,Cardonald Jn
1694,CDNLNJN,Cardonald North Jn
1695,CDNRFHH,"Codnor Park, Forge+Monument FHH"
1696,CDNRPFM,Codnor Pk FRG & MNMNT Sdg
1697,CDNRPKJ,Codnor Park Jn
1698,CDNRPSS,Codnor Park South Sdgs
1699,CDNRT92,Codnor Park JnSig.Tt92
1700,CDON,Castle Donington
1701,CDONEDC,Castle Donington EMDC
1702,CDRS,Cardross
1703,CDWL718,Cadwell Sig K718
1704,CEDARJN,Cedar Junction
1705,CEFNYBD,Cefn-y-Bedd
1706,CEILYDN,Cei Llydan
1707,CERBERE,Cerbere
1708,CESOKWV,Cessnock Water Viaduct
1709,CESTFHH,Chesterton Junction FHH
1710,CESTGBR,Chesterton Junction GBRF
1711,CESTRNJ,Chesterton Junction Yd Nth
1712,CESTRTB,Chesterton Junction Ballast
1713,CESTRTJ,Chesterton Jn
1714,CESTRTR,Chesterton Redland Sdg
1715,CFFT,Croftfoot
1716,CFLATTS,Crossflatts
1717,CFLDJN,Castlefield Jn.
1718,CFPK,Crofton Park
1719,CFTNRJN,Crofton Road Jn
1720,CHADHDD,Chafford Hundred
1721,CHAFRSS,Chaffers Level Crossing (TMO)
1722,CHAGSCH,Chagford School
1723,CHALLOW,Challow
1724,CHAMCLE,Chambery-Challes-les-Eaux
1725,CHAPLTN,Chapelton
1726,CHARTHM,Chartham
1727,CHARTSD,Chartham Sidings
1728,CHASNRD,Chassen Road
1729,CHAT65,Chatburn Overbridge 65
1730,CHATDGB,Chatham Dockyard GBRF
1731,CHATHAM,Chatham
1732,CHATMDY,Chatham Dockyard
1733,CHBURY,Charlbury
1734,CHCHRC2,Chichester Reception No 2
1735,CHCHSOS,Chichester Oil Sidings
1736,CHCHSTR,Chichester
1737,CHCHSTY,Chichester Reception
1738,CHDH,Cheadle Hulme
1739,CHDHNJ,Cheadle Hulme North Jn
1740,CHDHSJ,Cheadle Hulme South Jn
1741,CHDLJN,Cheadle Jn
1742,CHDNGTN,Cheddington
1743,CHDWHLJ,Chadwell Heath Junction
1744,CHDWLHR,Chadwell Heath Recp
1745,CHDWLHT,Chadwell Heath
1746,CHEAM,Cheam
1747,CHEF,Chapel-en-le-Frith
1748,CHELFD,Chelford
1749,CHELFDL,Chelford Loop
1750,CHEPEGF,Chepstow East G.F.
1751,CHEPSTW,Chepstow
1752,CHERTNJ,Cheriton Jn
1753,CHES139,Cheshunt Jn Sig L1395
1754,CHESCJ7,Cheshunt Signal CJ7
1755,CHESHNT,Cheshunt
1756,CHETNOL,Chetnole
1757,CHFD,Chesterfield
1758,CHFDDS,Chesterfield Down Sidings
1759,CHFDS13,Chesterfield Sub-Sig S13
1760,CHFDS14,Chesterfield Sub-Sig S14
1761,CHFDSJ,Chesterfield South Jn
1762,CHFIELD,Charfield
1763,CHFN,Church Fenton
1764,CHHL,Chathill
1765,CHHLCHR,Christon Bank
1766,CHINCS4,Chingford London End Sdgs
1767,CHINCS5,Chingford Country End Sdgs
1768,CHINGFD,Chingford
1769,CHIPCOK,Chippenham Cocklebury Road
1770,CHIPNEW,Chippenham New Rd Bus Stop
1771,CHIPNHM,Chippenham
1772,CHIRK,Chirk
1773,CHIRKKA,Chirk Kronospan (AMEC)
1774,CHIRKKN,Chirk Kronospan
1775,CHIRKWR,Weston Rhyn
1776,CHISWCK,Chiswick
1777,CHITSHL,Chitts Hill
1778,CHLFNAL,Chalfont & Latimer
1779,CHLKWEL,Chalkwell
1780,CHLM713,Chelmsford Signal L713
1781,CHLMABL,Chelmsford Arbour Lane
1782,CHLMBHC,Chelmsford Brick House Xov
1783,CHLMBPK,Chelmsford Beaulieu Park
1784,CHLMDGL,Chelmsford DGL
1785,CHLMSFD,Chelmsford
1786,CHLMSFR,Chelmsford Recp.
1787,CHLSFLD,Chelsfield
1788,CHLT422,Cheltenham Signal 422
1789,CHLTALC,Alstone L.C.
1790,CHLTLDL,Cheltenham Lansdown Loop
1791,CHLTNHM,Cheltenham Spa
1792,CHLTNHS,Cheltenham High Street
1793,CHLTRAC,Cheltenham Racecourse
1794,CHLWTH,Chilworth
1795,CHMS,Chalmerston
1796,CHMSFHH,Chalmerston (FHH)
1797,CHMSRPG,Dalmellington Ayrshire RPG
1798,CHNELSJ,Channelsea Jn
1799,CHNELUL,Channelsea Up Loop
1800,CHNLY,Chinley
1801,CHNLYEJ,Chinley East Jn
1802,CHNLYNJ,Chinley North Jn
1803,CHNLYSJ,Chinley South Jn
1804,CHNOBUS,Chipping Norton West St
1805,CHNRBVH,Bledlow Village Hall
1806,CHNRESW,Chinnor Estover Way
1807,CHNRLOW,Chinnor Low Road
1808,CHNRRED,Chinnor The Red Lion
1809,CHNRWHT,Chinnor The Wheatsheaf
1810,CHOLSEY,Cholsey
1811,CHORBUK,Buckshaw Village
1812,CHORLEY,Chorley
1813,CHORROF,Chorley R.O.F.
1814,CHOS,Church & Oswaldtwistle
1815,CHPCMD,Chipping Campden
1816,CHPLTWN,Chapeltown
1817,CHPNJN,Chippenham Jn
1818,CHPSDBY,Chipping Sodbury
1819,CHPWKSC,Chappel & Wakes Colne
1820,CHPWKSM,Chappel & Wakes Colne SMSM
1821,CHRDJSB,Chard Jn. S.B.
1822,CHRISTC,Christchurch
1823,CHRNGXG,Charing Cross
1824,CHRSBUS,Chrsts Hsptl (Barns Grn Rd)
1825,CHRSTSH,Christ's Hospital
1826,CHRTLCN,Chart Leacon T&R.S.M.D
1827,CHRW,Chorleywood
1828,CHRX,London Charing Cross
1829,CHRXBAL,Charing Cross (Ballast)
1830,CHRYHNT,Cherry Hinton
1831,CHSD,Chipstead
1832,CHSL22,Up Chatham Loop SIG AD22
1833,CHSLHRS,Chislehurst
1834,CHSRD,Chester Road
1835,CHSSCCD,Chessington South Sdgs
1836,CHSSN,Chessington North
1837,CHSSS,Chessington South
1838,CHST,Chester
1839,CHST106,Chester Sig. CR106
1840,CHST97,Chester Sig. CR97
1841,CHSTBLP,Chester Bache Loop
1842,CHSTCE,Chester Brook Lane Sdgs CE
1843,CHSTRBL,Chester Ballast Hole Sdgs
1844,CHSTRCW,Chester C.arr & Wagon MD
1845,CHSTRDD,Chester D.M.U.D.
1846,CHSTRDT,Chester Down Through Line
1847,CHSTREJ,Chester East Jn.
1848,CHSTRJN,Chester Roodee Jn
1849,CHSTRMY,Chester Middle Yard
1850,CHSTRNJ,Chester North Jn.
1851,CHSTRSJ,Chester South Jn.
1852,CHSTRWJ,Chester West Jn
1853,CHSTST,Chester Brook Lane Sdg S&T
1854,CHSTYD,Chester Yard
1855,CHSW,Chestfield & Swalecliffe
1856,CHTISHM,Chettisham
1857,CHTLRT,Chatelherault
1858,CHTMHCS,Cheetham Hill C.S.
1859,CHTMHJN,Cheetham Hill Jn
1860,CHTNJN,Charlestown Jn
1861,CHTR,Cherry Tree
1862,CHTSEY,Chertsey
1863,CHTV,Chatterley Valley
1864,CHUNCTR,Eurotunnel Boundary (CTRL)
1865,CHUNEOB,BR/Eurotunnel Ops Boundary
1866,CHUNFRC,French Tunnel Crossover
1867,CHUNFRP,French Tunnel Portal
1868,CHUNUFB,Tunnel Uk/French Boundary
1869,CHUNUKC,Uk Tunnel Crossover
1870,CHUNUKP,U.K. Tunnel Portal
1871,CHURCHL,Church Lane L Xing
1872,CHVNGTN,Chevington Loop
1873,CHVNLDS,Chevington Loop Down Siding
1874,CHVNNC,Chevington North Crossovers
1875,CILMERY,Cilmeri
1876,CIVI,Park Lane (Sunderland)
1877,CKHL,Corkerhill
1878,CKHLCSD,Corkerhill C.S.M.D.
1879,CKHLCSJ,Corkerhill Depot Jn
1880,CLACTCS,Clacton CS
1881,CLACTON,Clacton-on-Sea
1882,CLANDON,Clandon
1883,CLAPTNJ,Clapton Jn
1884,CLAPTON,Clapton
1885,CLARBRD,Clarbeston Road
1886,CLAVRDN,Claverdon
1887,CLAYHAS,Hasland
1888,CLAYSTR,Stretton
1889,CLAYXNJ,Clay Cross North Jn
1890,CLAYXS,Clay Cross Sidings
1891,CLAYXSJ,Clay Cross South DGL
1892,CLCH033,Colchester Signal CO1033
1893,CLCH072,Colchester Signal CO1072
1894,CLCH138,Stowmarket Signal Col 1385
1895,CLCH196,Colchester Signal 196
1896,CLCH750,Colchester Signal 750
1897,CLCH751,Colchester Signal 751
1898,CLCH822,Colchester Signal 822
1899,CLCHCSD,Colchester CS
1900,CLCHEGJ,Colchester East Gate Jn
1901,CLCHGL,Colchester Goods Loop
1902,CLCHHCD,Hythe C.C.D.
1903,CLCHHYT,Hythe
1904,CLCHRTN,Colchester Town
1905,CLCHS16,Colchester Sig CO16
1906,CLCHSTR,Colchester
1907,CLCHSTY,Colchester T.C.
1908,CLCHSWY,Stanway
1909,CLCHUCS,Colchester Bridge Road
1910,CLCHUP,Colchester Up Loop
1911,CLCHUSS,Colchester Sudbury Dock
1912,CLDBDGJ,Calder Bridge Jn
1913,CLDHMLJ,Coldham Lane Jn
1914,CLDNNRB,Caledonian Rd & Barnsbury
1915,CLDON,Claydon
1916,CLDRCRX,Caldercruix
1917,CLDRCXO,Caldercruix Crossover
1918,CLELACE,Cleland C.E.
1919,CLELAND,Cleland
1920,CLFDOWN,Clifton Down
1921,CLFFBM,Cliffe Brett Marine
1922,CLFFD12,Cliffe Signal NK509
1923,CLFT,Clifton & Lowther
1924,CLHM,Collingham
1925,CLHY,Clachnaharry
1926,CLIFGBR,Cliffe Hill Stud Farm GBRF
1927,CLIFHGF,Cliff Hill Ground Frame
1928,CLIFHLS,Cliffe Hill Sdgs
1929,CLIFHSQ,Cliffe Hill Stud Fm Quarry
1930,CLIFLHH,Cliff Hill Stud Fm Tarmac
1931,CLIPCJN,Clipstone Colliery Jn
1932,CLIPFHH,Clipstone Colliery (FHH)
1933,CLIPSBC,Clipstone RJB Mining
1934,CLITCC,Clitheroe Castle Cement
1935,CLITFHH,Castle Cement 
1936,CLITHJN,Horrocksford Jn
1937,CLITHRO,Clitheroe
1938,CLMLJN,Clay Mills Jn
1939,CLMN,Chilham
1940,CLNKRDJ,Clink Road Jn
1941,CLNYBDJ,Clunybridge Jn
1942,CLOBURN,Closeburn (Dumfries)
1943,CLOCKHS,Clock House
1944,CLONMEL,Clonmel
1945,CLPH049,Clapham Jn Sig. CY49
1946,CLPH122,Clapham Jn Sig. CY122
1947,CLPH141,Clapham Jn Signal 141
1948,CLPH147,Clapham Junction Sig T147
1949,CLPH149,Clapham Junc Signal W149
1950,CLPHCMD,Clapham Jn Car. M.D.
1951,CLPHHS,Clapham High Street
1952,CLPHJCS,Clapham Jn. C.S.
1953,CLPHJKS,Clapham Jn Kensington Sdg
1954,CLPHJLP,Clapham Junction Loop
1955,CLPHMJ1,Clapham Junction Plats 0-2
1956,CLPHMJ2,Clapham Junction (2)
1957,CLPHMJC,Clapham Junction (C)
1958,CLPHMJM,Clapham Junction (M)
1959,CLPHMJN,Clapham Junction
1960,CLPHMJW,Clapham Junction (W)
1961,CLPHMMS,Clapham Jn Middle SDG
1962,CLPHMYM,Clapham Yard
1963,CLPHMYS,Clapham Yard Sidings
1964,CLPHPHS,Clapham Jn Pig Hill Sdgs
1965,CLPHS47,Clapham Jn Sig.W1047
1966,CLPHS49,Clapham Jn. Sig.1049
1967,CLPLLP,Claypole Loops
1968,CLPM,Clapham (North Yorkshire)
1969,CLPSTEJ,Clipstone East Jn
1970,CLPSTSJ,Clipstone South Jn
1971,CLPSTWJ,Clipstone West Jn
1972,CLRBROJ,Clarborough Jn
1973,CLRKSTN,Clarkston
1974,CLRNCEP,Clarence Pier
1975,CLROSS,Culross
1976,CLSHDCL,Coleshill D.C.L.
1977,CLST,Chester-le-Street
1978,CLSTOXO,Ouston Crossovers
1979,CLSTPLA,Plawsworth
1980,CLTHRPS,Cleethorpes
1981,CLTN,Clifton
1982,CLUNSIB,Clunes I.B.
1983,CLVMEZR,Charleville-Mezieres
1984,CLVRTRJ,Culvert Road Jn
1985,CLVTBC,Calverton Colly
1986,CLWALL,Colwall
1987,CLYBANK,Clydebank
1988,CLYGATE,Claygate
1989,CLYHRSS,Collyhurst Street
1990,CLYHRST,Collyhurst St. Tilcon
1991,CLYNDRW,Clunderwen
1992,CLYTNWJ,Clayton West Junction
1993,CMAKREL,Charlton Mackrell
1994,CMBH,Cwmbach
1995,CMBL4,Camberley Shunt Signal 4
1996,CMBLEY,Camberley
1997,CMBR654,Cumbernauld Sig CN654
1998,CMBRABT,Abronhill Tunnel
1999,CMBRDRS,Cumbernauld D.R.S.
2000,CMBRNLD,Cumbernauld
2001,CMBSLNG,Cambuslang
2002,CMCY,Cwm Cynon
2003,CMDN200,Camden Signal NL1200
2004,CMDN202,Camden Jn Signal 1202
2005,CMDN210,Camden Signal 210
2006,CMDN801,Camden Jn Signal WM801
2007,CMDNCSD,Camden C.S.D.
2008,CMDNCWM,Camden W.M.
2009,CMDNDTS,Camden Jn Down Through Sdg
2010,CMDNJN,Camden Jn
2011,CMDNRCJ,Camden Road Central Junction
2012,CMDNRD,Camden Road
2013,CMDNRDJ,Camden Road Jn
2014,CMDNREJ,Camden Rd. E. Jn.
2015,CMDNRIJ,Camden Road Incline Jn
2016,CMDNSTH,Camden South Jn
2017,CMER,Cromer
2018,CMND610,Camden 610
2019,CMPRDNJ,Camperdown Jn
2020,CMRD,Coombe Road
2021,CMRNDCL,Cameron Bridge U.M.G.D.
2022,CMTHDSD,Carmarthen Down Sdgs
2023,CMTHN,Carmarthen
2024,CMTHNBG,Carmarthen Bridge
2025,CMTHNJ,Carmarthen Jn
2026,CMTHNSD,Carmarthen Sidings
2027,CMTHWAR,Camarthen Warehousing
2028,CMTRRED,Hartlepool Redland
2029,CMTRYNH,Cemetery North Jn.
2030,CMUS,Cambus
2031,CMUSLP,Cambus Loop
2032,CNBKBAA,Colnbrook BAA Logistics
2033,CNBKBCI,Colnbrook BCI
2034,CNBKELF,Colnbrook Elf Oil
2035,CNBKFY,Colnbrook Foster Yeoman
2036,CNBKLAF,Colnbrook Lafarge Fline HH
2037,CNCK,Cannock
2038,CNCKMGF,Mid Cannock Jn
2039,CNCKMOC,Mid Cannock Open Cast
2040,CNDAW,Canada Water
2041,CNDAXO,Canada Water Crossover
2042,CNESCOS,Coltness Costain
2043,CNESWAT,Watsonhead
2044,CNNB,Canonbury
2045,CNNBELL,Canonbury ELL
2046,CNNBYEJ,Canonbury East Jn
2047,CNNBYWJ,Canonbury West Jn
2048,CNNGABR,Abbots Ripton
2049,CNNGALC,Alconbury
2050,CNNGFHH,Connington Tip (FLHH)
2051,CNNGSJN,Connington South Jn.
2052,CNNGTIP,Connington Tip
2053,CNNGTNL,Connington Loop
2054,CNRYNP,Cairnryan (Loch Ryan Port)
2055,CNST,Carnoustie
2056,CNSTDS,Carnoustie Down Siding
2057,CNTBE,Canterbury East
2058,CNTBE24,Canterbury East Sig CB24
2059,CNTBE5,Canterbury East Signal CB5
2060,CNTBEES,Canterbury East Engnrs Sdg
2061,CNTBW,Canterbury West
2062,CNTBW1,Canterbury West Shunt Sg 1
2063,CNTBW25,Canterbury West Shnt Sg 25
2064,CNTBWGL,Canterbury West Up Siding
2065,CNTLEY,Cantley
2066,CNTN,Canning Town
2067,CNTY,Carntyne
2068,COALJN,Coalville Jn
2069,COAT250,Coatbridge Signal M250
2070,COAT253,Coatbridge Signal M253
2071,COAT254,Coatbridge Signal M254
2072,COATBDC,Coatbridge Central
2073,COATBDJ,Coatbridge Jn
2074,COATBDS,Coatbridge Sunnyside
2075,COATDGL,Coatbridge D.G.L.
2076,COATDRS,Coatbridge (DRS)
2077,COATDYK,Coatdyke
2078,COATFLT,Coatbridge F.L.T.
2079,COBB,Cobbinshaw
2080,COBB712,Cobbinshaw Sig EJ712
2081,COBB713,Cobbinshaw Sig EJ713
2082,COCKETW,Cockett West
2083,CODFORD,Codford
2084,CODNBCH,Cooden Beach
2085,CODSALL,Codsall
2086,COFTONS,Cofton Sdgs
2087,COGAN,Cogan
2088,COGANJ,Cogan Jn
2089,COGLOAD,Cogload Jn
2090,COKSBDG,Cooksbridge
2091,COLDHAM,Coldham
2092,COLESH,Coleshill EWS
2093,COLESHL,Coleshill Parkway
2094,COLFORD,Coleford
2095,COLHACE,Coleham ISU (CE)
2096,COLL,Coll
2097,COLNE,Colne
2098,COLONSY,Colonsay
2099,COLSDNS,Coulsdon South
2100,COLSTWN,COULSDON TOWN
2101,COLTONJ,Colton Jn
2102,COLTONN,Colton North Junction
2103,COLTONS,Colton South Junction
2104,COLWHXN,Hixon
2105,COLWICH,Colwich
2106,COMBE,Combe
2107,COMONDL,Commondale
2108,CONBCAD,Cadeby Up Goods Loop
2109,CONBRGH,Conisbrough
2110,CONGLTN,Congleton
2111,CONNELF,Connel Ferry
2112,CONOKIL,Kildwick
2113,CONONBR,Conon Bridge
2114,CONONLY,Cononley
2115,CONTJN,Continental Junction
2116,CONWY,Conwy
2117,COOKHAM,Cookham
2118,COOMBE,Coombe Junction Halt
2119,COOMJGF,Coombe No. 1 G.F.
2120,COOMLAR,Moorswater Liskeard Tarmac
2121,COOMMOR,Moorswater ECC Sidings
2122,COPHWJN,Copley Hill West Junction
2123,COPLSTN,Copplestone
2124,COPR105,Coppermill Jn Sig L1005
2125,COPRMLJ,Coppermill Junction
2126,COPYPIT,Copy Pit
2127,CORB24,Corby Signal MJ24
2128,CORBAUT,Corby Hub
2129,CORBBSC,Corby B.S.C.
2130,CORBGFC,Corby BSC Auto Terminal
2131,CORBGRT,Gretton
2132,CORBHSB,Harringworth Signal Box
2133,CORBLEW,Corby (Lewin Road)
2134,CORBOAK,Corby (Oakley Road)
2135,CORBROC,Corby (Rockingham Road)
2136,CORBRRL,Corby North Run-Round Loop
2137,CORBSV,Seaton Viaduct
2138,CORBTOC,Corby Anne Street
2139,CORBY,Corby
2140,CORBYNJ,Corby North Junction
2141,CORK,Cork
2142,CORKBIF,Cork B&I Ferryport
2143,CORKRNG,Cork Ringaskiddy Ferryport
2144,CORKTIV,Cork Tivoli Ferryport
2145,CORNTLC,Cornton Level Crossing
2146,CORNTON,Cornton
2147,CORPACH,Corpach
2148,CORPCPM,Corpach Pulp Mill
2149,CORPFLT,Corpach FLT
2150,CORROCE,Corrour C.E.
2151,CORROUR,Corrour
2152,CORSHAM,Corsham
2153,CORSNEW,Corsham Newlands Road
2154,CORYTON,Coryton
2155,COSELEY,Coseley
2156,COSFDGL,Cosford Down Goods Loop
2157,COSFORD,Cosford
2158,COSFTAM,Cosford Tamper Siding
2159,COSFUGL,Cosford Up Goods Loop
2160,COSHAM,Cosham
2161,COSHAMJ,Cosham Jn
2162,COTAFHH,Cottam Power Station (FHH)
2163,COTAGBF,Cottam Power Station GBRF
2164,COTAMCW,Cottam Mainline C&W
2165,COTAMPS,Cottam Power Station
2166,COTNGLY,Cottingley
2167,COTONDB,Coton Hill (DBS)
2168,COTONH,Coton Hill T.C.
2169,COVELC,Cove Level Crossing
2170,COVN517,Coventry Sig LC6517
2171,COVN532,Coventry Sig CB1532
2172,COVNCE,Coventry CE Sdgs
2173,COVNCOL,Coventry Prologis Park
2174,COVNCRD,Coundon Rd LC
2175,COVNGHJ,Gibbet Hill Jn
2176,COVNNJN,Coventry North Jn
2177,COVNNY,Coventry North Yard
2178,COVNPKJ,Coventry Park Jn
2179,COVNTRY,Coventry
2180,COVNYD,Coventry Yard
2181,COWDBUS,Cowden Crossroads
2182,COWDEN,Cowden
2183,COWESE,East Cowes
2184,COWESTW,Cowes Thetis Wharf
2185,COWESW,West Cowes
2186,COWESWH,West Cowes Hoverport
2187,COWGRNX,Cow Green Crossover
2188,COWLEYH,Cowley Hill
2189,COWPBUS,Cowplain (Shops)
2190,CPNHRST,Capenhurst
2191,CPPITSD,Church Path Pit Sdgs
2192,CPYHLDJ,Copyhold Jn
2193,CRADLYH,Cradley Heath
2194,CRAGMIL,Crag Mill Loop
2195,CRAHALL,Cradlehall
2196,CRAIGCO,Craigo Crossover
2197,CRAIGO,Craigo
2198,CRAIGOC,Craigo C.E.
2199,CRANDLP,Cranmore Down Loop
2200,CRANMOR,Cranmore
2201,CRAVE16,Craven Arms Signal CA16
2202,CRAVE19,Craven Arms Signal CA19
2203,CRAVENA,Craven Arms
2204,CRAVSDG,Craven Arms Sidings
2205,CRAWFYO,Crawley Foster Yeoman
2206,CRAWLEY,Crawley
2207,CRAWNYD,Crawley New Yard
2208,CRAWRMC,Crawley New Yard R.M.C.
2209,CRBG,Corbridge
2210,CRCK,Corkickle
2211,CRCRFTJ,Carcroft Jn
2212,CRDFAIR,Cardiff International APT
2213,CRDFBUS,Cardiff Central Bus Station
2214,CRDFCEN,Cardiff Central
2215,CRDFE,Cardiff East
2216,CRDFGBF,Cardiff Castle Works (GBRF)
2217,CRDFRBJ,Radyr Branch Jn
2218,CRDFSTD,St. Davids House (Keep)
2219,CRDFW,Cardiff West
2220,CREDITN,Crediton
2221,CRESING,Cressing
2222,CREW142,Crewe Sig. CE142
2223,CREW533,Crewe Sig. CE533
2224,CREW543,Crewe Sig. CE543
2225,CREW551,Crewe Sig. CE551
2226,CREWB20,Crewe Basford Hall Sig 20
2227,CREWBHG,Crewe Basford Hall S.S.M. GBRF
2228,CREWBHJ,Crewe Basford Hall Jn
2229,CREWBHM,Basford Hall S.S.M.
2230,CREWBHN,Crewe Bas Hall S.S.N.
2231,CREWBHS,Crewe Basford Hall S.S.S.
2232,CREWBLS,Crewe Bas Hall L.H.S.
2233,CREWBSS,Basford Hall S.S.
2234,CREWCET,Crewe C.E.T. Sidings
2235,CREWDED,Crewe TMD (D)
2236,CREWDHS,Crewe H.S.
2237,CREWDRS,Crewe Down Refuge Siding
2238,CREWE,Crewe
2239,CREWECS,Crewe CS
2240,CREWECY,Crewe Coal Yard
2241,CREWEDL,Crewe Down Loop
2242,CREWEFP,Crewe F.P.
2243,CREWEGL,Crewe Gresty Lane
2244,CREWEMD,Crewe T.M.D. (Electric)
2245,CREWENJ,Crewe North Jn
2246,CREWESJ,Crewe South Jn
2247,CREWESN,Crewe Shunting Neck
2248,CREWESW,Crewe Steel Works
2249,CREWESY,Crewe South Yard
2250,CREWETS,Crewe Thomas Street C.C.E.
2251,CREWEVQ,Crewe Virtual Quarry
2252,CREWGBV,Crewe Gresty Bdge Sdgs VWR
2253,CREWGGN,Crewe Gresty Green
2254,CREWGLR,Crewe Gresty Lane Recp.
2255,CREWGUL,Crewe Gresty Green Up Loop
2256,CREWGW1,Gresty Road Western Sdgs 1
2257,CREWH19,Crewe SSN Sig. NH19
2258,CREWH34,Crewe Sig. BH34
2259,CREWH36,Crewe Sig. BH36
2260,CREWH44,Crewe Sig. NH43/44 (SSN)
2261,CREWL37,Gresty Lane Sig. GL37
2262,CREWLNW,Crewe C.S. (L&NWR Site)
2263,CREWMDE,Crewe Electric MD
2264,CREWMRA,Crewe Heritage Centre
2265,CREWMRB,Crewe Heritage Centre G.F.
2266,CREWOCG,"Crewe Western Gate (O,C&G)"
2267,CREWPAD,Crewe Gresty Lane PAD
2268,CREWPLP,Crewe Up & Dn Pottery Lp
2269,CREWPWS,Crewe P Way Shops Yard
2270,CREWSBG,Crewe Sydney Bridge
2271,CREWSBS,Crewe Steventon Bulk Store
2272,CREWSGJ,Crewe Salop Goods Jn
2273,CREWSJN,Crewe North Staff Jn
2274,CREWSSN,Crewe SSN Signal Box
2275,CREWSYC,Crewe Coal Sidings (DRS)
2276,CREWUDL,Crewe Up & Down Loop
2277,CREWUML,Crewe Up Manchester Loop
2278,CREWWKS,Crewe Works
2279,CREWWKX,Crewe Works
2280,CREWWLC,Willaston L.C. (CCTV)
2281,CREWWSC,Crewe Gresty Bridge (DRS)
2282,CRFD,Crayford
2283,CRFD542,Crayford Signal NK1542
2284,CRFDCKJ,Crayford Creek Jn
2285,CRFDSPA,Crayford Spur A
2286,CRFDSPB,Crayford Spur B
2287,CRFDSPR,Crayford Spur
2288,CRFTDEP,Crofton Depot
2289,CRFTESP,Crofton East Spur
2290,CRFTNEJ,Crofton East Jn
2291,CRFTNWJ,Crofton West Jn
2292,CRGD963,Craigendoran YC 963 SIG
2293,CRGDRCE,Craigendoran Jn C.E.
2294,CRGDRN,Craigendoran
2295,CRGDRNJ,Craigendoran Jn
2296,CRGHLSB,Crag Hall S.B.
2297,CRGHSC1,Crag Hall Signal C1
2298,CRGICBC,Aberdeen Craiginch Lafarge
2299,CRGICCE,Craiginches C.E.
2300,CRGICHY,Aberdeen Craiginches T.C.
2301,CRGIDRS,Aberdeen Craiginches (DRS)
2302,CRGIDSL,Craiginches Down Sdg Loop
2303,CRGIFHH,Aberdeen Craiginches FHH
2304,CRGISTH,Craiginches South
2305,CRGN860,Craigentinny Signal EP860
2306,CRGNFHH,Craigentinny GNER FHH
2307,CRGNTNY,Craigentinny T.& R.S.M.D
2308,CRGNTPS,Craigentinny Portobello Sdgs
2309,CRGNTYJ,Craigentinny Jn
2310,CRGURE,Craignure
2311,CRHL,Crews Hill
2312,CRHRTLP,Clarence Road Jn.
2313,CRICCTH,Criccieth
2314,CRIKGF,Crick G.F.
2315,CRISTSJ,Christian Street Jn.
2316,CRKL2GL,Cricklewood No2 G L
2317,CRKL539,Cricklewood Signal 539
2318,CRKLDER,Cricklewood Depot Exit Rd
2319,CRKLDPT,Cricklewood Depot
2320,CRKLFHH,Cricklewood F/L Heavy Haul
2321,CRKLGBR,Cricklewood Rec Sdgs GBRF
2322,CRKLLAF,Cricklewood Lafarge
2323,CRKLNES,Cricklewood North End GBRF
2324,CRKLNLF,Cricklewood North London FC
2325,CRKLRL,Cricklewood Recept Linger
2326,CRKLRTS,Cricklewood R.T.S.
2327,CRKLSCS,Cricklewood SCS (GBRF)
2328,CRKLSHN,Cricklewood RDP Shunt Neck
2329,CRKLUGL,Cricklewood U.G.L.
2330,CRKLWCJ,Cricklewood Curve Jn
2331,CRKLWD,Cricklewood
2332,CRKLWDJ,Cricklewood Depot Jn
2333,CRKLWRL,Cricklewood Rec Line
2334,CRKLWRS,Cricklewood Recess Sdg
2335,CRKLWSJ,Cricklewood South Jn
2336,CRKRN,Crewkerne
2337,CRLK,Carluke
2338,CRLN,Charlton
2339,CRLNJN,Charlton Junction
2340,CRLNXOV,Charlton C & P Xover
2341,CRLORTJ,Craiglockhart Jn
2342,CRLTOTL,Carlton Loops
2343,CRMBRND,Crombie R.N.A.D.
2344,CRMLNGT,Cramlington
2345,CRMN579,Carmondean Jn Sig En579
2346,CRMN581,Carmondean Jn Sig En581
2347,CRMNDNJ,Carmondean Jn
2348,CRMRSEJ,Carmuirs East Jn
2349,CRMRSWJ,Carmuirs West Jn
2350,CRNBRKJ,Cornbrook
2351,CRNF,Carnforth
2352,CRNFCES,Carnforth Btm End Ce Sdg
2353,CRNFDSG,Carnforth Down Sidings
2354,CRNFFMJ,Carnforth F&M Jn
2355,CRNFNJN,Carnforth North Jn
2356,CRNFPD,Carnforth Plant Sdg (WCA)
2357,CRNFRHS,Carnforth H.S.
2358,CRNFRTC,Carnforth T.C.
2359,CRNFSTM,Carnforth Steamtown
2360,CRNFUGL,Carnforth D&U.G.L.
2361,CRNFUPL,Carnforth Up Passengr Loop
2362,CRNFVQ,Carnforth Virtual Quarry
2363,CRNG,Charing
2364,CRNGX,Charing Crossover (CTRL)
2365,CRNLAME,Crianlarich Down Sdg AMEC
2366,CRNLLCE,Crianlarich Lower C.E.
2367,CRNLRCE,Crianlarich C.E.
2368,CRNLRCH,Crianlarich
2369,CRNLRHL,Crianlarich Lower
2370,CRNLUDS,Crianlarich Down Sidings
2371,CROCOMB,Crowcombe
2372,CROESND,Croes Newydd
2373,CROESNF,Croes Newydd North Fork
2374,CROFFHH,Croft Quarry FLHH
2375,CROFGBR,Croft Quarry GBRF
2376,CROFTQY,Croft Quarry
2377,CROFTS,Croft
2378,CROGAR,Crosby Garrett
2379,CROGSMA,Smardale Viaduct
2380,CROKSNL,Crookston Loop
2381,CROKSTN,Crookston
2382,CROMFD,Cromford
2383,CRONBDE,Carronbridge
2384,CROSSHL,Crosshill
2385,CROT,Croston
2386,CROUCHH,Crouch Hill
2387,CROWLE,Crowle
2388,CROWMH,Medge Hall
2389,CROXTON,Croxton AHB
2390,CROY,Croy
2391,CRPHLY,Caerphilly
2392,CRPNDPK,Carpenders Park
2393,CRSHLTB,Carshalton Beeches
2394,CRSHLTN,Carshalton
2395,CRSKEYS,Cross Keys
2396,CRSKYJN,Crosskeys Jcn
2397,CRSMYLF,Crossmyloof
2398,CRSNGTN,Cressington
2399,CRST405,Carstairs Sig MC405
2400,CRST410,Carstairs Signal MC410
2401,CRST422,Carstairs Sig MC422
2402,CRST423,Carstairs Sig MC423
2403,CRST436,Carstairs Sig MC436
2404,CRSTCE,Carstairs C.E.
2405,CRSTDPL,Carstairs D.P.L.
2406,CRSTDS,Carstairs DS
2407,CRSTFHH,Carstairs Down Sdgs (FHH)
2408,CRSTMEE,Carstairs M.& E.E.
2409,CRSTRS,Carstairs
2410,CRSTRSE,Carstairs East Jn
2411,CRSTRSS,Carstairs South Jn
2412,CRSTUPL,Carstairs U.P.L.
2413,CRTHLPJ,Courthill Loop North Jn
2414,CRTN,Carlton
2415,CRTSDYK,Cartsdyke
2416,CRUGWAL,Crugwallins Sidings
2417,CRUMPSL,Crumpsall
2418,CRWHRST,Crowhurst
2419,CRWLL,Creswell (Derbys)
2420,CRWNSTJ,Crow Nest Jn
2421,CRWTHRN,Crowthorne
2422,CRXLEY,Croxley (LUL)
2423,CRYMRSH,Curry Marsh Sidings
2424,CRYNANT,Crynant
2425,CRYS167,Crystal Palace Vc167
2426,CRYS170,CRYSTAL PALACE SIGNAL VC170
2427,CRYSBRJ,Bromley Jn
2428,CRYSTLP,Crystal Palace
2429,CSBY,Castlebay
2430,CSCR,Castle Caereinion
2431,CSEAH,Imperial Wharf
2432,CSFD,Chandlers Ford
2433,CSGT,Cross Gates
2434,CSMLX,Crismill Crossover
2435,CSTL,Castleton
2436,CSTLBS,Castleton (Bus Station)
2437,CSTLDGL,Castleton D.G.L.
2438,CSTLDSE,Castleton Down Sidings
2439,CSTLGBR,Castleton R.W.D. (GBRf)
2440,CSTLHGF,Castleton Hopwood GF
2441,CSTLNRD,Castleton R.W.D.
2442,CSTLTEJ,Castleton East Jn
2443,CSTLTNJ,Castleton North Jn
2444,CSTLTSJ,Castleton South Jn
2445,CSTLUSE,Castleton Up Sdgs (EWS)
2446,CSTR,Church Stretton
2447,CTLYBSC,Cantley B.S.C.
2448,CTMS664,City Thameslink Sig VC664
2449,CTMSLNK,City Thameslink
2450,CTNG,Collington
2451,CTNM,Castleton Moor
2452,CTRDJN,Carlton Road Jn
2453,CTSARTJ,Court Sart Jn
2454,CTTGHM,Cottingham
2455,CUDNGTN,Cuddington
2456,CUFFLEY,Cuffley
2457,CULDNMR,Culloden Moor
2458,CULHAM,Culham
2459,CULLMEM,Cullompton
2460,CULLMKH,Cullompton Market House
2461,CULMCHA,Culmont-Chalindrey
2462,CULRAIN,Culrain
2463,CUMBRAE,Cumbrae Slip
2464,CUPAR,Cupar
2465,CUPARDS,Cupar Down Siding
2466,CUPRCP7,Cupar CP7 
2467,CURRIEH,Curriehill
2468,CURYMSH,Curry Marsh
2469,CUSTMHS,Custom House
2470,CVEBAY,Cove Bay
2471,CWBRDSB,Cowbridge Road
2472,CWDN941,Cowdenbeath Sig EC941
2473,CWDNBTH,Cowdenbeath
2474,CWLRBOX,Cowlairs SignalBox
2475,CWLRC79,Cowlairs East Jn Sig C79
2476,CWLRDPL,Cowlairs D.P.L.
2477,CWLRSEJ,Cowlairs East Jn
2478,CWLRSGL,Cowlairs West G.L.
2479,CWLRSNJ,Cowlairs North Jn
2480,CWLRSPL,Cowlairs West P.L.
2481,CWLRSSJ,Cowlairs South Jn
2482,CWLRSWJ,Cowlairs West Jn
2483,CWLYBDG,Cowley Bridge Jn
2484,CWMBOC,Cwmbargoed Opencast Colly.
2485,CWMBRAN,Cwmbran
2486,CWMBRGD,Cwmbargoed
2487,CWMGWRH,Cwmgwrach
2488,CWMROPN,Cwmmawr Opencast
2489,CXTN,Cuxton
2490,CYDNJN,Claydon LNE Jn.
2491,CYFRNYD,Cyfronydd
2492,CYNGHRD,Cynghordy
2493,DAGNHME,Dagenham East
2494,DAGNMJN,Dagenham Junction
2495,DAGUSIE,Galgusie
2496,DAILLY,Dailly
2497,DAINTNT,Dainton Tunnel
2498,DAISYH,Daisy Hill
2499,DALAMBR,Dallam Junction
2500,DALAMFD,Dallam Freight depot
2501,DALCROS,Dalcross
2502,DALGETY,Dalgety Bay
2503,DALM893,DALMUIR SIGNAL YY893
2504,DALM898,Dalmuir Signal YY898
2505,DALMRDS,Dalmuir Down Siding
2506,DALMRRS,Dalmuir Riverside
2507,DALMUIR,Dalmuir
2508,DALRY,Dalry
2509,DALRYRH,Dalry Roche
2510,DALS,Dalston Junction Stn ELL
2511,DALS101,Dalston Junction Signal D101
2512,DALSCUM,Cummersdale Viaduct
2513,DALSEGF,Dalston Eastern Grnd Frame
2514,DALSJN,Dalston Jn
2515,DALSKLD,Dalston Kingsland
2516,DALSOGF,Dalston Oil Terminal (GF)
2517,DALSTON,Dalston
2518,DALSTOT,Dalston Oil Terminal
2519,DALTLTN,Lindal Tunnel
2520,DALTON,Dalton
2521,DALTONJ,Dalton Jn
2522,DALWCE,Dalwhinnie ISU (CE)
2523,DALWHIN,Dalwhinnie
2524,DALZBSC,Dalzell B.S.C.
2525,DALZUGL,Dalzell U.G.L.
2526,DANBY,Danby
2527,DANESCT,Danescourt
2528,DANZEY,Danzey
2529,DARBBUS,Darby Green (Globe Farm Lane)
2530,DARNALL,Darnall
2531,DARSHAM,Darsham
2532,DARTCS,Dartford C.S.
2533,DARTFD,Dartford
2534,DARTFDJ,Dartford Jn
2535,DARTFDS,Dartford Down Sidings
2536,DARTFUS,Dartford Up Sidings
2537,DARTWJN,Dartford West Junction
2538,DARWEN,Darwen
2539,DATCHET,Datchet
2540,DAUNTSY,Dauntsey
2541,DAVIOT,Daviot
2542,DAVNPRT,Davenport
2543,DAWLISH,Dawlish
2544,DAWLSHW,Dawlish Warren
2545,DAWMEJ,Daw Mill East Jn
2546,DAWMFHH,Daw Mill Colliery FHH
2547,DAWMGBR,Daw Mill Colliery GBRF
2548,DAWMLCL,Daw Mill Colliery DBS
2549,DAWMWJ,Daw Mill West Jn
2550,DAWSHLM,Kelvindale
2551,DAXX,Dax
2552,DEAL,Deal
2553,DEALSDG,Deal Siding
2554,DEAN,Dean
2555,DEANCE,Dean ISU (CE)
2556,DEANEGR,Dean East Grimstead GF
2557,DEANHLS,Dean Hill Sdgs. M.O.D.
2558,DEEPCAR,Deepcar F.D.
2559,DEEPSW,Stocksbridge Works
2560,DEGANWY,Deganwy
2561,DEIGHTN,Deighton
2562,DELAMER,Delamere
2563,DELNY,Delny
2564,DENBYOT,Denby Opencast
2565,DENHAM,Denham
2566,DENHMGC,Denham Golf Club
2567,DENMRKH,Denmark Hill
2568,DENS19,Deansgate Jn Sig DJ19
2569,DENSGTJ,Deansgate Jn
2570,DENT,Dent
2571,DEPDENE,Dorking (Deepdene)
2572,DEPTFD,Deptford
2573,DERBYRD,Derby Road
2574,DERKER,Derker
2575,DERMUKF,Dereham U.K.F.
2576,DESBRO,Desborough Summit
2577,DEVIZES,Devizes
2578,DEVLSBG,Devil'S Bridge
2579,DEVNARB,Devonport Albert Road
2580,DEVNEXS,Devonport Exchange Sidings
2581,DEVNPRT,Devonport
2582,DGLROAD,Dingle Road
2583,DGNH821,Dagenham Ford MC Sig UR821
2584,DGNH826,Dagenham Ford MC Sig UR826
2585,DGNH840,Dagenham Ford MC Sig 840
2586,DGNH842,Dagenham Ford MC Sig 842
2587,DGNHARC,Dagenham ARC Sdgs
2588,DGNHDRG,Dagenham Dock Reception GBRF 
2589,DGNHELT,Dagenham East L.T.
2590,DGNHMDC,Dagenham Dock
2591,DGNHMFD,Dagenham Down Yard
2592,DGNHMSC,Dagenham Storage Coy Sdg
2593,DGNHREC,Dagenham Dock Reception
2594,DIDC940,Didcot Signal SB940
2595,DIDCBWY,Didcot Broadway
2596,DIDCGWS,Didcot Great Western Soc.
2597,DIDCMSF,Didcot Milton Siding FL
2598,DIDCOTP,Didcot Parkway
2599,DIDCPS,Didcot Pwr Stn Fliner Hvy Haul
2600,DIDCPSD,Didcot Power Station D&C
2601,DIDCPSG,Didcot Power Station GBRf
2602,DIDCTDC,Didcot Distribution Centre
2603,DIDCTEJ,Didcot East Jn
2604,DIDCTFP,Didcot Fuelling Point
2605,DIDCTNJ,Didcot North Jn
2606,DIDCTPS,Didcot Power Station
2607,DIDCTTC,Didcot T.C.
2608,DIDCWCE,Didcot West Yard ISU (CE)
2609,DIDCWCJ,Didcot West Curve Jn
2610,DIDCWE,Didcot West End
2611,DIEPPE,Dieppe
2612,DIGBY,Digby & Sowton
2613,DIGGDPL,Diggle Jn Down Passenger Loop
2614,DIGGLEJ,Diggle Jn
2615,DIGSWEL,Digswell Jn.
2616,DIJONPY,Dijon-Perrigny
2617,DILLING,Dillingen (Saarlouis)
2618,DILTONM,Dilton Marsh
2619,DINASP,Dinas Powys
2620,DINASR,Dinas Rhondda
2621,DING1LC,Dingwall No1 LC
2622,DING2LC,Dingwall No2 LC
2623,DINGMLC,Dingwall Middle LC
2624,DINGWAL,Dingwall
2625,DINGWCE,Dingwall C.E.
2626,DINMORE,Dinmore Tunnels
2627,DINSDAL,Dinsdale
2628,DINTNMD,Dinton M.O.D.
2629,DINTON,Dinton
2630,DIRFBRF,Daventry GBRF
2631,DIRFDRS,Daventry DRS (Malcolm WG)
2632,DIRFEP2,Daventry Recep SDGS EP2
2633,DIRFTB2,Daventry DIDC2 Tibbet & Britain
2634,DIRFTCR,Daventry INT RFT Cripples
2635,DIRFTFL,Daventry Int RFT Recep FL
2636,DIRFTIN,Daventry INT RFT Intermdal
2637,DIRFTMA,Daventry IRFT (Malcolm WH) (EWS)
2638,DIRFTRE,Daventry INT RFT Recep EWS
2639,DIRFTRR,Daventry INT RFT Recep RFD
2640,DIRFTWA,Daventry INT RFT Warehouse
2641,DISLEY,Disley
2642,DISS,Diss
2643,DISSRS,Diss Recp.
2644,DITTAHC,Ditton Foundry Ln (AHC_EWS)
2645,DITTAHF,Ditton Foundry Ln(AHC-FLR)
2646,DITTAHG,Ditton Foundry Ln AHC GBRF
2647,DITTBOC,Ditton (O'Connor Sdgs)
2648,DITTCFL,Ditton Reception (FLR)
2649,DITTDRS,Ditton O'Connor Sdgs
2650,DITTFLR,Ditton (O'Connor) FLiner
2651,DITTINO,Ditton Widnes Innovis
2652,DITTNRH,Ditton Reception Headshunt
2653,DITTNRS,Ditton Reception Sidings
2654,DITTNWJ,Ditton West Junction
2655,DITTON,Ditton East Junction
2656,DITTONY,Ditton Yard
2657,DLGO,Dolgoch Falls
2658,DLMALCE,Dalmally C.E.
2659,DLMALLY,Dalmally
2660,DLMRNOK,Dalmarnock
2661,DLMY,Dalmeny
2662,DLMYCE,Dalmeny C.E.
2663,DLMYDPL,Dalmeny D.P.L.
2664,DLMYJN,Dalmeny Jn
2665,DLMYUPL,Dalmeny U.P.L.
2666,DLNCRDH,Dalnacardoch
2667,DLNSPDL,Dalnaspidal
2668,DLRE665,Dalreoch Sig YD665
2669,DLREOCH,Dalreoch
2670,DLRYMPL,Dalrymple Jn
2671,DLTN,Darlington
2672,DLTN921,Dltn Sig 921
2673,DLTNCBE,Cleveland Bridge & Eng
2674,DLTNCGK,Catterick Garrison Kemmel
2675,DLTNCGP,Catterick Camp Centre
2676,DLTNCGT,Catterick Garrison Tesco
2677,DLTNDBP,Darlington Down Bypass
2678,DLTNDPL,Darlington Down Pass Loop
2679,DLTNECX,East Cowton Xovers
2680,DLTNN,Darlington North Jn
2681,DLTNPKL,Darlington Park Lane
2682,DLTNRIM,Richmond (Market)
2683,DLTNS,Darlington South Jn.
2684,DLTNTVA,Tees Valley Airport
2685,DLTNUPL,Darlington Up Station Loop
2686,DLTNUS,Darlington Up S.S.
2687,DLTNUSF,Darlington Up Sidings (FLHH)
2688,DLTNUSG,Darlington Up S.S. (GBRF)
2689,DLWYDLN,Dolwyddelan
2690,DMARBSC,Dee Marsh B.S.C.
2691,DMARSHJ,Dee Marsh Jn.
2692,DMARSRS,Dee Marsh Recp. Sdgs
2693,DMBR617,Dumbarton Signal YD617
2694,DMBR627,Dumbarton Signal YD627
2695,DMBR629,Dumbarton Signal YD629
2696,DMBR933,Dumbarton Signal YD933
2697,DMBR938,Dumbarton SIG YD938
2698,DMBRCCE,Dumbarton Central C.E.
2699,DMBRTNC,Dumbarton Central
2700,DMBRTNE,Dumbarton East
2701,DMBRTNL,Dumbarton Goods Loop
2702,DMCKSCT,Dimmocks Cote AHB
2703,DMTHKWR,Kingswear (For Dartmouth)
2704,DNBGHNJ,Denbigh Hall North Jn
2705,DNBGHSJ,Denbigh Hall South Jn
2706,DNDL,Denby Dale
2707,DNFRMLE,Dunfermline Town
2708,DNFRMQM,Dunfermline Queen Margaret
2709,DNHAAG,Den Haag Cs
2710,DNKIRK,Dunkirque via Dover
2711,DNLP,Dunlop
2712,DNNGCLJ,Dinnington Jn
2713,DNRAGIT,Dunragit
2714,DNRD,Dane Road
2715,DNROBIN,Dunrobin Castle
2716,DNSDCPA,Deanside C.P.A.
2717,DNSDFLT,Deanside C.P.A. FLT
2718,DNSDLP,Deanside Loop
2719,DNSN,Dunston
2720,DNSR,Dunster Steep
2721,DNSRSTP,Dunster Steep
2722,DNTG,Dinting
2723,DNTON,Denton
2724,DNTONJN,Denton Jn
2725,DNTOSTJ,Denton Station Jn
2726,DOBSBRW,Dobbs Brow
2727,DOCKYDP,Dockyard
2728,DODWRTH,Dodworth
2729,DOEHAYF,Doe Hill Appleyard Fuels
2730,DOKJNSP,Dock Jn North
2731,DOKJSSP,Dock Jn South
2732,DOLAU,Dolau
2733,DOLEHAM,Doleham
2734,DOLGARG,Dolgarrog
2735,DOLM151,Dollands Moor Signal 2151
2736,DOLM153,Dollands Moor Signal 2153
2737,DOLM160,Dollands Moor Signal 2160
2738,DOLM162,Dollands Moor Signal 2162
2739,DOLM171,Dollands Moor Signal 2171
2740,DOLM825,Dollands Moor 825-831
2741,DOLM836,Dollands Moor 836-840
2742,DOLMCR,Dollands Moor Colas Rail
2743,DOLMCTL,Dollands Moor CTRL
2744,DOLMDGL,Dollands Moor Dn Gds Line
2745,DOLMEB,Dollands Moor E. Boundary
2746,DOLMEST,Dollands Moor T.P.L.
2747,DOLMGBF,DOLLANDS MOOR (GBRF)
2748,DOLMGET,Dollands Moor G.E.T
2749,DOLMLHS,Dollands Moor L.H.S.
2750,DOLMLL,Dollands Moor Loco Loop
2751,DOLMORS,Dollands Moor Sdgs
2752,DOLMWB,Dollands Moor W. Boundary
2753,DOLMWJN,Dollands Moor West Jn
2754,DOLMWST,Dollands Moor West
2755,DOLPHNJ,Dolphin Jn
2756,DONC,Doncaster
2757,DONC105,Doncaster Sig D105
2758,DONC106,Doncaster Sig D106
2759,DONC108,Doncaster Sig D108
2760,DONC191,Doncaster Sig D191
2761,DONC249,Doncaster Sig D249
2762,DONC254,Doncaster Sig D254
2763,DONC269,Doncaster Sig D269
2764,DONC275,Doncaster Sig D275
2765,DONC276,Doncaster Sig D276
2766,DONC281,Doncaster Signal D281
2767,DONC298,Doncaster Sig D298
2768,DONC308,Doncaster Sig D308
2769,DONC489,Doncaster 489 Sig
2770,DONC866,Doncaster Sig D866
2771,DONCBCJ,Black Carr Jn (Doncaster)
2772,DONCBDR,Belmont Down Reception
2773,DONCBDY,Belmont Down Yard
2774,DONCBJN,Bridge Jn
2775,DONCBRE,Doncaster B.R. Engineering
2776,DONCBRN,Barnsley West Bus Station
2777,DONCBUY,Belmont Up Yard
2778,DONCDCE,Doncaster D.C.E Sdgs.
2779,DONCDDF,Doncaster Down Decoy FLHH
2780,DONCDDG,Doncaster Down Decoy GBRF
2781,DONCDDY,Doncaster Down Decoy
2782,DONCDNJ,Decoy Nth Jn
2783,DONCDRP,Doncaster Down Decoy RP GB
2784,DONCDSJ,Doncaster Decoy South Jn
2785,DONCDSR,Darfield Roundabout
2786,DONCECD,Doncaster ECD Powertrack
2787,DONCEP,Doncaster Europort
2788,DONCEWS,Doncaster Freight Dept EWS
2789,DONCGPS,Goldthorpe Police Station
2790,DONCHGB,Hexthorpe Yard (GBRF)
2791,DONCHJN,Hexthorpe Jn
2792,DONCHRS,Hexthorpe R.S.
2793,DONCLCJ,Loversall Carr Jn
2794,DONCLIP,Doncaster L.I.P.
2795,DONCMRD,Doncaster Middle Road
2796,DONCMRG,Donc. Marshgate Jn.
2797,DONCNBS,Doncaster Interchange
2798,DONCPCJ,Potteric Carr Jn.
2799,DONCPS,Doncaster Paper Sdgs
2800,DONCPWD,Doncaster P Way Depot
2801,DONCRHA,Robin Hood Airport
2802,DONCRMT,Doncaster RMT
2803,DONCRPA,Doncaster Railpt Spine Rd
2804,DONCRPF,Doncaster EPT (F'liners)
2805,DONCRPG,Doncaster Railport (GBRF)
2806,DONCRPR,Doncaster Railport
2807,DONCRSG,Doncaster Robert Rds Shed (GBRF)
2808,DONCSCJ,St. Catherines Jn
2809,DONCSJJ,St. James Jn.
2810,DONCSNY,Doncaster Snowys Yard
2811,DONCSTS,Doncaster C.H.S.
2812,DONCSWY,Doncaster Sig D1490
2813,DONCUDA,Doncaster Up Decoy Advenza
2814,DONCUDF,Doncaster Up Decoy F'liner
2815,DONCUDG,Doncaster Up Decoy GBRF
2816,DONCUDY,Doncaster Up Decoy
2817,DONCVIR,Doncaster Wood Yd Virtual
2818,DONCWCS,Doncaster Works Carr Shops
2819,DONCWDY,Doncaster Wood Yard
2820,DONCWFL,Doncaster Works (FLHH)
2821,DONCWL2,Doncaster Works Loco No2
2822,DONCWLS,Doncaster Works Loco Shops
2823,DONCWRL,Doncaster West Reception
2824,DONCWWS,Doncaster Works Wagn Shops
2825,DONCWY,Doncaster West Yard
2826,DONCYRD,Doncaster Yards
2827,DONNGTJ,Donnington Jn
2828,DONNRFT,Donnington RFT
2829,DONNSUM,Donnington Summerhouse Drv
2830,DONSAIN,Don Sainghin (Lille)
2831,DORE,Dore and Totley
2832,DORESJ,Dore South Jn
2833,DORESNJ,Dore Station Jn
2834,DOREWJ,Dore West Jn
2835,DORIDCE,Dorridge C.E. Sdgs
2836,DORIDGE,Dorridge
2837,DORIUPL,Dorridge Up Passenger Loop
2838,DORK33,DORKING SIGNAL CBK33
2839,DORK35,DORKING SIGNAL CBK35
2840,DORKDSG,Dorking Down Siding
2841,DORKING,Dorking
2842,DORMANS,Dormans
2843,DORNGTN,Dorrington
2844,DORTMND,Dortmund Hbf
2845,DOUGLAS,Douglas (Isle of Man)
2846,DOVE621,Dover Signal YE 621
2847,DOVE623,Dover Signal YE 623
2848,DOVEHVP,Dover Hoverport
2849,DOVERCO,Dover Complex Train Ferry
2850,DOVERD,Dover Depot
2851,DOVERP,Dover Priory
2852,DOVERPS,Dover Priory Sidings
2853,DOVRCRT,Dovercourt
2854,DOVYDPL,Dovey Junction Down Loop
2855,DOVYJN,Dovey Junction
2856,DOWNHAM,Downham Market
2857,DOWNHMR,Downham Market Recp.
2858,DPTFBD,Deptford Bridge DLR
2859,DRAXBJ,Drax Branch Junction
2860,DRAXCEG,Drax Power Station
2861,DRAXEWS,Drax PFA Loading Point
2862,DRAXFHH,Drax AES (FLHH)
2863,DRAXGBR,Drax AES (GBRF)
2864,DRAXGYP,Drax Gypsum Loading Point
2865,DRAYGJN,Drayton Green Junction
2866,DRAYGRN,Drayton Green
2867,DRBY,Derby
2868,DRBYALL,Derby Adtranz Litchurch Lane
2869,DRBYCHC,Derby Chaddesden Curve
2870,DRBYCHF,Chaddesdon Sdgs Fastline
2871,DRBYCHS,Chaddesden Sdgs
2872,DRBYDOC,Derby North Doc Sidings
2873,DRBYEL,Derby St Andrews Economac
2874,DRBYEPS,Etches Park Sdgs
2875,DRBYFRG,Derby RTC (Fragonset)
2876,DRBYGTS,Derby Gas Tank Sidings
2877,DRBYHS,Derby H.S.
2878,DRBYLNW,L.N.W. Jn. Derby
2879,DRBYLRJ,Derby London Rd Junction
2880,DRBYRAM,Rams Line Halt
2881,DRBYRTC,Derby RTC Sidings South
2882,DRBYSMJ,St. Mary's Jn
2883,DRBYSNJ,Derby Station North Jn.
2884,DRBYWW,Derby Way & Works Sidings
2885,DRCHCE,Dorchester South ISU (CE)
2886,DRCHFHH,Dorchester South FLHH
2887,DRCHJN,Dorchester Jn
2888,DRCHS,Dorchester South
2889,DRCHW,Dorchester West
2890,DRDAYSJ,Dr Day's Jn
2891,DREM537,Drem Sig EF537
2892,DREM821,Drem Sig EF821
2893,DREM822,Drem 822 Sig
2894,DREMDPL,Drem D.P.L.
2895,DREMJ,Drem
2896,DREMUPL,Drem U.P.L.
2897,DRHM,Durham
2898,DRHM357,Durham Sig Ty357
2899,DRHM358,Durham Sig Ty358
2900,DRIFD54,Driffield GPL D54
2901,DRIFILD,Driffield
2902,DRIGBNF,Drigg British Nuclear Fuel
2903,DRIGG,Drigg
2904,DRKGW,Dorking West
2905,DRKLECJ,Drakelow East Curve Jn
2906,DRKLFHH,Drakelow C Powergen (FHH)
2907,DRKLOCS,Drakelow C Powergen
2908,DRKLWCJ,Drakelow West Curve Jn
2909,DRLSTNJ,Darlaston Jn
2910,DRM5025,Drumgelloch Signal EN5025
2911,DRM5026,Drumgelloch Signal EN5026 
2912,DRMCHPL,Drumchapel
2913,DRMFCHR,Drumfrochar
2914,DRMGLCH,Drumgelloch
2915,DRNGTOS,Durrington-on-Sea
2916,DRNIKML,Drinnick Mill
2917,DRNSFDR,Durnsford Road Staff Halt
2918,DRONFLD,Dronfield
2919,DRSNGHM,Dersingham Bank Road
2920,DRTMPON,Dartmouth Pontoon
2921,DRTMTH,Dartmouth
2922,DRTN,Darton
2923,DRTW68,Droitwich Signal 68
2924,DRTWCHS,Droitwich Spa
2925,DRTWUGL,Droitwich Up Goods Loop
2926,DRUMRY,Drumry
2927,DRYP,Drayton Park
2928,DRYTON,Drayton
2929,DTNG,Dunton Green
2930,DTTHS,Dentiths Sdgs
2931,DUBBSJ,Dubbs Jn
2932,DUBLFST,Dublin Port-Stena
2933,DUBLINC,Dublin Connolly
2934,DUBLINF,Dublin Ferryport
2935,DUBLINH,Dublin Heuston
2936,DUDESTN,Duddeston
2937,DUDLBS,Dudley Bus Station
2938,DUDLPT,Dudley Port
2939,DUDNGHJ,Dudding Hill Jn
2940,DUFIELD,Duffield
2941,DUFRYNW,Duffryn West
2942,DUFTOWN,Dufftown
2943,DUIRNSH,Duirinish
2944,DUISBRG,Duisburg HBF
2945,DUISRH,Duisburg Ruhrort-Hafen
2946,DUKEST,Duke Street
2947,DULNGHM,Dullingham
2948,DUMBRCK,Dumbreck
2949,DUMFICI,Dumfries Maxwelltown ICI
2950,DUMFOIL,Dumfries Maxwelltown - DCC
2951,DUMFRES,Dumfries
2952,DUMFRSJ,Dumfries South Jn
2953,DUMFRSY,Dumfries Yard
2954,DUMFUS,Dumfries Up Siding
2955,DUMPTNP,Dumpton Park
2956,DUNADPL,Dunblane D.P.L.
2957,DUNADRS,Dunblane DRS ISU (CE)
2958,DUNANCE,Dunblane C.E.
2959,DUNANE,Dunblane
2960,DUNANSB,Dunblane Signal Box
2961,DUNBAR,Dunbar
2962,DUNBDCE,Dunbar Down Sdgs CE
2963,DUNBSCE,Dunbar Down Sdgs CE
2964,DUNBUCE,Dunbar Up Sdgs CE
2965,DUNCRAG,Duncraig
2966,DUNDCJ,Dundee Central Jn
2967,DUNDCJC,Dundee Central Jn C.E.
2968,DUNDEHS,Dundee H.S.
2969,DUNDETB,Dundee
2970,DUNDHSH,Dundee Head Shunt
2971,DUNDLEL,Lochee Lye
2972,DUNDWCE,Dundee West C.E.
2973,DUNDWTC,Dundee West T.C.
2974,DUNGENS,Dungeness
2975,DUNKELD,Dunkeld & Birnam
2976,DUNKUS,Dunkeld & Birnam Up Sdg
2977,DUNLGHR,Dun Laoghaire
2978,DUNLHRM,Dun Loaghaire Malin
2979,DUNNING,Dunning
2980,DUNOON,Dunoon
2981,DUNROBN,Dunrobin EWS
2982,DUNROD,Dunrod
2983,DUNS,Duns
2984,DUNT,Dunstable
2985,DURSLEY,Cam & Dursley
2986,DUSSDRF,Dusseldorf Hbf
2987,DUXFORD,Duxford
2988,DVHL,Dove Holes
2989,DVNTYNJ,Daventry North Jn
2990,DVNTYSJ,Daventry South Jn
2991,DWBY,Dewsbury
2992,DWBYBC,Dewsbury Blue Circle
2993,DWBYEJN,Dewsbury East Jn
2994,DWBYTIL,Dewsbury Tilcon
2995,DWLEYLP,Dawley Loop
2996,DYCE,Dyce
2997,DYCERFM,Dyce Raiths Farm F.D.
2998,DYCLJN,Dryclough Jn
2999,DYFRYNA,Dyffryn Ardudwy
3000,DYMANOR,Drayton Manor Park
3001,DYMCHUR,Dymchurch
3002,DYNEGF,Dynevor G.F.
3003,DYNEVRJ,Dynevor Jn
3004,EALINGB,Ealing Broadway
3005,EALINGC,Ealing Common
3006,EARL136,Earlswood Signal TI136
3007,EARL206,Earlswood Signal T206
3008,EARLFHH,Earle Sidings (FLHH)
3009,EARLSWD,Earlswood (Surrey)
3010,EARLSWS,Earlswood Sdgs
3011,EASTBRK,Eastbrook
3012,EASTHAM,Eastham LT
3013,EBBWJ,Ebbw Jn
3014,EBOLDON,East Boldon
3015,EBOLDUL,East Boldon Up Loop
3016,EBOU501,Eastbourne Signal EB501
3017,EBOUCS,Eastbourne C.S.
3018,EBOURNE,Eastbourne
3019,EBOUSID,Eastbourne Sidings
3020,EBOUSPS,Eastbourne Spike Siding
3021,EBRYBGJ,Ebury Bridge Jn
3022,EBSF531,Ebbsfleet Intl Sig AF531
3023,EBSF533,Ebbsfleet Intl Sig AF533
3024,EBSFACT,Ebbsfleet CTRL
3025,EBSFDOM,Ebbsfleet Intl (Domestic)
3026,EBSFEJN,Ebbsfleet East Junction
3027,EBSFLTI,Ebbsfleet International
3028,EBSFWJN,Ebbsfleet West Junction
3029,EBWVALE,Ebbw Vale
3030,EBWVPWY,Ebbw Vale Parkway
3031,EBWVRAS,Rassau
3032,EBWVSGF,Ebbw Vale Sth Grnd Frame
3033,EBWVTCR,Ebbw Vale Town Centre
3034,ECCLES,Eccles
3035,ECCLUGL,Eccles Up Goods Loop
3036,ECKNGTL,Eckington Loop
3037,ECLFECH,Ecclefechan
3038,ECLR,Eccles Road
3039,ECLRDJS,Eccles Rd Johnston'S Sdg
3040,ECLREXC,Eccles Rd Exchange Sidings
3041,ECLRFHH,Eccles Road FHH
3042,ECLSFLW,Ecclesfield West S.B.
3043,ECPK,Eccleston Park
3044,ECRO065,East Croydon Signal T1065
3045,ECRO080,East Croydon Signal T1080
3046,ECROUS,East Croydon Up Siding
3047,ECROYDN,East Croydon
3048,EDALE,Edale
3049,EDALERS,Edale Refuge Sidings
3050,EDENVGL,Eden Valley
3051,EDERTON,Edderton
3052,EDGELAJ,Edge Lane Jn
3053,EDGH,Edge Hill
3054,EDGHCMD,Edge Hill Car. M.D.
3055,EDGHDHS,Edge Hill Depot
3056,EDGHDWG,Edge Hill Down Wapping
3057,EDGHGTS,Edge Hill Gullet Sdgs
3058,EDGHSB,Former Edge Hill S.B.
3059,EDGWARE,Edgeware
3060,EDIDBRY,East Didsbury
3061,EDIN813,Edinburgh Signal E813
3062,EDIN815,Edinburgh Signal E815
3063,EDIN907,Haymarket Cen Jn Sig Eh907
3064,EDINBUR,Edinburgh
3065,EDINBUS,Edinburgh Bus Station
3066,EDINPRK,Edinburgh Park
3067,EDINSTE,Edinburgh S.& T.E.
3068,EDMNGRN,Edmonton Green
3069,EDNB,Edenbridge
3070,EDNT,Edenbridge Town
3071,EDPK,Eden Park
3072,EDULWCH,East Dulwich
3073,EFARLGH,East Farleigh
3074,EFLDPL,Eastfield Passenger Loop
3075,EFLDTMD,Eastfield H.S.
3076,EFNG322,Effingham Jn Signal GD1322
3077,EFNGHMJ,Effingham Junction
3078,EFNGJNK,Effingham Junction Neck
3079,EFNGS98,Effingham Jn Signal Wx98
3080,EFNGSHD,Effingham Jn. C.H.S.
3081,EGATEBC,Eastgate Blue Circle
3082,EGBRFLH,Eggborough P.S. (FLHH)
3083,EGBRGBF,Eggborough P.S. (GBRf)
3084,EGBROPS,Eggborough Power Station
3085,EGGESFD,Eggesford
3086,EGHAM,Egham
3087,EGLNSTJ,Eglinton St Jn
3088,EGLSCDL,Eaglescliffe Down Loop
3089,EGLSCLF,Eaglescliffe
3090,EGLSMSL,Eaglescliffe Marshalls EWS
3091,EGNGTNJ,Egginton Jn
3092,EGRFRTH,East Garforth
3093,EGRMECC,East Grimstead E.C.C.
3094,EGRNSID,East Grinstead Sidings
3095,EGRNSTD,East Grinstead
3096,EGRYN,Egryn
3097,EGTON,Egton
3098,EHMDCEJ,East Ham Dpt Country E Jn
3099,EHMEMUD,East Ham E.M.U.D.
3100,EHOLMSB,East Holmes S B
3101,EIGG,Eigg
3102,EINSLHF,Einsiedlerhof
3103,EJSTNGB,Eastern Jn (Sittingbourne)
3104,EKILBDE,East Kilbride ISU CE
3105,EKILBRD,East Kilbride
3106,ELBOWNJ,Elbowend Jn
3107,ELCT,Earl's Court L.T.
3108,ELDR143,Elderslie Signal PE143
3109,ELDRDRS,Elderslie US (DRS)
3110,ELDRFLT,ELDERSLIE (FLINER)
3111,ELDRSCE,Elderslie C.E.
3112,ELDRSLI,Elderslie
3113,ELDRUPL,Elderslie U.P.L.
3114,ELFORDL,Elford Loop
3115,ELGH,Eastleigh
3116,ELGH103,Eastleigh Signal E103
3117,ELGH105,Eastleigh Sig. E105
3118,ELGH222,Eastleigh Signal 222
3119,ELGH228,Eastleigh Signal E228
3120,ELGH230,Eastleigh Signal E230
3121,ELGH26,Eastleigh Signal E26
3122,ELGH32,Eastleigh Signal E32
3123,ELGH372,Eastleigh Signal EH372
3124,ELGH81,Eastleigh Signal E81
3125,ELGH85,Eastleigh Signal E85
3126,ELGH862,Eastleigh Signal E862
3127,ELGH97,Eastleigh Signal E97
3128,ELGHABK,Allbrook
3129,ELGHAFL,Eastleigh Works-Alstom-FL
3130,ELGHAGG,Eastleigh Aggregate Sdgs.
3131,ELGHBRM,Eastleigh Works - Alstom
3132,ELGHDCS,Eastleigh D.C.S.
3133,ELGHE28,Eastleigh Signal E28
3134,ELGHEJN,Eastleigh East Jn
3135,ELGHENY,Eastleigh East Yard
3136,ELGHFLD,Eastleigh Dpt Freightliner
3137,ELGHGBR,Eastleigh Works GBRF
3138,ELGHHS,Eastleigh H.S.
3139,ELGHLWR,Eastleigh LWR Depot
3140,ELGHMCS,Eastleigh Marcroft Siding
3141,ELGHMY,Eastleigh Marshalling Yard
3142,ELGHPAD,Eastleigh P.A.D.
3143,ELGHSCS,Eastleigh Depot CS
3144,ELGHSFP,Eastleigh Depot FP
3145,ELGHSJN,Eastleigh South Jn
3146,ELGHTMD,Eastleigh T.&R.S.M.D
3147,ELGHVQ,Eastleigh Virtual Quarry
3148,ELGHWJN,Eastleigh West Junction
3149,ELGIN,Elgin
3150,ELGINSB,Elgin Signal Box
3151,ELGINY,Elgin Yard
3152,ELINTON,East Linton
3153,ELLAND,Elland
3154,ELLBNLL,ELL Boundary NLL
3155,ELLBNTH,ELL Boundary North
3156,ELLBSTH,ELL Boundary South
3157,ELMERSE,Elmers End
3158,ELMSWEL,Elmswell
3159,ELMTNAC,Elmton & Cresswell Jn
3160,ELMW,Elmstead Woods
3161,ELPHNAC,Elephant & Castle
3162,ELSC,Elsecar
3163,ELSENHM,Elsenham
3164,ELSHAM,Elsham
3165,ELSMCFL,Ellesmere Prt Cawood Fline
3166,ELSMGBF,Ellesmere Port GBRf
3167,ELSMLHS,Ellesmere Port L.H.S.
3168,ELSMMWF,Ellesmere Port M Wharf FHH
3169,ELSMPCS,Ellesmere Port Cawoods
3170,ELSMPDB,Ellesmere Port (DB Schenker)
3171,ELSMPFH,Ellesmere Port (FLHH)
3172,ELSMPGY,Ellesmere Port Goods Yard
3173,ELSMPOC,"Ellesmere, Ass Octel"
3174,ELSMPRT,Ellesmere Port
3175,ELSMPTC,Ellesmere Port T.C.
3176,ELSMRPE,Ellesmere Port East Sdgs
3177,ELSMRPW,Ellesmere Port West Sdgs
3178,ELSMUDG,Ellesmere Port U&DGL
3179,ELSN,Earlston
3180,ELSTORS,Elstow Redland Sdg
3181,ELSTOW,Elstow
3182,ELTHAM,Eltham
3183,ELTON,Elton & Orston
3184,ELTR,Elstree
3185,ELVFOOT,Elvanfoot
3186,ELVWATV,Elvan Water Viaduct
3187,ELWD,Earlswood (West Midlands)
3188,ELYY,Ely
3189,ELYY259,Ely Signal 259
3190,ELYY776,Ely North Sig CA776 (GPL)
3191,ELYYDLN,Ely Dock Jn
3192,ELYYDTS,Ely Down Through Siding
3193,ELYYFLT,Ely Papworth Sidings FLT
3194,ELYYGBF,Ely Papworth sidings GBRF
3195,ELYYNJN,Ely North Jn
3196,ELYYPAP,Ely Papworth Sidings
3197,ELYYPAW,Ely Papworth Sidings (MLF)
3198,ELYYREC,Ely Recp.
3199,ELYYUGL,Ely Up Goods Loop
3200,ELYYWJN,Ely West Jn
3201,EMALING,East Malling
3202,EMBKMNT,Embankment LT
3203,EMPKAIR,East Midlands Airport (Bus)
3204,EMPKWAY,East Midlands Parkway
3205,EMRSPKH,Emerson Park
3206,EMSWTH,Emsworth
3207,ENFC,Enfield Chase
3208,ENFCOAK,Oakwood LUL (Enfield)
3209,ENFL531,Enfield Town Signal L531
3210,ENFLDLK,Enfield Lock
3211,ENFLDTN,Enfield Town
3212,ENISCTY,Enniscorthy
3213,ENTWISL,Entwistle
3214,EPCKHMR,East Peckham Reverse
3215,EPCKHMT,East Peckham Tip
3216,EPHT,Elephant & Castle L.T.
3217,EPSDNS,Epsom Downs
3218,EPSM,Epsom
3219,EPSM181,Epsom signal W1181
3220,EPSM444,Epsom Sig 444
3221,EPSM456,Epsom Sig 456
3222,EPSMBAL,Epsom (Ballast)
3223,EPSMDS,Epsom - Down Sidings
3224,EPSMSW,Epsom (X)
3225,EPSMUS,Epsom - Up Sidings
3226,EPUTNEY,East Putney
3227,ERDNGTN,Erdington
3228,ERGNCHP,Energlyn & Churchill Park
3229,ERIDBUS,Eridge (A26 Bus Stop)
3230,ERIDGE,Eridge
3231,ERIGCRO,Erigcro
3232,ERIGMOD,Eastriggs M.O.D.
3233,ERITH,Erith
3234,ERITHLP,Erith Loop
3235,ERLEBCI,Hope Sidings B.C.I.
3236,ERLEFHH,Hope (Earles Sidings) FHH
3237,ERLEHES,Hope (Earles Sidings)
3238,ERLESDG,Earles Siding S.B.
3239,ERLFLD,Earlsfield
3240,ERLSTSJ,Earlestown South Jn
3241,ERLSTWJ,Earlestown West Jn
3242,ERLSTWN,Earlestown
3243,ERLSUDL,Earlestown Up & Down West
3244,ERLY,Earley
3245,ERROLCE,Errol C.E.
3246,ERROLLC,Errol
3247,ERSTHCS,Earlseat Hall Construction
3248,ESHER,Esher
3249,ESHS,Easterhouse
3250,ESJLEDS,Engine Shed Jn.
3251,ESKDALE,Eskdale (Dalegarth)
3252,ESKMLS,Eskmeals
3253,ESNTNWS,Essington Wood Sdgs
3254,ESSEXRD,Essex Road
3255,ESSNHBF,Essen Hbf
3256,ESTFLDS,Mitcham Eastfields
3257,ESTHRAK,Eastham Rake
3258,ESTRNGT,Eastrington
3259,ESTSOMJ,East Somerset Jn
3260,ETCHNGM,Etchingham
3261,ETILBRY,East Tilbury
3262,ETRUGJN,Grange Jn.
3263,ETRURBS,Etruria B.S.C.
3264,ETRURIA,Etruria
3265,EURODS,Eurotunnel Diesel Shed
3266,EUROHS,Eurotunnel Depot Headshunt
3267,EUSKALS,East Usk Branch AlphaSteels
3268,EUSKBCH,East Usk Branch
3269,EUSKBDP,East Usk Branch Birdport
3270,EUSKJN,East Usk Jn.
3271,EUSKJNY,East Usk Jn.N.Y.
3272,EUSKORB,East Usk Orb Works EWS
3273,EUST102,EUSTON SIG WM102
3274,EUST104,EUSTON SIG WM104
3275,EUST284,EUSTON SIG WM284
3276,EUST286,EUSTON SIG WM286
3277,EUST308,EUSTON SIG WM308
3278,EUST310,EUSTON SIG WM310
3279,EUST473,EUSTON SIG WM473
3280,EUST488,EUSTON SIG WM488
3281,EUST501,EUSTON SIG WM501
3282,EUST510,EUSTON SIG WM510
3283,EUST512,EUSTON SIG WM512
3284,EUSTBAL,Euston Ballast
3285,EUSTBOR,Euston Backing Out Roads
3286,EUSTDCN,Euston Down Carr Shed Nck
3287,EUSTNHS,Euston H.S.
3288,EUSTON,London Euston
3289,EUSTRES,Euston R.E.S.
3290,EUSTUCS,Euston Up Carriage Shed
3291,EUXT,Euxton
3292,EUXTONJ,Euxton Jn
3293,EUXTSGF,Euxton R.O.F. Sdgs G.F.
3294,EVANTON,Evanton
3295,EVERSHT,Evershot
3296,EVESHAM,Evesham
3297,EVESSB,Evesham S.B.
3298,EVESWJN,EVESHAM WEST JN
3299,EVNTNIB,Evanton I.B.
3300,EWELLE,Ewell East
3301,EWELW,Ewell West
3302,EWRTHNG,East Worthing
3303,EXET335,Exeter St Davids Sig E
3304,EXET664,Exeter St Davids Sig 664
3305,EXET677,Exeter St Davids Ground Sig E677
3306,EXET679,Exeter Sig 679
3307,EXET681,Exeter sig.681
3308,EXET730,Exeter Sig 730
3309,EXETAIR,Exeter Airport
3310,EXETCAR,Exetr Sd Carr Sdgs Wessex
3311,EXETCCE,Exeter Central ISU (CE)
3312,EXETDPT,Exeter St Davids Prem Tran
3313,EXETE35,Exeter St. Davids Sig. E35
3314,EXETERC,Exeter Central
3315,EXETEXM,Exminster
3316,EXETGBR,Exeter Alphington Road GBRf
3317,EXETMBS,Exeter Marsh Barton Sdgs
3318,EXETPBS,Exeter Paris St. Bus Stn
3319,EXETRCB,Exeter City Basin
3320,EXETRFP,Exeter St. David's F.P.
3321,EXETRNY,Exeter New Yard
3322,EXETRRY,Exeter Riverside N.Y.
3323,EXETRSD,Exeter St. David's
3324,EXETRST,Exeter St. Thomas
3325,EXETTMD,Exeter TMD
3326,EXHIBDS,Exhibition Centre Dwn Sdg
3327,EXHIBTC,Exhibition Centre
3328,EXMOCE,Exmouth Jn ISU (CE)
3329,EXMODFS,Exmouth Dk (Ferry Steps)
3330,EXMOJCW,Exmouth Jn CE Works
3331,EXMOTHJ,Exmouth Jn
3332,EXMOUTH,Exmouth
3333,EXTON,Exton
3334,EYNMSHC,Eynsham Church
3335,EYNMSHW,Eynsham Witney Road
3336,EYNSFD,Eynsford
3337,FACTRYJ,Factory Jn
3338,FAIRLIE,Fairlie
3339,FAIRLSN,Fairlie British Energy
3340,FAIRMOD,Fairlie M.O.D.
3341,FALCNWD,Falconwood
3342,FALKRKG,Falkirk Grahamston
3343,FALKRKH,Falkirk High
3344,FALMTHD,Falmouth Docks
3345,FALMTHT,Falmouth Town
3346,FALSWTH,Failsworth
3347,FAMBDGE,North Fambridge
3348,FAMR,Falmer
3349,FARE283,Fareham Signal E283
3350,FARE821,Fareham Signal E821
3351,FARE822,Fareham Signal E822
3352,FARE825,Fareham Signal E825
3353,FAREARC,Fareham A.R.C. Sidings
3354,FAREHAM,Fareham
3355,FARENJN,Fareham North Jn
3356,FARN438,Farnham Signal WK438
3357,FARN445,Farnham Signal WK445
3358,FARNEMU,Farnham Emu Sidings
3359,FARNF3,Farnham Signal FN3
3360,FARNF30,Farnham Signal FN30
3361,FARNHAM,Farnham
3362,FARNHMD,Farnham C.S.D.
3363,FAULDHS,Fauldhouse
3364,FAV4327,Faversham Signal EK4327
3365,FAV4352,Faversham Signal EK4352
3366,FAV5060,Faversham Signal EK5060
3367,FAV5062,Faversham Signal EK5062
3368,FAVR34,Faversham Shunt Signal 34
3369,FAVRBRD,Faversham Bk Road
3370,FAVRCHS,Faversham C.H.S.
3371,FAVRDNR,Faversham Down Reception
3372,FAVRDS1,Faversham Down Sdg No.1
3373,FAVRSHM,Faversham
3374,FAVRUPS,Faversham Up Sidings
3375,FAWKHMJ,Fawkham Junction
3376,FAWKNRC,Fawkham Jn NR/CTRL Bndry
3377,FAYGATE,Faygate
3378,FAYGBUS,Faygate (Police House)
3379,FAZKRLY,Fazakerley
3380,FBRNIOW,Fishbourne (I.O.W)
3381,FDLRFHH,Fiddlers Ferry P Stn FLHH
3382,FDLRGBF,Fiddlers Ferry P STN GBRF
3383,FDLRSFY,Fiddlers Ferry Power Stn
3384,FDLRSSB,Fiddlers Ferry S.B.
3385,FDRS233,Forders Sidings Signal 233
3386,FDRS250,Forders Siding Sig MV250
3387,FDRS28,Forders Sidings Signal 28
3388,FDRSFHH,Forders Sdgs F/L Heavy HL
3389,FDRSGBR,Forders Sidings GBRf
3390,FDRSSBL,Forders Sidings Loop
3391,FDRSSDG,Forders Sdgs
3392,FDRTYIB,Fodderty I.B.
3393,FEARN,Fearn
3394,FEARNSD,Fearn Sidings ISU (CE)
3395,FELL,Fellgate
3396,FELNFRN,Felin Fran
3397,FELT453,Feltham signal F453
3398,FELTGS,Feltham Grid Siding
3399,FELTHAM,Feltham
3400,FELTHMJ,Feltham Jn
3401,FENCHRS,London Fenchurch Street
3402,FENITON,Feniton
3403,FENN715,Fenny Compton Sig. OL7150
3404,FENNCRO,Cropredy
3405,FENNEX,Fenny Compton Exch. Sdgs.
3406,FENNYCM,Fenny Compton
3407,FENYCE,Fenny Compton CE Sdgs
3408,FENYMOD,Fenny Compton M.O.D.
3409,FERDALE,Ferndale
3410,FERNHIL,Fernhill
3411,FERRIBY,Ferriby
3412,FERY624,Ferrybridge Sig 624
3413,FERYBDG,Ferrybridge North Jn
3414,FERYBPS,Ferrybridge Power Station
3415,FERYFHH,Ferrybridge C Pwr Stn FLHH
3416,FERYGBF,Ferrybridge Pwr Stn GBRf
3417,FERYHS,Ferrybridge H.S.
3418,FERYLD,Ferrybridge NP Loco Depot
3419,FERYRD,Ferrybridge NP Repair Dpt
3420,FFAIRFC,Ffairfach
3421,FFLD,Freshfield Halt
3422,FGDHBR,Fishguard Harbour
3423,FGDHGWK,Fishguard & Goodwick
3424,FGDHSDG,Fishguard Harbour Sdg
3425,FIFOTFL,Uskmouth Pwr Stn FLHH
3426,FIFOTPS,Uskmouth Pwr Stn EWS
3427,FILEGRS,Gristhorpe
3428,FILEY,Filey
3429,FILT343,Filton Sig. 343
3430,FILTN06,Filton Signal DF06
3431,FILTNEW,Filton Abbey Wood
3432,FILTNWJ,Filton West Jn
3433,FILTONJ,Filtonj
3434,FINNGLY,Finningley
3435,FINSTCK,Finstock
3436,FISKRTN,Fiskerton
3437,FITZWLM,Fitzwilliam
3438,FIVEWYS,Five Ways
3439,FLAXB,Flax Bourton
3440,FLEET,Fleet
3441,FLETTON,Fletton Jn.
3442,FLIMBY,Flimby
3443,FLINT,Flint
3444,FLITWCJ,Flitwick Jn
3445,FLITWCK,Flitwick
3446,FLIXTON,Flixton
3447,FLKLDFT,Falkland Freight Terminal
3448,FLKLDGL,Falkland DGL
3449,FLKLJN,Falkland Junction
3450,FLKLNDS,Falkland S.S.
3451,FLKS18,Folkestone East Signal YE18
3452,FLKS62,Folkestone East Shunt SG 62
3453,FLKSECS,Folkestone East C.H.S.
3454,FLKSETR,Folkestone East Train Road
3455,FLKSTNC,Folkestone Central
3456,FLKSTNE,Folkestone East
3457,FLKSTNH,Folkestone Harbour
3458,FLKSTNW,Folkestone West
3459,FLKSWSH,Folkestone Warren Staf Hlt
3460,FLORSTN,Floriston
3461,FLSCRHN,Falls of Cruachan
3462,FLWRYFD,Flowery Field
3463,FLXS634,Felixstowe Signal CO634
3464,FLXSBCH,Felixstowe Beach
3465,FLXSBJN,Felixstowe Beach Junction
3466,FLXSCDB,Felixstowe Central DBS
3467,FLXSCFL,Felixstowe Central Frtlner
3468,FLXSCGB,Felixstowe Central GBRf
3469,FLXSCRS,Felixstowe Creek R.S
3470,FLXSDCK,Felixstowe Dock
3471,FLXSNEW,Felixstowe North EWS
3472,FLXSNFL,Felixstowe North F.L.T.
3473,FLXSNGB,Felixstowe North GBRF
3474,FLXSNQ2,Felixstowe Signal NQ2
3475,FLXSNQ4,Felixstowe Signal NQ4
3476,FLXSNRP,Felixstowe Nth Docks RP GPRF
3477,FLXSOYS,Felixstowe Oysterbed Roads
3478,FLXSSEW,Felixstowe South EWS
3479,FLXSSFL,Felixstowe South F.L.T.
3480,FLXSSGB,Felixstowe South GBRF
3481,FLXSSRP,Felixstowe Sth Docks RP GBRF
3482,FLXSSTO,Felixstowe Creek Sdgs EWS
3483,FLXSTOW,Felixstowe
3484,FLYLAFH,Runcorn Folly Lane (FLHH)
3485,FLYLAIC,Runcorn Folly Lane I.C.I. Sdgs
3486,FLYLDRS,Runcorn Folly Lane (DRS)
3487,FNCHLYR,Finchley Road & Frognal
3488,FNCHMET,Finchley Road LT
3489,FNDRYTN,Fen Drayton
3490,FNPK,Finsbury Park
3491,FNPK378,Finsbury Park Sigs K378/9
3492,FNPK380,Finsbury Park Sig K380
3493,FNPK381,Finsbury Park Sig K381
3494,FNPK392,Finsbury Park Sig K392
3495,FNPK407,Finsbury Park Sig 407
3496,FNPK68,Finsbury Park Sig K68
3497,FNSTNEJ,Finnieston East Jn
3498,FNSTNWJ,Finnieston West Jn
3499,FNTLSR,Farringdon (SR)
3500,FOBBING,Fobbing Crossing
3501,FODOUN,Fodoun
3502,FOLDBSJ,Fouldubs Jn
3503,FOLEYPK,Foley Park
3504,FORBACH,Forbach
3505,FORD,Ford
3506,FORDJN,Ford Jn
3507,FORESTH,Forest Hill
3508,FORMBY,Formby
3509,FORMS97,Formby Signal 97
3510,FORRES,Forres
3511,FORRESL,Forres Loop
3512,FORSNCE,Forsinard C.E.
3513,FORSNLC,Forsinard LC
3514,FORSNRD,Forsinard
3515,FOUROKS,Four Oaks
3516,FOWESHT,Fowey Safe Harbour Hotel
3517,FOWEYDK,Fowey Dock Carne Point
3518,FOXFILD,Foxfield
3519,FOXHALJ,Foxhall Jn
3520,FOXLOWJ,Foxlow Jn
3521,FOXTFHH,Foxton FHH
3522,FOXTON,Foxton
3523,FRANT,Frant
3524,FRASL,Four Ashes Loop
3525,FRAT460,FRATTON Signal No. HT460
3526,FRAT553,Fratton Signal 553
3527,FRAT554,Fratton Shunt Signal HT554
3528,FRAT555,Fratton Signal 555
3529,FRATCSD,Fratton C.S.D.
3530,FRATDFP,Fratton Depot F.P.
3531,FRATGSA,Fratton (Goldsmith Ave)
3532,FRATNCS,Fratton C.H.S.
3533,FRATTMD,Fratton T&R.S.M.D
3534,FRATTNE,Fratton East
3535,FRATTNY,Fratton S.S.
3536,FRATTON,Fratton
3537,FRATTOY,Fratton Old Yard
3538,FRATTSH,Fratton Staff Halt
3539,FRBCKJ,Firbeck Jn
3540,FRBN,Fairbourne
3541,FRBR100,Farnborough Signal 100
3542,FRBRETC,Farnborough E.T.C.
3543,FRBRMN,Farnborough (Main)
3544,FRBRNTH,Farnborough North
3545,FRBRYW4,Farnborough Signal YW4
3546,FRDFACT,Ford Factoria
3547,FRDHAM,Fordham
3548,FRDSHM,Frodsham
3549,FRDSHMJ,Frodsham Jn
3550,FRDSUGL,Frodsham Jn UGL
3551,FREMNSX,Freemans L.C.
3552,FRESHFD,Freshford
3553,FRESVIL,Freshford Village
3554,FRFD,Fairfield
3555,FRIARSJ,Friars Jn
3556,FRIMLEY,Frimley
3557,FRIMLYJ,Frimley Jn
3558,FRINTON,Frinton-on-Sea
3559,FRLNGTJ,Farlington Jn
3560,FRMKBUS,Four Marks (Windmill)
3561,FRMPKDS,Ferme Park Diesel Sdgs
3562,FRMPKLC,Ferme Park London Concrete
3563,FRMPKRS,Ferme Park Recp.
3564,FRMPRSG,Ferme Park Recep Lines GBRf
3565,FRNB100,Farnborough Sig BE5100
3566,FRNBRCE,Farnborough Country End
3567,FRNBRLE,Farnborough London End
3568,FRNCMB,Farncombe
3569,FRNDNLT,Farringdon
3570,FRNGTNC,Farington Curve Jn
3571,FRNGTNJ,Farington Jn
3572,FRNKFRT,Frankfurt Main Hbf
3573,FRNNGRD,Farningham Road
3574,FRNW,Farnworth
3575,FROME,Frome
3576,FROMNRS,Frome Network Rail Dn Sdg
3577,FROMNSB,Frome North
3578,FROMPOM,Frome Post Office
3579,FRSHFLD,Freshfield
3580,FRSTGT,Forest Gate
3581,FRSTGTJ,Forest Gate Jn
3582,FRTEVOT,Forteviot L.C.
3583,FRTHBKL,Forth Banks Line
3584,FRTMTLD,Fort Matilda
3585,FRTWAGB,Fort William Alcan GBRF
3586,FRTWBAC,Fort William British Alcan
3587,FRTWBAF,Ft William British Alcan FLT
3588,FRTWDCC,Fort William DCC Energy
3589,FRTWFLT,Ft William Station Sidings
3590,FRTWGF,Fort William BAGF
3591,FRTWJFL,Ft William Jn FLT
3592,FRTWJN,Fort William Jn
3593,FRTWJYD,Fort William J.Yd T.C.
3594,FRTWLCE,Fort William C.E.
3595,FRTWLM,Fort William
3596,FRTWLMS,Fort William Station Sdgs
3597,FRTWTLP,Fort William Timber load
3598,FRWATER,Fairwater
3599,FRWAYD,Fairwater Yard
3600,FRWDJN,Fairwood Jn
3601,FRZBGCE,Furzebrook Oil Sidings
3602,FRZNGHL,Frizinghall
3603,FSHBBUS,Fishbourne (A259)
3604,FSHBORN,Fishbourne(Sussex)
3605,FSHRSGT,Fishersgate
3606,FSTR,Fenny Stratford
3607,FTHRSTN,Featherstone
3608,FTWMDCC,Fort William DCC Energy
3609,FULBRNE,Fulbourne
3610,FULW411,Fulwell Signal F411
3611,FULW415,Fulwell Signal F415
3612,FULW417,Fulwell Signal F417
3613,FULWELJ,Fulwell Jn
3614,FULWELL,Fulwell
3615,FURNESV,Furness Vale
3616,FURZEP,Furze Platt
3617,FWLY,Fawley
3618,FWLYESO,Fawley Esso
3619,FWLYFHH,Fawley Esso FHH
3620,FWLYGF,Fawley Ground Frame
3621,FYHLAYC,Aycliffe
3622,FYHLMAR,Ferryhill Yard Marcroft
3623,FYHLPRM,Preston Manor
3624,FYHLSJN,Ferryhill Sth. Jn.
3625,FYHLSTI,Stillington
3626,FYHLTC,Ferryhill T.C. Old Yard
3627,FYHLTHO,Ferryhill Thompson
3628,FYSD,Ferryside
3629,GAERJ,Gaer Jn
3630,GAILES,Gailes L.C.
3631,GALASHI,Galashiels Bus Stop Sc Zone
3632,GALASLS,Galashiels
3633,GALTILL,Smethwick Galton Bridge LL
3634,GALTINT,Smethwick Galton Bridge HL
3635,GALTONJ,Galton Jn
3636,GALWAY,Galway
3637,GANNOWJ,Gannow Jn
3638,GANTRYA,Glasgow Central Gantry A
3639,GARFRTH,Garforth
3640,GARROWH,Garrowhill
3641,GARSCE,Garsdale URS (CE)
3642,GARSDLE,Garsdale
3643,GARTH,Garth
3644,GARVE,Garve
3645,GARVECE,Garve C.E.
3646,GARVELC,Garve LC
3647,GARW,Garswood
3648,GASFCTJ,Gas Factory Jn
3649,GASFLP,Gas Factory Loop
3650,GATHRST,Gathurst
3651,GATLEY,Gatley
3652,GBGHLRD,Gainsborough Lea Road
3653,GBNK,Greenbank
3654,GBROC,Gainsborough Central
3655,GBROCHA,Gainsbro Lea Road Chafers
3656,GBROLRB,Gainsborough L. Rd. B.P.
3657,GBROTJ,Gainsborough Trent Jns
3658,GDLMING,Godalming
3659,GDMYSUR,Goodmayes Up Reception
3660,GEDLCOL,Gedling Colliery
3661,GERABJN,Gerards Bridge Jcn
3662,GERDXSS,Gerrards Cross Siding
3663,GERRDSX,Gerrards Cross
3664,GFLD,Greenfield
3665,GFORD,Greenford
3666,GFORDEJ,Greenford East Jn
3667,GFORDSJ,Greenford South Jn
3668,GFORDWJ,Greenford West Junction
3669,GGLSWCK,Giggleswick
3670,GIDB,Guide Bridge
3671,GIDBAVS,Guide Bridge Ave SDGS FLHH
3672,GIDBDFH,Guide Bridge (DAVIS) FLHH
3673,GIDBFHH,Guide Bridge Yard FHH
3674,GIDBGBS,Guide Bridge B'Sde Sdgs
3675,GIDBGEJ,Guide Bridge East Jn
3676,GIDBGNJ,Guide Bridge North Jn
3677,GIDBGSJ,Guide Bridge Station Jn
3678,GIDBGWJ,Guide Bridge West Jn
3679,GIDBURL,Guide Bridge Down and Up Passenger Loop
3680,GIDBVQ,Guide Bdge Virtual Quarry
3681,GIDE116,Gidea Park Shunt Signal L5116
3682,GIDE125,Gidea Park Signal L5125
3683,GIDE474,Gidea Park Signal L474
3684,GIDEAPK,Gidea Park
3685,GIDECES,Gidea Park Country End Spur
3686,GIDEPKJ,Gidea Park Jn
3687,GIDEPKM,Gidea Park Middle Siding
3688,GIDEPKR,Gidea Park Railstore
3689,GIDEPKS,Gidea Park CS
3690,GIDEUGL,Gidea Park Up Goods Loop
3691,GIFFEN,Giffen
3692,GIFNOCK,Giffnock
3693,GIPSYH,Gipsy Hill
3694,GIRVAN,Girvan
3695,GIRVANC,Girvan C.E.
3696,GISBTNL,Gisburn Tunnel
3697,GLAISDL,Glaisdale
3698,GLANRFN,Glanrafon
3699,GLASHTN,Glasshoughton
3700,GLAZBKE,Glazebrook East Jn & Sdgs
3701,GLAZBRK,Glazebrook
3702,GLAZBTP,Glazebrook B.T.P.
3703,GLBRDYK,Gilberdyke
3704,GLCARON,Glencarron
3705,GLDL,Glen Douglas
3706,GLDLMOD,Glen Douglas M.O.D.
3707,GLDTHRP,Goldthorpe
3708,GLFALCH,Glen Falloch
3709,GLFCHFR,Gilfach Fargoed
3710,GLFIELD,Gollanfield
3711,GLGAPT,Glasgow Airport
3712,GLGBGTE,Bridgegate
3713,GLGC,Glasgow Central High Level
3714,GLGCBSJ,Glasgow Bridge Street Jn
3715,GLGCES,Glasgow Central Engine Sdg
3716,GLGCLL,Glasgow Central Low Level
3717,GLGCN2L,Glasgow Central No. 2 SDG
3718,GLGCSD1,Glasgow Central NO.1 SDG
3719,GLGCSD3,Glasgow Central No 3 SDG
3720,GLGCSD4,Glasgow Central No 4 SDG
3721,GLGCSD5,Glasgow Central No 5 SDG
3722,GLGH140,High Street Sig 140
3723,GLGH141,High Street Sig 141
3724,GLGH795,High Street Sig Yf795
3725,GLGHSJN,High St Jn
3726,GLGHST,High Street
3727,GLGN,Glengarnock
3728,GLGN183,Glengarnock PG183
3729,GLGN185,Glengarnock PG185
3730,GLGNUGL,Glengarnock U.G.L.
3731,GLGQHL,Glasgow Queen St High Level
3732,GLGQLL,Glasgow Queen St Low Level
3733,GLGSLYE,Smithy Lye
3734,GLGWWKS,Glasgow Works
3735,GLHM,Gillingham (Dorset)
3736,GLHM23,Gillingham (Dorset) Sig 23
3737,GLHM4,Gillingham Signal GM4
3738,GLHM677,Gillingham Signal 4677
3739,GLHM680,Gillingham Signal 4680
3740,GLHMCE,Gillingham (Dorset) CE
3741,GLNCNWY,Glan Conwy
3742,GLNEGLS,Gleneagles
3743,GLNFCE,Glenfinnan C.E.
3744,GLNFNNN,Glenfinnan
3745,GLNG26,Gillingham (Kent) Sig 26
3746,GLNGBTH,Beith
3747,GLNGCSD,Gillingham C.S.D.
3748,GLNGDEP,Gillingham E.M.U.D.
3749,GLNGDNS,Gillingham Down Sidings
3750,GLNGHMK,Gillingham (Kent)
3751,GLNGLCS,Gillingham EWS Sidings
3752,GLNGMUS,Gillingham Up Sdgs
3753,GLNGRCE,Glengarnock C.E.
3754,GLNGREC,Gillingham Reception Road
3755,GLNR556,Glenrothes Sig ET556
3756,GLNR558,Glenrothes Sig ET558
3757,GLNR867,Glenrothes signal ET867
3758,GLNRTHS,Glenrothes with Thornton
3759,GLNWHCE,Glenwhilly C.E.
3760,GLNWHLY,Glenwhilly
3761,GLOS156,Gloucester Sig. G156
3762,GLOS239,Gloucester Sig. G239
3763,GLOS256,Gloucester Sig. G256
3764,GLOS339,Gloucester Sig. G339
3765,GLOS356,Gloucester Sig. G356
3766,GLOS423,Gloucester Signal 423
3767,GLOS444,Gloucester Ground Sig 444
3768,GLOSCHS,Gloucester Carriage Sidings
3769,GLOSLIP,Gloucester L.I.P.
3770,GLOSOVR,Gloucester Over Jn
3771,GLOSS31,Gloucester Signal G31
3772,GLOSTER,Gloucester
3773,GLOSTHR,Gloucester Horton Road
3774,GLOSTNY,Gloucester N.Y.
3775,GLOSTOY,Gloucester Old Yard
3776,GLOSTUF,Tuffley Junction
3777,GLOSTYJ,Gloucester Yard Jn
3778,GLSCOED,Glascoed
3779,GLSP,Glossop
3780,GLSTHAL,Glastonbury Town Hall
3781,GLYNDE,Glynde
3782,GNBAEWS,Goonbarrow Junction EW&S
3783,GNBANR,Goonbarrow Junction
3784,GNBARWJ,Goonbarrow Jn Imerys
3785,GNFTCE,Greenfoot C.E.
3786,GNFTGL,Greenfoot G.L.
3787,GNFTSB,Greenfoot
3788,GNHL347,Greenhill 347 Sig
3789,GNHL360,Greenhill Jn Signal GJ360
3790,GNHL427,Greenhill Lower Sig GJ427
3791,GNHLDGL,Greenhill Upper D.G.L.
3792,GNHLLJN,Greenhill Lower Jn
3793,GNHLUCE,Greenhill Upper C.E.
3794,GNHLUGL,Greenhill Upper U.G.L.
3795,GNHLUJN,Greenhill Upper Jn
3796,GNHT,Greenhithe
3797,GNHTBWP,Greenhithe Bluewtr Pk-Bus
3798,GNHTRI,Greenhithe - Railway Inn
3799,GNLN,Green Lane
3800,GNLNJN,Green Lane Jn
3801,GNRS51,Gunnersbury Signal GB51
3802,GNRSBRY,Gunnersbury
3803,GNTN,Grangetown
3804,GNWH,Greenwich
3805,GOBOCCD,Gobowen C.C.D.
3806,GOBORRS,Gobowen Run Round Sidings
3807,GOBOW6,Gobowen Ground Signal GN6
3808,GOBOWEN,Gobowen
3809,GODALBN,Gulf Oil Depot Albion
3810,GODLEYE,Godley East
3811,GODLY,Godley
3812,GODMAYS,Goodmayes
3813,GODSLFS,Godstone Tip
3814,GODSTGF,Godstone Tip Ground Frame
3815,GODSTON,Godstone
3816,GOFER,Gosport Ferry
3817,GOLBRNJ,Golborne Jn
3818,GOLFSTR,Golf Street
3819,GOLSKLC,Kirkton LC
3820,GOLSPIE,Golspie
3821,GOMSHAL,Gomshall
3822,GONESSE,Gonesse
3823,GOODCHS,Goodrington C.H.S
3824,GOODSND,Goodrington Sands 
3825,GOOLE,Goole
3826,GOOLEDK,Goole Docks
3827,GOOLEGG,Goole Glassworks GBRF
3828,GOOLEGW,Goole Glassworks
3829,GOOLES,Goole T.C.
3830,GOOLESJ,Engine Shed Jn Goole
3831,GOOLLOP,Goole Up Goods Loop
3832,GOOLPGJ,Potters Grange Jn
3833,GOOLUSS,Goole Up Station Sdg
3834,GOOSTRY,Goostrey
3835,GORASTR,Goring & Streatley
3836,GORBALS,Gorbals
3837,GORD201,Gordon Hill Signal 201
3838,GORDONH,Gordon Hill
3839,GORG530,Gorgie Branch Sig EH530
3840,GORGIEJ,Gorgie Jn
3841,GORNGBS,Goring-by-Sea
3842,GORTON,Gorton
3843,GOSBLOT,Blotoft Signal Box
3844,GOSBRTN,Gosberton S.B.
3845,GOSP100,Gospel Oak Sig NL1000
3846,GOSP304,Gospel Oak Signal 1304
3847,GOSP306,Gospel Oak Sig NL1306
3848,GOSP500,Gospel Oak Signal GO500
3849,GOSPLOK,Gospel Oak
3850,GOSPMAN,Gospel Oak Mansfield Road
3851,GOUROCK,Gourock
3852,GOURPIE,Gourock Pier
3853,GOURSTN,Gourock Station
3854,GOVS,Grange-over-Sands
3855,GOVS4,Grange-Over-Sands Signal 4
3856,GOWERTN,Gowerton
3857,GOXHILL,Goxhill
3858,GRAIN,Grain
3859,GRAINBP,Grain Bp
3860,GRAINEW,Grain Thamesport (EWS)
3861,GRAINFG,Grain Foster Yeoman GBRf
3862,GRAINFL,Grain Foster Yeoman - FHH
3863,GRAINFY,Grain Foster Yeoman
3864,GRAINGB,Grain Thamesport (GBRF)
3865,GRAINTB,Grain Thamesport Bulk
3866,GRAINTR,Grain Thamesport Rfd
3867,GRANGE,Grange
3868,GRATELY,Grateley
3869,GRAVLYH,Gravelly Hill
3870,GRAYS,Grays
3871,GRAZLY,Grazeley
3872,GREATHM,Greatham
3873,GREENRD,Green Road
3874,GREMBRG,Gremberg
3875,GRENCCE,Greenock C.E.
3876,GRENCD,Greenock Container Depot
3877,GRENCKC,Greenock Central
3878,GRENCKW,Greenock West
3879,GRENCPA,Greenock C.P.A.
3880,GRET525,Gretna Jn Signal CE.525
3881,GRET526,Gretna Jn Signal CE.526
3882,GRETGRN,Gretna Green
3883,GRETNAJ,Gretna Jn
3884,GRGMACE,Georgemas Junction C.E.
3885,GRGMASJ,Georgemas Junction
3886,GRGMBOW,Bower
3887,GRGMHLC,Halkirk
3888,GRGMYLC,Hoy LC
3889,GRGRAVE,Gargrave
3890,GRIGG,Grayrigg
3891,GRJT,Grand Jn
3892,GRLCHCE,Garelochhead C.E.
3893,GRLCHHD,Garelochhead
3894,GRMS100,Grimsby Pasture St Sig 1000
3895,GRMS981,Grimsby Pasture St Sig 981
3896,GRMSBMJ,Grimsby Marsh Jn
3897,GRMSBPR,Grimsby Pyewipe Road S.B.
3898,GRMSBPS,Grimsby Brickpit Sdg
3899,GRMSBWM,Grimsby West Marsh T.C.
3900,GRMSBYD,Grimsby Docks
3901,GRMSBYT,Grimsby Town
3902,GRMSTPS,Tioxide Siding
3903,GRMSWMA,Grimsby West Marsh RFS Eng
3904,GRNBFHH,Greenburn (FHH)
3905,GRNBJN,Greenburn Junction
3906,GRNBURN,Greenburn Keir Mining
3907,GRNDG11,Grindleford SIG G11
3908,GRNDLFD,Grindleford
3909,GRNFLDS,Greenfaulds
3910,GRNGALC,Grangemouth British Alcan
3911,GRNGBPC,BP Grangemouth (COLAS)
3912,GRNGBPH,Grangemouth (Holding Sdg)
3913,GRNGDRS,Grangemouth FPA (DRS)
3914,GRNGEWS,Grangemouth TDG (EWS)
3915,GRNGFLT,Grangemouth Freightliner
3916,GRNGFPA,Grangemouth Docks F.P.A.
3917,GRNGH10,Grangemouth Junc Sig GH10
3918,GRNGH12,Grangemouth Junc Sig GH12
3919,GRNGLD,Grangemouth WH Malcolm
3920,GRNGMBP,Grangemouth In (Chemicals)
3921,GRNGMOT,GRANGEMOUTH INEOS
3922,GRNGMRR,Grangemouth Run Round
3923,GRNGMTH,Grangemouth
3924,GRNGMTJ,Grangemouth Jn
3925,GRNGOHL,Grangemouth Orchard Hill
3926,GRNGTDG,Grangemouth TDG
3927,GRNGTDS,Grangemouth SS
3928,GRNGVWR,Grangemouth TDG (VWR)
3929,GRNHJN,Greenhurst Jn
3930,GRNLNNG,Greenloaning
3931,GRNLUDR,Greenloaning Refuge Sdgs
3932,GRNLUDS,Greenloaning Refuge Sdgs
3933,GRNQNNJ,Garnqueen North Jn
3934,GRNSFDJ,Greensfield Jn.
3935,GROMBDG,Groombridge
3936,GRONGLJ,Garriongill Jn
3937,GROSMNT,Grosmont
3938,GROSNYM,Grosmont North Yorks Moors
3939,GRPK,Grange Park
3940,GRRDGAM,Gamston
3941,GRSTCTG,Garson Car Terminal GBRF
3942,GRSTFHH,Garston (Merseyside) (FHH)
3943,GRSTH,Garston (Hertfordshire)
3944,GRSTM,Garston (Merseyside)
3945,GRSTNAC,Garston Auto Compound (EWS)
3946,GRSTNCR,Garston Church Road
3947,GRSTNDK,Garston Docks
3948,GRSTNFT,Garston F.L.T.
3949,GRSTNJ,Garston Jn
3950,GRSTNSL,Garston Auto Compound (FLR)
3951,GRSTNSS,Garston (Speke) T.C.
3952,GRSTNUS,Garston Up Sidings
3953,GRTCSH,Gartcosh
3954,GRTCSHJ,Gartcosh Jn
3955,GRTCSHR,Gartcosh Russell Jg(Trnst)
3956,GRTHMG,Garth (Mid-Glamorgan)
3957,GRTLBP,Greetland B.P. Oil
3958,GRTLNDJ,Greetland Jn
3959,GRTN,Grangetown (Cleveland)
3960,GRTN736,Grangetown Sig G.736
3961,GRTN751,Grangetown Sig G.751
3962,GRTNJN,Grangetown Junction
3963,GRTNSHJ,Shell Junction
3964,GRTONIB,Gorton (Tayside)
3965,GRTSTNH,Greatstone Halt
3966,GRVEGRN,Grove Green
3967,GRVPCHS,Grove Park C.H.S.
3968,GRVPCSD,Grove Park C.S.D.
3969,GRVPDCE,Grove Park Dpt Ctry Ed EXT
3970,GRVPDLE,Grove Park Dpt Lndn Ed Ext
3971,GRVPK,Grove Park
3972,GRVPKDS,Grove Park Down CHS
3973,GRVPKUS,Grove Park Up C.H.S.
3974,GRVPKWR,Grove Park Wash Road
3975,GRVPRCP,Grove Park Down Sidings
3976,GRVPUCE,Grove Park Up Sg Cn Ed EXT
3977,GRVPUHS,Grove Park Up Headshunt
3978,GRVPULE,Grove Park Up Sg Ln Ed EXT
3979,GRVRBGJ,Grosvenor Bridge Jn
3980,GRVS601,Gravesend Signal NK 1601
3981,GRVS604,Gravesend Signal NK 1604
3982,GRVSEND,Gravesend
3983,GRWN,Gaerwen
3984,GSCD,Garscadden
3985,GSCG909,Gascoigne Wood Sig 5909
3986,GSCG926,Gascoigne Wood Signal 5926
3987,GSCGDBS,Gascoigne Wood Down (DBS)
3988,GSCGDL,Gascoigne Wood Down Loop
3989,GSCGFHH,Gascoigne Wood Down FFHH
3990,GSCGHAG,Hagg Lane Crossing
3991,GSCGNWJ,Gascoigne Wood Jn.
3992,GSHRSJN,Gartsherrie South Jn
3993,GSTANG,Garstang & Catteral
3994,GTAYTON,Great Ayton
3995,GTBG,Great Bridge
3996,GTBNTLY,Great Bentley
3997,GTCHSFD,Great Chesterford
3998,GTCHSFL,Great Chesterford Up GdsLp
3999,GTCO1JN,Great Coates No1 Jn.
4000,GTCOATS,Great Coates
4001,GTHLAND,Goathland
4002,GTHM,Grantham
4003,GTHM281,Grantham Sub Signal 1281
4004,GTHM283,Grantham Sub Signal 1283
4005,GTHMEWS,Grantham Freight Depot
4006,GTHMISU,Grantham ISU
4007,GTHMNBJ,Nottingham Branch Jn
4008,GTHMNJN,Grantham Nth Jn
4009,GTHMUSG,Grantham Up Sidings
4010,GTHS,Grantshouse
4011,GTHSCE,Grantshouse C.E.
4012,GTHSDPL,Grantshouse D.P.L.
4013,GTHSUPL,Grantshouse U.P.L.
4014,GTLY,Gartly
4015,GTMLVRN,Great Malvern
4016,GTMS769,Great Missenden SIG ME769
4017,GTMSNDN,Great Missenden
4018,GTRCKSJ,Great Rocks Jn
4019,GTSHDMC,MetroCentre
4020,GTSR,Gartshore
4021,GTSRDPL,Gartshore D.P.L.
4022,GTSRUPL,Gartshore U.P.L.
4023,GTWK,Gatwick Airport
4024,GTWK116,Gatwick Airport Sig. T1161
4025,GTWK168,Gatwick Airport Sig. T1168
4026,GTWKACS,Gatwick Airport C.H.S.
4027,GTWKUSN,Gatwick Up Siding North
4028,GUIL301,Guildford Signal GD1301
4029,GUIL305,Guildford Signal GD1305
4030,GUIL308,Guildford Signal GD1308
4031,GUIL635,Guildford Signal GD635
4032,GUILDCS,Guildford U.C.H.S.
4033,GUILDFD,Guildford
4034,GUILDFR,Guildford North Box Sdg
4035,GUILDFY,Guildford F.D.
4036,GUILDLE,Guildford London End
4037,GUILDUR,Guildford Up Recp
4038,GUISELY,Guiseley
4039,GUNDJGF,Grendon Underwood Jn G.F
4040,GUNHOSJ,Gunhouse Loop
4041,GUNISLK,Gunnislake
4042,GUNNIE,Gunnie Castle Cement
4043,GUNTON,Gunton
4044,GUSBROJ,Guisborough Jn
4045,GVNDCLP,Grovesend Colly Loop Jn
4046,GVSDQ,Grovesend Quarry
4047,GWCG,Gwaun-cae-Gurwen Opencast
4048,GWCGRR,Gwaun-cae-Gurwen RR
4049,GWRSYLT,Gwersyllt
4050,GWSTJN,Gower Street Jn
4051,GWSYBAG,Gascoigne Wood Bardon Agg.
4052,GWSYBKR,Gascoigne Wood Sidings
4053,GWSYFHH,Gascoigne Wood Up (FHH)
4054,GYPSYLA,Gypsy Lane
4055,HABRJN,Habrough Jn
4056,HABRO,Habrough
4057,HACKNYC,Hackney Central
4058,HACKNYW,Hackney Wick
4059,HADFILD,Hadfield
4060,HADISCO,Haddiscoe
4061,HADLYWD,Hadley Wood
4062,HADMASH,Ashendon Jn
4063,HADMATP,Haddenham & Thame Parkway
4064,HADMBRI,Brill
4065,HADMROS,Rose Farm Crossing
4066,HAGFOLD,Hag Fold
4067,HAGGERS,Haggerston
4068,HAGGXO,Haggerston Crossover
4069,HAGHLYJ,Haughley Jn
4070,HAGLEY,Hagley
4071,HAGT,Harrogate
4072,HAGTMRD,Harrogate Sdgs
4073,HAKNLEJ,Hackney Downs Londn End Jn
4074,HAKNYNM,Hackney Downs
4075,HALE,Hale
4076,HALG,Halling
4077,HALGRPC,Halling R.P.C.
4078,HALL317,Hall Royd Jn SIG 317
4079,HALL318,Hall Royd Jn SIG 318
4080,HALL319,Hall Royd SIG 319
4081,HALLRD,Hall Road
4082,HALLRWS,Hall Road Wall Siding
4083,HALLTMD,Hall Road E.M.U.D.
4084,HALREST,Eastwood
4085,HALRYDJ,Hall Royd Jn
4086,HALSLBD,Halesworth Stn Limits Bd
4087,HALSWTH,Halesworth
4088,HALTONJ,Halton Jn
4089,HALW,Halewood
4090,HALWFSD,Fords Sdgs Halewood
4091,HALWJAG,Halewood (Jaguar Cars)
4092,HAMBLEJ,Hambleton East Junction
4093,HAMBLNJ,Hambleton North Jn
4094,HAMBLSJ,Hambleton South Jn.
4095,HAMBLWJ,Hambleton West Jn.
4096,HAMBRYV,Ryther Viaducts
4097,HAMDLUL,HAMMERSMITH (DISTRICT) LUL
4098,HAMERTN,Hammerton
4099,HAMLDRS,Hamilton (DRS)
4100,HAMLSTL,Hamilton Steele E.G.
4101,HAMLTNC,Hamilton Central
4102,HAMLTNW,Hamilton West
4103,HAMPTON,Hampton
4104,HAMSTED,Hamstead
4105,HAMT534,Riverbed Sig 534 (Mersey)
4106,HAMTSQ,Hamilton Square
4107,HAMWICK,Hampton Wick
4108,HANDBRO,Hanborough
4109,HANSCAS,Castlethorpe
4110,HANSLPJ,Hanslope Jn
4111,HANSRD,Roade
4112,HANWBLP,Hanwell Bridge Loop
4113,HANWBSG,Hanwell Bridge Sdgs
4114,HANWELL,Hanwell
4115,HAPTON,Hapton
4116,HAREFHH,Wintersett Opencast (FLHH)
4117,HAREPKJ,Hare Park Junction
4118,HAREWIN,Wintersett
4119,HARLSDN,Harlesden
4120,HARLSJN,Harlesden Jn
4121,HARMYRL,Hairmyres Loop
4122,HARMYRS,Hairmyres
4123,HAROHSJ,Harrow On The Hill Sth Jn
4124,HAROOTH,Harrow-on-the-Hill
4125,HARSLP,Haresfield Loop
4126,HARTCLJ,Hartford C.L.Junction
4127,HARTEJN,Hartford East Jn
4128,HARTFD,Hartford
4129,HARTFDJ,Hartford Junction
4130,HARWCHR,Harwich Recp
4131,HARWICH,Harwich Town
4132,HASL15,Haslemere Signal EW15
4133,HASL23,Haslemere Signal EW23
4134,HASLEMR,Haslemere
4135,HASOCKS,Hassocks
4136,HASTBSD,Hastings Brighton Sidings
4137,HASTCHS,Hastings C.H.S.
4138,HASTGSD,Hastings Goods Sidings
4139,HASTING,Hastings
4140,HASTPSD,Hastings Park Sidings
4141,HASTS70,Hastings Signal 70
4142,HASTWX,Hastings West Crossover
4143,HATFBUS,Hatfield Bus
4144,HATFILD,Hatfield
4145,HATHRSG,Hathersage
4146,HATRSLY,Hattersley
4147,HATTBUD,Budbrook Jn
4148,HATTCE,Hatton ISU (CE)
4149,HATTDGL,Hatton Down Goods Loop
4150,HATTNNJ,Hatton North Jn
4151,HATTNWJ,Hatton West Jn
4152,HATTON,Hatton
4153,HAUG419,Haughhead Jn Sig MH419
4154,HAUGHDJ,Haughhead Jn
4155,HAVA500,Havant Signal No HT500
4156,HAVA501,Havant Signal HT501
4157,HAVA503,Havant Signal HT503
4158,HAVANT,Havant
4159,HAVAS28,Havant Signal 28
4160,HAVAS31,Havant Sig.31
4161,HAVENHS,Havenhouse
4162,HAVRFDW,Haverfordwest
4163,HAVRFRD,Haverfordwest F.D.
4164,HAWARDN,Hawarden
4165,HAWDNBG,Hawarden Bridge
4166,HAWESMP,Hawes Market Place
4167,HAWICK,Hawick
4168,HAWIK,Hawick Bus Stop SC Zone
4169,HAWKLUL,Hawkesbury Lane Up Loop
4170,HAWKSLA,Hawkesbury Lane
4171,HAWORTH,Haworth
4172,HAYDKBJ,Haydock Branch Jn
4173,HAYEHLP,Hayes & Harlington Loop
4174,HAYESAH,Hayes & Harlington
4175,HAYESTC,Hayes T.C.
4176,HAYESTS,Hayes & H'ton Tarmac Sdgs
4177,HAYLE,Hayle
4178,HAYM527,Haymarket Signal EH527
4179,HAYM911,Haymarket Signal EH911
4180,HAYMDRS,Haymarket Down Refuge Sdg
4181,HAYMNGL,Haymarket North Goods Loop
4182,HAYMRCJ,Haymarket Central Jn
4183,HAYMRCS,Haymarket C.S.
4184,HAYMREJ,Haymarket East Jn
4185,HAYMRKT,Haymarket
4186,HAYMRWJ,Haymarket West Jn
4187,HAYMTMD,Haymarket Depot
4188,HAYS,Hayes (Kent)
4189,HAYSCHS,Hayes (Kent) C.H.S.
4190,HAZEBCK,Hazebrouck
4191,HAZL,Hazel Grove
4192,HAZLGHJ,Hazel Grove H.L.Jn
4193,HBDNBDG,Hebden Bridge
4194,HBDNURS,Hebden Bridge URS
4195,HBRN,Hollingbourne
4196,HBROOMS,High Brooms
4197,HBRTBDG,Hubberts Bridge
4198,HBRY,Hartlebury
4199,HCHP,Holmes Chapel
4200,HCKNGTN,Heckington
4201,HCKP863,Balne Signal Y863
4202,HCKP864,Balne Signal D864
4203,HCKPBAL,Balne
4204,HCKPFHH,Heck (FLHH)
4205,HCKPLSM,Heck Plasmor P S
4206,HCRT,Hampton Court
4207,HCRTJN,Hampton Court Jn.
4208,HDNELP,Hall Dene Loop
4209,HDNS,Hednesford
4210,HDNSMOO,Moors Gorse LC
4211,HDON,Hendon
4212,HDRS770,Huddersfield Sig HU770
4213,HDRS771,Huddersfield Sig HU771
4214,HDRSFLD,Huddersfield
4215,HDRSSDG,Huddersfield Siding
4216,HEACHAM,Heacham Broadway
4217,HEADCRN,Headcorn
4218,HEADUGL,Headcorn Up Goods Loop
4219,HEALING,Healing
4220,HEATH22,Heath Jn Sig GPL22
4221,HEATH33,HEATH JN SIG GPL7433
4222,HEATHHL,Heath High Level
4223,HEATHJ,Heath Jn
4224,HEATHLL,Heath Low Level
4225,HEATSDG,Heath Town Sidings
4226,HEDGEND,Hedge End
4227,HEDNGLY,Headingley
4228,HEDSTNL,Headstone Lane
4229,HEELEY,Heeley UPV
4230,HELEBLC,Hele & Bradninch LC
4231,HELIFLD,Hellifield
4232,HELILOP,Hellifield Goods Loop
4233,HELMSCE,Helmsdale C.E.
4234,HELMSDL,Helmsdale
4235,HELPSTN,Helpston Jn.
4236,HELSBY,Helsby
4237,HELTNL,Helm Tunnel
4238,HELWTHB,Helwith Bridge
4239,HEMERDN,Hemerdon
4240,HEMLBMS,Hemel Hempstead Boxmoor SDG
4241,HEMLHMP,Hemel Hempstead
4242,HEMLSJN,Hemel Hempstead South Jn
4243,HEMSWTH,Hemsworth Loop
4244,HENBRY,Henbury
4245,HENDYJ,Hendy Jn
4246,HENGOED,Hengoed
4247,HENLYIA,Henley-in-Arden
4248,HENSALL,Hensall
4249,HENWICK,Henwick
4250,HENXRDS,Henstridge Ash Cross Roads
4251,HEREDNY,Hereford N.Y.
4252,HEREDSL,Hereford Diesel Sdgs.
4253,HEREFDY,Hereford Yard
4254,HEREFRD,Hereford
4255,HERN595,Herne Hill Signal VS595
4256,HERN602,Herne Hill Signal VS602
4257,HERNEH,Herne Hill
4258,HERNHSD,Herne Hill Siding
4259,HERRNGE,Herringe
4260,HERSHAM,Hersham
4261,HERT203,Hertford North GPL 203
4262,HERTFDD,Hertford Depot
4263,HERTFDE,Hertford East
4264,HESRJN,Helen Street Jn
4265,HESS37,Hessle East Jn Signal 37
4266,HESSEJS,Hessle East Jn Sidings
4267,HESSGBF,Hessle C and W (GBRF)
4268,HESSLE,Hessle
4269,HESSLEE,Hessle East Jn.
4270,HESSLRD,Hessle Road Jn.
4271,HESSR49,Hessle Rd Jn Sig HR49
4272,HESTBNK,Hest Bank
4273,HESWALL,Heswall
4274,HETHRST,Hethersett
4275,HETNLEJ,Heaton Lodge East Jn
4276,HETNLJN,Heaton Lodge Jn
4277,HEVEBUS,Hever (Brocas Farm)
4278,HEVER,Hever
4279,HEWISH,Hewish
4280,HEWOMTR,Heworth (Metro)
4281,HEWORTH,Heworth
4282,HEXH55,Hexham Sig HE55 Rev
4283,HEXHAM,Hexham
4284,HEXHCE,Hexham ISU (CE)
4285,HEXHFD,Hexham Freight Depot
4286,HEXHTS,Hexham Tamper Sidings
4287,HEYFFRI,Fritwell and Somerton
4288,HEYFORD,Heyford
4289,HEYMCEG,Heysham Harbour P.S.
4290,HEYSHBR,Heysham Harbour
4291,HFDN,Hertford North
4292,HFDNCHS,Hertford Nth C.H.S.
4293,HFDNDCS,Hertford North Down CS
4294,HFLPEVL,Hatfield Peverel
4295,HGHBRDG,Highbridge & Burnham
4296,HGHBRDJ,Highbridge Loop
4297,HGHDJN,Highdyke Jn.
4298,HGHI,Highbury and Islington
4299,HGHIBVJ,Highbury Vale Jn
4300,HGHLY,Highley
4301,HGHMSPK,Highams Park
4302,HGHNGTN,Heighington
4303,HGHWTHJ,Highworth Jn
4304,HGTNSD,Haughton Sidings
4305,HIGH238,Highbury Signal 1238
4306,HIGH321,Highbury Signal ELL 321
4307,HIGHBYA,Highbury & Islington
4308,HIGHBYE,Highbury and Islington ELL
4309,HIGHTRT,Highbury Transfer TR AC - DC
4310,HIGM,Higham
4311,HIHAM,Higham (Suffolk)
4312,HILGAY,Hilgay AHB
4313,HILHQRY,Hillhouse Quarry
4314,HILL102,Hillside Signal 102
4315,HILLSID,Hillside
4316,HILSEA,Hilsea
4317,HILTONJ,Hilton Jn
4318,HINCELM,Elmesthorpe
4319,HINCKLY,Hinckley
4320,HINDLEY,Hindley
4321,HINKN,Hinksey North
4322,HINKREC,Hinksey Rec Lines
4323,HINKSEY,Hinksey Sdgs
4324,HINKSYS,Hinksey South
4325,HINTONA,Hinton Admiral
4326,HIRWAUN,Hirwaun Pond
4327,HIRWBUS,Hirwaun (Clock)
4328,HITC228,Hitchin Sig K228
4329,HITC232,Hitchin Sig K.232
4330,HITC234,Hitchin Sig K234
4331,HITC672,Hitchin Signal K672
4332,HITC689,Hitchin Signal K689
4333,HITC708,Hitchin Signal K708
4334,HITCCEE,Hitchin Engineers Yard
4335,HITCFHH,Hitchin Engineers Sidings
4336,HITCGBR,Hitchin Up Yard GBRf
4337,HITCHCJ,Cambridge Jn
4338,HITCHDY,Hitchin Down Yard
4339,HITCHIN,Hitchin
4340,HITCHUY,Hitchin Up Yard
4341,HITCISU,Hitchin Plant ISU (CE)
4342,HITN,Hightown
4343,HITW,Hall I' Th' Wood
4344,HKBG,Hackbridge
4345,HKLTNSB,Hickleton S.B.
4346,HLBCENJ,H.L.B.Central Jn
4347,HLBDGJN,High Level Bridge Jn
4348,HLBN402,Holybourne O T Sig FN402
4349,HLBNOIL,Holybourne Kelt Explratn
4350,HLBNSDG,Holybourne Oil Sdgs (GBRf)
4351,HLDE,Hampton Loade
4352,HLDG,Heald Green
4353,HLDGSJ,Heald Green South Jn
4354,HLDGWJ,Heald Green West Jn
4355,HLDNBRO,Hildenborough
4356,HLFT,Hillfoot
4357,HLFX,Halifax
4358,HLFXRS,Halifax Reversing Sdgs
4359,HLGN,Hall Green
4360,HLLE,Halle
4361,HLLNJN,Hall Lane Jn
4362,HLMW,Holmwood
4363,HLNDBUS,Hillingdon Met Line (Bus)
4364,HLNGTNE,Hillington East
4365,HLNGTNW,Hillington West
4366,HLNMCSC,Hallen Marsh Pasminco Sdgs
4367,HLNMJN,Hallen Marsh Jn
4368,HLNMLPG,Hallen Marsh LPG Sdg
4369,HLNMOOR,Hallen Moor
4370,HLNSBPR,Helensburgh Pier
4371,HLNSBRC,Helensburgh Central
4372,HLNSBRU,Helensburgh Upper
4373,HLSMTHJ,Holesmouth Jn
4374,HLSTCOI,Helston Coinagehall St
4375,HLSTCUL,Culdrose R.N.A.S.
4376,HLSTMUL,Mullion Holiday Park
4377,HLSTWOO,Helston Woolworths
4378,HLTNHOW,Howsham (Lincs)
4379,HLTNLMR,Holton-le-Moor S.B.
4380,HLTW57,Haltwhistle Sig 57
4381,HLTWHST,Haltwhistle
4382,HLTWLBY,Long Byre
4383,HLVNGTN,Hullavington
4384,HLWLJN,Holywell Jn
4385,HLWYRLT,HOLLOWAY ROAD L.T.
4386,HLWYSJ,Holloway Sth. Jn.
4387,HLYH,Holyhead
4388,HLYH107,Holyhead Sig. HD107
4389,HLYHCMD,Holyhead Car. M.D.
4390,HLYHDAA,Holyhead Anglesey Alumin
4391,HLYHDLS,Holyhead L.I.P.
4392,HLYHGBR,Holyhead Rio Tinto Zinc (GBRf)
4393,HLYMAJN,Healey Mills A Jn
4394,HLYMARS,Healey Mills Yard Marshalls
4395,HLYMBJN,Healey Mills B Jn
4396,HLYMLS,Healey Mills N.Y.
4397,HLYMTMD,Healey Mills T.M.D.
4398,HLYW,Holywood
4399,HMARFHH,High Marnham (FLHH)
4400,HMARNHM,High Marnham Powergen
4401,HMBLE,Hamble
4402,HMEADSJ,High Meads Junction
4403,HMPDNPK,Hampden Park
4404,HMPHRYP,Humphrey Park
4405,HMPSTDH,Hampstead Heath
4406,HMPTNIA,Hampton-in-Arden
4407,HMSHBRF,Hams Hall GBRF
4408,HMSHCOL,Hams Hall NDP COLAS
4409,HMSHCRI,Hams Hall Cripple Siding
4410,HMSHEP2,Hams Hall NAT DIST PK EP2
4411,HMSHEWC,Hams Hall Cripple Sdgs (EWS)
4412,HMSHEWT,Hams Hall Mail Terminal (EWS)
4413,HMSHNDP,Hams Hall Nat Dist Park
4414,HMSHPAR,Hams Hall PARSEC
4415,HMSHREC,Hams Hall Reception Line
4416,HMST,Ham Street
4417,HMTNJ,Hilmorton Jn
4418,HMWTBCI,Hamworthy B.C.I.
4419,HMWTHY,Hamworthy
4420,HMWTPHC,Hamworthy Goods Poole H.C.
4421,HMWTTC,Hamworthy T.C.
4422,HNB5077,Herne Bay Signal EK5077
4423,HNCHLYW,Hinchley Wood
4424,HNDAYE,Hendaye
4425,HNDFRTH,Handforth
4426,HNDL,Hindlow
4427,HNDLFHH,Dowlow Hindlow (FHH)
4428,HNDLGBR,Dowlow GBRf
4429,HNDLGF1,Hindlow GF No.1
4430,HNDNSDG,Hendon No 1 Siding
4431,HNDS604,Handsworth Shunt Sig 604
4432,HNDSCMT,Handsworth Coopers Metals
4433,HNDSCS,Queens Head Sidings A&D line
4434,HNDSHWT,The Hawthorns
4435,HNDSQHA,Handsworth Queens Head AFL
4436,HNDSQHD,Handsworth Queens Head Sdgs
4437,HNDSQHG,Handsworth Queens Head (GBRF)
4438,HNGT,Harrington
4439,HNIARTH,Heniarth
4440,HNLYOT,Henley-on-Thames
4441,HNSL487,Hunslet Stn Jn Sig 4487
4442,HNSLFHH,Hunslet Yard (FLHH)
4443,HNSLGBF,Hunslet Down Sidings GBRF
4444,HNSLMID,Middleton Light Railway
4445,HNSLSOJ,Hunslet South Jn
4446,HNSLSS,Hunslet S.S.
4447,HNSLTE,Hunslet East T.C.
4448,HNSLTIL,Hunslet Tilcon
4449,HNSLTPL,Hunslet T.P.L. GBRF
4450,HNSLTSJ,Hunslet Station Jn
4451,HNSTNTN,Hunstanton Bus Station
4452,HNTL,Huntly
4453,HNTLY,Huntly Yard
4454,HNTNDSD,Huntingdon Down Sidings
4455,HNTNGDN,Huntingdon
4456,HNTNNJN,Huntingdon North Jn
4457,HNTNP33,Huntingdon Sig P33
4458,HNTNP38,Huntingdon Sig P38
4459,HNTNP40,Huntingdon Sig P40
4460,HNTRDRS,Hunterston LL DRS
4461,HNTRFHH,Hunterston High Level FHH
4462,HNTRGBF,Hunterston H.L GBRF
4463,HNTRLFL,Hunterston LL FHH
4464,HNTRSCB,Hunterston Coal Bunker
4465,HNTRSHL,Hunterston High Level EWS
4466,HNTRSJN,Hunterston Junction
4467,HNTRSLL,Hunterston LL EWS
4468,HNTRSOB,Hunterston Ore Bunker
4469,HNTRSTN,Hunterston
4470,HOCK636,Liverpool Street Sig L636
4471,HOCKLEY,Hockley
4472,HOEKVHL,Hoek Van Holand
4473,HOLBFHH,Holbeck Loco Shed
4474,HOLBJCN,Holbeck Junction
4475,HOLBSDG,Holbeck Loco Sidings
4476,HOLINWD,Hollinwood
4477,HOLME,Holme Jn.
4478,HOLSCAT,Holsworthy Cattle Market
4479,HOLSCHR,Holsworthy Church
4480,HOLSLIB,Holsworthy Library
4481,HOLTONH,Holton Heath
4482,HOLYTNJ,Holytown Jn
4483,HOLYTWN,Holytown
4484,HOMRTON,Homerton
4485,HONDEGM,Hondeghem
4486,HONI2,Honiton Signal No H2
4487,HONI21,Honiton Signal H21
4488,HONI803,Honiton Signal 4803
4489,HONI808,Honiton Signal 4808
4490,HONICE,Honiton ISU (CE)
4491,HONIT3T,Honiton (Three Tuns)
4492,HONITNS,Honiton Station
4493,HONITON,Honiton
4494,HONLEY,Honley
4495,HONROPK,Honor Oak Park
4496,HONYBRN,Honeybourne
4497,HONYBTP,Honeybourne Tip
4498,HONYBWJ,Honeybourne West Jn
4499,HONYHUT,HONEYBOURNE STAFF HUT
4500,HONYNJN,HONEYBOURNE NORTH JN
4501,HONYSID,HONEYBOURNE SIDINGS
4502,HOOFDOR,Hoofddorp
4503,HOOJ,Hoo Junction
4504,HOOJ230,Signal D 230
4505,HOOJ502,Hoo Junction Signal NK502
4506,HOOJ511,Hoo Junction Signal NK511
4507,HOOJ512,Hoo Junction Signal NK512
4508,HOOJ611,Hoo Junction Signal NK1611
4509,HOOJ620,Hoo Junction Signal NK 1620
4510,HOOJD14,Hoo Junction Signal NK511
4511,HOOJD16,Hoo Jn Signal NK443
4512,HOOJDYD,Hoo Junction Down Yard
4513,HOOJLHR,Hoo Jn - Lwr Higham Rd
4514,HOOJSFH,Hoo Jn Staff Halt
4515,HOOJUYD,Hoo Junction Up Yard
4516,HOOK,Hook
4517,HOOTON,Hooton
4518,HOOVICR,Hoo Junction Victa Railfreight
4519,HOPC,Hope (Clwyd)
4520,HOPD,Hope (Derbyshire)
4521,HOPDPOL,Hope Pool Sidings
4522,HOPSPPS,Hope St Peakstone P.Sdgs
4523,HOPTONH,Hopton Heath
4524,HORB226,Horbury Marcroft Sig HM226
4525,HORBMAF,Horbury Storrs Hill
4526,HORBMAR,Horbury Marcroft Eng
4527,HORBOM,Horbury Bombardier
4528,HORBRSJ,Horbury Station Jn
4529,HORBRYJ,Horbury Jn
4530,HORBUGL,Horbury Up Goods Loop
4531,HORD137,Horden Signal NS7137
4532,HORD148,Horden Signal NS7148
4533,HORLEY,Horley
4534,HORNBUS,Horndean (Precinct)
4535,HORS201,Horsham 2001 Points
4536,HORS76,Horsham Signal Cpb76
4537,HORSBS,Horsham Down Sidings North
4538,HORSDL,Horsham Down Loop
4539,HORSDS,Horsham Carriage Sidings
4540,HORSHAM,Horsham
4541,HORSHUS,Horsham Up T.C.
4542,HORSMS,Horsham Down Sidings South
4543,HORSUKF,Horsham U.K.F.
4544,HORSUL,Horsham Up Loop
4545,HORSUS,Horsham Up Sidings South
4546,HORWICH,Horwich Parkway
4547,HOSCAR,Hoscar
4548,HOTH343,Hothfield Signal ME343
4549,HOTHFLD,Hothfield
4550,HOUGHGR,Hough Green
4551,HOUN443,Hounslow Signal F443
4552,HOUN448,Hounslow Signal F448
4553,HOUNSLJ,Hounslow Jn
4554,HOUNSLW,Hounslow
4555,HOVE,Hove
4556,HOVE400,Hove Signal 1400
4557,HOVE672,Hove Sig. T672
4558,HOVE673,Hove Sig. T673
4559,HOVE674,Hove Sig. T674
4560,HOVE675,Hove Sig. T675
4561,HOVEYD,Hove Yard
4562,HOWDEN,Howden
4563,HOWEACS,Howe & Co Sdgs
4564,HOWOOD,Howwood
4565,HOWWOOD,How Wood
4566,HOXTON,Hoxton
4567,HOYLAKE,Hoylake
4568,HOYLCHS,Hoylake C.H.S.
4569,HRBRNSJ,Herbrandston Jn
4570,HRDNDLQ,Hardendale Quarry
4571,HRDQGBF,Hardendale Quarry GBRf
4572,HRGY,Harringay
4573,HRGY419,Harringay Sig K419
4574,HRGY421,Harringay Signal K421
4575,HRGY422,Harringay Sig K422
4576,HRGY81,Harringay Sig K81
4577,HRGYGL,Harringay Green Lanes
4578,HRGYJN,Harringay Junction
4579,HRGYPJN,Harringay Park Jn
4580,HRGYSTD,Harringay Green Lanes
4581,HRGYURV,Harringay Up Rev Sdgs
4582,HRGYWJN,Harringay West Jn
4583,HRLC,Harlech
4584,HRLDWOD,Harold Wood
4585,HRLG,Harlington
4586,HRLGSSJ,Sundon South Jn
4587,HRLGSUL,Sundon Up Loop
4588,HRLNGRD,Harling Road
4589,HRLSCTX,Harlescott X
4590,HRLWFHH,Harlow Mill FHH
4591,HRLWMBA,Harlow Mill Bardon Aggregates
4592,HRLWMDG,Harlow Mill D.G.L.
4593,HRLWMGB,Harlow Mill Rec (GBRF)
4594,HRLWMIL,Harlow Mill
4595,HRLWMLY,Harlow Mill Recp.
4596,HRLWMRR,Harlow Mill EWS Run Round
4597,HRLWTWN,Harlow Town
4598,HRNBPK,Hornbeam Park
4599,HRNCHUR,Hornchurch
4600,HRNEBAY,Herne Bay
4601,HRNEBLX,Herne Bay London End Xover
4602,HRNS426,Hornsey Sig K426
4603,HRNS431,Hornsey Sig K431
4604,HRNS432,Hornsey Sig K432
4605,HRNS433,Hornsey Sig K433
4606,HRNS438,Hornsey Sig K438
4607,HRNS440,Hornsey Sig K440
4608,HRNS448,Wood Green Signal K448
4609,HRNS451,Hornsey Signal K451
4610,HRNS453,Hornsey Signal K453
4611,HRNSDR1,Hornsey Dn Rev SDG No 1
4612,HRNSDR2,Hornsey Dn Rev SDG No 2
4613,HRNSDRS,Hornsey Dn Reversing Sdgs
4614,HRNSTPL,Turnpike Lane Bus
4615,HRNSURS,Hornsey Up Reversing Sdgs
4616,HRNSWGB,Wood Green LT STN Bus
4617,HRNSY,Hornsey
4618,HRNSYCS,Hornsey C.H.S.
4619,HRNSYES,Hornsey C.H.S.E.M.U.
4620,HRNSYMD,Hornsey E.M.U.D.
4621,HRNSYRS,Hornsey R.R.L.
4622,HROW,Harrow & Wealdstone
4623,HROW305,Harrow DC Signal 305
4624,HROW307,Harrow DC Signal 307
4625,HROWDC,Harrow & Wealdstone DC
4626,HRPNCG,Chiltern Green
4627,HRPNDN,Harpenden
4628,HRPNDNJ,Harpenden Jn
4629,HRPNSAN,Sandridge
4630,HRSB,Hurstbourne Viaduct
4631,HRSLEY,Horsley
4632,HRSM,Harrietsham
4633,HRST312,Hurst Green Signal 312
4634,HRSTGRN,Hurst Green
4635,HRSTJN,Hurst Green Jn
4636,HRTBJN,Hartburn Jn
4637,HRTH,Hartshill
4638,HRTHENG,Hartshill
4639,HRTL20,Hartlepool BSC 20 Mill
4640,HRTLEPL,Hartlepool
4641,HRTLNK,Hartlepool DK Link Flow
4642,HRTLPDA,Hartlepool Docks
4643,HRTLPSW,Hartlepool Sth Works
4644,HRTLREP,Hartlepool Sth Wks Repair
4645,HRTLSWP,Hartlepool Sth Wks RAMCO
4646,HRTNRDJ,Horton Road Jn
4647,HRTPE,Harthope (Lowther)
4648,HRTW,Hartwood
4649,HRWDENJ,Harrowden Jn
4650,HRWTFHH,Harworth Colliery (FLHH)
4651,HRWTGBF,Harworth Colliery GBRF
4652,HRWTHCL,Harworth RJB Mining
4653,HRWTHGB,Harworth Glass Bulbs
4654,HSFT,Horsforth
4655,HSFTLBD,Leeds & Bradford Airport
4656,HSSY,Hessay
4657,HSTJNWC,High Street Junction
4658,HTCHEND,Hatch End
4659,HTCP,Heaton Chapel
4660,HTFDGBR,Hothfield Tarmac GBRF
4661,HTFDSD,Hothfield Siding
4662,HTFLASF,Hatfield & Stainforth
4663,HTFLFHH,Hatfield Main Colliery FHH
4664,HTFLGBF,Hatfield Main Colliery GBf
4665,HTFLMBC,Hatfield Main Mining
4666,HTHFECC,Heathfield E.C.C.
4667,HTHFLD,Heathfield Gulf Oil
4668,HTHFLDO,Heathfield Gulf Oil
4669,HTHRGDD,Hither Green T.M.D.
4670,HTHRGRN,Hither Green
4671,HTHRGRS,Hither Green Down Recp.
4672,HTHRGUS,Hither Green Up Recp.
4673,HTHRLCS,Hither Green Loco Sdgs
4674,HTHRPAD,Hither Green P.A.D.
4675,HTHRSDG,Hither Green Sidings
4676,HTNCRNS,Hutton Cranswick
4677,HTNOJN,Heaton Norris Jn
4678,HTNRIBL,Horton In Ribblesdale
4679,HTONECD,Heaton ECD
4680,HTONNJN,Heaton North Jn
4681,HTONSJN,Heaton Sth. Jn.
4682,HTONTMD,Heaton T&R.S.M.D.
4683,HTPK,Heaton Park
4684,HTPKBUS,Heaton Park Bus Stop
4685,HTRBUS1,Heathrow Terminal 1 (Bus)
4686,HTRBUS2,Heathrow Terminal 2 (Bus)
4687,HTRBUS3,Heathrow Terminal 3 (Bus)
4688,HTRBUS4,Heathrow Terminal 4 (Bus)
4689,HTRBUS5,Heathrow Terminal 5 Bus
4690,HTRW,Heathrow Airport
4691,HTRW340,Heathrow Signal SN340
4692,HTRW342,Heathrow Headshunt
4693,HTRWAJN,Heathrow Airport Jn
4694,HTRWCBS,Heatrhrow Central Bus Station
4695,HTRWT5S,Heathrow Terminal 5 Spur
4696,HTRWTE4,Heathrow Terminal 4 Bus
4697,HTRWTJN,Heathrow Tunnel Jn.
4698,HTRWTM1,Heathrow Terminal 1 Bus
4699,HTRWTM2,Heathrow Terminal 2 Bus
4700,HTRWTM3,Heathrow Terminal 3 Bus
4701,HTRWTM4,Heathrow Terminal 4
4702,HTRWTM5,Heathrow Terminal 5
4703,HTRWUND,Heathrow Underground
4704,HUCKNAL,Hucknall
4705,HULL,Hull
4706,HULLARJ,Anlaby Road Jn
4707,HULLBGJ,Hull Bridges Jn
4708,HULLBIO,Hull Biomass LP (DBS)
4709,HULLBQS,Hull K G V Dock B Quay Sdg
4710,HULLBS,Paragon Interchange (BUS)
4711,HULLBT,Hull Bulk Terminal
4712,HULLCGB,Hull Coal Terminal (GBRF)
4713,HULLCT,Hull Coal Terminal
4714,HULLDCT,Hull Dairycoates Tilcon
4715,HULLDKG,Hull Dock Security Gates
4716,HULLDMU,Botanic Gardens D.M.U.D.
4717,HULLFER,Hull Yard (FLHH)
4718,HULLFHH,Hull Yard (FLHH)
4719,HULLHRC,Hull Hedon Rd Coal Sdgs
4720,HULLHRS,Hedon Road Sidings
4721,HULLKGD,Hull King George V Dock
4722,HULLKGF,Hull Kingston Terminal FHH
4723,HULLKGG,Hull King George V Dock GBRF
4724,HULLMAR,Hull Saltend Marcroft
4725,HULLSBN,Spring Bank North Jn
4726,HULLSBP,Hull Saltend B.P.
4727,HULLSBS,Spring Bank South Jn
4728,HULLSNS,Hull Saltend New Sidings
4729,HULLSS,Hull Station Sidings
4730,HULLSTF,Hull Steel terminal (FLHH)
4731,HULLSTT,Hull Docks Steel Terml EWS
4732,HULLWLN,Walton Street Jn
4733,HULLWPN,West Parade North Jn
4734,HULLY,Hull S.S.
4735,HUNCOAT,Huncoat
4736,HUNGDGL,Hungerford Loop
4737,HUNGRFD,Hungerford
4738,HUNMNBY,Hunmanby
4739,HUNTSX,Hunt's Cross
4740,HUNTSXS,Hunts Cross Siding
4741,HUNTXWJ,Hunts Cross West Jn
4742,HURLFD,Hurlford
4743,HURSLEY,Hursley (Post Office)
4744,HUYTJUN,Huyton Jn
4745,HUYTON,Huyton
4746,HVRTBSB,Belasis Lane S.B.
4747,HVRTDRR,Haverton Hill Repair (DRS)
4748,HVRTDRS,Haverton Hill Ex.S. (DRS)
4749,HVRTFHH,Haverton Hill Ex.S. (FHH)
4750,HVRTHEG,Haverton Hill Ex.S.
4751,HVRTWRP,Haverton Hill (Marcroft)
4752,HVTH,Haverthwaite
4753,HWKHEAD,Hawkhead
4754,HWKHSHL,Paisley Hawkhead Shell
4755,HWKRJN,Hawkeridge Jn
4756,HWKSWTH,Hawksworth
4757,HWRDJN,Heywood Road Jn
4758,HWYC139,High Wycombe Signal ME139
4759,HWYC152,High Wycombe Signal ME152
4760,HWYC641,High Wycombe Signal ME641
4761,HWYCENG,High Wycombe Engineers Sdgs
4762,HWYCOMB,High Wycombe
4763,HWYCWW,West Wycombe
4764,HYDB,Haydon Bridge
4765,HYDBFST,Fourstones
4766,HYDEC,Hyde Central
4767,HYDEJ,Hyde Jn
4768,HYDEN,Hyde North
4769,HYDNSRD,Haydons Road
4770,HYKEHAM,Hykeham
4771,HYNDLDL,Hyndland Loop
4772,HYNDLEJ,Hyndland East Jn
4773,HYNDLND,Hyndland
4774,HYNDLNJ,Hyndland North Jn
4775,HYNDLWJ,Hyndland West Jn
4776,HYTHEK,Hythe (Kent)
4777,HYTW,Hythe Waterside
4778,HYWDJN,Haywood Jn
4779,HYWR225,Haywards Heath Signal 1225
4780,HYWR226,Haywards Heath Signal 1226
4781,HYWR350,Haywards Heath Sig. T350X
4782,HYWRDSH,Haywards Heath
4783,HYWRDSN,Haywards Heath Dn Sdg Nth
4784,HYWRDSS,Haywards Heath Dn Sdg Sth
4785,HYWRUS,Haywards Heath Up Siding
4786,IBMM,I.B.M.
4787,IBROXJN,Ibrox Jn
4788,IFIELD,Ifield
4789,ILFE336,Ilford Sig L336
4790,ILFE341,Ilford Sig L341
4791,ILFE507,Liverpool Signal L5087
4792,ILFEFLR,Ilford EMUD Wheel Lathe Rd
4793,ILFEL5D,Ilford Level 5 Depot
4794,ILFELEJ,Ilford EMUD London End Jn
4795,ILFEMUD,Ilford EMUD
4796,ILFENBP,Newbury Park LT
4797,ILFERDB,Redbridge L.T. Station
4798,ILFORD,Ilford
4799,ILKESJN,Ilkeston Junction
4800,ILKLEY,Ilkley
4801,IMMDGBR,IMMINGHAM MINERAL QUAY GBRF
4802,IMMDRP,Immingham Mineral Quay RP
4803,IMNG213,Immingham Signal 213
4804,IMNG7FH,Immingham Rec Line 7 (FLHH)
4805,IMNGA2,Immingham A2 Siding
4806,IMNGABF,Immingham A2 and B4 (FLHH)
4807,IMNGB4S,Immingham B4 Sidings (DBS)
4808,IMNGBFL,Immingham Bulk Terml (FHH)
4809,IMNGBIO,Immingham Biomass LP (DBS)
4810,IMNGBR7,Immingham LL7 GBRf
4811,IMNGCIT,Immingham Bulk Terml CP1
4812,IMNGCLA,Immingham PAD2
4813,IMNGCPL,IMMINGHAM CPL (FHH)
4814,IMNGCT2,Immingham Bulk Terml CP2
4815,IMNGDCR,Immingham Dock Colas Rail
4816,IMNGDFL,Immingham TMD (FHH)
4817,IMNGDSL,Immingham DSL
4818,IMNGENG,Immingham Engine Line
4819,IMNGENR,Immingham PAD1
4820,IMNGESL,Immingham ESL GBRF
4821,IMNGEXX,Immingham Dk Exxtor F'linr
4822,IMNGFHH,Immingham Dock C.T. (FHH)
4823,IMNGHAF,Immingham ESL (FLHH)
4824,IMNGHAR,Immingham Hargreaves C.T.
4825,IMNGHEJ,Immingham East Jn.
4826,IMNGHFL,Humber Oil Refinery (FHH)
4827,IMNGHFS,Immingham Norsk Hydro
4828,IMNGHGB,Immingham Hargreaves GBRF
4829,IMNGHIG,Immingham H.I.T. (GBRF)
4830,IMNGHIT,Immingham Humber Import Terml
4831,IMNGHMQ,Immingham Mineral Quay
4832,IMNGHOR,Humber Oil Refinery
4833,IMNGHOT,Immingham B.S.C. Ore Tml
4834,IMNGHQY,Immingham Henderson Quay
4835,IMNGHRJ,Humber Road Jn
4836,IMNGHRS,Immingham Reception Sdgs
4837,IMNGHWJ,Immingham West Jn
4838,IMNGITF,Immingham Import Term FHH
4839,IMNGKAP,Killingholme Admiralty Pfm
4840,IMNGKGE,Killingholme
4841,IMNGLGB,Lindsey Oil Refinery GBRf
4842,IMNGLL7,Immingham Loading Line 7
4843,IMNGLOR,Lindsey Oil Refinery
4844,IMNGMAF,Immingham Yard (FLHH)
4845,IMNGMAR,Immingham Yard Marcroft
4846,IMNGNIG,Immingham NCB 1 GBRF
4847,IMNGNOG,Immingham Nordic GBRF
4848,IMNGNOR,Immingham Nordic
4849,IMNGREF,Immingham Reception (FLHH)
4850,IMNGRFT,Immingham Railfreight Term
4851,IMNGRSG,Immingham Recp Sdgs GBRF
4852,IMNGRSW,Immingham S.S. (West Recp)
4853,IMNGSAP,Immingham Storage Acid Plt
4854,IMNGSMA,Immingham Global Shipping
4855,IMNGSS,Immingham Sorting Sidings
4856,IMNGSTO,Immingham Min Quay Stora
4857,IMNGSWT,Immingham Storage W Tml
4858,IMNGTEX,Immingham Texaco
4859,IMNGTMD,Immingham T.M.D.
4860,IMNGTRQ,Immingham Transit Quay
4861,IMNGUSR,Immingham Yd Specific User
4862,IMNGWRD,Immingham W.R.D.
4863,INCE,Ince
4864,INCEMSJ,Ince Moss Jn
4865,INCEMST,Ince Moss Tip
4866,INCHNNS,Inchcoonans L.C.
4867,INCLEA,Inchlea
4868,INEL,Ince & Elton
4869,INELSB,Ince Shellstar Stopbd
4870,INELUKF,Ince U.K.F. Sdgs.
4871,INGT679,Ingatestone Signal L679
4872,INGTSTL,Ingatestone Loop
4873,INGTSTN,Ingatestone
4874,INHRALC,Inchyra Level Crossing
4875,INHTUE,Inchture
4876,INHTURE,Inchture L.C.
4877,INNERWK,Innerwick G.S.P.
4878,INSCH,Insch
4879,INSCHCE,Insch C.E.
4880,INVERKP,Inverkip
4881,INVGWRE,Invergowrie
4882,INVKDRS,Inverkeilor Dn Refuge Sdg
4883,INVKLOR,Inverkeilor
4884,INVRSHN,Invershin
4885,INVURCE,Inverurie C.E.
4886,INVURIE,Inverurie
4887,INVURYD,Inverurie Yard
4888,IPSW295,Ipswich Sig CO295
4889,IPSW297,Ipswich Sig CO297
4890,IPSW326,Ipswich Signal CO326
4891,IPSW328,Ipswich Signal CO.328
4892,IPSW351,Ipswich Signal CO351
4893,IPSW352,Ipswich Signal CO352
4894,IPSW820,Ipswich Signal CO820
4895,IPSW822,Ipswich Signal CO822
4896,IPSW830,Ipswich Signal CO830
4897,IPSW832,Ipswich Signal CO832
4898,IPSWBHJ,Ipswich Boss Hall Jn
4899,IPSWCCS,Ipswich C.S.D.
4900,IPSWCHS,Ipswich H.S.
4901,IPSWCLQ,Ipswich Cliffe Quay
4902,IPSWCLY,Ipswich Lower Yard
4903,IPSWCRD,Ipswich Centre Road
4904,IPSWEPJ,Ipswich Europa Junction
4905,IPSWESJ,East Suffolk Jn
4906,IPSWFDS,Ipswich Yard
4907,IPSWFLD,Ipswich Field Sidings
4908,IPSWGWF,Ipswich Griffin Wharf
4909,IPSWHJN,Ipswich Halifax Junction
4910,IPSWICH,Ipswich
4911,IPSWLRD,Ipswich London Rd
4912,IPSWRCP,Ipswich Recp.
4913,IPSWRFL,Ipswich Reception Flr
4914,IPSWSN1,Ipswich Shunt  Neck 1
4915,IPSWSS,Ipswich S.S.
4916,IPSWSWD,Southwold BUS
4917,IPSWTFP,Ipswich Top Yard F.P.
4918,IPSWUDG,Ipswich Down and Up Goods
4919,IPSWYGB,Ipswich Reception GBRF
4920,IRLAM,Irlam
4921,IRNBDGE,Ironbridge Power Station
4922,IRNBFHH,Ironbridge Powergen (FHH)
4923,IRNBFLF,Ironbridge P Stn Fastline
4924,IRNBGBR,Ironbridge Power Station GBRf
4925,IRNBGSB,Ironbridge PS Stopboard
4926,IRNVLJN,Ironville Junction
4927,IRONACT,Iron Acton
4928,IRTONRD,Irton Road
4929,IRVN,Irvine
4930,IRVN801,Irvine Sig 801
4931,IRVNB,Irvine Bogside
4932,IRVNBCC,Irvine B.C.C.
4933,IRVNCE,Irvine C.E.
4934,IRVNCPP,Irvine Caledonian Paper
4935,ISLEWTH,Isleworth
4936,ISLIP,Islip
4937,IVER,Iver
4938,IVRGRCE,Invergordon C.E.
4939,IVRGRD,Invergordon
4940,IVRGRDN,Invergordon Distillery
4941,IVRKCJN,Inverkeithing Central Jn
4942,IVRKEJN,Inverkeithing East Jn
4943,IVRKNJN,Inverkeithing North Jn
4944,IVRKSJN,Inverkeithing South Jn
4945,IVRKTCE,Inverkeithing C.E.
4946,IVRKTGL,Inverkeithing G.L.
4947,IVRKTHG,Inverkeithing
4948,IVRKTNC,Inverkeithing North Curve
4949,IVRKUPL,Inverkeithing U.P.L.
4950,IVRKYD,Inverkeithing Yard
4951,IVRN387,Inverness Signal I387
4952,IVRN410,Inverness Signal I410
4953,IVRNALC,Allanfern LC
4954,IVRNBC,Inverness Blue Circle Sdgs
4955,IVRNBLC,Bunchrew LC
4956,IVRNCE,Inverness C.E.
4957,IVRNCSD,Inverness C.S.D.
4958,IVRNESS,Inverness
4959,IVRNFD,Inverness F.D.
4960,IVRNFHH,Inverness Lafarge
4961,IVRNFSD,Inverness Freight SDGS DRS
4962,IVRNHBD,Inverness Harbour Brch DRS
4963,IVRNMRT,Inverness Motorail Term.
4964,IVRNRSL,Inverness Russell J.G.
4965,IVRNTC,Inverness T.C.
4966,IVRNTMD,Inverness T.M.D.
4967,IVYBDGE,Ivybridge
4968,JAME504,James Street Signal 1504
4969,JAME537,James Street Signal 537
4970,JAMESDG,James Street Sidings
4971,JAMESST,James Street
4972,JARRAFL,Tyne Docks AFL
4973,JARRAUT,Tyne Dock EWS (Automotive)
4974,JARRFHH,Tyne Dock (FLHH)
4975,JARRGBF,Tyne Coal Terminal GBRf
4976,JARRGIN,Tyne Dock GBF (Intermodel)
4977,JARRIFT,Tyne Dock EWS (Intermodal)
4978,JARROWS,Jarrow Shell
4979,JARRPTA,Tyne Dock PTA
4980,JARRTCT,Tyne Coal Terminal PTA
4981,JERS470,Jersey Marine Sth Jn PT470
4982,JERSFHH,Jersey Marine (FLHH)
4983,JERSMJN,Jersey Marine Jn North
4984,JERSMJS,Jersey Marine Jn South
4985,JERSMSS,Jersey Marine Steel Supp
4986,JERSYMY,Jersey Marine Yard
4987,JEUMONT,Jeumont
4988,JFRSTNL,Jefferstone Lane
4989,JHNSTND,Johnston
4990,JNCRMOS,Moss
4991,JNCROFT,Joan Croft Jn
4992,JOHNSTN,Johnstone
4993,JOPPSTR,Joppa Straight
4994,JORDANH,Jordanhill
4995,JRDJ,Junction Road Jn
4996,KAIMES,Kaimes Quarry Siding
4997,KAIMGF,Kaimes G.F.
4998,KARLSRH,Karlsruhe
4999,KAYPRKJ,Kay Park Jn
5000,KCLD,Kirkcaldy
5001,KCLD838,Kirkcaldy Sig EK838
5002,KCLD842,Kirkcaldy Sig EK842
5003,KCLD843,Kirkcaldy Sig EK843
5004,KCLDYDD,Kirkcaldy Sidings
5005,KCLDYYD,Kirkcaldy Yard
5006,KDRMCHS,Kidderminster C.H.S.
5007,KDRMDGL,Kidderminster DGL
5008,KDRMNST,Kidderminster
5009,KDRMSVR,Kidderminster S.V.R.
5010,KEADBYC,Keadby Canal
5011,KEARSLY,Kearsley
5012,KEBGEJN,King Edward Bridge E. Jn
5013,KEBGNJN,King Edward Bridge N. Jn
5014,KEBGSJN,King Edward Bridge S. Jn
5015,KEIGHLY,Keighley
5016,KEIGHSJ,Keighley Station Jn
5017,KEIGWVR,Keighley & WVLR
5018,KEITCHI,Keith Chivas Bros
5019,KEITH,Keith
5020,KEITHBP,Keith Branch Platform
5021,KEITHLP,Keith Loop
5022,KEITHSP,Keith Strathisla Platform
5023,KEITHY,Keith Yard
5024,KEITMAC,Keith Macphersons Transprt
5025,KELNFHH,Kellingley Colliery (FLHH)
5026,KELNGBR,Kellingley Colliery GBRf
5027,KELNGLY,Kellingley Colliery
5028,KELVEDN,Kelvedon
5029,KEMBLE,Kemble
5030,KEMSING,Kemsing
5031,KENDAL,Kendal
5032,KENETRS,Kennett Redland Siding
5033,KENGCRL,Kensla Green East Crl
5034,KENGCSP,Kensal Green C.Serv.Plt.
5035,KENISHD,Kennishead
5036,KENLWTH,Kenilworth Jns
5037,KENNETT,Kennett
5038,KENNFHH,Kennett FHH
5039,KENNTGF,Kennett Redland GF
5040,KENOLYM,Kensington (Olympia)
5041,KENR,Kensal Rise
5042,KENSLG,Kensal Green
5043,KENSLGJ,Kensal Green Jn
5044,KENSLGS,Kensal Green Sidings
5045,KENSLGT,Kensal Green Turnback
5046,KENTHOS,Kent House
5047,KESWCOK,Cockermouth (Main Street)
5048,KESWICK,Keswick (Bus Station)
5049,KETR,Kettering
5050,KETR617,Kettering Sig LR617
5051,KETRGED,Geddington
5052,KETRGLN,Glendon
5053,KETRGNJ,Kettering North Junction
5054,KETRHBS,Kettering Hot Box Sdg
5055,KETRSJ,Kettering Sth Jn
5056,KETTK3,Ketton Sig K3
5057,KETTON,Ketton S.B.
5058,KETTWSD,Ketton Ward Sdg.
5059,KEWBDGE,Kew Bridge
5060,KEWEJ,Kew East Jn
5061,KEWGRDN,Kew Gardens
5062,KEYH127,KEYHAM SIG P127
5063,KEYHAM,Keyham
5064,KEYMERJ,Keymer Jn
5065,KEYNSHM,Keynsham
5066,KGHN,Kinghorn
5067,KGMR481,Carlisle Kingmoor Sig 481
5068,KGMR482,Carlisle Kingmoor Sig 482
5069,KGMRDDS,Kingmoor Yard Down Depart
5070,KGMRDRS,Carlisle Kingmoor Sdg (DRS)
5071,KGMRJCN,Carlisle Kingmoor Jcn
5072,KGMRLIP,Carlisle Kingmoor TMD (DRS)
5073,KGMRSRR,Carlisle Stainton RunRound
5074,KGMRUD1,Carlisle Kingmoor Sig UD1
5075,KGMRULP,Kingmoor Up Loop
5076,KGMRVQ,Carlisle Kingmoor V.Q. (RT)
5077,KGMRVWR,Carlisle Kingmoor (VWR)
5078,KGPK,Kings Park
5079,KGSDYKE,Kings Dyke
5080,KGST410,Kingston Signal F410
5081,KGST412,Kingston Signal F412
5082,KGSTON,Kingston
5083,KGUSCE,Kingussie C.E.
5084,KGUSSIE,Kingussie
5085,KGWD,Kingswood
5086,KIBWRTH,Kibworth Summit
5087,KIDBROK,Kidbrooke
5088,KIDS587,Kidsgrove Signal 587
5089,KIDSGRV,Kidsgrove
5090,KIDWELY,Kidwelly
5091,KIDWJCN,Kidwelly Junction
5092,KIDWPY,Pontyates Level Crossing
5093,KIJFOEK,Kijfhoek Yard
5094,KILARNY,Killarney
5095,KILBLC,Kilburn LC (Derbyshire)
5096,KILBPLT,Kilburn Park LT
5097,KILCFHH,Killoch Colliery FHH
5098,KILCHCL,Killoch Colly
5099,KILDONN,Kildonan
5100,KILGETY,Kilgetty
5101,KILLCNE,Killikrankie
5102,KILM72,Kilmarnock Signal K72
5103,KILMBCY,Kilmarnock (Barclay Sdgs)
5104,KILMBWJ,Barleith Walker J
5105,KILMCE,Kilmarnock Bonnyton Depot
5106,KILMLTC,Kilmarnock Long Lyes T.C.
5107,KILMRNK,Kilmarnock
5108,KILMWKR,Kilmarnock Walker J
5109,KILW785,Kilwinning Signal PK785
5110,KILW794,Kilwinning Signal PK794
5111,KILWJCE,Kilwinning Down C.E.
5112,KILWNCE,Kilwinning Up Siding
5113,KILWNNG,Kilwinning
5114,KILWUGL,Kilwinning U.G.L.
5115,KINBRAC,Kinbrace
5116,KINBTLP,Kinbrace Timber Loading Point
5117,KINCDPS,Kincardine P.S.
5118,KINETON,Kineton
5119,KINGHAM,Kingham
5120,KINSSTN,Kings Sutton
5121,KINSVSQ,Kings Sutton Village Sq.
5122,KIRBYX,Kirby Cross
5123,KIRKCCE,Kirkham C.C.E.
5124,KIRKHAM,Kirkham & Wesham
5125,KIRKM51,Kirkham & Wesham Sig KM51
5126,KIRKMNJ,Kirkham North Jn
5127,KITTSCA,Scatter Burns IBS
5128,KITTYBR,Kittybrewster
5129,KITTYGF,Kittybrewster GF
5130,KKBY,Kirkby
5131,KKERRAN,Kilkerran
5132,KKSNDAL,Kirk Sandall
5133,KKSNJN,Kirk Sandall Jn
5134,KLBRNHR,Kilburn High Road
5135,KLBRUDG,Kilburn Up and Down Gds Lp
5136,KLBYBDG,Kilby Bridge Jn
5137,KLCRGGN,Kilcreggan
5138,KLDL,Kildale
5139,KLGL,Kings Langley
5140,KLGLLP,Kings Langley Loop
5141,KLMAURS,Kilmaurs
5142,KLNHUGL,Kilnhurst Up Gds Loop
5143,KLPTRCK,Kilpatrick
5144,KLYNN,Kings Lynn
5145,KLYNN29,Kings Lynn Signal 29
5146,KLYNN43,Kings Lynn Signal 43
5147,KLYNNCS,Kings Lynn CS
5148,KLYNNDF,Kings Lynn Dalgetty & Fkln
5149,KLYNNFP,Kings Lynn F.P.
5150,KLYNNJN,Kings Lynn Jn
5151,KLYNNTC,Kings Lynn T.C.
5152,KLYNNTG,Kings Lynn T.C. GBRF
5153,KMPSTNH,Kempston Hardwick
5154,KMPTNPK,Kempton Park
5155,KMSLDN,Kemsley Down
5156,KMSLY,Kemsley
5157,KNCDNLC,Kincardine Level Crossing
5158,KNCKHLT,Knockholt
5159,KNCRAIG,Kincraig
5160,KNDLVLX,Knodishall Level Crossing
5161,KNEB639,Knebworth Signal K639
5162,KNEBWTH,Knebworth
5163,KNGBQUY,Kingsbridge
5164,KNGSBC,Birch Coppice Exchange Sdg
5165,KNGSBCE,Birch Coppice Exchange Sdg
5166,KNGSBCF,Birch Coppice Freightliner
5167,KNGSBCG,Birch Coppice GBRf
5168,KNGSBCJ,Kingsbury Branch Jn
5169,KNGSBOS,Kingsbury Oil Sdgs
5170,KNGSBSF,Kingsbury S.F.
5171,KNGSBYJ,Kingsbury Jn
5172,KNGSBYY,Kingsbury Sdgs
5173,KNGSFHH,Kingsbury Freightliner HH
5174,KNGW,Kingsknowe
5175,KNGX,London Kings Cross
5176,KNGX303,Belle Isle Signal 303
5177,KNGXBAL,Kings Cross Ballast Sdg
5178,KNGXBEL,Belle Isle
5179,KNGXFTJ,Copenhagen Junction
5180,KNIGHTN,Knighton
5181,KNLY,Kenley
5182,KNLYBUS,Kenley (A22)
5183,KNMTSB,Kennethmont
5184,KNNGGLP,Kennington Goods Loop
5185,KNNGTNJ,Kennington Jn
5186,KNOK15,Knockshinnoch Sig NC15
5187,KNOKFHH,Knockshinnoch FHH
5188,KNOKSCH,Knockshinnoch Washery
5189,KNOR522,Kings Norton Signal SY522
5190,KNOR523,Kings Norton Signal SY523
5191,KNOR528,Kings Norton Signal SY528
5192,KNOR529,Kings Norton Signal 529
5193,KNOR57,Kings Norton Signal SY57
5194,KNORCT,Kings Norton C.T.
5195,KNOROTP,Kings Norton OT Plant Dpt
5196,KNORTON,Kings Norton
5197,KNOWDL,Dale Lane G.F.
5198,KNOWFT,Knowsley Freight Terminal
5199,KNRSBGH,Knaresborough
5200,KNSGHST,High Street Kensington L.T.
5201,KNTB103,Kintbury Signal RK103
5202,KNTB57,Kintbury Signal UW57
5203,KNTB848,Kintbury Signal R848
5204,KNTBRY,Kintbury
5205,KNTN418,Knottingley Sig FE6418
5206,KNTN402,Knottingley Sig FE6402
5207,KNTN421,Knottingley Sig FE6421
5208,KNTN422,Knottingley Sig FE6422
5209,KNTNELL,Knottingley England Lane
5210,KNTNFHH,Knottingley TMD (FHH)
5211,KNTNGEJ,Knottingley East Jn
5212,KNTNGFD,Knottingley F.D.
5213,KNTNGJK,Knottingley Jacksons
5214,KNTNGLY,Knottingley
5215,KNTNGSJ,Knottingley South Jn
5216,KNTNGWJ,Knottingley West Jn
5217,KNTNLIP,Knottingley T.M.D.
5218,KNTNSDG,Knottingley Sidings
5219,KNTNWRD,Knottingley W.R.D.
5220,KNTNYFD,Knottingley Depot
5221,KNTSHTJ,Kentish Town Jn
5222,KNTSHTN,Kentish Town
5223,KNTSHTW,Kentish Town West
5224,KNUCKLS,Knucklas
5225,KNUTSFD,Knutsford
5226,KNYMPTN,Kings Nympton
5227,KOBLENZ,Koblenz Hbf
5228,KOLNHBF,Koln Hbf
5229,KOLNNIE,Koln Niehl
5230,KRBYSUM,Kirkby Summit SB
5231,KRKBYIF,Kirkby-in-Furness
5232,KRKC,Kirkconnel
5233,KRKCCE,Kirkconnel C.E.
5234,KRKDALE,Kirkdale
5235,KRKDLCS,Kirkdale C.S.
5236,KRKH,Kirkhill
5237,KRKNWTN,Kirknewton
5238,KRKP862,Kirkpatrick Signal MC.862
5239,KRKP863,Kirkpatrick Signal MC.863
5240,KRKSLDL,Kirkstall Down Loop
5241,KRKSLUL,Kirkstall Up Loop
5242,KRKSXO,Kirkstall Crossover
5243,KRKWOOD,Kirkwood
5244,KRKYCEN,Kirkby in Ashfield
5245,KRKYLEJ,Kirkby Lane End Junction
5246,KRTLBDG,Kirtlebridge G.F.
5247,KRTNLMS,Kirton Lime Sdgs
5248,KRTNLND,Kirton Lindsey
5249,KSNY,Kearsney
5250,KSTP,Kirkby Stephen
5251,KSTPTC,Kirkby Stephen Town Centre
5252,KSWNJN,Kingswinford Jn
5253,KTBK,Kents Bank
5254,KTNLJN,Kirton Lane Jn.
5255,KTON,Kenton
5256,KVTNBDG,Kiveton Bridge
5257,KVTNFHH,Kiveton Park (FHH)
5258,KVTNPK,Kiveton Park
5259,KVTNXOV,Kiveton Park Crossover
5260,KYLEAKN,Kyleakin
5261,KYLEGF,Kyle of Lochalsh g.f.
5262,KYLELCE,Kyle of Lochalsh C.E.
5263,KYLELSH,Kyle of Lochalsh
5264,LACKCW,South Bank Lackenby C&W
5265,LACKGBF,LACKENBY SSI GBRF
5266,LACKMAR,Lackenby Marcroft Eng
5267,LACKNBY,Lackenby B.S.C.
5268,LACKSLA,Slag Road LC
5269,LADRTMD,Landore T.M.D.
5270,LADY668,Ladybank Sig 668
5271,LADYBHL,Ladybank Branch Loop
5272,LADYBNK,Ladybank
5273,LADYCE,Ladybank C.E.
5274,LADYDGL,Ladybank D.G.L.
5275,LADYSTE,Ladybank S.& T.E.
5276,LAGHJN,Langham Jn.
5277,LAGYRED,Langley Redlands
5278,LAINDON,Laindon
5279,LAIRG,Lairg
5280,LAIRGCE,Lairg C.E.
5281,LAIRGLC,Lairg LC
5282,LAIRGOT,Lairg Oil Terminal
5283,LAIRSSH,Lairg South Shunt
5284,LAISEMR,Laisterdyke E.M. Recycling
5285,LAISWJN,Laisterdyke Sig HB3826
5286,LAKEIOW,Lake
5287,LAKNHTH,Lakenheath
5288,LAMBH,Gilshochill (was Lambhill)
5289,LAMPHEY,Lamphey
5290,LANARK,Lanark
5291,LANARKJ,Lanark Jn
5292,LANBDRN,Llanbadarn
5293,LANCSTR,Lancaster
5294,LANCUGL,Lancaster South Jn U.G.L.
5295,LAND260,Llandudno Jn Sig. LJ260
5296,LAND69,Llandudno Jn Sig. LJ69
5297,LAND70,Llandudno Jn Sig. LJ70
5298,LAND74,Llandudno Jn Sig. LJ74
5299,LANDLHS,Llandudno Jn Loco HS
5300,LANDTC,Llandudno Jn. T.C.
5301,LANDUDJ,Llandudno Junction
5302,LANFABR,Aber Ground Frame
5303,LANFRFC,Llanfairfechan
5304,LANGEWS,Langley Sidings EWS
5305,LANGLEY,Langley
5306,LANGREC,Langley Recp Sdgs
5307,LANGSJ,Langley Sth Jn
5308,LANGTCR,Langley Town Centre
5309,LANPORT,Langport Viaduct
5310,LAPFORD,Lapford
5311,LAPWRTH,Lapworth
5312,LARA318,Plymouth Signal P318
5313,LARAJN,Laira Jn
5314,LARASFR,Laira TMD Fuel road
5315,LARAST,Laira ISU (S&TE)
5316,LARATMD,Laira T.& R.S.M.D.
5317,LARBCE,Larbert C.E.
5318,LARBDGL,Larbert North D.G.L.
5319,LARBERJ,Larbert Jn
5320,LARBERN,Larbert North
5321,LARBERT,Larbert
5322,LARBRTY,Larbert S.S.
5323,LARBUGL,Larbert U.G.L.
5324,LARGS,Largs
5325,LARKHAL,Larkhall
5326,LARNEHB,Larne Harbour
5327,LAUNWST,Launceston Westgate Street
5328,LAVNGTN,Lavington
5329,LAWJ,Law Jn.
5330,LAWJDPL,Law Jn D.P.L.
5331,LAWJDS,Law Jn Down Sidings
5332,LAWJRRT,Law Jn (Road Rail TS)
5333,LAWJUCE,Law Jn Up C.E.
5334,LAWJUPL,Law Jn U.P.L.
5335,LAWRNCH,Lawrence Hill
5336,LAWRNGF,Lawrence Hill G.F.
5337,LAYTCLX,Carleton Crossing L.C.
5338,LAYTON,Layton
5339,LAZKRKO,Lazonby & Kirkoswald
5340,LBDR,Llanbedr
5341,LBGHJN,Loughborough Jn
5342,LBRF,Little Barford Monier
5343,LBRFIBS,Tempsford IBS
5344,LBRFTMP,Tempsford
5345,LBRIGG,Lambrigg
5346,LCEILOB,Loch Eil Outward Bound
5347,LCHABUI,Leachabhuidh
5348,LCHALRT,Lochailort
5349,LCHBSDL,Lochboisdale
5350,LCHC,Lichfield City
5351,LCHCCS,Lichfield City C.S.
5352,LCHCHAM,Hammerwich
5353,LCHESDE,Locheilside
5354,LCHGLLY,Lochgelly
5355,LCHLCHR,Lochluichart
5356,LCHMADY,Lochmaddy
5357,LCHRDGJ,Lochridge Junction
5358,LCHT131,Lichfield Signal 1310
5359,LCHT259,LICHFIELD TV SIG LS4259
5360,LCHT303,LICHFIELD TV SIG LS1303
5361,LCHT306,LICHFIELD SIG LS1306
5362,LCHT308,Lichfield Sig LS1308
5363,LCHTCE,Lichfield T.V. C.E. Sdgs
5364,LCHTCUR,Curborough Jn
5365,LCHTFIN,Fine Lane LC
5366,LCHTHAD,Hademore Crossing
5367,LCHTNJ,Lichfield TV North Jn (LL)
5368,LCHTPDC,Lichfield TV LL PDC
5369,LCHTTVH,Lichfield Trent Valley HL
5370,LCHTTVJ,Lichfield T.V. Jn.
5371,LCHTTVL,Lichfield Trent Valley
5372,LCHW171,Lochwinnoch Sig PE171
5373,LCHWNCH,Lochwinnoch
5374,LCKRBIE,Lockerbie
5375,LCKRDPL,Lockerbie Down Loop
5376,LCKRDS,Lockerbie Down Sidings
5377,LCKRUPL,Lockerbie Up Loop
5378,LCKRUPS,Lockerbie Up Siding
5379,LCKWBGF,Leckwith Bridge Grnd Frame
5380,LCKWLOP,Leckwith Loop
5381,LCKWSTJ,Leckwith Loop South Jn
5382,LCKWTHJ,Leckwith Loop North Jn
5383,LCWLOP,Leckwith Loop
5384,LDBRKJ,Ladbroke Grove
5385,LDBURY,Ledbury
5386,LDLNGTN,Lidlington
5387,LDRE283,Landore Signal PT283
5388,LDRY,Londonderry
5389,LDYBURN,Ladyburn T.C.
5390,LDYW,Ladywell
5391,LDYWJN,Ladywell Junction
5392,LEABDGE,Lea Bridge
5393,LEAG591,Leagrave Signal 591
5394,LEAGRVE,Leagrave
5395,LEAGRVJ,Leagrave Jn
5396,LEAGSAN,Sandon (Beds)
5397,LEAGSDG,Leagrave Tamper Siding
5398,LEAHALL,Lea Hall
5399,LEAJ,Lea Junction
5400,LEAJ286,Lea Junction Loop Sig 1286
5401,LEALHLM,Lealholm
5402,LEASOWE,Leasowe
5403,LECHMSQ,Lechlade Marquet Square
5404,LEDB426,Ledburn Signal TK1426
5405,LEDB428,Ledburn Signal TK1428
5406,LEDB433,Ledburn Signal TK1433
5407,LEDB435,Ledburn Signal TK1435
5408,LEDBRNJ,Ledburn Jn
5409,LEDBSH,Stoke Hammond
5410,LEED190,Leeds Sig L190
5411,LEED421,Leeds Sig L4421
5412,LEED613,Leeds Sig L3613
5413,LEED615,Leeds Sig L3615
5414,LEED629,Leeds Sig L3629
5415,LEED631,Leeds Sig L3631
5416,LEED643,Leeds Sig L3643
5417,LEED692,Leeds Signal 3692
5418,LEED694,Leeds Sig L3694
5419,LEED774,LEEDS SIG L774
5420,LEED928,Leeds Sig L928
5421,LEED929,Leeds Sig L929
5422,LEEDADV,Leeds F.L.T. (Advenza)
5423,LEEDBFD,Leeds Balm Road F.D.
5424,LEEDFHH,Leeds Balm Rd Loco (FHH)
5425,LEEDFLT,Leeds F.L.T.
5426,LEEDMWL,Leeds Midland Rd Whl Lathe
5427,LEEDORT,Leeds O.R.T.
5428,LEEDRMC,Leeds Stourton RMC
5429,LEEDS,Leeds
5430,LEEDSEJ,Leeds East Jn
5431,LEEDSFB,LEEDS FESTIVAL BUS
5432,LEEDSWJ,Leeds West Junction
5433,LEEE,Lee
5434,LEEELPJ,Lee Loop Junction
5435,LEEESPR,Lee Spur
5436,LEEKBRJ,Leek Brook Jn
5437,LEESPRJ,Lee Spur Jn
5438,LEGR,Lea Green
5439,LEIGBUS,Leigh (Fleur-de-Lis PH)
5440,LEIGHK,Leigh (Kent)
5441,LEISTON,Leiston
5442,LEITBCC,Leith Docks Blue Circle
5443,LEITFPA,Leith Docks F.P.A.
5444,LEITGTX,Leith Docks GATX
5445,LEITHFH,Leith Sth Fliner/Lafarge
5446,LEITHS,Leith South
5447,LEITSAI,Leith Docks SAI
5448,LEITSSS,Leith South Storage
5449,LELANT,Lelant
5450,LELANTS,Lelant Saltings
5451,LENHAM,Lenham
5452,LENHAMX,Lenham Crossover (CTRL)
5453,LENHLP,Lenham Heath Loop (CTRL)
5454,LENHMLP,Lenham Passenger Loop
5455,LENHUS6,Lenham Up Siding No 6
5456,LENHUS8,Lenham Up Siding No 8
5457,LENS,Lens
5458,LENTNNJ,Lenton North Jn
5459,LENTNSJ,Lenton South Jn
5460,LENZIE,Lenzie
5461,LEOMBUS,Leominster Bus Station
5462,LEOMNST,Leominster
5463,LEOMSB,Leominster Signal Box
5464,LESAORL,Les Aubrais-Orleans
5465,LEST325,Leicester Signal LR325
5466,LEST326,Knighton Jn Signal LR326
5467,LEST327,Leicester Signal 327
5468,LEST421,Leicester 421 Signal
5469,LEST426,Leicester 426 Signal
5470,LESTBRG,Leicester Braunstone Gate
5471,LESTCSD,Leicester Carriage Sdgs
5472,LESTER,Leicester
5473,LESTHR,Humberstone Road
5474,LESTHR5,Humberstone Rd No5 Top Sdg
5475,LESTHRJ,Humberstone Rd Jn
5476,LESTKJN,Knighton Jct
5477,LESTLIP,Leicester L.I.P.
5478,LESTPBX,Leicester Power Box
5479,LESTRNJ,Leicester North Jn.
5480,LESTRSJ,Leicester South Jn.
5481,LESTSGF,Saffron Lane Ground Frame
5482,LETEILA,Le Teil (Ardeche)
5483,LETH195,Leatherhead Signal W1195
5484,LETHRHD,Leatherhead
5485,LETNCMD,Leyton C.M.D.
5486,LEUCDS,Leuchars Down Siding
5487,LEUCHMD,Leuchars M.O.D.
5488,LEUCHRS,Leuchars
5489,LEUCS15,Leuchars Signal LE15
5490,LEWES,Lewes
5491,LEWES58,Lewes Signal LW58
5492,LEWESDS,Lewes Down Tamper Siding
5493,LEWESUS,Lewes Up Siding
5494,LEWISHM,Lewisham
5495,LEWIVLJ,Lewisham Vale Junction
5496,LEYLAND,Leyland
5497,LEYLBLM,Leyland B. Leyland
5498,LEYTLUL,Leyton LT Station
5499,LEYTNMR,Leyton Midland Road
5500,LEYTSTO,Leyton Supermarket
5501,LFGNLC,Longforgan L.C.
5502,LFPW,Llanfairpwll
5503,LGBK,Langbank
5504,LGFD,Longfield
5505,LGHM,Langholm
5506,LGHO,Langho
5507,LGLNJN,Langloan Jn
5508,LGML,Langley Mill
5509,LGRN,Langley Green
5510,LGRNAW,Langley Green Albright & W
5511,LGRNYD,Langley Green Yd
5512,LGWITH,Langwith Whaley Thorns
5513,LGWOOD,Lingwood
5514,LHONSEA,Leigh-on-Sea
5515,LHRBHC,Hatton Cross - SWT Bus
5516,LHRBT1,Heathrow Terminal 1 (SWT Bus)
5517,LHRBT2,Heathrow Terminal 2 (SWT Bus)
5518,LHRBT3,Heathrow Terminal 3 (SWT Bus)
5519,LHRBT4,Heathrow Terminal 4 (SWT Bus)
5520,LHVN,Littlehaven
5521,LHVNBUS,Littlehaven Lambs Frm Rd
5522,LIEGE,Liege
5523,LIFODEJ,Lifford East Jn
5524,LIFODWJ,Lifford West Jn
5525,LIFOMOS,Moseley
5526,LILBDGE,Lille Bridge Depot LUL
5527,LILLDEL,Lille Deliverance
5528,LILLE,Lille
5529,LILLEFL,Lille Flandres
5530,LILLEPF,Lille-Port-Fluvial
5531,LIMERCJ,Limerick Junction
5532,LIMERIC,Limerick
5533,LIMHSE,Limehouse
5534,LINCFHH,Lincoln Terrace Sidings FL
5535,LINCLNC,Lincoln
5536,LINDFRD,Lindford Liphook Road)
5537,LINDLA,Lindleys Lane
5538,LINFST,Linford Street Jn
5539,LINGFLD,Lingfield
5540,LINKLIN,Link Line
5541,LINZ,Linz
5542,LIPHOOK,Liphook
5543,LIPSONJ,Lipson Jn
5544,LISK9,Liskeard Sig 9
5545,LISKARD,Liskeard
5546,LISKDGF,Liskeard Ground Frame
5547,LISMORE,Lismore
5548,LISS,Liss
5549,LITLBRO,Littleborough
5550,LITTLEM,Littlemore
5551,LIVST,London Liverpool Street
5552,LIVSTBL,London Liverpool St (Ball)
5553,LIVSTHS,Liverpool St L.H.S.
5554,LKWD,Lockwood
5555,LLANDAF,Llandaf
5556,LLANMAI,Maindy Bridge
5557,LLBRDCH,Llanbradach
5558,LLBSTRD,Llanbister Road
5559,LLDARCY,Llandarcy
5560,LLDEGEN,Genwen Jn
5561,LLDEILO,Llandeilo
5562,LLDELOJ,Llandeilo Jn
5563,LLDODGF,Llandrindod Crossing
5564,LLDODW,Llandrindod
5565,LLDVERY,Llandovery
5566,LLDVNLC,Llandovery North L.C.
5567,LLDYBIE,Llandybie
5568,LLFAIRC,Llanfair Caereinion
5569,LLGADOG,Llangadog
5570,LLGMMRW,Llangammarch
5571,LLGNNCH,Llangennech
5572,LLGUNLO,Llangynllo
5573,LLHARAN,Llanharan
5574,LLHLABY,Abertillery
5575,LLHLETH,Llanhilleth
5576,LLISHEN,Llanishen
5577,LLNGYFL,Llangyfelach
5578,LLNLLI,Llanelli
5579,LLNSMLT,Llansamlet
5580,LLNWTMR,Llantwit Major
5581,LLSTPHX,Llanstephan L.C.
5582,LLTRNMJ,Llantarnam Jn
5583,LLTRROC,Llantrisant Rockwell
5584,LLTRSNT,Llantrisant
5585,LLWEAFL,Llanwern CHORUS AFL
5586,LLWESWE,Llanwern Steelworks East
5587,LLWESWW,Llanwern Steelworks West
5588,LLWRDA,Llanwrda
5589,LLWRTYW,Llanwrtyd
5590,LLWRW2,Llanwrtyd Signal W2
5591,LLWYNYP,Llwynypia
5592,LLYSFGF,LLYSFAEN EMERGENCY GF
5593,LMAR,Long Marton
5594,LMBRDSL,Limbury Road Reversal
5595,LMBRYNG,Limbury Road North G.F.
5596,LMBRYRD,Limbury Road
5597,LMBRYSG,Limbury Road South G.F.
5598,LMKLSSB,Lime Kiln Sdg SB
5599,LMNG113,Leamington Spa Signal 113
5600,LMNG126,Leamington Spa Signal 126
5601,LMNG128,Leamington Spa Signal 128
5602,LMNGCHS,Leamington Carriage Sdgs
5603,LMNGDDS,Leamington Spa Down Dock 
5604,LMNGFDS,Leamington Spa Sidings
5605,LMNGFOS,Fosse Rd
5606,LMNGSD4,Leamington Spa PLT 4 SDG
5607,LMNGSOU,Southam Rd
5608,LMNGTNS,Leamington Spa
5609,LMPTBLL,Lampeter Black Lion
5610,LMTNPIR,Lymington Pier
5611,LMTNTWN,Lymington Town
5612,LNAB,Llanaber
5613,LNCG,Lancing
5614,LNDC,Llandecwyn
5615,LNDN490,London Bridge Sig. L1490
5616,LNDNASJ,Abbey Street Junction
5617,LNDNB10,London Bridge Plat 10
5618,LNDNB11,London Bridge Plat 11
5619,LNDNB12,London Bridge Plat 12
5620,LNDNB13,London Bridge Plat 13
5621,LNDNB14,London Bridge Plat 14
5622,LNDNB15,London Bridge Plat 15
5623,LNDNB16,London Bridge Plat 16
5624,LNDNB9,London Bridge Plat 9
5625,LNDNBAL,London Bridge (Ballast)
5626,LNDNBCJ,Brunswick Court Junction
5627,LNDNBDC,London Bridge (C)
5628,LNDNBDE,London Bridge (E)
5629,LNDNBDG,London Bridge
5630,LNDORE,Landore
5631,LNDOREJ,Landore Junction
5632,LNDRBES,Landor St Bank Engine Sdgs
5633,LNDRSTJ,Landor Street Jn
5634,LNDSRPG,Lindsey Oil Refinery GBRf
5635,LNDW,Llandanwg
5636,LNDYW,Landywood
5637,LNGAFHH,Longannet Power Stn (FHH)
5638,LNGANPS,Longannet Power Stn
5639,LNGANSB,Longannet S.B.
5640,LNGBAP,Althorp Park (Long Buckby)
5641,LNGBCB,Church Brampton
5642,LNGBKBY,Long Buckby
5643,LNGBWL,Watford Lodge (LongBuckby)
5644,LNGCROS,Longcross
5645,LNGDYKJ,Long Dyke Jn
5646,LNGEATN,Long Eaton
5647,LNGEDRY,Draycott
5648,LNGETNX,Long Eaton Town X
5649,LNGHDGJ,Longhedge Jn
5650,LNGLNDJ,Longlands Jn
5651,LNGMGBR,Long Marston GBRf
5652,LNGMSTN,Long Marston
5653,LNGNDRY,Longniddry
5654,LNGON,Longuyon
5655,LNGP,Longport
5656,LNGPCS,Longport Carless Solvents
5657,LNGPJN,Longport Jn
5658,LNGPTDS,Longport Down Sdgs.
5659,LNGPTFD,Longport F.D.
5660,LNGPTPS,Pinnox Branch ESSO Sidings
5661,LNGROCK,Long Rock
5662,LNGSDGL,Longsight Down Goods Loop
5663,LNGSEMD,Longsight T.M.D. (E)
5664,LNGSEPL,Longsight Excursion Plat
5665,LNGSEUR,Longsight DMUD Siemens
5666,LNGSFLW,Longsight Wheel Lathe (FL)
5667,LNGSGHT,Longsight
5668,LNGSSTH,Longsight South
5669,LNGSTCS,Longsight Car. M.D.
5670,LNGSTHS,Longsight Holding Sidings
5671,LNGSTMD,Longsight T.M.D. (D)
5672,LNGSTN,Longsight North
5673,LNGSUDL,Longsight Up & Dwn Gds Lp
5674,LNGSWL,Longsight Wheel Lathe
5675,LNGTMOD,Longtown MOD (Army CAD)
5676,LNGTSDG,Longtown Siding
5677,LNGU,Longeau
5678,LNGWRTH,Langworth S.B.
5679,LNGWST,Stainton
5680,LNGY209,Langley Signal K209
5681,LNGY651,Langley Jn K651
5682,LNGY938,Langley Jn K938
5683,LNGY940,Langley Jn K940
5684,LNGYJN,Langley Jn
5685,LNGYSJN,Langley Sth Jn
5686,LNLNSB,Long Lane LC
5687,LNLT622,Linlithgow Signal EL622
5688,LNLT951,Linlithgow EL951
5689,LNLTHCE,Linlithgow C.E.
5690,LNLTHGW,Linlithgow
5691,LNLTUPL,Linlithgow U.P.L.
5692,LNRWST,Llanrwst
5693,LNSD,Langside
5694,LNTN,Longton
5695,LNTRAN,Lentran
5696,LOCHAWE,Loch Awe
5697,LOCKCEJ,Chellaston East Jn
5698,LOCKLAX,Lock Lane X
5699,LOGH675,Loughborough Signal 675
5700,LOGHARC,Loughborough A.R.C.
5701,LOGHBGM,East Leake British Gypsum
5702,LOGHBNJ,Loughborough North Jn
5703,LOGHBRO,Loughborough
5704,LOGHBSH,Loughborough Brush
5705,LOGHBSJ,Loughborough South Jn
5706,LOGHEL,East Leake
5707,LOGHHOH,Hotchley Hill E Leake GBRF
5708,LONB,Longbridge
5709,LONB23,Longbridge Signal 23
5710,LONB24,Longbridge Signal 24
5711,LONBAP,Longbridge Assembly Plant
5712,LONBE,Longbridge Car Terminal
5713,LONBRS,Longbridge Reversing Sdgs
5714,LONDEUR,London Eurostar
5715,LONDNBS,London Baker Street
5716,LONFLDS,London Fields
5717,LONGBCK,Longbeck
5718,LOOE,Looe
5719,LOSTCKJ,Lostock Jn
5720,LOSTCKP,Lostock
5721,LOTH,Loth
5722,LOUNJN,Lounge Jn
5723,LOUNOC,Lounge Open Cast
5724,LOUNSLC,Swannington LC
5725,LOVR243,Lovers Walk Signal T1243
5726,LOVR246,Lovers Walk Signal T1246
5727,LOVRSWS,Lovers Walk T&R.S.M.D
5728,LOWDHAM,Lowdham
5729,LOWF201,Low Fell Sig T201
5730,LOWF203,Low Fell Sig T203
5731,LOWF228,Low Fell Sig T228
5732,LOWFECE,Low Fell ISU (CE)
5733,LOWFELJ,Low Fell Jn
5734,LOWFGBR,Low Fell GB Railfreight
5735,LOWFRMT,Low Fell Royal Mail Tmnl
5736,LOWGATS,Low Gates L.C.
5737,LOWHXSB,Low House Crossing S.B.
5738,LOWMOOR,Low Moor
5739,LOWRDEN,Upper Denton AHB
5740,LOWRWSB,Low Row S.B.
5741,LOWSCE,Lowestoft ISU (CE)
5742,LOWSTFR,Lowestoft Recp.
5743,LOWSTFT,Lowestoft
5744,LOWTONJ,Lowton Jn
5745,LPRESTN,Long Preston
5746,LRDDEAC,London Road Depot
5747,LRDGFD,London Road (Guildford)
5748,LRGN,Largin
5749,LRKFCAR,Larkfield Carriage Sidings
5750,LRKFLDJ,Larkfield Jn
5751,LRNCDRS,Laurencekirk D.R.S.
5752,LRNCKRK,Laurencekirk
5753,LRNCURS,Laurencekirk U.R.S.
5754,LSOMFD,Little Somerford
5755,LSTFCOL,Linkswood (COLAS)
5756,LSTFORT,Linkswood
5757,LSTG,Lostock Gralam
5758,LSTH,Lostock Hall
5759,LSTHJN,Lostock Hall Jn
5760,LSTOKNJ,Laverstock North Jn
5761,LSTOKSJ,Laverstock South Jn
5762,LSTREM,Lestrem
5763,LSTW4,Lostwithiel Signal 4
5764,LSTWCSG,Lostwithiel Clay Sidings
5765,LSTWDGL,Lostwithiel D.G.L.
5766,LSTWTHL,Lostwithiel
5767,LSTWUGL,Lostwithiel U.G.L.
5768,LSYDNHM,Lower Sydenham
5769,LTCE,Letchworth Garden City
5770,LTCEADL,Letchworth A/D Line
5771,LTCEMUS,Letchworth C.S.D
5772,LTCEREC,Letchworth CS Reception
5773,LTCHMRJ,Latchmere Jn
5774,LTFDFHH,Latchford Sdgs (FLHH)
5775,LTFDSD,Latchford Sdgs
5776,LTHH,Lisvane & Thornhill
5777,LTLBYLP,Littlebury Loop
5778,LTLETNJ,Little Eaton Jn
5779,LTLETNX,Little Eaton X
5780,LTLH11,Littlehampton Signal LH11
5781,LTLHCS,Littlehampton C.H.S.
5782,LTLHMPT,Littlehampton
5783,LTLHOSH,Littlehampton Outside Shed
5784,LTLHSHD,Littlehampton Shed
5785,LTLHUSD,Littlehampton Up Siding
5786,LTLKMBL,Little Kimble
5787,LTLPORT,Littleport
5788,LTLSUTN,Little Sutton
5789,LTMRJN,Lightmoor Jn
5790,LTNBZRD,Leighton Buzzard
5791,LTRSTNJ,Letterston Junction
5792,LTTLMLJ,Little Mill Jn
5793,LUDGMOD,Ludgershall M.O.D.
5794,LUDLCST,Ludlow Corve Street
5795,LUDLOW,Ludlow
5796,LUDO,Llandudno
5797,LUGTKMA,Lugton Kemira
5798,LUGTON,Lugton
5799,LUINO,Luino
5800,LUNCARY,Luncarty
5801,LUTNAIR,Luton Airport
5802,LUTO575,Luton Signal 575
5803,LUTO581,Luton Signal WH581
5804,LUTO614,Luton Signal 614
5805,LUTOALM,Luton Alma Street
5806,LUTOAPY,Luton Airport Parkway
5807,LUTOBRI,Luton Bridge Street
5808,LUTOBUS,Luton Bus
5809,LUTOCRD,Luton Crescent Road
5810,LUTOFHH,Luton Crescent Rd (FHH)
5811,LUTON,Luton
5812,LUTONCS,Luton Centre Sidings
5813,LUTONEL,Luton North End Loop
5814,LUTONNJ,Luton North Jn
5815,LUTONUS,Luton Up Sidings
5816,LUXULYN,Luxulyan
5817,LVHM,Levenshulme
5818,LVNSTNN,Livingston North
5819,LVNSTNS,Livingston South
5820,LVRP017,Liverpool Cent Signal 1017
5821,LVRPBTL,Liverpool Bulk Terminal
5822,LVRPCRS,Liverpool Central Revs Sdg
5823,LVRPCUT,Liverpool Lime Street Cutting
5824,LVRPCW,Liverpool Bulk TL C&W GBRF
5825,LVRPEMR,Liverpool Euro Metal(MDHC)
5826,LVRPFHH,Liverpool Bulk Term (FHH)
5827,LVRPGBR,Liverpool Bulk Terminal GBRf
5828,LVRPGDE,Liverpool Gladstone Dock
5829,LVRPJLA,Liverpool J Lennon Airport
5830,LVRPLCH,Liverpool Central (Northern)
5831,LVRPLCL,Liverpool Central (Wirral)
5832,LVRPLFP,Liverpool Ferryport
5833,LVRPLHS,Liverpool L.St (LHS-VT)
5834,LVRPLSG,Liverpool Landing Stage
5835,LVRPLSH,Liverpool Lime Street HL/ML
5836,LVRPLSL,Liverpool Lime Street LL/WL
5837,LVRPLSP,Liverpool Leeds St(Portal)
5838,LVRPSIH,Liv Cen Stk Int H.L.
5839,LVRPSJS,Liverpool St James
5840,LVRPSPY,Liverpool South Parkway
5841,LVRPSTG,Stanton Grove
5842,LWBY,Langwathby
5843,LWELRSJ,Low Ellers Curve Jn
5844,LWERCOA,Llanwern Coal Yard
5845,LWERMSS,Llanwern Mid Steel Sup
5846,LWERNRG,Llanwern RG (Colas)
5847,LWERSDG,Llanwern Coal Sdg
5848,LWERSTN,Llanwern Old Station
5849,LWERTSG,Llanwern Tippler Sdg
5850,LWERWJN,Llanwern West Junction
5851,LWERXSG,Llanwern Exchange Sdgs
5852,LWGILL,Low Gill
5853,LWLYSDC,Lawley Street RFD
5854,LWLYSFT,Lawley Street F.L.T.
5855,LYDCEGB,Dungeness British Energy
5856,LYDDTWN,Lydd Town
5857,LYDN182,Lydney Signal N182
5858,LYDNDUL,Lydney Down & Up Loops
5859,LYDNEY,Lydney
5860,LYDNJCT,Lydney Junction
5861,LYDNNOR,Norchard
5862,LYEE,Lye
5863,LYMPSTC,Lympstone Commando
5864,LYMPSTN,Lympstone Village
5865,LYNDHRD,Ashurst New Forest
5866,LYNDPKH,Lyndhurst Park Hotel
5867,LYNECMP,Lyneham Camp Main Gate
5868,LYNGRIL,Llwyngwril
5869,LYNMABJ,Alcan Branch Jn
5870,LYNMACS,Lynemouth Coal Sidings
5871,LYNMFHH,Lynemouth Power Stn (FHH)
5872,LYNMGBF,Lynemouth Power Stn (GBRF)
5873,LYNMSGB,Lynemouth Smelter GBRF
5874,LYNMTHA,Lynemouth Alcan Works
5875,LYNMTHC,Lynemouth RJB Mining
5876,LYNMTHL,Lynemouth ALCAN EW&S
5877,LYONGUI,Lyon Guillotiere
5878,LYONVEN,Lyon Venissieux
5879,LYTHAM,Lytham
5880,LYTNSHR,Leytonstone High Road
5881,MACHENQ,Machen Quarry
5882,MACHENR,Machen Run-Round
5883,MACLSFD,Macclesfield
5884,MACONVL,Macon-Ville
5885,MADE490,Madeley Junction Sig 
5886,MADE491,Madeley Jn (SALOP) SIG 491
5887,MADEJN,Madeley Jn (Shropshire)
5888,MADELEY,Madeley
5889,MADELYC,Madeley Chord Line
5890,MADEWH,Whitmore
5891,MAERDY,Maerdy
5892,MAESTER,Maesteg (Ewenny Road)
5893,MAESTGF,Maesteg G.F.
5894,MAESTGW,Maesteg
5895,MAGHULL,Maghull
5896,MAGOR,Magor
5897,MAIFDLP,Mayfield Loop
5898,MAINCE,Maindee Depot ISU (CE)
5899,MAINDEJ,Maindee East Jn
5900,MAINDNJ,Maindee North Jn
5901,MAINDWJ,Maindee West Jn
5902,MALDENM,Malden Manor
5903,MALLOW,Mallow
5904,MALRSTG,Mallerstang
5905,MALTBTH,Barton Hill
5906,MALTKKA,Kirkham Abbey SB
5907,MALTKNA,Knapton
5908,MALTON,Malton
5909,MANEA,Manea
5910,MANHHAN,Mannheim Handelshafen
5911,MANHRAN,Mannheim Rangierbahnhof
5912,MANIJN,Mann Island Junction
5913,MANNGDS,Manningtree Down Refuge Siding
5914,MANNGTR,Manningtree
5915,MANNTEJ,Manningtree East Jn
5916,MANNTNJ,Manningtree North Jn
5917,MANOMET,Manors (Metro)
5918,MANORS,Manors
5919,MANR350,Manor Park Sig 350/5083
5920,MANRPK,Manor Park
5921,MANRPKJ,Manor Park Junction
5922,MANSNHS,Mansion House LT
5923,MANTLFF,Luffenham
5924,MANTMJ7,Manton Jn Signal MJ7
5925,MANTONJ,Manton Jn
5926,MANTSDG,Manton Jn ACE SDG
5927,Mar-5105,Margate Signal EK5105
5928,Mar-5124,Margate Signal EK5124
5929,MARBORO,Marborogh High Street Bus
5930,MARCHDS,March Down R.S.
5931,MARCHUS,March Up R.S.
5932,MARCUCE,March Up Yard ISU (CE)
5933,MARDEN,Marden
5934,MARGATE,Margate
5935,MARGCHS,Margate C.H.S
5936,MARLOW,Marlow
5937,MARNELV,Marne-Le-Vallee
5938,MARPLE,Marple
5939,MARPLWJ,Marple Wharf Jn
5940,MARSHJS,Marsh Jn Sidings
5941,MARTON,Marton
5942,MARY10,Marylebone Signal ME10
5943,MARYLBN,London Marylebone
5944,MARYSDS,Marylebone (Sdgs 1 - 5)
5945,MARYUPL,Marylebone UPL
5946,MARYUPS,Marylebone Up Platform Sdgs
5947,MARYUTS,Marylebone Up Tunnel Sdg
5948,MARYWRD,Marylebone Washer Road
5949,MASGLAS,Maesglas Tip ISU (CE)
5950,MASH,Mountain Ash
5951,MATLCKB,Matlock Bath
5952,MATLOCK,Matlock
5953,MATLPR,Matlock Peak Rail
5954,MAUCHLN,Mauchline
5955,MAUCLUS,Mauchline Up Sidings
5956,MAXWLPK,Maxwell Park
5957,MAYBOLE,Maybole
5958,MAZEH,Maze Hill
5959,MBRK,Millbrook (Hants)
5960,MBRK14P,Millbrook No 14 Points
5961,MBRK17P,Millbrook No 17 Points
5962,MBRK758,Millbrook Sig. E758
5963,MBRK850,Millbrook Sig. E842
5964,MBRK939,Millbrook Sig E939
5965,MBRK940,Millbrook Sig E940
5966,MBRK942,Millbrook Sig E942
5967,MBRK958,Millbrook Sig E958
5968,MBRKDE,Millbrook Dock Entrance
5969,MBRKDX,Millbrook Dock Exit
5970,MBRKFLT,Millbrook Hants..F.L.T.
5971,MBROBPS,Masboro Booths P S
5972,MBROEWS,Rotherham Masborough EWS
5973,MBROFHH,Rotherham Masborough FLHH
5974,MBRONJN,Masborough Jn
5975,MBROSSJ,Masborough S.S. Jn
5976,MBROSTY,Masborough F.D.
5977,MCHL125,Micheldever Signal EH125
5978,MCHL229,Micheldever Signal E229
5979,MCHLDVR,Micheldever
5980,MCHLELF,Micheldever Oil Sidings
5981,MCHWFLT,Marchwood F.L.T.
5982,MCHWMOD,Marchwood M.O.D.
5983,MCHWOOD,Marchwood
5984,MCHWSMC,Marchwood SMC RP
5985,MCHYGLA,Glandyfi
5986,MCHYNCS,Machynlleth Carr. Sdgs
5987,MCHYNLT,Machynlleth
5988,MCHYYNY,Ynyslas
5989,MCKLFLD,Micklefield
5990,MDCL991,Midcalder Jn Sig EJ991
5991,MDCLDRJ,Midcalder Jn
5992,MDCLDRL,Midcalder Jn Goods Loop
5993,MDCLURS,Midcalder Up Refuge Siding
5994,MDLS221,Middlesborough Signal 221
5995,MDLSAFH,Middlesbrough Ayrton (FHH)
5996,MDLSAYR,Middlesbro' Dawson Ayrton
5997,MDLSBDR,Middlesbrough (DRS)
5998,MDLSBRO,Middlesbrough
5999,MDLSCAR,Cargo Fleet Stockton HLGE
6000,MDLSCOB,Middlesbro Cobra Container
6001,MDLSDRS,Middlesbrough Ayrton (DRS)
6002,MDLSDS,Middlesborough Dawson
6003,MDLSFD,Middlesbrough Goods Yard
6004,MDLSFHH,Middlesbrough (FHH)
6005,MDLSMAR,Middlesbro' Goods Marcroft
6006,MDLSMRB,Middlesbrough Marsh Branch
6007,MDLSSDG,Middlesbrough Sidings
6008,MDLSWDK,Middlesbrough West Dock
6009,MDLW,Middlewich
6010,MDLWCBS,Middlewich British Salt
6011,MDNH291,Maidenhead 291 sig
6012,MDNHCE,Maidenhead ISU (CE)
6013,MDNHDE,Maidenhead East
6014,MDNHDW,Maidenhead West
6015,MDNHEAD,Maidenhead
6016,MDNNWTN,Maiden Newton
6017,MDTT,Middleton Towers
6018,MDTTGBR,Middleton Towers GBRF
6019,MDVLLT,Maida Vale LT
6020,MDWD,Middlewood
6021,MEADLAJ,Meadow Lane Jn
6022,MEADWHL,Meadowhall
6023,MEDLALC,Meadow Lane LC
6024,MEDSTED,Medstead
6025,MELBRNJ,Melbourne Jn
6026,MELDRTH,Meldreth
6027,MELKMAR,Melkmar
6028,MELKSHM,Melksham
6029,MELLIS,Mellis
6030,MELMBC,Melton (Ferriby) Omya
6031,MELMLC,Melton Lane Level Crossing
6032,MELROSE,Melrose
6033,MELS,Meols
6034,MELTON,Melton
6035,MENAIBG,Menai Bridge
6036,MEND,Mile End
6037,MENHENT,Menheniot
6038,MENSTOB,Otley Bus Station
6039,MENSTON,Menston
6040,MEOLSCP,Meols Cop
6041,MEOLSLJ,St Lukes Junction
6042,MEOPHAM,Meopham
6043,MERHDQ,Merehead Quarry
6044,MERHDQJ,Merehead Quarry Jn
6045,MERLBKE,Merelbeke
6046,MERSTHM,Merstham
6047,MERTBCN,Brecon
6048,MERTHRV,Merthyr Vale
6049,MERTHYR,Merthyr Tydfil
6050,METHLYJ,Methley Jn
6051,METZ,Metz
6052,MEVATRE,Mevagissey
6053,MEXBRGH,Mexborough
6054,MEXBRJN,Mexborough Jn
6055,MFAM,Morfa Mawddach
6056,MFDB,Milford and Brocton
6057,MFLDBS,Mansfield Bus Station
6058,MFLDTWN,Mansfield Town
6059,MFLDWSE,Mansfield Woodhouse
6060,MGMS127,Margam Sig. P.T.127
6061,MGTLSR,Moorgate (SR)
6062,MHERON,Martins Heron
6063,MIDDRVE,Middle Drove
6064,MIDGHAM,Midgham
6065,MIDSTHL,Midsomer Norton Town Hall
6066,MIKLTRF,Mickle Trafford
6067,MILANML,Milano Melzo
6068,MILANPI,Milano Pioltello
6069,MILANRO,Milano Rogoredo
6070,MILANSE,Milano Segrate
6071,MILBRNJ,Millburn Jn
6072,MILESPJ,Miles Platting Junction
6073,MILESPL,Miles Platting
6074,MILF233,Milford Signal M5233
6075,MILF235,Milford Signal M5235
6076,MILFCDS,Milford Down Sidings
6077,MILFCW,Milford C & W Sidings
6078,MILFDWS,Milford West Sidings
6079,MILFDY,Milford Jn.
6080,MILFLOP,Milford Loop
6081,MILKNPK,Milliken Park
6082,MILLRJ,Mill Race Jn
6083,MILNROW,Milnrow
6084,MILTJN,Milton Jn
6085,MINEBAN,Minehead Bancks Street
6086,MINEBUT,Minehead Butlins
6087,MINEHED,"Minehead, West Som Rwy"
6088,MINEPAR,Minehead Parade
6089,MINFFR,Minffordd  <FfRly>
6090,MINFORD,Minffordd
6091,MINMARS,Moreton-in-Marsh
6092,MINSTEJ,Minster East Jn.
6093,MINSTER,Minster
6094,MINSTSJ,Minster South Jn
6095,MINSTWJ,Minster West Jn.
6096,MINTYX,Minety Crossing
6097,MINZHBF,Mainz Hbf
6098,MIRADEB,Miranda De Ebro
6099,MIREJN,Mirehouse Jcn
6100,MIRFEJN,Mirfield East Jn
6101,MIRFILD,Mirfield
6102,MISKIN,Miskin
6103,MISTDL,Mistley Down Loop
6104,MISTLEY,Mistley
6105,MITCHMJ,Mitcham Junction
6106,MKIN,Markinch
6107,MKIN878,Markinch Signal 878
6108,MKINBLS,Markinch Branch Line Sdgs
6109,MKINDLS,Markinch Down Line Sidings
6110,MKNSBUS,Milton Keynes City Centre
6111,MKNSCEN,Milton Keynes Central
6112,MKTR,Market Rasen
6113,MKTRCLU,Claxby & Usselby
6114,MLAIG,Mallaig
6115,MLAIGCE,Mallaig C.E.
6116,MLAIGGF,Mallaig g.f.
6117,MLBRKB,Millbrook (Bedfordshire)
6118,MLDOFHH,Meldon Quarry FLHH
6119,MLDONQ,Meldon Quarry
6120,MLDSWTH,Mouldsworth
6121,MLDSWTJ,Mouldsworth Jn
6122,MLDTHRD,Mauldeth Road
6123,MLFDHVN,Milford Haven
6124,MLFDOCK,Milford Haven MHDC
6125,MLFORD,Milford (Surrey)
6126,MLFORLP,Milford Red Lion Pub
6127,MLGV,Milngavie
6128,MLHB,Mill Hill Broadway
6129,MLHL,Mill Hill (Lancashire)
6130,MLKR102,Melkridge Sig HW102
6131,MLKRDGE,Melkridge Opencast RJB
6132,MLLF,Millfield
6133,MLLM,Millom
6134,MLLMDRS,Millom Loading Point (DRS)
6135,MLLMSDG,Millom Siding (EWS)
6136,MLLNJN,Mill Lane Junction
6137,MLLPTOP,Millport
6138,MLNRYDJ,Milner Royd Jn
6139,MLNT,Milnthorpe
6140,MLPT,Parc. Slip Celtic Energy
6141,MLPTABS,Aberaiden South
6142,MLRHCE,Millerhill C.E.
6143,MLRHD,Millerhill L.I.P.
6144,MLRHEJN,Millerhill East Jn
6145,MLRHM21,Newcraighall Turnback Sdg
6146,MLRHMEE,Millerhill M.& E.E.
6147,MLRHRSM,Millerhill Royal Scotsman
6148,MLRHS23,Millerhill Signal 23
6149,MLRHSB,Millerhill S.B.
6150,MLRHSTE,Millerhill S.& T.E.
6151,MLRHSTH,Millerhill Signal 24
6152,MLRHWRD,Millerhill W.R.D.
6153,MLRHY,Millerhill S.S.
6154,MLSECMB,Moulsecoomb
6155,MLSHILL,Mills Hill
6156,MLTBCGB,Maltby Colliery GBRf
6157,MLTBCLS,Maltby Colliery S B
6158,MLTBFHH,Maltby Colliery (FLHH)
6159,MLTBLFL,Maltby Down Loop
6160,MLTBNCB,Maltby Colliery
6161,MLTNASH,Ashfordby LC
6162,MLTNBBY,Brooksby Level Crossing
6163,MLTNFBY,Frisby
6164,MLTNJN,Melton Jn
6165,MLTNMDL,Melton Mowbray Down Loop
6166,MLTNMPS,Melton Mowbray Petfoods
6167,MLTNMUL,Melton Mowbray Up Loop
6168,MLTNRBY,Rearsby LC
6169,MLTNS3,Melton Mowbray Shunt SIG 3
6170,MLTNSAX,Saxby
6171,MLTNSDG,Melton Mowbray
6172,MLTNWHI,Whissendine
6173,MLVRNLK,Malvern Link
6174,MLVRNWL,Malvern Wells
6175,MLVRWLP,Malvern Wells Loop
6176,MLVTJN,Milverton Jn
6177,MMIL,Martin Mill
6178,MNCKCCC,Royston Monckton C.C.C.
6179,MNCRANC,Anchorage (Metrolink)
6180,MNCRATS,Tarmac Sdgs (Man Airport)
6181,MNCRBST,Bromley St Jn (Man Vic)
6182,MNCRBWY,Broadway (Metrolink)
6183,MNCRCBK,Cornbrook (Metrolink)
6184,MNCRDGT,Deansgate
6185,MNCRDLF,Dean Lane R.T.S. (FLHH)
6186,MNCRDLN,Dean Lane
6187,MNCRDS3,Deal STret No. 3 Sdgs
6188,MNCRDST,Deal Street
6189,MNCRECC,Eccles (Metrolink)
6190,MNCREQY,Exchange Quay (Metrolink)
6191,MNCRHBC,Harbour City (Metrolink)
6192,MNCRIAP,Manchester Airport
6193,MNCRIWB,Irwell Bridge Jn (Man Vic)
6194,MNCRLDW,Ladywell (MNCRLDW)
6195,MNCRLIR,Liverpool Road Manchester
6196,MNCRLRD,Manchester London Road
6197,MNCRLWY,Langworthy (Metrolink)
6198,MNCROXR,Manchester Oxford Road
6199,MNCRPES,Manchester Pic Engine SDG
6200,MNCRPIB,Manchester Picc Ballast
6201,MNCRPIC,Manchester Piccadilly
6202,MNCRPOM,Pomona (Metrolink)
6203,MNCRQMX,Dean Lane Quick Mix
6204,MNCRRTS,Dean Lane R.T Sdgs.
6205,MNCRSQY,Salford Quays (Metrolink)
6206,MNCRUFG,Manchester Utd Football Gd
6207,MNCRVEJ,Manchester Victoria East Jn
6208,MNCRVHS,Manchester Victoria H.S.
6209,MNCRVIC,Manchester Victoria
6210,MNCRVRS,Manchester Vic. (Rev.Sdg)
6211,MNCRVWJ,Manchester Victoria West Jn
6212,MNCRWST,Weaste (Metrolink)
6213,MNCSTRM,Muncaster Mill
6214,MNKBLP,Monk Bretton Loop
6215,MNKBRRF,Monk Bretton Redfearns
6216,MNKBRRG,Monk Bretton Redfearns GBRF
6217,MNKRISB,Monks Risborough
6218,MNKTNCL,Monktonhall Colliery
6219,MNKTNHJ,Monktonhall Jn
6220,MNMNTLA,Monument Lane
6221,MNMRGRN,Monmore Green
6222,MNORBER,Manorbier
6223,MNRD,Manor Road
6224,MNRPWIS,Manor Powis
6225,MNTBLRD,Montbeliard
6226,MNTFGBR,Mountfield Sidings (GBRF)
6227,MNTFLDS,Mountfield Sidings
6228,MNTFLDT,Mountfield Tunnel
6229,MNTGLCW,Mount Gould Carriage Wash
6230,MNTGLDJ,Mount Gould Jn
6231,MNTLLAS,Mantle Lane T.C.
6232,MNTLSB,Mantle Lane SB (ML)
6233,MNTNJN,Mountnessing Jn
6234,MNTVRNN,Mount Vernon
6235,MNTWCJN,Manton Colliery Siding
6236,MOBERLY,Mobberley
6237,MOCHARD,Morchard Road
6238,MODANE,Modane
6239,MOIRAWJ,Moira West Jn
6240,MOIRFHH,Moira Hicks Lodge FHH
6241,MOIRGRE,Gresley
6242,MOIRHGF,Moira Hicks Lodge GF
6243,MOIRHIC,Moira Hicks Lodge
6244,MOIRSPK,Swains Park Opencast Disposal Po
6245,MOLDJ,Mold Junction
6246,MOLEJN,Molewood Junction
6247,MONCHEN,Monchengladbach
6248,MONIFTH,Monifieth
6249,MONMCTR,Monmouth Centre
6250,MONPELR,Montpelier
6251,MONTDTS,Montrose Down Thro' Sdg
6252,MONTEWS,Montrose EWS
6253,MONTRSE,Montrose
6254,MONTRSS,Montrose South
6255,MOORPIN,Pinner
6256,MOORPK,Moor Park
6257,MORAR,Morar
6258,MORCAME,Morecambe
6259,MORCJGF,Morecambe Jn G.F.
6260,MORCMSJ,Morecambe South Jn
6261,MORDENS,Morden South
6262,MORETON,Moreton (Dorset)
6263,MOREWWR,Warmwell Roundabout
6264,MORFLDS,Moorfields LL/WL
6265,MORFNL,Moorfields HL/NL
6266,MORGTLT,Moorgate L.T.
6267,MORLASJ,Morlais Jn
6268,MORLSCL,Morlaois Colly
6269,MORRISC,Morris Cowley
6270,MORRMAT,Morris Cowley M.A.T.
6271,MORT586,Moorthorpe Signal L6586
6272,MORTHGL,Moorthorpe Down Loop
6273,MORTHRP,Moorthorpe
6274,MORTHSJ,Moorthorpe South Jn
6275,MOSE311,Mosend Signal M311
6276,MOSEDCE,Mossend Delta Coal
6277,MOSEDFH,Mossend Down Sidings FLHH
6278,MOSEDGL,Mossend Down Goods Loop
6279,MOSEDNY,Mossend Down Yard
6280,MOSEDRS,Mossend Yard (DRS)
6281,MOSEGAS,Mossend MG Gas Products
6282,MOSELHS,Mossend Loco Holding Sdgs
6283,MOSENDE,Mossend East Jn
6284,MOSENDN,Mossend North Jn
6285,MOSENDS,Mossend South Jn
6286,MOSENDW,Mossend West Jn
6287,MOSENXT,Mossend North Exit
6288,MOSENY,Mossend
6289,MOSEPCT,Mossend Parcels Terminal
6290,MOSEPDS,Mossend PD Sterling GBRf
6291,MOSESTR,Mossend Shunt & Marshalling
6292,MOSETMD,MOSEEND TMD
6293,MOSEUFH,MOSSEND UP RECEPTION FLHH
6294,MOSEUHS,Mossend West 1 Repair Point
6295,MOSEUPY,Mossend Up Yard
6296,MOSEURT,Mossend Euroterminal
6297,MOSSLEY,Mossley (Grtr Manchester)
6298,MOSTFLR,Mostyn Docks (FLiner)
6299,MOSTN15,Mostyn Sig. MN15
6300,MOSTN21,Mostyn Sig. MN21
6301,MOSTSB,Mostyn Signal Box
6302,MOSTYN,Mostyn Docks (EWS)
6303,MOTFONT,Mottisfont & Dunbridge
6304,MOTH185,Motherwell Signal M185
6305,MOTH267,Motherwell Signal M267
6306,MOTH368,Motherwell Sig M368
6307,MOTH372,Motherwell Sig M372
6308,MOTH374,Motherwell SIG 374
6309,MOTH402,Motherwell Sig M402
6310,MOTH408,Motherwell Sig.M408
6311,MOTH444,Motherwell Signal M444
6312,MOTHBOS,Motherwell Back of Shops
6313,MOTHBRS,Motherwell Bridge Sidings
6314,MOTHCE,Motherwell LWR ISU (CE)
6315,MOTHDCS,Motherwell Derby C.S.
6316,MOTHDRS,Motherwell TMD (DRS)
6317,MOTHFDL,Motherwell Findlays Sdg
6318,MOTHHGL,Hamilton Goods Loop
6319,MOTHRPT,Motherwell Repair Point (DRS)
6320,MOTHRWL,Motherwell
6321,MOTHSGL,Mottherwell Station Goods Loop
6322,MOTHTMD,Motherwell T.M.D.
6323,MOTHUCE,Motherwell Up Civil Eng
6324,MOTHUGL,Motherwell U.G.L.
6325,MOTHWCS,Motherwell Weighs C.H.S.
6326,MOTHWRD,Motherwell W.R.D.
6327,MOTNGHM,Mottingham
6328,MOTO,Moreton (Merseyside)
6329,MOTSPJN,Motspur Park Jn
6330,MOTSPRP,Motspur Park
6331,MOULTON,Moulton
6332,MOUNGBR,Mountsorrell GBRF
6333,MOUNTSL,Mountsorrell Loco Srvcg Rd
6334,MOUNTSS,Mountsorrel Sdgs
6335,MOUSCRN,Mouscron
6336,MOYY,Moy
6337,MPRT,Maryport
6338,MPRTNCB,Maryport Up Sdg
6339,MRCH,March
6340,MRCHDRG,March Down R.S. GBRF
6341,MRCHEJN,March East Jn
6342,MRCHSTH,March South
6343,MRCHWJN,March West Jn
6344,MRGKYRG,Margam Knuckle Yard (Colas)
6345,MRGMAWE,Margam Abbey Works East
6346,MRGMAWJ,Margam Abbey West Jn
6347,MRGMCE,Margam ISU (CE)
6348,MRGMEJ,Margam East Jn
6349,MRGMHOD,Margam HOT Renewals Depot
6350,MRGMHOR,Margam Eng Sdg Repair Pnt
6351,MRGMM,Margam Moors
6352,MRGMMID,Margam Middle Jn
6353,MRGMMJN,Margam Moors Jn.
6354,MRGMT33,Margam Up Gds Sig PT33
6355,MRGMTC,Margam T.C.
6356,MRGMTMD,Margam L.I.P.
6357,MRGMWRD,Margam Wagon Repair Dep.
6358,MRGMYJN,Margam Yard Jn.
6359,MRGT,Moorgate (GN)
6360,MRHSCJ,Muirhouse Central Jn
6361,MRHSNJ,Muirhouse North Jn
6362,MRHSSJ,Muirhouse South Jn
6363,MRHSWS,Muirhouse Workshops
6364,MRKS872,MARKS TEY SIGNAL L872
6365,MRKSDG,Market Harborough CCE SDGS
6366,MRKSSAT,Marks Tey S&T Sidings
6367,MRKSTAR,Marks Tey Tarmac
6368,MRKSTDL,Marks Tey Down Loop
6369,MRKSTEY,Marks Tey
6370,MRKSTGB,Marks Tey GBRF
6371,MRKSTUL,Marks Tey Up Loop
6372,MRKTBRY,Braybrook
6373,MRKTELN,East Langton
6374,MRKTGG,Great Glen
6375,MRKTHRB,Market Harborough
6376,MRKTHRJ,Market Harborough Jn
6377,MRLAJN,Moor Lane Junction
6378,MRLBHST,Marlborough High Street
6379,MRLNJN,Marsh Lane Jn Leeds
6380,MRLNTIL,Marsh Lane Tilcon
6381,MRLY,Morley
6382,MRPTBTS,Morpeth Barmoor Through Siding
6383,MRPTHEP,Hepscott Jn
6384,MRPTHRP,Morpeth
6385,MRPTHRS,Morpeth Reversing Siding
6386,MRPTLP,Morpeth Loop
6387,MRPTNJN,Morpeth North Jn
6388,MRPTPX,Plessey Crossovers
6389,MRPTREC,Morpeth Recp.
6390,MRRYTNL,Allanton Loop
6391,MRRYTON,Merryton
6392,MRSD,Moorside
6393,MRSHLAJ,Marsh Lane Jn (Bootle M/side)
6394,MRSK,Marske
6395,MRSN,Marsden
6396,MRSNTC,Marsden Town Cntre
6397,MRSTNGR,Marston Green
6398,MRTECTR,Moretonhampstead Court St
6399,MRTLKE,Mortlake
6400,MRTNCUT,Moreton Cutting
6401,MRTNFHH,Moreton-on-Lugg (FLHH)
6402,MRTNGBF,Moreton-On-Lugg (GBRF)
6403,MRTNONL,Moreton-on-Lugg
6404,MRTNTAR,Moreton-on-Lugg (Tarmac)
6405,MRTO,Morton
6406,MRYHILL,Maryhill
6407,MRYHPKJ,Maryhill Park Jn
6408,MRYLAND,Maryland
6409,MRYLEJN,Maryland East Junction
6410,MRYLWJN,Maryland West Junction
6411,MSBD,Mossband
6412,MSELBGH,Musselburgh
6413,MSGT,Moses Gate
6414,MSGTLPS,Moses Gate Loops
6415,MSHBRKX,Marsh Brook Level Crossing
6416,MSHFILD,Marshfield
6417,MSHMLEC,Marsh Mills ECC
6418,MSLH,Mossley Hill
6419,MSLMWZB,Marshall Meadow Zone Bry
6420,MSRYDCL,Menstrie D.C.L.
6421,MSSC385,Manchester South Sig MS385
6422,MSSC423,Manchester South Sig MS423
6423,MSSC604,Manchester S Sig MS604/606
6424,MSSC739,Manchester South Sig MS1739
6425,MSSC750,Manchester S Sig MS1750/52
6426,MSSD,Moss Side
6427,MSSNDET,Mossend Down Yard GBRF
6428,MSSPARK,Mosspark
6429,MSTN,Moston
6430,MSTO14,Maidstone East Signal ME14
6431,MSTO9,Maidstone East Signal ME9
6432,MSTONEB,Maidstone Barracks
6433,MSTONEE,Maidstone East
6434,MSTONEW,Maidstone West
6435,MSTOW57,Maidstone West Signal MS57
6436,MSTOWCS,Maidstone West Carriage Sg
6437,MSTOWUS,Maidstone West Up Sidings
6438,MTFL,Mount Florida
6439,MTHLPS,Methil P.S.
6440,MTHLWST,Methil West
6441,MTHRNGH,Metheringham
6442,MTHRSCP,Scopwick
6443,MTIMER,Mortimer
6444,MTRBDGJ,Mitre Bridge Jn
6445,MTRMYSH,Mottram Yard Staff Halt
6446,MTRPLTJ,Metropolitan Jn
6447,MUCK,Muck
6448,MUIREND,Muirend
6449,MUIZEN,Muizen
6450,MULBEN,Mulben
6451,MULHING,Mulhouse Ile Napolean Gar
6452,MULHNRD,Mulhouse Nord
6453,MUNCHEN,Munchen
6454,MURODS,Muir of Ord Down Sdg DCL
6455,MUROORD,Muir of Ord
6456,MUROUS,Muir of Ord Up Siding
6457,MURTHLY,Murthly
6458,MYTHLMR,Mytholmroyd
6459,NABT,Newton Abbot
6460,NABTHAC,Newton Abbot Hackney Yd
6461,NABTHAK,Newtn Abbt Hackny Yard FHH
6462,NABTWJ,Newton Abbot West Junction
6463,NACTON,North Acton LT
6464,NADINS,Nadins Disposal Point
6465,NAFEBAG,Burton Agnes
6466,NAFERTN,Nafferton
6467,NAILSEA,Nailsea & Backwell
6468,NAIRN,Nairn
6469,NAIRNCE,Nairn Siding ISU (CE)
6470,NAMUR,Namur
6471,NANTWCH,Nantwich
6472,NANTWLC,Willaston LC
6473,NAPCENT,Napoli Centrale
6474,NARBRO,Narborough
6475,NASHENX,Nashenden Crossover
6476,NAVGTNR,Navigation Road
6477,NAVRDJ,Navarino Road Jn
6478,NBAR133,New Barnet Signal K133
6479,NBARNET,New Barnet
6480,NBCKNHM,New Beckenham
6481,NBCKSDG,New Beckenham Siding
6482,NBERWCK,North Berwick
6483,NBLYACN,North Blyth Alcan
6484,NBLYAGB,North Blyth Alcan GBRF
6485,NBLYEWS,North Blyth (DBS)
6486,NBLYFHH,North Byth (FLHH)
6487,NBLYGBF,North Blyth GBRF
6488,NBLYLP,North Blyth Loop
6489,NBLYRP,North Blyth RP GBRF
6490,NBRG,Newburgh
6491,NBRWGE,Newbridge (Ebbw Vale)
6492,NBTN,New Brighton
6493,NBTN606,New Brighton Signal 606
6494,NBTNSD1,New Brighton Siding No 1
6495,NBTNSD2,New Brighton Siding No 2
6496,NBTNWSG,New Brighton Wall Siding
6497,NCRAGHA,Newcraighall
6498,NDULWCH,North Dulwich
6499,NEAS25,Neasden South JN SIG ME25
6500,NEAS327,Neasden South Jn SIG ME327 
6501,NEAS34,Neasden South Jn SIG ME34
6502,NEAS525,Neasden South Jn Sig ME525
6503,NEAS536,Neasden South Jn Sig ME536
6504,NEASCSG,Neasden Charrington Sdgs
6505,NEASDGS,Neasden Engrs Sdgs
6506,NEASDND,"Neasden Depot, (LUL)"
6507,NEASDNS,Neasden South Sidings
6508,NEASDSJ,Neasden South Jn
6509,NEASFHH,Neasden Charrington FLHH
6510,NEASJN,Neasden Jn
6511,NEASKV,Kilburn Viaduct
6512,NEASTC,Neasden T.C.
6513,NEATABW,Neath Abbey Warf (DBS)
6514,NEATCE,Neath East (CE)
6515,NEATH,Neath
6516,NEATNBJ,Neath N & B Jn
6517,NEEDHAM,Needham Market
6518,NEILSTN,Neilston
6519,NEILTBS,Neilston Turnback Sdg
6520,NELMHAM,North Elmham
6521,NENG479,New England Nth P479
6522,NENGLNN,New England Nth Jn.
6523,NESTON,Neston
6524,NETHRTN,Nethertown
6525,NETLETC,Netley Emergency TLG Xover
6526,NETLEY,Netley
6527,NEUULM,Neu Ulm
6528,NEVLEJN,Neville Hill East Jn
6529,NEVLFHH,Neville Hill Depot (FHH)
6530,NEVLFPT,Neville Hill Depot (EWS)
6531,NEVLHUS,Neville Hill Up Sidings
6532,NEVLTMD,Neville Hill T&R.S.M.D
6533,NEVLWJN,Neville H. West Jn
6534,NEWAHYK,Hykeham Crossroads
6535,NEWALCN,Lincoln Bus Station
6536,NEWANG,Newark North Gate
6537,NEWANGS,Newark North Gate Sidings
6538,NEWANSH,Newark North Gate Shunt Sdg
6539,NEWASCH,Southwell Norwood Gardens
6540,NEWASWG,Southwell Westgate
6541,NEWASWN,Swinderby A46 Roundabout
6542,NEWAWSH,Witham St. Hughes
6543,NEWB479,Newbury Ground Position Sig 479
6544,NEWB484,Newbury Signal 484
6545,NEWB824,Newbury Signals 824
6546,NEWBRCE,Newbury Racecourse (CE)
6547,NEWBRYR,Newbury Racecourse
6548,NEWBURY,Newbury
6549,NEWBYD,Newbury Yard
6550,NEWCLEE,New Clee
6551,NEWHVHA,Newhaven Day Aggregates
6552,NEWHVM3,Newhaven Marine No 3 Sdg
6553,NEWHVM4,Newhaven Marine No4 Sdg
6554,NEWHVNH,Newhaven Harbour
6555,NEWHVNM,Newhaven Marine (Old Station)
6556,NEWHVNT,Newhaven Town
6557,NEWHVNY,Newhaven Town Yard
6558,NEWKEWJ,New Kew Jn
6559,NEWLANE,New Lane
6560,NEWMLDN,New Malden
6561,NEWNGTN,Newington
6562,NEWPRTE,Newport (Essex)
6563,NEWQUAY,Newquay
6564,NEWSGAT,New Southgate
6565,NEWTDOU,Doughty's Level Crossing
6566,NEWTNJ,Newton Jn.
6567,NEWX296,New Cross Gate Sig EL296
6568,NEWX573,New Cross Gate Sig L1573
6569,NEWX584,New Cross Gate Sig LI584
6570,NEWXCSD,New Cross Gate C.S.D.
6571,NEWXDHS,New Cross Gate Dpt Hdshunt
6572,NEWXDWR,New Cross Gate Dpt Wash Rd
6573,NEWXGEL,New Cross Gate Station ELL
6574,NEWXGTE,New Cross Gate
6575,NEWXMDP,New Cross Gate Mtnce Dpt
6576,NEWXNJN,New Cross Gate North Jn
6577,NEWXUCS,New Cross Up Sussex Loop
6578,NGWR,Nant Gwernol
6579,NHALLP,New Hall Loop
6580,NHEY,New Hey
6581,NHOL,New Holland
6582,NHOLBS,New Holland Bulk Services
6583,NIDRINJ,Niddrie North Jn
6584,NIDRISJ,Niddrie South Jn
6585,NIDRIWJ,Niddrie West Jn
6586,NIMES,Nimes
6587,NINELMJ,Nine Elms Jn
6588,NINIANP,Ninian Park
6589,NITSH,Nitshill
6590,NKELSEY,North Kelsey
6591,NKENTEJ,North Kent East Jn
6592,NLANRST,North Llanrwst
6593,NLNCLNJ,North Lincoln Jn
6594,NLRTDBW,Danby Wiske
6595,NLRTEJN,Northallerton East Jn
6596,NLRTN,Northallerton
6597,NLRTNCH,Castle Hills Loop
6598,NLRTNUS,Northallerton Up Sidings
6599,NLRTREV,Northallerton Rev Line
6600,NLRTWDR,Wensleydale Railway
6601,NLSN,Nelson
6602,NMBRLPK,Northumberland Park
6603,NMILTON,New Milton
6604,NMPT050,Northampton Sig RY1050
6605,NMPT216,Northampton Signal RY1216
6606,NMPT218,Northampton Signal RY1218
6607,NMPTBAY,Northampton Bay
6608,NMPTBST,Northampton Bridge St CE
6609,NMPTCMD,Northampton C.M.D.
6610,NMPTEMA,Northampton EMU Arrivals
6611,NMPTEMD,Northampton EMD
6612,NMPTHHT,Hunsbury Hill Tunnel
6613,NMPTMLJ,Northampton Mill Lane Jn
6614,NMPTN,Northampton
6615,NMPTNCY,Northampton Castle Yard
6616,NMPTNN4,Northampton DGL
6617,NMPTNNJ,Northampton North Jn
6618,NMPTNRS,Northampton Riverside Sdgs
6619,NMPTNSJ,Northampton South Jn
6620,NMPTNTC,Northampton T.C.
6621,NMPTNUS,Northampton Up Sidings
6622,NMPTUR,Northampton Up Reception
6623,NNRYMLJ,Nunnery Main Line Jn
6624,NNTN,Nuneaton
6625,NNTN205,Nuneaton Sig WN4205
6626,NNTN223,Nuneaton Sig NW4223
6627,NNTN226,Nuneaton Sig NW4226
6628,NNTN242,Nuneaton Sig NW4242
6629,NNTN261,Nuneaton Sig WN1261
6630,NNTN266,Nuneaton Sig NL1266
6631,NNTN427,Nuneaton Sig NL3427
6632,NNTN433,Nuneaton Sig RN5433
6633,NNTN446,Nuneaton Sig NL3446
6634,NNTN511,Nuneaton Sig 511
6635,NNTN539,Nuneaton Sig RN9539
6636,NNTN550,Nuneaton Sig NL9550
6637,NNTNABJ,Nuneaton Abbey Jn
6638,NNTNANJ,Canal Farm Junction
6639,NNTNASJ,Ashby Junction
6640,NNTNCHC,Nuneaton Chilvers Coton Jn
6641,NNTNCVE,Nuneaton Civil Engineers
6642,NNTNHS,Nuneaton HS/'A'Sdgs
6643,NNTNMID,Nuneaton Midland Jn
6644,NNTNMYJ,Nuneaton Midland Yard Jn
6645,NNTNSHJ,Nuneaton South Jn
6646,NNTNVTC,Nuneaton Cemetary Sdgs
6647,NNTYRNN,Nantyronen
6648,NOISLSC,Noisy-le-Sec Cmt
6649,NORBURY,Norbury
6650,NORMCW,Wakefield Europort C&W RFD
6651,NORMFLT,Wakefield Europort FLiners
6652,NORMGBF,Wakefield Europort GBRF
6653,NORMGF,Wakefield Euroterminal GF
6654,NORMNTN,Normanton
6655,NORMPW,Wakefield Europort RFD
6656,NORTONE,Norton East Jn.
6657,NORTONS,Norton South Jn.
6658,NORTONW,Norton West Jn
6659,NORWBOP,Norwood Booking On Point
6660,NORWDDY,Norwood Turnback Siding
6661,NORWDFJ,Norwood Fork Jn.
6662,NORWDJ,Norwood Junction
6663,NOVARA,Novara
6664,NPLE813,North Pole Signal VC813
6665,NPLE816,North Pole Sig VC816
6666,NPLE818,North Pole Signal VC818
6667,NPLE820,North Pole Signal VC820
6668,NPLEINT,North Pole International
6669,NPLETB,North Pole Turnback Siding
6670,NPOLEJ,North Pole Jn
6671,NPUD,New Pudsey
6672,NQNSFRY,North Queensferry
6673,NRBERTH,Narberth
6674,NRBITON,Norbiton
6675,NRBONNE,Narbonne
6676,NRCH,Norwich
6677,NRCH141,Norwich Crown Point SG CP1491
6678,NRCH149,Crown Point Sig CO1498
6679,NRCH176,Crown Point Sig CO1762
6680,NRCHCSD,Norwich Station Jubilee Sidings
6681,NRCHGBF,Norwich GB Railfreight
6682,NRCHTC,Norwich T.C.
6683,NRCHTHP,Norwich Thorpe CE Sidings
6684,NRCHTMD,Norwich C.Pt. T.&R.S.M.D
6685,NRCHTPJ,Norwich Thorpe Junction
6686,NRCHVIC,Norwich Victoria
6687,NRMNSBY,Normans Bay
6688,NRTF,Northfield
6689,NRTHCA,Northfleet - The Hive
6690,NRTHFLT,Northfleet
6691,NRTHFTJ,Northfleet Junction
6692,NRTHFTL,Northfleet Tarmac
6693,NRTNJN,Norton Jn
6694,NRWDJN,Norwood Jn.
6695,NSHEEN,North Sheen
6696,NSHMBS,Newsham Bates Staithes
6697,NSHMLC,Newsham L.C.
6698,NSHMSEG,Seghill North
6699,NSJDRBY,North Stafford Jn
6700,NSMRSTJ,North Somerset Jn
6701,NSTCYRE,Newton St.Cyres
6702,NTAWTN,North Tawton
6703,NTHCAMP,North Camp
6704,NTHM842,Northam Sig. E842
6705,NTHMDEP,Northam C.S.D.
6706,NTHMFL,Southampton Up Yard (FL)
6707,NTHMJN,Northam Jn
6708,NTHMRCL,Northam Depot Recp. Line
6709,NTHMUY,Southampton Up T.C.
6710,NTHNDBC,Northenden Blue Circle
6711,NTHNDFL,Northenden LaFarge (FLHH)
6712,NTHNDGF,Northenden Ground Frame
6713,NTHNDJ8,Northenden sig NJ8
6714,NTHNDNJ,Northenden Jn
6715,NTHNFHH,Northenden R.T.S. (FLHH)
6716,NTHNRTS,Northenden R.T.S.
6717,NTHNSHJ,Sharston Jn
6718,NTHOJN,Northolt Junction
6719,NTHOLTP,Northolt Park
6720,NTHOLTS,Northolt Sidings
6721,NTHOPKJ,Northolt Park Jn
6722,NTHPSB,Northorpe S.B.
6723,NTHRFLD,Netherfield
6724,NTHRFLJ,Netherfield Jn
6725,NTHWCEJ,Northwich East Jn
6726,NTHWCSG,Northwich T.C.
6727,NTHWCSJ,Northwich South Jn
6728,NTHWCWJ,Northwich West Jn
6729,NTHWFHH,Oakleigh Sidings FLHH
6730,NTHWICH,Northwich
6731,NTHWLW,Lostock Works
6732,NTHWOS,Oakleigh Sidings
6733,NTHWOVR,Oakleigh Sdgs Vale Royal
6734,NTNB,Norton Bridge
6735,NTNBGB,Great Bridgeford
6736,NTNBSB,Standon Bridge
6737,NTNBSD,Norton Bridge Station Drv
6738,NTNFTZN,Norton Fitzwarren
6739,NTNG,Nottingham
6740,NTNGMCS,Nottingham Carr M.D.
6741,NTNGMEJ,Nottingham East Jn
6742,NTNGMHS,Nottingham Holding Sidings
6743,NTNGMJN,Mansfield Jn
6744,NTNGPCS,Eastcroft Down Sidings
6745,NTNGPKK,Nottingham Phoenix Park
6746,NTNGSLC,Sneinton LC
6747,NTNGWOL,Woolaton
6748,NTRCLGH,Nethercleugh
6749,NTRD,North Road
6750,NTRDST,Darltn Hopetown ISU (S&TE)
6751,NTWD,Northwood
6752,NUNHEAD,Nunhead
6753,NUNHEDJ,Nunhead Jn
6754,NUNTHRP,Nunthorpe
6755,NUTBBUS,Nutbourne (A259)
6756,NUTBORN,Nutbourne
6757,NUTFBUS,Nutfield (Memorial Hall)
6758,NUTFILD,Nutfield
6759,NWAL21,North Walsham Sig TB21
6760,NWALBPL,North Walsham GBRF
6761,NWALSHL,North Walsham Shell U.K.
6762,NWALSHM,North Walsham
6763,NWALSSG,North Walsham Stone Sdgs
6764,NWBB,Newby Bridge
6765,NWBG,Newbridge Jn
6766,NWBGCE,Newbridge ISU (CE)
6767,NWBGDPL,Newbridge Jn D.P.L.
6768,NWBIBG,New Biggin British Gypsum
6769,NWBICUL,Culgaith Signal Box LC
6770,NWBIDRS,New Biggin (DRS)
6771,NWBIGBR,New Biggin (GBRF)
6772,NWBIKTH,Kirkby Thore Signal Box
6773,NWBIREP,Newbiggin Wagon Repairs
6774,NWBIT55,Kirkby Thore Sig. KT55
6775,NWCGBRF,New Cumnock GBRF
6776,NWCMLM,New Cumnock Up Law Mining
6777,NWCMNCK,New Cumnock
6778,NWCMUGL,New Cumnock Up Goods Loop
6779,NWCMURS,New Cumnock U.R.S
6780,NWCOURT,Newcourt
6781,NWCRELL,New Cross ELL
6782,NWCROSS,New Cross
6783,NWCRTHJ,Tanners Hill Junction (NX)
6784,NWCSCE,Newcastle Forth ISU (CE)
6785,NWCSCEE,Newcastle Central East End
6786,NWCSCWE,Newcastle Central West End
6787,NWCSRC,Regent Centre (Newcastle)
6788,NWCSTLE,Newcastle
6789,NWCSTLL,Newcastle (Metro)
6790,NWELTHM,New Eltham
6791,NWEMBLY,North Wembley
6792,NWEMJN,North Wembley Jn
6793,NWHL,Newtonhill
6794,NWHLDRS,Newtonhill D.R.S.
6795,NWHLURS,Newtonhill U.R.S.
6796,NWHYTHE,New Hythe
6797,NWLANSB,Newlands East Signal Box
6798,NWLNDLJ,Newlands Loop Junction
6799,NWLNDSJ,Newlands Jn
6800,NWMILSC,New Mills Central
6801,NWMILSJ,New Mills South Jn
6802,NWMILSN,New Mills Newtown
6803,NWMKDWS,Newmarket Dower Wood Sdg
6804,NWMKET,Newmarket
6805,NWOLWCH,North Woolwich
6806,NWPRBUS,Newport Bus Station
6807,NWPT273,Newport Signal NT 1273
6808,NWPTCOU,Newport Courtybella Sdg
6809,NWPTDKS,Newport Docks
6810,NWPTDSG,Newport Docks (Simsgroup)
6811,NWPTFHH,Newport Docks Fliner FHH
6812,NWPTGBR,Newport Docks (SIMS) GBRf
6813,NWPTKHL,Newport Kings Hotel
6814,NWPTRTG,Newport (South Wales)
6815,NWRKCAS,Newark Castle
6816,NWRKCEJ,Newark Crossing East Jn
6817,NWRKFC,Newark Flat Crossing
6818,NWSTEAD,Newstead
6819,NWSTLP,Newstead Loop
6820,NWTA,Newton Aycliffe
6821,NWTH,Newton for Hyde
6822,NWTKSDG,Newton Turnback Siding
6823,NWTL,Newton
6824,NWTLEJ,Newton East Jn
6825,NWTLSCL,Newton South Connect Line
6826,NWTLWJ,Newton West Jn
6827,NWTM,Newtonmore
6828,NWTN714,Newton Heath Sig.MN714
6829,NWTN717,Newton Heath Sig.MN717
6830,NWTN902,Newton Heath Sig.MN902
6831,NWTNHDD,Newton Heath T.M.D.
6832,NWTNHJ,Newton Heath Jn
6833,NWTNLW,Newton-le-Willows
6834,NWTOA,Newton-on-Ayr
6835,NWTOAJN,Newton Jn (Ayr)
6836,NWTP,Newtown
6837,OAKHAM,Oakham
6838,OAKHASH,Ashwell LC
6839,OAKNGTS,Oakengates
6840,OBAN,Oban
6841,OBANGF,Oban G.F.
6842,OCKENDN,Ockendon
6843,OCKLYAC,Ockley
6844,OFORD,Yeoford
6845,OKEWJN,Old Kew Jn
6846,OKHMGOP,Okehampton Going Places
6847,OKHMPFS,Okehampton Fore Street
6848,OKHMPMP,Okehampton Market Street
6849,OKHMPTN,Okehampton
6850,OKHMPWS,Okehampton West Street
6851,OKLGHPK,Oakleigh Park
6852,OKNSHSJ,Oakenshaw South Jn
6853,OKNSHWJ,Oakenshaw Jn
6854,OLDDALB,Old Dalby
6855,OLDDEDW,Edwalton
6856,OLDFLBR,Oldfield Park LWR BRSTl RD
6857,OLDFLDP,Oldfield Park
6858,OLDHAMM,Oldham Mumps
6859,OLDHAMW,Oldham Werneth
6860,OLDKRDJ,Old Kent Road Junction
6861,OLDOACE,Old Oak Common A C E Sdgs
6862,OLDOCCS,Old Oak Common C.S.
6863,OLDOCWM,OOC Carriage Wash
6864,OLDOEMR,Old Oak Common EMU Recp
6865,OLDOEMU,Old Oak Common E.M.U.D.
6866,OLDOEWS,Old Oak Common C.S. (EWS)
6867,OLDOHST,Old Oak Common H.S.T.D.
6868,OLDOKCE,Old Oak Common East
6869,OLDOKCW,Old Oak Common West
6870,OLDOPLT,Old Oak Common Plat (Temp)
6871,OLDORL,O.O.Common Reception Line
6872,OLDOTMD,Old Oak Common T.M.D.
6873,OLDOTS,Old Oak Common Tamper Sdg
6874,OLDROAN,Old Roan
6875,OLDST,Old Street
6876,OLDTRFD,Old Trafford
6877,OLHL,Old Hill
6878,OLIVEMJ,Olive Mount Jn.
6879,OLRTCLJ,Ollerton Colly.Jn.
6880,OLTON,Olton
6881,ONIBURY,Onibury
6882,ONLLRR,Onllwyn Run Round
6883,ONLLWYN,Onllwyn Washery
6884,OOSTEND,Oostende
6885,OPOL,Overpool
6886,ORBLTON,Orbliston
6887,ORDSLDT,O.E.T.
6888,ORDSLLJ,Ordsall Lane Jn
6889,OREE,Ore
6890,OREESDG,Ore Up Siding
6891,ORELPKH,Orrell Park
6892,ORMMSID,Ormside
6893,ORMSKRK,Ormskirk
6894,ORPN009,Orpington Shunt Sig 2009
6895,ORPN011,Orpington Signal 2011
6896,ORPNDSG,Orpington Down Sdgs
6897,ORPNGTD,Orpington E.M.U.D
6898,ORPNGTN,Orpington
6899,ORPNPL1,Orpington Platform 1
6900,ORPNPL6,Orpington Platform 6
6901,ORRELL,Orrell
6902,ORTONMR,Orton Mere
6903,OTFO2XO,Otford No 2 Xover
6904,OTFORD,Otford
6905,OTFORDJ,Otford Jn
6906,OTFOUL,Otford Up Loop
6907,OTTERBS,Ottery St. Mary Broad St.
6908,OUBCKGL,Oubeck Goods Loop
6909,OULTBNJ,Oulton Broad North Jn
6910,OULTNBN,Oulton Broad North
6911,OULTNBS,Oulton Broad South
6912,OUTWOOD,Outwood
6913,OVTN,Overton
6914,OVTNVPO,Overton Village P O
6915,OXCRFCL,Oxcroft Colliery
6916,OXCRFHH,Oxcroft Disposal Point
6917,OXCRFJN,Oxcroft Jn
6918,OXENCE,Oxenholme ISU (CE)
6919,OXENDGL,Oxenholme Down Goods Loop
6920,OXENHLM,Oxenholme Lake District
6921,OXENUGL,Oxenholme Up Goods Loop
6922,OXFD,Oxford
6923,OXFD121,Oxford Signal OX121
6924,OXFD90,Oxford Signal OX90
6925,OXFDBGF,Oxford Banbury Road G.F.
6926,OXFDBRS,Oxford Banbury Road Sdgs
6927,OXFDBUS,Oxford Bus Station
6928,OXFDCSD,Oxford D.C.S.
6929,OXFDFSQ,"Oxford, Frideswide Square"
6930,OXFDNNJ,Oxford North Jn.
6931,OXFDSY,Oxford South Yard
6932,OXFDUCS,Oxford U.C.S.
6933,OXFDUDP,Oxford Up & Dn Passenger
6934,OXFDUPL,Oxford Down/Up Pass Loop
6935,OXFDWMS,Oxford West Midlands Sdngs
6936,OXFDX26,Oxford Signal 26
6937,OXFDX74,Oxford Sig. Ox74
6938,OXFPWAY,Oxford Parkway
6939,OXHP,Oxenhope
6940,OXHYSGL,Oxheys Goods Loop
6941,OXLEDGL,Oxley Down Goods Loop
6942,OXLEUGL,Oxley Up Goods Loop
6943,OXLEYCS,Oxley Car. M.D.
6944,OXMRSHX,Oxmarsh L.C.
6945,OXSHOTT,Oxshott
6946,OXTE301,Oxted Signal 301
6947,OXTE306,Oxted Signal 306
6948,OXTED,Oxted
6949,OXTEDBY,Oxted Bay
6950,OXTEUSD,Oxted Up Siding
6951,OXWLCO,Oxwellmains Crossover
6952,OXWLFHH,Oxwellmains Lafarge
6953,OXWLME,Oxwellmains Down MacroftEg
6954,OXWLMNS,Oxwellmains Blue Circle
6955,OXWLSUF,Oxwellmains Up (FL)
6956,OXWLSUP,Oxwellmains Haul Waste
6957,PADGATE,Padgate
6958,PADT010,Paddington Sig. SN6010
6959,PADT026,Paddington Sig. SN26
6960,PADT028,Paddington Sig. SN28
6961,PADT030,Paddington Sig. SN30
6962,PADT032,Paddington Sig. SN32
6963,PADT034,Paddington Sig. SN34
6964,PADT036,Paddington Sig. SN36
6965,PADT093,Paddington Sig. SN93
6966,PADTBAL,Paddington Ballast Trains
6967,PADTLNK,Paddington Link Line
6968,PADTLUL,Paddington LUL
6969,PADTNNY,London Paddington New Yard
6970,PADTNTT,Paddn Yd Marcon Topmix
6971,PADTON,London Paddington
6972,PAIG3,Paignton Signal 3
6973,PAIGDVL,Paignton Queens Park DVLR
6974,PAIGNTN,Paignton
6975,PAIGTQP,Paignton (Queens Park)
6976,PAIGXGF,Paignton Xover G.F. P&DSR
6977,PALL,Pallion
6978,PALMRSG,Palmers Green
6979,PANGBRN,Pangbourne
6980,PANNAL,Pannal
6981,PANTEG,Panteg
6982,PANYPER,Pant-y-Peron
6983,PARADSJ,Paradise Jn
6984,PARBOLD,Parbold
6985,PARHECC,Par Harbour ECC
6986,PARILLA,Paris Le Landy Depot
6987,PARISLZ,Paris St Lazare
6988,PARISND,Paris Nord
6989,PARR,Par
6990,PARR7,Par Signal PR7
6991,PARRCHS,Par Chapel Siding
6992,PARRDGL,Par Down Goods Loop
6993,PARRLNR,Par Liner Sidings
6994,PARRSTA,Par Station Road
6995,PARSNSJ,Parson Street Junction
6996,PARSNST,Parson Street
6997,PARTNNJ,Parton North Jn
6998,PARTON,Parton
6999,PATCHWY,Patchway
7000,PATERTN,Patterton
7001,PATNEY,Patney
7002,PBLJWM,Portobello Jn (West Midlands)
7003,PBRO,Peterborough
7004,PBRO421,P'bro Sig P421
7005,PBRO423,Peterborough Sig P423
7006,PBRO434,Peterborough Signal 434
7007,PBRO466,Peterborough Signal 466
7008,PBRO468,Peterborough Signal 468
7009,PBRO470,Peterborough Signal 470
7010,PBRO500,Peterborough Signal 500
7011,PBRO534,Peterborough Signal 534
7012,PBRO544,Peterborough Signal 544
7013,PBRO552,Peterborough Signal 552
7014,PBRO612,Peterborough Signal 612
7015,PBRO76,PETERBOROUGH SIGNAL P76
7016,PBRO78,P'bro Sig P78
7017,PBRO797,Peterborough Sig P797
7018,PBRO798,Peterborough Sig P798
7019,PBRO799,Peterborough Sig P799
7020,PBRO800,Peterborough Sig P800
7021,PBROBST,Peterborough Bus Station
7022,PBROCOR,Corby George Street
7023,PBROCRE,Peterboro' Crescent Shops
7024,PBROCTY,Peterborough Crescnt C.C.D
7025,PBRODMP,Dereham Market Place
7026,PBROE,Peterborough East Jn.
7027,PBROE44,Peterborough Eastfield Sig E44
7028,PBROEFL,P'Boro Eastfield Jn
7029,PBROFES,Peterboro Flyash Exm S
7030,PBROGBF,Peterboro Maint Shed GBRF)
7031,PBROHS,Peterborough ISU (S&TE)
7032,PBROISU,Peterborough ECD ISU
7033,PBROKET,Kettering Library
7034,PBROKLB,Kings Lynn Bus Station
7035,PBROLIP,Peterborough L.I.P.
7036,PBRONCE,Peterbro' North ISU (CE)
7037,PBRONCS,Peterboro Nene C.H.S
7038,PBRONDD,P'bro Nth Down Dep
7039,PBROS67,Peterborough Sub Sig 67
7040,PBROSTI,Swaffham Market Place
7041,PBROSTL,Peterborough Spital Sdgs
7042,PBROUND,Oundle Market Place
7043,PBROVFH,Peterborough VQ FHH
7044,PBROVGB,Peterborough Virtual GBRF
7045,PBROVIR,Peterborough Virtual Q&T
7046,PBROWSD,P'Bro Westwood Sdgs
7047,PBROWSR,Peterborough Washer
7048,PBROWY,Peterborough West Yard
7049,PBRT,Pemberton
7050,PCHESTR,Portchester
7051,PCKHMQD,Queens Rd Peckham
7052,PCKHMRY,Peckham Rye (E)
7053,PCRKJN,Portcreek Jn
7054,PCWLJST,Porthcawl
7055,PDSTWBT,Padstow Old Rly Station
7056,PEAK34P,Peak Forest 34 Points
7057,PEAKDC,Peak Forest D&C
7058,PEAKF45,Peak Forest Signal 45
7059,PEAKFHH,Peak Forest (FHH Fuel PT)
7060,PEAKFRS,Peak Forest South S.S.
7061,PEAKFSB,Peak Forest S.B.
7062,PEAKLGS,Peak Forest Long Sidings
7063,PEAKRMC,Peak Forest R.M.C. Sdgs
7064,PEAKUSG,Peak Forest Up Sidings
7065,PEARTRE,Peartree
7066,PECKFSB,Peckfield Crossover
7067,PEEBLES,Peebles
7068,PEGSWD,Pegswood
7069,PELAW,Pelaw Jn.
7070,PELAWGL,Pelaw Goods Loops
7071,PELAWMJ,Pelaw Metro Jcn
7072,PELAWTW,Pelaw Tyne & Wear Metro
7073,PELHBW,Branston & Washingborough
7074,PELHMST,Pelham Street Jn.
7075,PELP,Port Elphinstone
7076,PELPTAT,Port Elphinstone Tait &Tho
7077,PEMBFTM,Pembroke Ferry Terminal
7078,PEMBRKD,Pembroke Dock
7079,PEMBROK,Pembroke
7080,PENACSJ,Penarth Curve South Jn
7081,PENARTH,Penarth
7082,PENCOED,Pencoed
7083,PENCUPL,Pencoed Up Passenger Loop
7084,PENDLAS,Pendleton (Brindle Heath)
7085,PENEW,Penge West
7086,PENGAM,Pengam
7087,PENGAMJ,Pengam Jn
7088,PENGAMS,Pengam Sidings
7089,PENGFHH,Pengam Reception Sidings
7090,PENGFLT,Pengam F.L.T.
7091,PENHELG,Penhelig
7092,PENISTN,Penistone
7093,PENMERE,Penmere
7094,PENRHYN,Penrhyn
7095,PENTCE,Canton Penarth Curve CE
7096,PENTCNJ,Penarth Curve North Jn
7097,PENYCHN,Penychain
7098,PENZHPT,Penzance Heliport
7099,PENZNCE,Penzance
7100,PENZSFR,Penzance Shed Fuel Road
7101,PENZTMD,Penzance T & RSMD
7102,PENZUPL,Penzance Up Loop Siding
7103,PENZWAS,Penzance Washer
7104,PERANWL,Perranwell
7105,PERPROU,Perpignan Roussillon
7106,PERRBCH,Perranporth Beach Road
7107,PERSHOR,Pershore
7108,PERTBAL,Perth Ballast Sidings
7109,PERTCWM,Perth Car Wash Machine
7110,PERTH,Perth
7111,PERTH3P,Perth No3 Platform
7112,PERTH64,Perth Signal 64
7113,PERTHCA,Perth C.A.F.P.
7114,PERTHCS,Perth C.S.D.
7115,PERTHDL,PerthDundee Loop
7116,PERTHHS,Perth L.I.P.
7117,PERTHNC,Perth New Yard C.E.
7118,PERTHOD,Perth Oil Depot
7119,PERTHSC,Perth South C.E.
7120,PERTHSO,Perth South
7121,PERTHST,Perth S.& T.E.
7122,PERTHY,Perth T.C.
7123,PERTMU,Perth Muirton
7124,PETLBGE,Petteril Bridge Esso
7125,PETLBGJ,Petteril Bridge Jn
7126,PETSWD,Petts Wood
7127,PETSWDJ,Petts Wood Jn
7128,PEWSEY,Pewsey
7129,PHBR,Portsmouth Harbour
7130,PHBR61,Portsmouth Harbour Sig HT61
7131,PHBRBAL,Portsmouth Harbour (Ballast)
7132,PHILPK1,Philips Park West Jn.
7133,PHILPK2,Philips Park South Jn.
7134,PHLD,Priesthill
7135,PIACNZA,Piacnza
7136,PICARDE,Gare Picarde
7137,PICDYCR,London Piccadilly Circus
7138,PICKLEV,Levisham
7139,PICKNDL,Newton Dale Halt
7140,PICKRNG,Pickering
7141,PICTON,Picton
7142,PILNING,Pilning
7143,PILOTHT,Pilot Halt
7144,PINHOE,Pinhoe
7145,PINMORE,Pinmore
7146,PINWHRY,Pinwherry
7147,PINXTON,Pinxton
7148,PITABLE,Pitcable
7149,PITMDN,Pitmedden
7150,PITSEA,Pitsea
7151,PITSEAD,Pitsea Down Siding
7152,PITSEAU,Pitsea Up Siding
7153,PKBGJN,Parks Bridge Jn
7154,PKHDNJN,Parkhead North Jn
7155,PKHMRYC,Peckham Rye (C)
7156,PKLNJN,Park Lane Jn
7157,PKSDJT,Parkside Jn
7158,PKST,Park Street
7159,PKWD,Paddock Wood
7160,PKWD071,Paddock Wood Signal AD2071
7161,PKWD086,Paddock Wood Sig 2086
7162,PKWD183,Paddock Wood Signal AD183X
7163,PKWDCCE,Paddock Wood C.E. Siding
7164,PKWDDSW,Paddock Wood Dn Sdg West
7165,PKWDKSD,Paddock Wood Keylands Sdgs
7166,PKWDUS,Paddock Wood Up Sidings
7167,PKWDWLP,Paddock Wood Whirlpool
7168,PLAISTW,Plaistow
7169,PLASTOW,Plaistow L.T.
7170,PLEAN,Plean
7171,PLKLHDE,Pollokshields East
7172,PLKLHDW,Pollokshields West
7173,PLKSHWE,Pollokshaws East
7174,PLKSHWW,Pollokshaws West
7175,PLMD755,Polmadie Signal G755
7176,PLMD761,Polmadie Signal G761
7177,PLMD766,Polmadie Sig G766
7178,PLMD771,Polmadie Signal G771
7179,PLMD779,Polmadie SIG 779
7180,PLMD781,Polmadie Signal G781
7181,PLMD782,Polmadie Sig G782
7182,PLMD787,Polmadie Signal 787
7183,PLMD789,Polmadie Signal 789
7184,PLMD818,Polmadie SIG 818
7185,PLMDBOC,Polmadie B.O.C.
7186,PLMDCE,Polmadie Depot ISU (CE)
7187,PLMDCL,Polmadie Clydesdale Loop
7188,PLMDCMD,Polmadie Car M.D.
7189,PLMDDHS,Polmadie D.H.S.
7190,PLMDEPS,Polmadie E.P.S.
7191,PLMDIEE,Polmadie
7192,PLMPTNJ,Plumpton Jn
7193,PLMPTON,Plumpton
7194,PLMS,Plumstead
7195,PLMS506,Plumstead Signal NK1506
7196,PLMSTCS,Plumstead C.H.S.
7197,PLMSYD,Plumstead Yard
7198,PLNEJT,Park Lane Jn (W Midlands)
7199,PLOCKTN,Plockton
7200,PLPNLAS,Long Ashes
7201,PLPNUGL,Plumpton U.G.L.
7202,PLSNGTN,Pleasington
7203,PLTH,Portlethen
7204,PLTNLFY,Poulton-le-Fylde
7205,PLTNT67,Poulton-le-Fylde Sig PT67
7206,PLUCKLY,Pluckley
7207,PLUMLEY,Plumley
7208,PLUMSB,Plumley West S.B.
7209,PLVNSQU,Porthleven
7210,PLYM120,Plymouth Ground Posn Sig 120
7211,PLYM124,Plymouth Ground Posn Sig 124
7212,PLYM131,Plymouth Ground Signal 131
7213,PLYMBAL,Plymouth Ballast Sdg
7214,PLYMEMR,Plymouth Cattewater EMR
7215,PLYMPSD,Plymouth Park Sidings
7216,PLYMSAL,Plymouth Saltash Road
7217,PLYMTH,Plymouth
7218,PLYMTHF,Plymouth Friary S.S.
7219,PMAISE,Polmaise
7220,PMBRLX,Pembrey Level Crossing
7221,PMBRYBP,Pembrey & Burry Port
7222,PNALLY,Penally
7223,PNDRSEN,Ponders End
7224,PNGEE,Penge East
7225,PNKRBUS,Penkridge Bus A449
7226,PNKRDG,Penkridge
7227,PNMN19,Penmaenmawr Sig.PR19
7228,PNMN4,Penmaenmawr Sig.PR4
7229,PNMNFHH,Penmaenmawr Quarry (FHH)
7230,PNMNMWR,Penmaenmawr
7231,PNMNWRQ,Penmaenmawr Quarry
7232,PNRHCBR,Penrhiwceiber
7233,PNSHBUS,Penshurst Little Brown Jug
7234,PNSHRST,Penshurst
7235,PNTADLS,Pontarddulais
7236,PNTGBSC,Panteg Griffithstwn B.S.C.
7237,PNTH,Penrith North Lakes
7238,PNTHCE,Penrith ISU (CE)
7239,PNTHSJT,Penrith South Jn
7240,PNTL807,Pontlottyn Signal 2807
7241,PNTLTYN,Pontlottyn
7242,PNTRBCH,Pentre-bach
7243,PNTYFYN,Pantyffynnon
7244,PNTYLC,Pantyffynnon Level Xg
7245,PNWTHRJ,Penwithers Jn
7246,PNYF,Penyffordd
7247,PNYFCGF,Penyffordd Cement Sdgs GF
7248,PNYFDCS,Penyffordd Cement Sdgs
7249,PNYPANT,Pont-y-Pant
7250,PNZQUAY,Penzance Quay
7251,POINTPJ,Point Pleasant Jn
7252,POITIER,Poitiers
7253,POKSDWN,Pokesdown
7254,POLEFT,Poole Ferry Terminal
7255,POLGATE,Polegate
7256,POLM513,Polmont Jn Signal P513
7257,POLMNTJ,Polmont Jn
7258,POLMOCE,Polmont C.E.
7259,POLMONT,Polmont
7260,POLMUPN,Polmont U.P.L. (North)
7261,POLMUPS,Polmont U.P.L. (South)
7262,POLSBDG,Polsloe Bridge
7263,POMOCFP,Portsmouth Cont Ferry Port
7264,POMOHSP,Portsmouth Harbour - Ship
7265,POMOPLD,Portsmouth Portsea Landing
7266,PONSNDN,Ponsandane
7267,PONTHIR,Ponthir
7268,PONTRLS,Pontrilas
7269,PONTYPL,Pontypool
7270,PONYCLN,Pontyclun
7271,POOL17,Poole Signal P17
7272,POOLE,Poole
7273,POOLESB,Poole Signal Box
7274,POOLESS,Poole S.S.
7275,POPLTON,Poppleton
7276,PORH,Porth
7277,PORTBCE,Baileyfield C.E.
7278,PORTOBL,Portobello Jn (Edinburgh)
7279,PORTRSL,Portobello Russell J.G.
7280,POSILPK,Possilpark & Parkhouse
7281,POTR141,Potters Bar Signal K141
7282,POTRSBR,Potters Bar
7283,POUPRTJ,Pouparts Jn
7284,POWELL,Powell
7285,POWHRNL,Powharnal (Auchinleck)
7286,POYNTON,Poynton
7287,PPAN,Prestonpans
7288,PPAN831,Prestonpans Signal EA831
7289,PPANUPL,Prestonpans U.P.L.
7290,PRBR225,Pirbright Jn Signal WK392
7291,PRBR228,Pirbright Jn Signal WA395
7292,PRBRITJ,Pirbright Jn
7293,PREES,Prees
7294,PRESCOT,Prescot
7295,PRFLDWW,Purfleet Dp Wtr Whf (EWS)
7296,PRFLFLT,Purfleet Deep Wtr Whf (FLT)
7297,PRFLFYM,Purfleet Foster Yeon (EWS)
7298,PRFLLAF,Purfleet Lafarge
7299,PRFLTTT,Purfleet Dp Wtr Whf (RFD)
7300,PRFLVWR,Purfleet Deep Wharf VWR
7301,PRHN,Penrhyndeudraeth
7302,PRIMRSH,Primrose Hill
7303,PRIN159,Princes Risborough ME159
7304,PRIN178,Princes Risborough ME178 signal
7305,PRIN200,Princes Risborough ME200
7306,PRIN666,Princes Risborough ME666
7307,PRINACE,Princes Risboro' C.E.Sdgs
7308,PRINRIS,Princes Risborough
7309,PRITLWL,Prittlewell
7310,PRKADIL,Parkandillack
7311,PRKAKER,Kernick ECC Siding
7312,PRKATRE,Treviscoe ECC Siding
7313,PRKJNTH,Park North Jcn
7314,PRKJT,Park Jn
7315,PRKLDG,Park Lodge
7316,PRKS021,Parkeston Sig P21
7317,PRKS211,Parkeston Sig P211
7318,PRKS245,Parkeston signal P245
7319,PRKSCLH,Parkeston Carless Ref HSHT
7320,PRKSCLS,Parkeston Carless EWS
7321,PRKSCRV,Parkeston Carless CRV HSHT
7322,PRKSCVH,Parkeston Carless Crv Hsht
7323,PRKSDTS,Parkeston Dn Through Sdg.
7324,PRKSGBR,Parkeston SS GBRF
7325,PRKSGJN,Parkeston Goods Junction
7326,PRKSNFL,Parkeston New Yard FL
7327,PRKSREF,Harwich Refinery Crls Slvs
7328,PRKSTCT,Parkeston C.T.
7329,PRKSTHS,Parkeston CS
7330,PRKSTIP,Parkeston Tip EWS
7331,PRKSTM,Parkeston Maritime
7332,PRKSTNY,Parkeston S.S.
7333,PRKSTON,Harwich International
7334,PRKSTSS,Parkeston Quay TSS
7335,PRKSUTC,Harwich Up Tip Sdg Cripple
7336,PRKSUTP,Harwich Up Tip Sidings GBF
7337,PRLYCHS,Purley C.H.S.
7338,PRNC846,Edinburgh Signal E846
7339,PRNC848,Edinburgh Signal E848
7340,PRNCSTG,Princes St Gardens
7341,PRNTSQ,Princetown Square
7342,PROBUS,Probus
7343,PROOFHJ,Proof House Jn
7344,PROWFHH,Prince of Wales (FLHH)
7345,PROWLCL,Prince Of Wales RJB Mining
7346,PROY,Park Royal
7347,PROYGNS,Park Royal Guinness
7348,PROYMAR,Park Royal Marcon
7349,PRSH,Portrush
7350,PRSP,Preston Park
7351,PRSPBUS,Preston Park (London Rd)
7352,PRSPSDG,Preston Park Sidings
7353,PRST,Preston
7354,PRSTDCD,Preston Deepdale C.C.D.
7355,PRSTDSS,Preston Dock St Sdgs
7356,PRSTFGT,Preston (Fishergate)
7357,PRSTN4B,Preston No 4 Bay
7358,PRSTNCS,Preston C.S.
7359,PRSTNDK,Preston Docks
7360,PRSTNDP,Preston Deepdale
7361,PRSTNFJ,Preston Fylde Jn.
7362,PRSTNHS,Preston H.S.
7363,PRSTNLF,Preston Docks Lanfina
7364,PRSTNPF,Preston Docks Petrofina
7365,PRSTNUY,Preston North Union Yard
7366,PRSTRJN,Ribble Jn
7367,PRSTSHL,Preston Shunt Line
7368,PRSTSKB,Skew Bridge
7369,PRSTSOJ,Preston South Junction
7370,PRSTUGL,Preston Up Goods Loop
7371,PRTBOU,Port Bou
7372,PRTCFHH,Port Clarence (FLHH)
7373,PRTCGBR,Port Clarence (GBRF)
7374,PRTCICI,Port Clarence I.C.I
7375,PRTCLRN,Port Clarence Jn
7376,PRTCLRP,Port Clarence PetroPlus
7377,PRTHCE,Porthmadog ISU (CE)
7378,PRTHHBR,Porthmadog Harbour <FfRly>
7379,PRTHMDG,Porthmadog
7380,PRTHWHR,Porthmadog Welsh Highland
7381,PRTNGSS,Partington Shell Sdgs
7382,PRTNTNJ,Partington Jn
7383,PRTOBJP,Prtobjp
7384,PRTSMTA,Portsmouth Arms
7385,PRUDHOE,Prudhoe
7386,PRYBR,Perry Barr
7387,PRYBRDG,Perry Barr Down Goods Loop
7388,PRYBRNJ,Perry Barr North Jn
7389,PRYBRSJ,Perry Barr South Jn
7390,PRYBRWJ,Perry Barr West Jn
7391,PRYN,Penryn
7392,PSBY,Prestbury
7393,PSEA,Portsmouth & Southsea
7394,PSEA156,Portsmouth & S'sea Sig 156
7395,PSEA571,Portsmouth & Southsea Sig HT571
7396,PSEA573,Portsmouth & Southsea Sig HT573
7397,PSEABKR,Portsmouth & Ssea Bk Rd
7398,PSEADCS,Portsmouth & S D. C.H.S
7399,PSLDAWH,Portslade
7400,PSLT,Port Sunlight
7401,PSLTVDB,Port Sunlight Sdg
7402,PSLY183,Paisley Signal PG 183
7403,PSLY185,Paisley Signal PG 185
7404,PSLYCAN,Paisley Canal
7405,PSLYDGL,Paisley Down Goods Loop
7406,PSLYGSD,Paisley Gallowhill Sidings
7407,PSLYGST,Paisley Gilmour Street
7408,PSLYP26,Paisley Sub Signal P26
7409,PSLYSTJ,Paisley St. James
7410,PSLYUCE,Paisley Up C.E.
7411,PSLYUGL,Paisley Up Goods Loop
7412,PSRN,Pensarn
7413,PSTA,Prestatyn
7414,PSTH,Park South
7415,PSTONE,Parkstone (Dorset)
7416,PTALBOT,Port Talbot Parkway
7417,PTALBRG,Port Talbot Steel (Colas)
7418,PTALCOR,Port Talbot Corus
7419,PTALEA,Port Talbot East
7420,PTALUSD,Port Talbot Up Sidings
7421,PTBNDBS,Potland Burn DB Schenker
7422,PTBNFHH,Potland Burn (FHH)
7423,PTBNGBR,Potland Burn GBRF
7424,PTBRAUT,Portbury Automotive FHH
7425,PTBRCAL,Portbury Coal Terminal FHH
7426,PTBRCAR,Portbury Automotive Terml
7427,PTBRCOL,Portbury Coal Terminal DBS
7428,PTBRGBF,Portbury Biomass GBRf
7429,PTBRLAS,Portbury Coal Terminal (COLAS)
7430,PTBRLOP,Portbury Dock Stop Board
7431,PTBRPLT,Portbury Dock (Temp Platform)
7432,PTCK,Partick
7433,PTCKCE,Partick C.E.
7434,PTFTBHL,Pontefract Baghill
7435,PTFTFHH,Ponterfract
7436,PTFTMGJ,Pontefract East Junction
7437,PTFTMHL,Pontefract Monkhill
7438,PTFTMHS,Pontefract Monkhill Sdgs
7439,PTFTTSF,Pontefract Tanshelf
7440,PTGLSGW,Port Glasgow
7441,PTLBCOL,Port Talbot Grange Sdg (Colas)
7442,PTLBFHH,Port Talbot Grange Sdgs BSC FHH 
7443,PTLBGBF,Port Talbot Grange Sdgs GBRF
7444,PTLBGSD,Port Talbot Grange Sdg B.S.C
7445,PTLBPFR,Port Talbot P Field RR LP
7446,PTLBPFS,Port Talbot P Field Sdg
7447,PTLBTAR,Port Talbot Grange Sdgs Tarm
7448,PTLBTDK,Port Talbot Docks
7449,PTLCHRY,Pitlochry
7450,PTLCURS,Pitlochry Up Refuge Sdg
7451,PTOFARC,Point of Ayr Colly
7452,PTRCRFT,Patricroft
7453,PTRS8,Petersfield Signal 8
7454,PTRSFLD,Petersfield
7455,PTRSUS,Petersfield Up Siding CE
7456,PTYPRID,Pontypridd
7457,PULBRO,Pulborough
7458,PURFLET,Purfleet
7459,PURFYD,Purfleet Long Siding
7460,PURL091,Purley Signal T.1091
7461,PURL155,Purley Signal T. 155
7462,PURLBM,Purley Brett Marine
7463,PURLEY,Purley
7464,PURLEYO,Purley Oaks
7465,PURLFY,Purley Foster Yeoman
7466,PURLSDG,Purley Siding
7467,PURLTAM,Purley Yard Tamper Siding
7468,PURLUSL,Purley U.S.L.
7469,PURTON,Purton
7470,PUTNEY,Putney
7471,PVNSYAW,Pevensey & Westham
7472,PVNSYBY,Pevensey Bay
7473,PWCH,Prestwich
7474,PWCK,Prestwick Town
7475,PWCKAPT,Prestwick International
7476,PWCKBPC,BP Oil Prestwick (COLAS)
7477,PWCKMBP,Prestwick B.P.Oil
7478,PWCKMGF,Monkton Sdg Ground Frame
7479,PWDRHLL,Powderhall Refuse Siding
7480,PWLHE,Pwllheli East
7481,PWLHELI,Pwllheli
7482,PWLHELS,Pwllheli Station Sidings
7483,PWTH,Polesworth
7484,PYBONT,Pen-y-bont
7485,PYCMMER,Pontycymmer
7486,PYEBCP,Coates Park
7487,PYEBDGJ,Pye Bridge Jn
7488,PYEBT83,Pye Bridge JnSig.7783
7489,PYEBT88,Pye Bridge JnSig.Tt88
7490,PYEBT89,Pye Bridge JnSig.Tt89
7491,PYEWIPJ,Pyewipe Jn
7492,PYLE,Pyle
7493,QNTNSHL,Quintinshill
7494,QNTRLDW,Quintrell Downs
7495,QPRK,Queen's Park
7496,QPRKAC,Queens Park A.C.
7497,QPRKJ,Queen's Park Junction
7498,QPRKSS,Queens Park South Shed
7499,QTRDBAT,Queenstown Road(Battersea)
7500,QUAKRSY,Quaker's Yard
7501,QUENBRO,Queenborough
7502,QUENCLS,Queenborough Car Ldg Sdgs
7503,QUENSBS,Queenborough Shipbldng Yd
7504,QUENYD,Queenborough Yard
7505,QUIDECC,Quidhampton Sdgs E.C.C.
7506,QUNPARK,Queens Park
7507,QUNTRD,Quainton Road
7508,RADF208,Radford Sig MS4208
7509,RADF210,Radford Sig MS4210
7510,RADF216,Radford Sig MS4216
7511,RADF217,Radford Sig MS4217
7512,RADFDJ,Radford Jn
7513,RADGM,Radcliffe (Metrolink)
7514,RADLETJ,Radlett Jn
7515,RADLETT,Radlett
7516,RADLTRR,Radlett Redland Roadstone
7517,RADNOT,Radcliffe (Notts)
7518,RADSVHL,Radstock Victoria Hall
7519,RADYQJB,Radyr Quarry Jn. S.B.
7520,RADYR,Radyr
7521,RAINH23,Rainham Shunt Signal EU23
7522,RAINHMK,Rainham (Kent)
7523,RAM4981,Ramsgate Signal EK4981
7524,RAM4985,Ramsgate Signal EK4985
7525,RAM5143,Ramsgate Signal EK5143
7526,RAM5145,Ramsgate Signal EK5145
7527,RAMMIEX,RM Depot Exit Minster End
7528,RAMMKEX,RM Depot Exit Margate End
7529,RAMS77,Ramsgate Shunt Signal 77
7530,RAMSDRW,RM Depot Reception West
7531,RAMSDWS,Ramsgate Depot Washer Spur
7532,RAMSGTD,Ramsgate E.M.U.D.
7533,RAMSGTE,Ramsgate
7534,RAMSHBR,Ramsgate Harbour
7535,RAMSNEW,Ramsgate New Sidings
7536,RAMSUSW,Ramsgate Up Siding West
7537,RANNOCE,Rannoch Civil Engineer
7538,RANNOCH,Rannoch
7539,RANSBAW,Bawtry Crossover
7540,RANSKLL,Ranskill Loop
7541,RATCCLR,Ratcliffe Pst (COLAS RAIL)
7542,RATCCS,Ratcliffe PS Cripple Sdg
7543,RATCFHH,Ratcliffe Heavy Haul
7544,RATCFLF,Ratcliffe Fastline Freight
7545,RATCHRN,Hathern
7546,RATCKEG,Kegworth
7547,RATCLFJ,Ratcliffe Jn
7548,RATCPS,Ratcliffe Powergen
7549,RAUCEBY,Rauceby
7550,RAVNHDJ,Ravenhead Jn
7551,RAVNHDL,Ravenhead Down Goods Loop
7552,RAVNHDS,Ravenhead Sdgs
7553,RAWCLIF,Rawcliffe
7554,RAWT,Rawtenstall (E.Lancs Rly)
7555,RAYLEGH,Rayleigh
7556,RAYNSGF,Raynes Park Ground Frame
7557,RAYNSPK,Raynes Park
7558,RBRN,Ravensbourne
7559,RBRT2XO,Robertsbridge No 2 Xover
7560,RBRTDS,Robertsbridge Down Sdg
7561,RBRTEGF,Robertsbridge Engineers GF
7562,RBRTRPG,Doncaster Robert RD RP GB
7563,RBRTSBD,Robertsbridge
7564,RCHD25,Rochdale Sig RE25
7565,RCHDALE,Rochdale
7566,RCHDLEJ,Rochdale East Jn
7567,RCHDTBS,Roachdale Turnback Siding
7568,RCHE,Roche
7569,RCHT,Rochester
7570,RCHT26,Rochester Signal  26
7571,RCHTBDJ,Rochester Bridge Jn
7572,RCHTDL,Rochester Down Loop
7573,RCHTULS,Rochester Up Layby Sdgs
7574,RCKCLFH,Rockcliffe Hall
7575,RCKMNSW,Rickmansworth
7576,RCKRSCT,Rickerscote
7577,RCTRYRD,Rectory Road
7578,RDGLNJ,Reading Lane Jn
7579,RDHA43,Reedham Signal RJ43
7580,RDHAMN,Reedham (Norfolk)
7581,RDHASDG,Reedham Tmpr Sdg (Norfolk)
7582,RDIT,Redditch
7583,RDITBUS,Redditch Bus Station
7584,RDLEY,Radley
7585,RDLSDWN,Riddlesdown
7586,RDNG148,Reading Sig. TR148
7587,RDNG332,Reading Sig. TR332
7588,RDNG379,Reading Sig. TR379
7589,RDNG387,Reading Sig. TR387
7590,RDNG4AB,Reading
7591,RDNG508,Reading Sig. TR508
7592,RDNG524,Reading Sig. TR524
7593,RDNG534,Reading Sig. TR534
7594,RDNG545,Reading Sig. TR545
7595,RDNG691,Reading Sig. TR1691
7596,RDNG714,Reading Sig. T1714
7597,RDNG716,Reading Sig. T1716
7598,RDNG804,Reading Sig. T2804
7599,RDNGBUS,Reading Bus
7600,RDNGCE,Reading Plant Depot CE
7601,RDNGKBJ,Kennet Bridge Jn
7602,RDNGKBL,Kennet Bridge Loop
7603,RDNGMLE,Reading Main Line East
7604,RDNGMLW,Reading Main Line West
7605,RDNGNJN,Reading New Jn
7606,RDNGORJ,Oxford Road Jn
7607,RDNGSJN,Reading Spur Jn
7608,RDNGSLJ,Scours Lane Jn
7609,RDNGSTJ,Reading Southern Jn
7610,RDNGSTN,Reading
7611,RDNGTCC,Reading Depot Entrance C
7612,RDNGTCD,Reading Traincare Depot
7613,RDNGTMD,Reading TMD
7614,RDNGTRS,Reading Triangle Sidings
7615,RDNGWTR,Reading Plant Depot WTR
7616,RECTFHH,Rectory Jcn Colwick (FHH)
7617,RECTRYJ,Rectory Jn
7618,RECTTS,Rectory Total Sdg
7619,REDB973,Redbridge Signal E973
7620,REDBCEY,Redbridge C.E. Wks.
7621,REDBDBS,Redbridge Sidings DBS
7622,REDBDGE,Redbridge
7623,REDBJN,Redbridge Junction
7624,REDBSFL,Redbridge Sdgs - Frtliner
7625,REDCADL,Redcar Central Down Loop
7626,REDCARC,Redcar Central
7627,REDCARE,Redcar East
7628,REDCBSC,British Steel Redcar
7629,REDCFLH,Redcar High Level (FLHH)
7630,REDCGBF,Redcar Bulk Terminal GBRF
7631,REDCMTC,Redcar Mineral Terminal (Colas)
7632,REDCRMT,Redcar B.S.C. (Min.T.)
7633,REDCROJ,Redcar Ore Terminal Jn
7634,REDCROT,Redcar B.S.C. Ore T.
7635,REDCTPJ,Tod Point Jcn
7636,REDF773,Redford Jn Sig 773
7637,REDFDJ,Redford Jn
7638,REDGBRF,Redcar Mineral Terminal G
7639,REDGGPK,Reading Green Park
7640,REDGWCV,Reading West Curve
7641,REDGWJN,Reading West Jn
7642,REDGWST,Reading West
7643,REDH316,Redhill Signal T1316
7644,REDH322,Redhill Signal T1322
7645,REDH483,Redhill Sig. T483
7646,REDH487,Redhill Signal T487
7647,REDH502,Redhill Sig.T502
7648,REDHDS,Redhill Down Siding
7649,REDHILL,Redhill
7650,REDHLGS,Redhill Long Sdg
7651,REDHLS,Redhill L.H.S.
7652,REDHPOD,Redhill Post Office Dock
7653,REDHTBS,Redhill (Tonbdg B. Recp.)
7654,REDHY,Redhill Recp.
7655,REDISHN,Reddish North
7656,REDISHS,Reddish South
7657,REDLAND,Redland
7658,REDMTMC,Redmire Tarmac
7659,REDPJN,Red Post Jn
7660,REDRUTH,Redruth
7661,REEDHMS,Reedham
7662,REEPHAM,Reepham
7663,REIG17,Reigate Shunt Signal R17
7664,REIGATE,Reigate
7665,REIGCHS,Reigate C.H.S.
7666,RENIBKS,Renishaw Park H J Banks
7667,RENIFHH,Renishaw Park (FLHH)
7668,RENTON,Renton
7669,RESOLVN,Resolven
7670,REST402,Reston Signal EG402
7671,REST403,Reston Signal EG403
7672,RESTON,Reston
7673,RESTONC,Reston C.E.
7674,RESTOUC,Reston Up C.E.
7675,RGHTNRD,Roughton Road
7676,RGLS,Ravenglass
7677,RGNTSRX,Regents Road L.C.
7678,RHDLFLS,Rheidol Falls
7679,RHIGOS,Rhigos
7680,RHIL,Rainhill
7681,RHIWBNA,Rhiwbina
7682,RHOOSE,Rhoose
7683,RHOSNGR,Rhosneigr
7684,RHUM,Rhum
7685,RHWF,Rhiwfron
7686,RHYL,Rhyl
7687,RHYLCE,Rhyl Civil Engineers SDG
7688,RHYMNEY,Rhymney
7689,RHYMSDS,Rhymney Sidings
7690,RHYMTRE,TREDEGAR
7691,RIBLHED,Ribblehead
7692,RIBLHVD,Ribblehead Viaduct
7693,RIBLHVQ,Ribblehead Virtual Quarry
7694,RICCRTN,Riccarton
7695,RICELA,Rice Lane
7696,RICH398,Richmond Signal F398
7697,RICHMND,Richmond
7698,RICHNLL,Richmond North London Line
7699,RIDGMNT,Ridgmont
7700,RIDHAMD,Ridham Dock
7701,RIDHBS,Ridham Dock B'wtrs Sdg
7702,RIDHMPR,Ridham Dock Mp Recycling
7703,RIDNGML,Riding Mill
7704,RIGG,Rigg
7705,RIGTON,Rigton S.B.
7706,RINGMER,Ringmer Post Office
7707,RISCA,Risca & Pontymister
7708,RISCASJ,Risca South Jcn
7709,RISHTON,Rishton
7710,RIVRSDT,Riverside (Totnes)
7711,RMSWILP,Ramsgreave and Wilpshire
7712,RNFD,Rainford
7713,RNHAME,Rainham (Essex)
7714,ROBSGBF,Robeston Sdgs GBRF
7715,ROBSTNS,Robeston Sdgs
7716,ROBY,Roby
7717,ROCHFD,Rochford
7718,ROCK722,Rock Ferry Signal 722
7719,ROCK735,Rock Ferry Signal 735
7720,ROCKFRY,Rock Ferry
7721,ROCKFY1,Rock Ferry 1
7722,ROCKFYB,Rock Ferry B
7723,ROCKUDG,Rock Ferry Up & Down Goods
7724,ROGART,Rogart
7725,ROGRBUS,Rogerstone Bus Link
7726,ROGRSTN,Rogerstone
7727,ROHL,Rose Hill Marple
7728,ROLSTN,Rolleston
7729,ROLTSTJ,Rolt Street Junction
7730,ROLVNDN,Rolvenden
7731,ROMANBG,Roman Bridge
7732,ROMF107,Romford Signal L5 107
7733,ROMF438,Romford Signal 438
7734,ROMF440,Romford Signal 440
7735,ROMF450,Romford Signal L450
7736,ROMFDGF,Romford Ground Frame
7737,ROMFDML,Romford Down Main Loop
7738,ROMFDRR,Romford Recp
7739,ROMFJN,Romford Junction
7740,ROMFLEJ,Romford London End Jn
7741,ROMFORD,Romford
7742,ROMFSDG,Romford Engineers Sidings
7743,ROMILEY,Romiley
7744,ROMNEYS,Romney Sands
7745,ROMS882,Romsey Signal E882
7746,ROMS883,Romsey Signal E883
7747,ROMS995,Romsey Signal E995
7748,ROMSEY,Romsey
7749,ROMSEYB,Romsey Bus Station
7750,ROODEG,Rood End Goods
7751,ROOSE,Roose
7752,ROOSPHF,Park House Farm
7753,ROPLBUS,Ropley (Anchor)
7754,ROPLEY,Ropley
7755,ROSEST,Rose Street
7756,ROSG,Rose Grove
7757,ROSGDGL,Rose Grove D.G.L.
7758,ROSGWJN,Rose Grove West Jn
7759,ROSISLE,Roseisle D.C.L.
7760,ROSLARE,Rosslare Harbour
7761,ROSNDAL,Roosendaal Cs
7762,ROSS234,Hamilton Central Sig M234
7763,ROSSGF,Ross G.F.
7764,ROSYFHH,Rosyth Dock FHH
7765,ROSYTH,Rosyth
7766,ROSYTHD,Rosyth Dockyard
7767,ROTH410,Rotherham Sig. S.410/2
7768,ROTH417,Rotherham Sig. S.417/9
7769,ROTH748,Rotherham SIG S.748
7770,ROTH750,Holmes Curve Sig S750
7771,ROTHCEN,Rotherham Central
7772,ROTHGBR,Rotherham (Booths) GBRf
7773,ROTHHJN,Holmes Jn
7774,ROTHS41,Rotherham Sig S41
7775,ROTTCS,Rotterdam C.S.
7776,ROUENDD,Rouen D D
7777,ROUGHC,Roughcastle
7778,ROUNDOK,Round Oak
7779,ROUTESX,Routes Level Crossing No.8
7780,ROWLDGL,Rowley Regis Down Goods
7781,ROWLEYR,Rowley Regis
7782,ROWLUR,Rowley Regis Up Reception
7783,ROYAHSH,Royal Oak Headshunt
7784,ROYALO,Royal Oak (LUL)
7785,ROYAOSD,Royal Oak Sidings
7786,ROYBDGE,Roy Bridge
7787,ROYDON,Roydon
7788,ROYSLP,Royston Loop
7789,ROYSSHR,Royston (Herts) Sherriff
7790,ROYSTON,Royston
7791,RPLA133,Ripple Lane Exc Sig 1133
7792,RPLA143,Ripple Lane Mtnce Sig 1143
7793,RPLANEG,Ripple Lane Exch Sdgs GBRF
7794,RPLANEX,Ripple Lane Exch Sdgs
7795,RPLL106,Ripple Lane Sig106
7796,RPLL130,Ripple Lane Signal 1130
7797,RPLL623,Ripple Lane Signal 623
7798,RPLL806,Ripple Lane Signal 806
7799,RPLL807,Ripple Lane Signal 807
7800,RPLL808,Ripple Lane Signal 808
7801,RPLLACT,Ripple Lane CTRL
7802,RPLLASW,Barking Freight Depot
7803,RPLLDBS,Ripple Lane FLT (DBS)
7804,RPLLEP2,Ripple Lane Barking Yd EP2
7805,RPLLESS,Ripple Lane East S.S.
7806,RPLLFDR,Ripple Lane FLT (DRS)
7807,RPLLFLT,Ripple Lane F.L.T.
7808,RPLLFW6,Ripple Lane Signal FW6
7809,RPLLGBF,Ripple Lane FLT (GBRF)
7810,RPLLHGP,Ripple Lane H Group Sdgs
7811,RPLLLIP,Ripple Lane L.I.P.
7812,RPLLRHD,Ripple Lane Railhead
7813,RPLLRRJ,Ripple Lane Renwick Rd Jn
7814,RPLLSTO,Ripple Lane Stora
7815,RPLLWRD,Ripple Lane W.R.D.
7816,RPLLWSS,Ripple Lane West S.S.
7817,RSAY,Rothesay
7818,RSBYQRY,Raisby Quarries
7819,RSEHALJ,Rosehall Jn
7820,RSKNGTN,Ruskington
7821,RSNGCJN,Rossington Colliery Jn
7822,RSNGFHH,Rossington Colliery (FHH)
7823,RSNGTCL,Rossington Colliery
7824,RSNHEIM,Rosenheim
7825,RSTR,Ravenstruther
7826,RSTRFHH,Ravenstruther FHH
7827,RTFD,Retford
7828,RTFD134,Retford Sig D1341
7829,RTFD156,Retford Sig. D156
7830,RTFD158,Retford Sig D158
7831,RTFD343,Retford Sig D1343
7832,RTFD348,Retford Sig D1348
7833,RTFDCRX,Retford Crossover
7834,RTFDDS,Retford Down Sidings
7835,RTFDGRL,Retford Gringley Rd Loop
7836,RTFDLL,Retford Low Level
7837,RTFDT8,Retford Sig T8
7838,RTFDTHR,Retford Thrumpton S.B.
7839,RTHERHI,Rotherhithe
7840,RTHG849,Rutherglen Signal G849
7841,RTHG873,Rutherglen Signal G873
7842,RTHG890,Rutherglen Sig G890
7843,RTHGCE,Rutherglen C.E.
7844,RTHGLEN,Rutherglen
7845,RTHGNCJ,Rutherglen Central Jn
7846,RTHGNEJ,Rutherglen East Jn
7847,RTHGNNJ,Rutherglen North Jn
7848,RTHGNTC,Rutherglen Training Centre
7849,RTHGNWC,Rutherglen West Curve
7850,RTHGNWJ,Rutherglen West Jn
7851,RTHGOS,Rutherglen Old Stn.
7852,RTHGSTE,Rutherglen S.& T.E.
7853,RTHIMAY,Rothiemay
7854,RTHL,Rothley
7855,RTHP,Ravensthorpe
7861,RUABON,Ruabon
7862,RUDDGCR,Ruddington GT Central Rly
7863,RUFDBC,Rufford RJB Mining
7864,RUFDFHH,Rufford No.1 Stocking Site
7865,RUFDJN,Rufford Jn
7866,RUFDORD,Rufford
7867,RUFDSS,Rufford Stocking Site
7868,RUGB117,Rugby Signal RN9177
7869,RUGB165,Rugby Signal NR9165
7870,RUGB171,Rugby Signal NR9171
7871,RUGB179,Rugby Signal RN4179
7872,RUGB182,Rugby UGL Signal RN4182
7873,RUGB184,Rugby UDT Signal RN4184
7874,RUGB304,Rugby Signal RC9304
7875,RUGB310,Rugby Signal RC9310
7876,RUGB363,Rugby Signal NR5363
7877,RUGB368,Rugby Signal RN5368
7878,RUGB370,Rugby Signal RN3370
7879,RUGB649,Rugby Signal KR9649
7880,RUGB653,Rugby Signal KR9653
7881,RUGB655,Rugby Signal KR9655
7882,RUGB669,Rugby Signal RN9669
7883,RUGB671,Rugby Signal RN9671
7884,RUGBCSF,Rugby Carriage Sidings (FL)
7885,RUGBDAL,Rugby Depot Access Line
7886,RUGBDED,Rugby DED
7887,RUGBEWS,Rugby New Bilton EWS
7888,RUGBHOK,High Oaks Junction
7889,RUGBJAR,"New Bilton, Rugby"
7890,RUGBJCS,"New Bilton CS, Rugby"
7891,RUGBLHS,Rugby Loco Holding Sdgs.
7892,RUGBLLJ,Rugby Long Lawford Junc.
7893,RUGBNBJ,Newbold Junction
7894,RUGBNJ,Rugby North Jn
7895,RUGBNOF,Rugby Norfrost
7896,RUGBRTR,Rugby RTR Depot
7897,RUGBSJ,Rugby South Junction
7898,RUGBTVJ,Rugby Trent Valley Junction
7899,RUGBUSQ,Rugby Up Sdgs V.Q.
7900,RUGBY,Rugby
7901,RUGBYAS,Rugby Arrival Sidings
7902,RUGBYCS,Rugby C.S.
7903,RUGBYY,Rugby North T.C.
7904,RUGL,Rugeley Trent Valley
7905,RUGL405,Rugeley Sig RR9405
7906,RUGL54,Rugeley TV Sig CH54
7907,RUGL55,Rugeley TV Sig CH55
7908,RUGLBJN,Rugeley 'B' Power Stn Jcn
7909,RUGLCPL,Rugeley PS Cripple Siding
7910,RUGLENG,Rugeley Engineers Sidings
7911,RUGLFHH,Rugeley B Power Stn (FHH)
7912,RUGLGBR,Rugeley PS (FGD) GBRF
7913,RUGLPS,Rugeley P.S.
7914,RUGLTWN,Rugeley Town
7915,RUGLYGF,Rugeley G.F.
7916,RUGLYNJ,Rugeley North Jn
7917,RUGLYSJ,Rugeley South Jn
7918,RUMNYRB,Rumney River Bridge Jn.
7919,RUNCORN,Runcorn
7920,RUNCRNE,Runcorn East
7921,RUSCOMB,Ruscombe
7922,RUSHEYP,Rushey Platt
7923,RUSWARP,Ruswarp
7924,RUTHWEL,Ruthwell
7925,RVNS504,Ravenscraig Signal M504
7926,RVNSNO3,Ravenscraig No3
7927,RVNSNO4,Ravenscraig No4
7928,RWLNDSC,Rowland's Castle
7929,RYDCATS,Ryde Pier Head - Ship
7930,RYDE,Ryde Esplanade
7931,RYDE32,Ryde Esplanade Sig. 32
7932,RYDEHOV,Ryde Hoverport
7933,RYDP,Ryde Pier Head
7934,RYDRBRW,Ryder Brow
7935,RYDS,Ryde St.Johns Road
7936,RYDSCHS,Ryde St. Johns Road C.H.S.
7937,RYDSEMU,Ryde St Johns Road E.M.U.D
7938,RYEE,Rye
7939,RYEE27,Rye Signal RY27
7940,RYEE4,Rye Signal RY4
7941,RYEHOUS,Rye House
7942,RYHPFHH,Ryhope Grange Sidings
7943,RYHPGRN,Ryhope Grange Jn.
7944,RYLSGBF,Rylstone Tilcon (GBRf)
7945,RYLSLC,Rylstone LC
7946,RYLSQRY,Rylstone (Swinden) Quarry
7947,RYLSTON,Rylstone
7948,RYMYNGF,RHYMNEY NORTH GF
7949,RYMYSGF,RHYMNEY SOUTH GF
7950,RYSTNJ,Royston Jn
7951,SABR,Sandal & Agbrigg
7952,SACTON,South Acton
7953,SACTONJ,South Acton Jn
7954,SADWJN,St. Andrews Jn
7955,SADWRD,St. Andrew's Road
7956,SADWSB,St. Andrews Rd Signal Box
7957,SAIR,Saltaire
7958,SALE,Sale
7959,SALFDAS,Salfords Aggregate Sdg.
7960,SALFDS,Salfords
7961,SALHOUS,Salhouse
7962,SALWBNF,Salwick BNF
7963,SALWICK,Salwick
7964,SALZBRG,Salzburg
7965,SAMPCRT,Sampford Courtenay
7966,SANDH,Sandhills
7967,SANDHRS,Sandhills Reversing Sdg
7968,SANKEY,Sankey for Penketh
7969,SANQHAR,Sanquhar
7970,SANW,St. Andrews
7971,SANWBUS,St Andrews Bus Station
7972,SARN,Sarn
7973,SARRBRG,Sarrebourg
7974,SASH,Saltash
7975,SAVERNK,Savernake
7976,SAXHAM,Saxham
7977,SAXILBY,Saxilby
7978,SAXISTO,Stow Park
7979,SBCH,Sandbach
7980,SBCHDRS,Sandbach (DRS)
7981,SBCHHC,Sandbach Hays Chemicals
7982,SBCHTC,Sandbach Town Centre
7983,SBDGWTH,Sawbridgeworth
7984,SBOUBUS,Southbourne (A259)
7985,SBOURNE,Southbourne
7986,SBRKRS,Seabrook R.S.
7987,SBRMNDS,South Bermondsey
7988,SBRMNSJ,South Bermondsey Jn
7989,SBRN,Saltburn
7990,SBRNWJN,Saltburn West Jn
7991,SBROUGH,Stallingborough
7992,SBURY,Southbury
7993,SBYD,Stalybridge
7994,SBYD025,Stalybridge Sig SE7025
7995,SBYD048,Stalybridge Sig SE7048
7996,SBYDAS,Stalybridge Atochem Sdg.
7997,SBYDS11,Stalybridge Signal SE7035
7998,SCARAPL,Scarborough Appletons
7999,SCARBRO,Scarborough
8000,SCARLRE,Londesborough Rd ES
8001,SCNT319,Scunthorpe Sig 319
8002,SCNT353,Anchor Signal S353
8003,SCNTAFS,Scunthorpe Appleby Frod
8004,SCNTAGB,Scunthorpe Anchor (GBRF)
8005,SCNTANS,Scunthorpe Anchor Sidings
8006,SCNTAPP,Appleby LC
8007,SCNTARS,Scunthorpe Anchor Rep Sdgs
8008,SCNTCGB,Scunthorpe B.S.C. (GBRf)
8009,SCNTCHP,Scunthorpe B.S.C.(C.H.P.)
8010,SCNTCLR,Scunthorpe CHP (COLAS RAIL)
8011,SCNTFDM,Scunthorpe Frodingham
8012,SCNTFDR,Scunthorpe F.D. Recp.
8013,SCNTFHH,Scunthorpe Coal Plant (FHH)  
8014,SCNTFLT,Scunthorpe B.S.C. (FLT)
8015,SCNTFLX,Flixboro Wharf Fabor Prest
8016,SCNTFOB,Scunthorpe Foreign Ore Jn
8017,SCNTGRL,Scunthorpe Grant Lyons
8018,SCNTHEB,Scunthorpe B.S.C.(Ent.B.)
8019,SCNTHEC,Scunthorpe B.S.C.(Ent.C.)
8020,SCNTHGY,Scunthorpe F.D.
8021,SCNTHRP,Scunthorpe
8022,SCNTHS,Scunthorpe Holding Sidings
8023,SCNTHWJ,Scunthorpe West Jn
8024,SCNTMES,Scunthorpe Mills Exch Sdgs
8025,SCNTNPG,Normanby Park Ground Frame
8026,SCNTNPK,Scunthorpe N Park Dragonby
8027,SCNTRED,Scunthorpe Redbourne Sdg
8028,SCNTROG,Scunthorpe Rox Gull
8029,SCNTROX,Scunthorpe Roxby Gullet FH
8030,SCNTSIN,Scunthorpe Sinter Plant
8031,SCNTSNJ,Santon New Jn
8032,SCNTSOT,Santon F.O.T.
8033,SCNTTJN,Trent Jn
8034,SCNTTTC,Scunthorpe Trent T.C.
8035,SCNTTYM,Scunthorpe Trent Yd Maint
8036,SCOTEJN,Southcote Jn
8037,SCRBSTR,Scrabster
8038,SCROSB,Scropton S.B (MCG)
8039,SCROYDN,South Croydon
8040,SCRPTON,Scropton
8041,SCSCLDR,Scotscalder
8042,SCTPASW,Scunthorpe Corus Rod Mill
8043,SCTSTNH,Scotstounhill
8044,SDAL,Silverdale
8045,SDBKPST,Sudbrook Pumping Station
8046,SDBRYHH,Sudbury Hill Harrow
8047,SDBRYHR,Sudbury & Harrow Road
8048,SDCF,Sandycroft
8049,SDEPFA,Sel. D. Fork Arrival
8050,SDFRDGB,Sudforth Lane Down (GBRF)
8051,SDFRFHH,Sudforth Lane (FLHH)
8052,SDFRTLA,Sudforth Lane Down (EWS)
8053,SDFRTSB,Sudforth Lane S.B.
8054,SDFRTUR,Sudforth Lane RS
8055,SDFRUFH,Sudforth Lane Up RS (FLHH)
8056,SDLG,Sandling
8057,SDNSJN,St. Dennis Jn.
8058,SDOCKPF,South Dock Petrofina
8059,SDOCLON,South Dock Londonderry
8060,SDOCPSA,South Dock Port of S'land
8061,SDON,Swindon
8062,SDON212,Swindon Signal SW1212
8063,SDONARG,Swindon Austin Rover Grp
8064,SDONBOU,Bourton
8065,SDONBUS,Swindon Bus Station
8066,SDONCBY,Swindon Cocklebury
8067,SDONEL,Swindon East Loop
8068,SDONEMR,Swindon Emr Disposals
8069,SDONHWK,Swindon Hawksworth Siding
8070,SDONLE,Swindon London End
8071,SDONLIP,Swindon H.S.
8072,SDONLY,Rodbourne Junction
8073,SDONSGB,Swindon Stores GBRF
8074,SDONSMJ,Swindon South Marston Jn
8075,SDONSTG,Swindon Stratton Green
8076,SDONSTO,Swindon Stores
8077,SDONTFR,Swindon Transfer
8078,SDONTML,Swindon Frt Term'l Sth Mar
8079,SDONWL,Swindon West Loop
8080,SDPLACE,Sandplace
8081,SDRSFOT,Saundersfoot
8082,SDSD,Sanderstead
8083,SDSD356,Sanderstead Signal T1356
8084,SEABURN,Seaburn
8085,SEACMBJ,Seacombe Jn
8086,SEAFORD,Seaford
8087,SEAHAM,Seaham
8088,SEAHAMH,Seaham Harbour
8089,SEAHBHF,Blackhills Farm
8090,SEAHDAW,Dawdon SB
8091,SEAHFHH,Seaham Harbour (FHH)
8092,SEAHPOL,Dawdon Polka Siding
8093,SEALSBA,Seal Sands BASF
8094,SEALSMS,Seal Sands (Simon Storage)
8095,SEALSND,Seal Sands Branch Jn
8096,SEALSRL,Seal Sands Runround Loop
8097,SEAMER,Seamer
8098,SEAMWEV,Weaverthorpe LC
8099,SEASCAL,Seascale
8100,SEATNSF,Seaton Sea Front
8101,SEERGRN,Seer Green and Jordans
8102,SELABNF,Sellafield B.N.F.
8103,SELADRS,Sellafield (DRS)
8104,SELAEWS,Sellafield (EWS)
8105,SELAFLD,Sellafield
8106,SELAS18,Sellafield Signal SD18
8107,SELBAR,Barlby Loops
8108,SELBBNJ,Barlby North Jn
8109,SELBBRA,Selby Brayton Sdg (ETRU)
8110,SELBFHH,Selby Potter Group (FLHH)
8111,SELBGBF,Selby (GB Railfreight)
8112,SELBMYE,Selby Potter Group
8113,SELBUSD,Selby Up Sidings
8114,SELBY,Selby
8115,SELBYCJ,Selby Canal Jn
8116,SELBYFD,Selby F.D. Viking SH
8117,SELBYWJ,Selby West Jn
8118,SELH051,Selhurst Shunt Signal 1051
8119,SELHGRJ,Selhurst Gloucester Rd Jn
8120,SELHRST,Selhurst
8121,SELKIRK,Selkirk
8122,SELKRK,Selkirk Bus Stop SC Zone
8123,SELLING,Selling
8124,SELMJN,South Elmsall Jn
8125,SELMSAL,South Elmsall
8126,SELSDN,Selsdon (Test trains only)
8127,SELYOAK,Selly Oak
8128,SEMILLS,Sea Mills
8129,SEMLEY,Semley
8130,SESABUS,Southease (Church)
8131,SESARDM,Southease
8132,SETNABL,Seaton-On-Tees ABL UK
8133,SETNCEG,Seaton-O-T British Energy
8134,SETNCRW,Seaton Carew
8135,SETNSJN,Seaton Snook Jn
8136,SETONJN,Seaton Jn
8137,SETTLE,Settle
8138,SETTLEJ,Settle Jn
8139,SEVCDSN,Southend Victoria DSN
8140,SEVCDSS,Southend Victoria DSS
8141,SEVCPOT,Southend Victoria POT
8142,SEVCUSN,Southend Victoria Usn
8143,SEVCUSS,Southend Victoria Uss
8144,SEVNS14,Seven Sisters Sig L5514
8145,SEVNS27,Seven Sisters Sig L1327
8146,SEVNS29,Seven Sisters Signal L5511
8147,SEVNSIS,Seven Sisters
8148,SEVS349,Severn Tunnel Jn Sig.N349
8149,SEVT228,Severn Tunnel Sig NT1228
8150,SEVT730,Severn Tunnel Sig. NT1730
8151,SEVTJNS,Severn Tunnel Jn Sdgs
8152,SEVTNLE,Severn Tunnel East
8153,SEVTNLJ,Severn Tunnel Junction
8154,SEVTNLW,Severn Tunnel West
8155,SEVTROG,Severn Tnl Jn Rogiet Pool
8156,SEVTUGL,Severn Tunnel Up Goods Loop
8157,SEYMORJ,Seymour Jn
8158,SEYMOSS,Seymour RJB Mining
8159,SEYMSDG,Seymour Sidings
8160,SFLDCHS,Smithfield C H S
8161,SFLTJN,Southfleet Junction
8162,SFLTX,Southfleet Crossover
8163,SFRD,Stretford
8164,SFRTGBF,Seaforth C.T. (GBRF)
8165,SFRTHAL,Seaforth & Litherland
8166,SFRTHCT,Seaforth C.T.
8167,SFRTMDH,Seaforth C.T. MDHC
8168,SGFORD,South Greenford
8169,SGHTHE,Sighthill East Jn
8170,SGHTHWJ,Sighthill West Jn
8171,SGOS,South Gosforth
8172,SGRLOAF,Sugar Loaf
8173,SHADWEL,Shadwell
8174,SHADXO,Shadwell Crossover
8175,SHAFTTH,Shaftesbury Town Hall
8176,SHALFD,Shalford
8177,SHALFDJ,Shalford Jn
8178,SHAMPTN,Shirehampton
8179,SHANKLN,Shanklin
8180,SHAP148,Shap Sig CE148
8181,SHAPDGL,Shap Summit Down Siding
8182,SHAPFHH,Shap Summit (FHH)
8183,SHAPHNQ,Shap Harrisons Quarry GBRf
8184,SHAPHNS,Shap Harrisons Sdgs Loop
8185,SHAPHQJ,Shap Hardendale Quarry JN
8186,SHAPSMT,Shap Summit
8187,SHAPSRC,Shap Summit Ribblsdale Cmt
8188,SHAPSTW,Shap Summit Quarry
8189,SHAPUGL,Shap Up Goods Loop
8190,SHAWFD,Shawford
8191,SHAWFDJ,Shawford Jn
8192,SHBN,Sherburn-in-Elmet
8193,SHBNSJN,Sherburn Jn
8194,SHBRYCS,Shoeburyness C.S.D.
8195,SHBRYLJ,Shoeburyness Dpt Ldn E Jn
8196,SHBRYMD,Shoeburyness M.O.D.
8197,SHBRYNS,Shoeburyness
8198,SHCK413,Shacklegate Jn Signal F413
8199,SHCK414,Shacklegate Jn Signal F414
8200,SHCK416,Shacklegate Junction Signal F416
8201,SHCKLGJ,Shacklegate Jn
8202,SHCRPTN,Shaw and Crompton
8203,SHDN,Shildon
8204,SHEETSJ,Sheet Stores Jn
8205,SHEFFHS,Sheffield H.S.
8206,SHEFFLD,Sheffield
8207,SHEFS77,Sheffield Signal S77
8208,SHEFS81,Sheffield Signal S81
8209,SHEFS82,Sheffield Signal S82
8210,SHEFSDG,Sheffield Station Sidings
8211,SHEFSRF,Sheffield Shrewsbury  Rd FP
8212,SHEFVIC,Sheffield Victoria
8213,SHELFD,Shelford
8214,SHEN538,Shenfield Signal L538
8215,SHENFCL,Shenfield Chelmsford Loop
8216,SHENFDS,Shenfield CS
8217,SHENFLD,Shenfield
8218,SHENFMS,Shenfield Stabling Sidings
8219,SHENFUL,Shenfield Up Lp
8220,SHENLEJ,Shenfield London End Jn
8221,SHENUPS,Shenfield Up Siding
8222,SHEPRTN,Shepperton
8223,SHEPUSD,Shepperton Up Sidings
8224,SHERBRN,Sherborne
8225,SHFD,Shawfield
8226,SHFTHLJ,Shaftholme Jn
8227,SHIELDH,Shieldhall
8228,SHIFNAL,Shifnal
8229,SHIL475,Shieldmuir Signal M475
8230,SHIL477,Shieldmuir Signal M477
8231,SHIL483,Shieldmuir Signal M483
8232,SHILDGF,Shieldmuir South GF
8233,SHILDMR,Shieldmuir
8234,SHILDMT,Shieldmuir RMT
8235,SHILGB,Shieldmuir GB Freight
8236,SHIP,Shelwick Jn
8237,SHIRLEY,Shirley
8238,SHKSPCS,Shakespeare Cliff Sdgs
8239,SHKSPSH,Shakespeare Staff Halt
8240,SHLDJN,Shields Jn
8241,SHLDJTS,Shields Jn (Burmah Road)
8242,SHLDNO1,Shields Jn No.1 Line
8243,SHLDSMD,Shields T.M.D. (E)
8244,SHLHAVN,Shell Haven
8245,SHLIER,St Helier
8246,SHLIERG,St Helier Ground Frame
8247,SHLJRSY,St. Helier (Jersey)
8248,SHMPSTD,South Hampstead
8249,SHNS,Shenstone
8250,SHOLING,Sholing
8251,SHOTNPC,Shotton Paper Company
8252,SHOTTHL,Shotton High Level
8253,SHOTTON,Shotton
8254,SHPCLPS,Tinsley Avesta (SPACE)
8255,SHPCTLJ,Shepcote Lane Jn
8256,SHPDSB,Shepherd's Bush
8257,SHPE,Stanhope
8258,SHPLAKE,Shiplake
8259,SHPRTBJ,Shepreth Branch Jn
8260,SHPRTH,Shepreth
8261,SHPSHLA,Shepherds Lane Jn
8262,SHPY,Shipley
8263,SHPYCE,Shipley Crossley Evans
8264,SHPYCEA,Shipley C Evans (ADVENZA)
8265,SHPYDJN,Dockfield Junction
8266,SHPYEJN,Shipley East Junction
8267,SHPYESJ,Esholt Junction
8268,SHPYSJN,Shipley South Junction
8269,SHPYSPJ,Springs Junction
8270,SHPYWJN,Shipley West Junction
8271,SHRBDAV,Shirebrook Davis & Son
8272,SHRBREJ,Shirebrook East Jn
8273,SHRBROK,Shirebrook
8274,SHRBRSJ,Shirebrook South Jn
8275,SHRBWJ,Shirebrook Junction
8276,SHRDHST,Shoreditch High Street
8277,SHRFDXR,Sherfield Cross Roads
8278,SHRGHAM,Sheringham
8279,SHRGNNR,Sheringham N N Railway
8280,SHRHMBS,Shoreham-by-Sea
8281,SHRKSEJ,Shireoaks East Jn
8282,SHRKSKS,Shireoaks
8283,SHRKSWJ,Shireoaks West Jn
8284,SHRMKT,Shoreham (Kent)
8285,SHRNFHH,Sheerness Steel Works FLHH
8286,SHRNGBR,Sheerness Steel GBRF
8287,SHRNSDG,Sheerness Sidings
8288,SHRNSME,Sheerness Steel Marcroft
8289,SHRNSOS,Sheerness-on-Sea
8290,SHRNSSW,Sheerness Steel Works
8291,SHRPCMT,Sharpnes Dks Coopers Metal
8292,SHRPNSD,Sharpness Docks
8293,SHRTLND,Shortlands
8294,SHRTLNJ,Shortlands Jn
8295,SHRW15,SUTTON BRIDGE JN SIG 15
8296,SHRW34,Sutton Bridge Jn Sig 34
8297,SHRWAFS,Abbey Foregate C.S.
8298,SHRWBAF,Shrewsbury Abbey Foregate
8299,SHRWBCB,Shrewsbury Crewe Bank
8300,SHRWBCJ,Shrewsbury Crewe Jn SB
8301,SHRWBNY,Shrewsbury New Yd
8302,SHRWBY,Shrewsbury
8303,SHRWCE,Severn Bridge CE Sdgs
8304,SHRWCON,Condover
8305,SHRWCSS,Shrewsbury Coleham Shelf Sidings
8306,SHRWEBJ,English Bridge Junction
8307,SHRWLLC,Leaton LC
8308,SHRWSBJ,Sutton Bridge Jn
8309,SHTLPWY,Shettleston P'Way Depot
8310,SHTLSCE,Shettleston Ce Workshops
8311,SHTLSTN,Shettleston
8312,SHTLTNL,Shettleston Loop
8313,SHTLUP,Shettleston Up
8314,SHTT,Shotts
8315,SHVN,Stonehaven
8316,SHVNS,Stonehaven South
8317,SHWLNDS,Shawlands
8318,SIBSEY,Sibsey S.B.
8319,SIBSOLK,Old Leake
8320,SIDC538,Sidcup Signal NK1 538
8321,SIDCUP,Sidcup
8322,SIDCUPS,Sidcup Siding
8323,SIDICKJ,Siddick Jn
8324,SILCRFT,Silecroft
8325,SILCWIT,Whitbeck
8326,SILEBY,Sileby
8327,SILEBYJ,Sileby Jn
8328,SILKMLC,Silkmlc
8329,SILLA,Silla
8330,SILOJN,Silo Junction
8331,SILVRCL,Silverdale Colliery
8332,SINFFHH,Sinfin Peartree Sidings FH
8333,SINFINC,Sinfin Central
8334,SINFINN,Sinfin North
8335,SINFINS,Sinfin Sdgs
8336,SINFSDG,Sinfin SDGS (COLAS)
8337,SINGER,Singer
8338,SIVRST,Silver Street
8339,SIXMBTM,Six Mile Bottom
8340,SIZCEGB,Sizewell BNFL (MAGNOX)
8341,SKEGNES,Skegness
8342,SKELBRO,Beningbrough
8343,SKELTNB,Skelton Bridge Jn.
8344,SKELTON,Skelton Jn. Yorkshire
8345,SKENSIN,South Kensington LT
8346,SKENTON,South Kenton
8347,SKEWEN,Skewen
8348,SKIRBYJ,South Kirkby Jn
8349,SKLTJN,Skelton Jn  Manchester
8350,SKLWAMO,Skellow Jn Amoco
8351,SKLWJN,Skellow Jn
8352,SKNGRVW,Skinningrove B.S.C.
8353,SKPT,Skipton
8354,SKPT031,SKIPTON STH JN SIG L4031
8355,SKPT046,Skipton Sig L4046
8356,SKPT549,SKIPTON STH JN SIG L4549
8357,SKPTBCS,Skipton Broughton Road CS
8358,SKPTDSS,Skipton Down Stabling Sdg
8359,SKPTNHS,Skipton Loco H.S.
8360,SKPTNUS,Skipton Up Sdg ISU (CE)
8361,SKPTSNJ,Skipton Down Through Sdg
8362,SKSCMN,Silkstone Common
8363,SLADEGD,Slade Green T&R.S.M.D
8364,SLADEGN,Slade Green
8365,SLADGD,Slade Green Dep London End
8366,SLADGEH,Slade Green Dpt East Hshnt
8367,SLADGEX,SLADE GREEN CRAYFORD EXIT
8368,SLADGUS,Slade Green Up C.H.S.
8369,SLAT972,Slateford Signal ES972
8370,SLAT974,Slateford Signal ES974
8371,SLAT975,Slateford Signal ES975
8372,SLATEFD,Slateford
8373,SLATFCS,Slateford Carriage Sidings
8374,SLATFDD,Slateford Depot
8375,SLATFDJ,Slateford Jn
8376,SLATRCE,Slateford Siding
8377,SLCT,Saltcoats
8378,SLDLJN,Slade Lane Jn
8379,SLEFD,Sleaford
8380,SLEFDEJ,Sleaford East Jn
8381,SLEFDNJ,Sleaford North Jn
8382,SLEFDSJ,Sleaford South Jn
8383,SLEFDTS,Sleaford Tamper Siding
8384,SLEFDUS,Sleaford Up Siding
8385,SLEGHTS,Sleights
8386,SLEHOPE,Stanford-le-Hope
8387,SLEIESB,Sleights East S.B.
8388,SLFDCT,Salford Crescent
8389,SLFDORD,Salford Central
8390,SLHRSTD,Selhurst T&R.S.M.D
8391,SLHRSTF,Selhurst Depot Field Sidings
8392,SLHRT68,Selhurst Depot Sig T68
8393,SLHRT76,Selhurst Depot Sig T76 
8394,SLHRTS2,Selhurst Depot Sig S2
8395,SLHRTS4,Selhurst Depot Sig S4
8396,SLKSTRJ,Silkstream Junction
8397,SLMBTHJ,South Lambeth Jn
8398,SLNYBAL,Balderton Tunnel & LC
8399,SLNYJN,Saltney Jn
8400,SLOCHD,Slochd
8401,SLOU161,Slough Sig S161
8402,SLOU538,Slough Signal T3538
8403,SLOUEST,Slough Estates
8404,SLOUGH,Slough
8405,SLOUGHW,Slough West
8406,SLOUGHY,Slough U.G.L.
8407,SLOUSPL,Slough Stoke Poges Lane
8408,SLSB215,Salisbury Sig SY215
8409,SLSB217,Salisbury Sig.SY217
8410,SLSB240,Salisbury Sig.SY240
8411,SLSB43,Salisbury Sig SY43
8412,SLSB52,Salisbury Sig SY52
8413,SLSBDTA,Salisbury Depot CET Apron
8414,SLSBECS,Salisbury East C.H.S.
8415,SLSBRCL,Salisbury Reception Line
8416,SLSBRY,Salisbury
8417,SLSBRYD,Salisbury T&R.S.M.D
8418,SLSBRYY,Salisbury S.S.
8419,SLSBTJN,Tunnel Jn.
8420,SLSBWCS,Salisbury West C.C.
8421,SLSBY5B,Salisbury 5 Bay
8422,SLSBY6B,Salisbury 6 Bay
8423,SLSBYHS,Salisbury H.S.
8424,SLSBYWE,Salisbury West End
8425,SLTHWTC,Slaithwaite Town Centre
8426,SLTHWTE,Slaithwaite
8427,SLTLYDS,Saltley Dunns Siding
8428,SLTLYHS,Saltley L.I.P.
8429,SLTLYPB,Saltley P.S.B.
8430,SLTMRSH,Saltmarshe
8431,SLWDJN,Saltwood Junction
8432,SLYNN,South Lynn
8433,SMALBRK,Smallbrook Junction
8434,SMARGRT,St. Margaret's
8435,SMBG,Smithy Bridge
8436,SMEE719,Smeeth - Signal AD719
8437,SMERTON,South Merton
8438,SMHLTUN,Somerhill Tunnel
8439,SMILFD,South Milford
8440,SMINCGB,Southminster BNFL (MAGNOX)
8441,SMINSTR,Southminster
8442,SMLHLAG,Small Heath Lafarge AGG
8443,SMLHSTV,Small Heath STV Sdgs
8444,SMLHTH,Small Heath
8445,SMLHTHS,Small Heath Sth Jn
8446,SMRLYTN,Somerleyton
8447,SMTHKRS,Smethwick Rolfe Street
8448,SMTHWKW,Smethwick Jn
8449,SNAITH,Snaith
8450,SNAPE,Snape
8451,SNBKJN,Sharnbrook Jn.
8452,SNBKOV,Oakley Viaduct
8453,SNBKSDP,Souldrop
8454,SNBKSMT,Sharnbrook Summit
8455,SNBKWYM,Wymington Tunnel
8456,SNDGNG,Sandringham Norwich Gates
8457,SNDGVC,Sandringham Visitor Centre
8458,SNDHRST,Sandhurst (Berks)
8459,SNDOWN,Sandown
8460,SNDP,Sundridge Park
8461,SNDRBDS,Sunderland Burdon Dock Sdg
8462,SNDRLND,Sunderland
8463,SNDRMNK,St. Peters
8464,SNDRMS,Sunderland Middle Sidings
8465,SNDRMSB,Monkwearmouth S.B.
8466,SNDW363,Sandwell&Dudley sig:NS363
8467,SNDWCH,Oldbury Sandwell Council House
8468,SNDWDUD,Sandwell & Dudley
8469,SNDY,Sandy
8470,SNDYFD,Sandy Freight Depot
8471,SNDYPL1,Sandy South Pos Light P1
8472,SNETSHM,Snettisham Market Place
8473,SNGLSB,Singleton SB
8474,SNGT,Stonegate
8475,SNGWDEP,Singlewell Depot
8476,SNGWLP,Singlewell Loop
8477,SNGWUS,Singlewell Up Siding
8478,SNGWX,Singlewell Crossover
8479,SNLW182,Snailwell Ground Frm 1182
8480,SNLWGBR,Snailwell Sidings GBRF
8481,SNLWLS,Snailwell Sdgs.
8482,SNODLND,Snodland
8483,SNSS,Stromness
8484,SNSTGF,Coulsdon North Ground Frame
8485,SNSTJN,Stoats Nest Jn.
8486,SNTJ,St. James (Newcastle)
8487,SNWDNAN,Snowdown
8488,SOAK,Sutton Oak (H. Chemicals)
8489,SOAV,Stratford-upon-Avon
8490,SOAVBUS,Stratford-u-A Leisure Ctr
8491,SOAVEST,Stratford-upon-Avon East
8492,SOAVPWY,Stratford Parkway
8493,SOHAM,Soham
8494,SOHOCE,Soho CE Sdgs
8495,SOHODED,Soho LMD
8496,SOHOEJ,Soho East Jn
8497,SOHONJ,Soho North Jn
8498,SOHOSJ,Soho South Jn
8499,SOKEJN,Stoke Jn.
8500,SOKELBY,Little Bytham
8501,SOLEST,Sole Street
8502,SOLIHUL,Solihull
8503,SOMAINL,Somain (Lille)
8504,SOMEGF,Somerton Ground Frame
8505,SOMERTN,Somerton Engineers
8506,SOMEVIA,Somerton Viaduct
8507,SOTD107,Soton W Docks Berth 109
8508,SOTDBH,Southampton WD-Berkley
8509,SOTDED,Southampton Eastern Docks
8510,SOTDFLT,Southampton Docks F.L.T.
8511,SOTDNLU,Southampton W.Docks - NLU
8512,SOTDWD,Southampton Western Docks
8513,SOTDWGB,Southampton W.Docks (GBRF)
8514,SOTHWAT,Southwaite
8515,SOTNHVP,Southampton Hoverport
8516,SOTNTQ,Southampton Town Quay (Ship)
8517,SOTO740,Southampton Signal E740
8518,SOTO779,Southampton Signal E779
8519,SOTO862,Southampton Signal E862
8520,SOTO930,Southhampton Signal E930
8521,SOTO942,Southampton Signal E942
8522,SOTO955,Southampton Signal E955
8523,SOTO957,Southampton Signal E957
8524,SOTODGL,Southampton Down Goods Lp
8525,SOTOEWS,Southampton M.C.T. EWS
8526,SOTOLHS,Southampton M.C.T. L.H.S.
8527,SOTOMCT,Southampton M.C.T.
8528,SOTON,Southampton Central
8529,SOTONB,Southampton Down Bay
8530,SOTONBS,Southampton Down Bay Sdg
8531,SOTONDG,Southampton Dock Gates
8532,SOTONDY,Southampton Down T.C.
8533,SOTONSF,Southampton Stn Forecourt
8534,SOTOUGL,Southampton Up Goods Loop
8535,SOTPKWY,Southampton Airport Parkway
8536,SOUT087,Southport Signal 1087
8537,SOUT112,Southport Signal 112
8538,SOUT149,Southport Signal 149
8539,SOUTCHS,Southport C.H.S.
8540,SOUTHPT,Southport
8541,SOUTLSM,Southport (Lord Street)
8542,SOUTWSD,Southport Wall Sidings
8543,SPALDNG,Spalding
8544,SPALDUS,Spalding Up Sidings
8545,SPALIT,Littleworth
8546,SPALSDR,South Drove
8547,SPAROAD,Spa Road Jn
8548,SPDN,Spondon
8549,SPDNC,Spondon Courtaulds
8550,SPEANBD,Spean Bridge
8551,SPEANCE,Spean Bridge C.E.
8552,SPEKEJ,Speke Jn
8553,SPELBRK,Spelbrook
8554,SPFD,Springfield
8555,SPH4459,Shep Well Signal EK4459
8556,SPHEADJ,Springhead Junction (CTRL)
8557,SPHL,Shippea Hill
8558,SPHS,Staplehurst
8559,SPITAL,Spital
8560,SPKLFHH,Spekeland Road (FHH)
8561,SPKLNDR,Spekeland Road
8562,SPLOTJ,Splott Junction
8563,SPLY,Shepley
8564,SPONRRW,Spooner Row
8565,SPRB,Springs Branch
8566,SPRBDGL,Springs Branch Dn Gds Loop
8567,SPRBJN,Springs Branch Jn
8568,SPRBUGL,Springs Branch Up Gds Loop
8569,SPRD,Spring Road
8570,SPRGHTN,Sproughton
8571,SPRINGJ,Springhead Jn
8572,SPRNDRS,Springburn (DRS)
8573,SPRNGBN,Springburn
8574,SPRNMCP,Springburn M.C. Metals
8575,SPTCHLL,Spetchley Loop
8576,SPTN,Shipton
8577,SPWDJN,Springwood Jn
8578,SQUIRES,Squires Gate
8579,SRNASCC,St Clears Crossing
8580,SRNAULC,Sarnau LC
8581,SRUAN,Struan
8582,SRUI574,South Ruislip ME1574
8583,SRUI67R,South Ruislip Sig ME67R
8584,SRUISLP,South Ruislip
8585,SSEACLE,Southsea Hoverport
8586,STADJN,St. Andrews Jn.
8587,STAFA12,Stafford Arrival Sdg 1 & 2
8588,STAFDSS,Stafford Salop Sdgs
8589,STAFFDS,Stafford Dinham Sidings
8590,STAFFDY,Stafford Yard
8591,STAFFNJ,Stafford North Jn
8592,STAFFRD,Stafford
8593,STAFRD4,Stafford No4
8594,STAFRD5,Stafford No5
8595,STAFSBS,Stafford Salop Branch Sdg
8596,STAFTVJ,Stafford Trent Valley Jn
8597,STAI467,Staines Signal F467
8598,STAI476,Staines Signal F476
8599,STAI478,Staines Signal F478
8600,STAIDGL,Staines D.G.L.
8601,STAINES,Staines
8602,STAINHS,Staines High Street
8603,STAINSD,Staines C.H.S.
8604,STAINSE,Staines Sidings Ent-Exit
8605,STAINSS,Staines Station
8606,STAINUL,Staines Up Loop
8607,STAJN92,St Andrews Jn Sig SY92
8608,STALBCS,St. Albans Centre Sidings
8609,STALBCY,St. Albans
8610,STALBNA,St. Albans Abbey
8611,STALBUS,St. Albans Bus
8612,STALNAP,Napsbury
8613,STAMFD,Stamford
8614,STAMUFF,Uffington SB (Lincs)
8615,STAN201,Stansted Airport Signal L1201
8616,STAN366,Stansted Airport Sig L1366
8617,STANAIR,Stansted Airport
8618,STANBUS,Stansted Airport Bus Stop
8619,STANCLJ,Stansted Coopers Lane Jn
8620,STANDGL,Stansted Down Goods Loop
8621,STANEJN,Stansted East Junction
8622,STANMFC,Stansted Mountfitchet
8623,STANNJN,Stansted North Junction
8624,STANSJN,Stansted South Junction
8625,STANSOS,Stansted Oil Siding
8626,STANSTD,Stansted
8627,STAPBB,Stapleford & Sandiacre BB
8628,STAPLCE,Stapleford & S C C E Sdg
8629,STARBCK,Starbeck
8630,STAS,St. Annes-on-the-Sea
8631,STAUEDE,Eden Project
8632,STAUSCE,St Austell ISU (CE)
8633,STAUSTL,St. Austell
8634,STAVELY,Staveley
8635,STBDERN,Ernesettle Sdgs MOD (Navy)
8636,STBDXFR,St. Budeaux Ferry Road
8637,STBDXJN,St. Budeaux Jn.
8638,STBDXVR,St. Budeaux Victoria Road
8639,STBEES,St. Bees
8640,STBLAZY,St Blazey Signal Box
8641,STBLHOS,St Blazey H & Sons
8642,STBLTMD,St. Blazey L.I.P.
8643,STBLZYY,St. Blazey SS
8644,STCALC,Stoke Canon LC
8645,STCKSFL,Stocksfield
8646,STCLMBR,St. Columb Road
8647,STCN,Strathcarron
8648,STCNCE,Strathcarron C.E.
8649,STCNLC,Strathcarron LC
8650,STCR,Stone Crossing
8651,STDE704,St. Denys Signal E704
8652,STDE706,St. Denys Signal E706
8653,STDE904,St. Denys Signal E904
8654,STDENYS,St. Denys
8655,STDI,Stadium of Light
8656,STECHFD,Stechford
8657,STEETON,Steeton & Silsden
8658,STENTON,Stenton G.S.P.
8659,STEPPS,Stepps
8660,STER10,Ster10
8661,STERTCE,St. Erth CE Siding
8662,STERTH,St. Erth
8663,STETLEI,Street Leigh
8664,STETLIB,Street Library
8665,STEV214,Stevenage Sig. K214
8666,STEV656,Stevenage Up Fast Sig 656
8667,STEVNGE,Stevenage
8668,STEVWIT,Whittlesford Bus Link
8669,STEWRTN,Stewarton
8670,STFALX,St Fagans Level Crossing
8671,STFD,Stratford
8672,STFD073,Stratford Signal L5073
8673,STFD156,Stratford Sig S156
8674,STFD249,Stratford Sig L249
8675,STFD251,Stratford Signal L251
8676,STFD259,Stratford Signal L259
8677,STFD261,Stratford Signal L261
8678,STFD295,Stratford Signal L295
8679,STFD701,Stratford Signal S701
8680,STFD703,Stratford Sig S703
8681,STFDCEJ,Stratford Country End Jn
8682,STFDCJ,Stratford Central Junction
8683,STFDFLT,Stratford F.L.T.
8684,STFDLJN,Stratford London End Jn
8685,STFDMBS,Stratford Market B&S Acids
8686,STFDMRK,Stratford Market
8687,STFDOCS,Stratford Old Yd. C.H.S.
8688,STFDRPD,Stratford Repair Depot
8689,STFDS53,Stratford Sig S53
8690,STFDS68,Stratford Sig. S68
8691,STFDS82,Stratford Ground Sig S82
8692,STFODOM,Stratford Intl (Domestic)
8693,STFOEJN,Stratford International East Jn
8694,STFORDI,Stratford International
8695,STFOWJN,Stratford International West Jn
8696,STGRMNS,St. Germans
8697,STHAFSS,Southall Locomotive Services LTD
8698,STHALEJ,Southall East Jn
8699,STHALL,Southall
8700,STHALWJ,Southall West Jn
8701,STHASTE,Southall ISU (S&TE)
8702,STHATC,Southall T.C.
8703,STHAWCR,Southall WCR
8704,STHAWLP,Southall W Lp & B'ford Sdg
8705,STHBANK,South Bank
8706,STHBCAR,Tees Dock Car Terminal
8707,STHBCLA,Tees Dock Coal Ldg Area
8708,STHBCLP,Tees Dock Cleveland Potash
8709,STHBDRS,South Bank Tees Dock (DRS)
8710,STHBEXP,Tees Dock BSC Export Berth
8711,STHBEXR,Tees Dock BSC Export Rev
8712,STHBFHH,South Bank Tees Dock (FHH)
8713,STHBFLT,Tees Dock Corus (FLT)
8714,STHBNKJ,South Bank Jn.
8715,STHCENT,Southend Central
8716,STHEAIR,Southend Airport
8717,STHEVCS,Southend Victoria C.S.D.
8718,STHFLDS,Southfields
8719,STHGYLE,South Gyle
8720,STHH,South Hylton (Sunderland Metro)
8721,STHLDGL,ST Helens Down Goods Loop
8722,STHLNSC,St. Helens Central
8723,STHLNSJ,St. Helens Junction
8724,STHNDE,Southend East
8725,STHRHMJ,Southerham Jn
8726,STHS,Streethouse
8727,STHVIC,Southend Victoria
8728,STHWICK,Southwick
8729,STIRCHJ,Causewayhead Junction
8730,STIRLNG,Stirling
8731,STIRLNM,Stirling Middle
8732,STIRLNN,Stirling North
8733,STIRLSD,Stirling S & D Lines
8734,STIRSDG,Stirling Sidings
8735,STIRUPL,Stirling U.P.L.
8736,STIVES,St. Ives
8737,STJAMSP,St. James' Park
8738,STJMSST,St. James' Street
8739,STJOHNS,St. John's
8740,STKEYNE,St. Keyne Wishing Well Halt
8741,STKG589,Stoke Gifford Sig B589
8742,STKGDRC,Stoke Gifford Down Recp
8743,STKGFHH,Stoke Gifford FHH
8744,STKGIEP,Stoke Gifford IEP Depot
8745,STKGLMD,S Gifford Loco Mtenance Depot
8746,STKGSDG,Stoke Gifford Sidings
8747,STKGTIP,Stoke Gifford Tip
8748,STKGWMD,Stoke Gifford W.M.D.
8749,STKM,Stoke Mandeville
8750,STKNWNG,Stoke Newington
8751,STKP,Stockport
8752,STKPCS,Stockport Car. M.D.
8753,STKPCVJ,Cheadle Village Jn (SoSL)
8754,STKPE1,Edgeley Jn No.1
8755,STKPE2,Edgeley Jn No2
8756,STKPVIA,Stockport Viaduct
8757,STKSMR,Stocksmoor
8758,STKWKSJ,Stoke Works Jn
8759,STKYBJN,Stockley Bridge Jn
8760,STKYJN,Stockley Junction
8761,STLEIGH,Stoneleigh
8762,STLN42,St. Leonards Signal BJ42
8763,STLN64,St. Leonards Signal BJ64
8764,STLNCET,St Leonards CET Point
8765,STLNDEM,St. Leonards Rly Eng Ltd
8766,STLNGBR,St. Leonards Eng.Ltd(GBRF)
8767,STLNRWM,St. Leonards West Marina
8768,STLNRWS,St. Leonards Warrior Sq
8769,STLNSHB,St. Leonards Shunt Board
8770,STLNSHN,St. Leonards Shunt Neck
8771,STLNWCS,St. Leonards W.M. C.S.D.
8772,STLNWMD,St. Leonards WM TMD
8773,STMAAPT,St Marys Airport
8774,STMAQUY,ST. MARYS QUAY
8775,STMARYS,St. Marys
8776,STMCHLS,St. Michaels
8777,STMFDHL,Stamford Hill
8778,STMGTS,St. Margarets
8779,STMRYC,St. Mary Cray
8780,STMRYCJ,St. Mary Cray Jn.
8781,STNA,Stonea
8782,STNBGPK,Stonebridge Park
8783,STNBPKD,Stonebridge Park Depot
8784,STNBS34,Stonebridge Park Sig WS34
8785,STNBS36,Stonebridge Park Sig WS36
8786,STNDSHJ,Standish Jn
8787,STNE21,St Neots Signal  P21
8788,STNE309,St. Neots South Sig P309
8789,STNEOFD,St. Neots FD (EW&S)
8790,STNEOTS,St. Neots
8791,STNEUSD,St Neots Up Siding
8792,STNG33,Sittingbourne Signal EV33
8793,STNG46,Sittingbourne Signal EV46
8794,STNGBNB,Sittingbourne Bowaters
8795,STNGBRN,Sittingbourne
8796,STNGDCS,Sittingbourne Dn Carr Sidings
8797,STNGDGL,Sittingbourne Dn Gds Loop
8798,STNGMJN,Middle Jn (Sittingbourne)
8799,STNGV31,Sittingbourne Sig EV31
8800,STNGV76,Sittingbourne Sig. EV76
8801,STNGWJN,Western Jn (Sittingbourne)
8802,STNHPO,Stonehouse Post Office
8803,STNHSE,Stonehouse
8804,STNICE,Carlisle St Nicholas CE
8805,STNL40,Stanlow & T Sig. 40
8806,STNLLPG,Stanlow L.P.G.Sdgs
8807,STNLSAS,Stanlow Shell Arr Sdgs
8808,STNLSDS,Stanlow Shell Dep Sdgs
8809,STNLWAT,Stanlow & Thornton
8810,STNLWSS,Stanlow & T Shell Sdgs
8811,STNMORE,Stanmore (LUL)
8812,STNPALD,Aldridge SIG WL42
8813,STNPK,Sutton Park
8814,STNPSTR,Streetly Sig WR5433
8815,STNSFLH,Stansfield Hall
8816,STNSHJN,Stansfield Hall Junction
8817,STNTFHH,STANTON GATE FLHH
8818,STNTNGU,Stanton Gate Sidings
8819,STNTPLC,Stanton Gate PLC
8820,STNVBUS,St. Neots Tesco
8821,STNVSQ,St. Neots Square
8822,STNVXKY,St. Neots Cross Keys Mall
8823,STNY,Stanley
8824,STOC907,Stockton 907 Sig
8825,STOCCJN,Stockton Cut Jn
8826,STOCDC,STOCKTON THOMPSON (DC)
8827,STOCGBF,Stockton Thompson GBRf
8828,STOCTAD,Stockton Thompson (DRS)
8829,STOCTMS,Stockton Thomson
8830,STOCTON,Stockton
8831,STOGMBR,Stogumber
8832,STOK271,Stoke Signal 271
8833,STOK439,Stoke Signal 439
8834,STOK462,Stoke Signal 462
8835,STOK527,Stoke Signal 527
8836,STOK534,Stoke Signal 534
8837,STOK540,Stoke Signal 540
8838,STOKCS,Cockshute Sdgs
8839,STOKCV,Cliffe Vale
8840,STOKCVR,Stoke on Trent Cliffe Vale RP
8841,STOKEND,Endon
8842,STOKEOT,Stoke-on-Trent
8843,STOKGRA,Stoke Granville Sidings
8844,STOKHAN,Hanley Bus Station
8845,STOKMAR,Marcroft Engineering
8846,STOKMIL,Milton
8847,STOKNEW,Newcastle Jcn (Staffs)
8848,STOKNWY,Stoke North West Yard
8849,STOKOAK,Oakamoor
8850,STOKOTJ,Stoke Jn
8851,STOKOTN,Stoke On Trent North
8852,STOKSID,Sideway Jn
8853,STOKTNR,LONGPORT EMSI
8854,STOKVS,Viaduct Sidings
8855,STOKYRV,Stoke North West YD Reverse
8856,STOMJN,Stomstown Junction
8857,STOMSTN,Stormstown
8858,STON505,STONE SIG S505
8859,STON510,STONE SIG S510
8860,STONASH,Ashton by Stone
8861,STONE,Stone
8862,STONECS,Stone Crown Street
8863,STONEGS,Stone Granville Square
8864,STONEMS,Stone Meaford Siding
8865,STONJN,Stone Junction
8866,STONSAN,Sandon
8867,STORDGL,Stormy Down Goods Loop
8868,STORMY,Stormy
8869,STORUGL,Stormy Up Goods Loop
8870,STOTNAS,Sth Tottenham Advance Sig
8871,STOTNHM,South Tottenham
8872,STPADOM,St Pancras Intl (Domestic)
8873,STPAMCS,St Pancras Maintenance Sdg
8874,STPAMSC,St Pancras Maint SDG Connection
8875,STPANCI,St. Pancras International
8876,STPARCJ,Regents Canal Junction
8877,STPETRP,St. Peter Port (Guernsey)
8878,STPHDMU,St Phillips Marsh DMU TMD
8879,STPHFHH,St. Phillips Marsh Depot FHH
8880,STPHFUL,St. Philips Marsh Fuelling
8881,STPHHST,St. Philips Mrsh H S T D
8882,STPHLPM,St. Philips Marsh
8883,STPIDC,St. Pierre des Corps
8884,STPLNAR,Narroways Hill Junction
8885,STPLTNR,Stapleton Road
8886,STPNCVE,St. Pinnock Viaduct East
8887,STPOLTN,St. Polten
8888,STPX,London St. Pancras
8889,STPXBOX,St Pancras Low Level
8890,STPXCSJ,St Pancras Camley St. Jcn
8891,STPXCYS,St. Pancras Churchyd Sdgs
8892,STPXRCJ,Regents Canal Jn (STPX)
8893,STPXTMC,Churchyard Sdgs Tarmac
8894,STRAHAU,Strasbourg Hausbergen
8895,STRBCS,Stourbridge Carriage Sdgs
8896,STRBDEP,Stourbridge Jn Depot
8897,STRBDG1,Stourbridge Jn (Town Plat)
8898,STRBDGJ,Stourbridge Junction
8899,STRBDGT,Stourbridge Town
8900,STRBHDS,Stourbridge North Neck
8901,STRBJGL,Stourbridge Jn Goods Loop
8902,STRBNJN,Stourbridge North Jn
8903,STRCROS,Starcross
8904,STRE171,Streatham Sig VC171
8905,STRENJN,Streatham North Jn
8906,STRESJN,Streatham South Jn
8907,STRETHM,Streatham
8908,STRETJN,Streatham Junction
8909,STRHCOM,Streatham Common
8910,STRHCSD,Streatham Hill C.S.D.
8911,STRHDS,Streatham Hill Down Siding
8912,STRHEX,Streatham Hill Exit
8913,STRHILL,Streatham Hill
8914,STRHSH,Streatham Hill Shed
8915,STRHUS,Streatham Hill Up Siding
8916,STRINES,Strines
8917,STRMFRY,Stromeferry
8918,STRNRR,Stranraer
8919,STRNRTN,Stranraer Town F.D.
8920,STRNTSH,Stranraer Stockton Haulage
8921,STRNWPR,Stranraer West Pier
8922,STRNYGF,Stranraer Yard G.F.
8923,STRO625,Strood Shunt Signal NK1625
8924,STRO628,Strood Shunt Signal 1628
8925,STRO630,Strood Shunt Signal NK1630
8926,STROOD,Strood
8927,STRT912,Stourton Neck Sig S912
8928,STRTDFS,Stourton D & F Steels
8929,STRTFHH,Stourton Down Sidings FLHH
8930,STRTJN,Stourton Jn
8931,STRTJRV,Stourton Jn Reverse
8932,STRTNBS,Stourton B.S.C.
8933,STRTNDS,Stourton Down Siding
8934,STRTRFS,Stourton FLT C&W RFS Eng
8935,STRUD,Stroud
8936,STRUMLC,St. Mary's Level Crossing
8937,STRW419,Strawberry Hill Sig. F419
8938,STRW91,Strawberry Hill Sig. F91
8939,STRWBHD,Strawberry Hill C.S.D.
8940,STRWBYH,Strawberry Hill
8941,STSNJN,Stenson Jn
8942,STTNPWY,Sutton Parkway
8943,STURRY,Sturry
8944,STUTHAF,Stuttgart Hafen
8945,STVNDGL,Stevenston D.G.L.
8946,STVNNBS,Stevenston Nobel Siding
8947,STVNNPS,Stevenston N.P.S.
8948,STVNSES,Stevenston East Sdgs
8949,STVNSTN,Stevenston
8950,STVRTBG,Staverton Bridge
8951,STVTN,Steventon
8952,STWHTNL,Strawberry Hill Tunnel
8953,STWMDGL,Stowmarket DGL
8954,STWMRKT,Stowmarket
8955,STWRLDC,Stewartby Forders LDC
8956,STWRTBY,Stewartby
8957,STWT,Stewarts Lane
8958,STWT567,Stewarts Lane Sig VS567
8959,STWT569,Stewarts Lane Sig VS569
8960,STWTBS,Stewarts Lane Berthing Siding
8961,STWTDAY,Stewarts Lane - Days
8962,STWTGBR,Stewarts Lane Tarmac GBRF
8963,STWTJN,Stewarts Lane Jn
8964,STWTLAM,Stewarts Lane Marcon R M C
8965,STWTTMD,Stewarts Lane T&RSMD
8966,STWTUPL,Stewarts Lane Depot Up Loop
8967,STWY,Stornoway
8968,STYAL,Styal
8969,STYTHPX,Staythorpe X
8970,SUCOTHV,Succoth Viaduct
8971,SUDBURY,Sudbury
8972,SUMMITS,Snowdon Summit
8973,SUMRSTN,Summerston
8974,SUNBURY,Sunbury
8975,SUNDRTN,Saunderton
8976,SUNH,Sunnyhill
8977,SUNNGDL,Sunningdale
8978,SUNSJN,Sunnyside Jn
8979,SUNYMDS,Sunnymeads
8980,SURB104,Surbiton Signal WK1104
8981,SURB106,Surbiton Signal WK1106
8982,SURB111,Surbiton Signal 111
8983,SURB534,Surbiton Sig.WK534
8984,SURBETC,Surbiton E.T.C.
8985,SURBITN,Surbiton
8986,SURCNRD,Surrey Canal Road
8987,SURREYQ,Surrey Quays
8988,SURRQSJ,Surrey Quays Silwood Jn
8989,SURRQSS,Silwood Stabling Sidings
8990,SUTCO,Sutton Coldfield
8991,SUTNBIN,Sutton Bingham
8992,SUTT193,Sutton Sig VC193
8993,SUTT195,Sutton Signal Vc195
8994,SUTTON,Sutton (Surrey)
8995,SUTTONC,Sutton Common
8996,SUTW,Sutton Weaver
8997,SVN2035,SEVENOAKS SIG 2035
8998,SVN2037,SEVENOAKS SIG 2037
8999,SVNGLP,Sevington Loop
9000,SVNGS91,Sevington UE 91 Signal
9001,SVNGTNS,Sevington Sidings
9002,SVNKNGS,Seven Kings
9003,SVNOAKS,Sevenoaks
9004,SVNOCHS,Sevenoaks C.H.S
9005,SVNODS,Sevenoaks Down Sidings
9006,SVNOES,Sevenoaks Engineers Siding
9007,SVNOGST,Sevenoaks Gusset
9008,SVNOGUS,Sevenoaks Gusset Siding
9009,SVRNBCH,Severn Beach
9010,SWADGF,Swadlincote G.F.
9011,SWAINTP,Swainsthorpe Level Crossing
9012,SWAL107,Swale Signal EV 107
9013,SWALE,Swale
9014,SWANABP,Swansea Docks ABP Shipment
9015,SWANMCS,Swansea Maliphant CSD
9016,SWANNON,Swansea Dcks Abp Non Shipmt
9017,SWANSBS,Swansea Burrows S.S.
9018,SWANSEA,Swansea
9019,SWANSED,Swansea Docks
9020,SWANSLE,Swansea Loop East
9021,SWANSLW,Swansea Loop West
9022,SWAVIA,Swan Side Viaduct
9023,SWAY,Sway
9024,SWCH,Sandwich
9025,SWELL,Shepherd's Well
9026,SWELL1,Shepherds Well Signal SH1
9027,SWELLSD,Shepherds Well Long Siding
9028,SWELLUS,Shepherds Well Up Siding
9029,SWGBGE,Swing Bridge East
9030,SWIMBDN,South Wimbledon LT
9031,SWINTN,Swinton (S.Yorks)
9032,SWINTNJ,Swinton Jn
9033,SWKBDGJ,Southwark Bridge Junction
9034,SWLWJN,Swalwell Jn
9035,SWLY,Swanley
9036,SWLY631,Swanley Signal VS631
9037,SWLY636,Swanley Signal VS636
9038,SWLY638,Swanley Signal VS638
9039,SWNACFC,Corfe Castle (Swanage R)
9040,SWNAGE,Swanage
9041,SWNAHMC,Harmans Cross (Swanage R)
9042,SWNAHNH,Herston Halt (Swanage R)
9043,SWNAMGF,Swanage Railway Motala GF
9044,SWNANDN,Nordern (Swanage R)
9045,SWNDRBY,Swinderby
9046,SWNDTHO,Thorpe-on-the-Hill
9047,SWNLMD,Swanage LMD GBRf
9048,SWNLYCS,Swanley C.H.S
9049,SWNSCMB,Swanscombe
9050,SWNSGD,Swanscombe-George & Dragon
9051,SWNT,Swinton
9052,SWNWICK,Swanwick
9053,SWRBBDG,Sowerby Bridge
9054,SWSHEAD,Swineshead
9055,SWYTHLN,Swaythling
9056,SXMNDHJ,Saxmundham Jn
9057,SXMNDHM,Saxmundham
9058,SXMNDSG,Saxmundham Tamper Siding
9059,SYDENHM,Sydenham
9060,SYDNFD,Sydenham Hill-Fountain Dr.
9061,SYDNHMH,Sydenham Hill
9062,SYMNGTN,Symington Ground Frame
9063,SYONLA,Syon Lane
9064,SYSTNEJ,Syston East Jn
9065,SYSTNNJ,Syston North Jn
9066,SYSTNSJ,Syston South Jn
9067,SYSTON,Syston
9068,TABY,Thornaby
9069,TABY176,Thornaby Sig TY176
9070,TABY208,Thornaby Sig T.Y.208.
9071,TABYEJN,Thornaby East Jn
9072,TABYFLD,Thornaby T.M.D. (F'Liner)
9073,TABYLTH,Thornaby EWS Wheel Lathe
9074,TABYNO1,Thornaby Up Goods No1
9075,TABYTMD,Thornaby T.M.D.
9076,TABYWRD,Tees Shops EWS C&W
9077,TACKLEY,Tackley
9078,TADWBUS,Tadworth (The Avenue)
9079,TADWTH,Tadworth
9080,TAFFSWL,Taffs Well
9081,TAIN,Tain
9082,TAINCE,Tain C.E.
9083,TALACRE,Talacre
9084,TALB,Talybont
9085,TALN534,Tallington Signal P534
9086,TALN544,Tallington Signal P544
9087,TALNDOW,Tallington Dowmac
9088,TALNESS,Essendine
9089,TALNGBR,Tallington Tarmac GBRF
9090,TALNGTN,Tallington Jn.
9091,TALNRED,Tallington Redland Aggs
9092,TALRCAR,Carno
9093,TALRCEM,Cemmes Rd
9094,TALRDIG,Talerddig
9095,TALRDOG,Bontdolgoch
9096,TALRLLA,Llanbrynmair
9097,TALYCFN,Tal-y-Cafn
9098,TAMEBDG,Tame Bridge Parkway
9099,TANKRD,Tank Road Glasgow Central
9100,TANY,Tan-y-Bwlch<FfRly>
9101,TAPLOW,Taplow
9102,TAPTONJ,Tapton Jn
9103,TARBERT,Tarbert
9104,TARRAGN,Tarragona
9105,TATNCHS,Tattenham Corner C.H.S.
9106,TATNHMC,Tattenham Corner
9107,TAUN483,Taunton Signal E483
9108,TAUN604,TAUNTON SIG 604
9109,TAUN608,Taunton Signal 608
9110,TAUN611,Taunton Sig. E611
9111,TAUN617,Taunton Signal E617
9112,TAUN619,Taunton Signal E619
9113,TAUN624,Taunton Sig. E624
9114,TAUNCE,Taunton ISU (CE)
9115,TAUNCSD,Taunton Cider Sdg
9116,TAUNE22,Taunton Sig. E22
9117,TAUNEJN,Taunton East Jcn
9118,TAUNGDS,Taunton Gds Recp
9119,TAUNSBG,Taunton Station Bridge
9120,TAUNSFC,Taunton Station Forecourt
9121,TAUNTON,Taunton
9122,TAUNTRS,Taunton (Rly Stn)
9123,TAYBDGS,Tay Bridge South
9124,TAYBDRS,Tay Bridge Down Recep Sdg
9125,TAYNUCE,Taynuilt C.E.
9126,TAYNULT,Taynuilt
9127,TCULFRY,Firsby
9128,TCULVRT,Thorpe Culvert
9129,TDITTON,Thames Ditton
9130,TEBAY,Tebay
9131,TEBAYCE,Tebay ISU (CE)
9132,TEDNGTN,Teddington
9133,TEES137,Tees Yard Signal TY137
9134,TEESBAL,Tees CE Sdgs
9135,TEESCW,Tees Yard EWS C&W Grading
9136,TEESGFH,Newport East Goods
9137,TEESNEJ,Newport East Jn (Teesside)
9138,TEESY,Tees N.Y.
9139,TEESYDS,TEES YARD DN STAGING FHH
9140,TEESYEE,Tees Yard East End
9141,TEESYHS,Tees N.Y. (Holding Sdg.)
9142,TEINMTH,Teignmouth
9143,TELFRDC,Telford Central
9144,TEMPLHJ,Temple Hirst Jn.
9145,TENBY,Tenby
9146,TERCESL,Lincoln Terrace C.H.S.
9147,TERM606,Terminus Curve Sig G606
9148,TERMJGW,Terminus Jn
9154,TEYNHAM,Teynham
9155,THABBEY,Thornton Abbey
9156,THAL,Thorntonhall
9157,THATCHM,Thatcham
9158,THBD200,Three Bridges Signal T1200
9159,THBD206,Three Bridges Signal 1206
9160,THBD214,Three Bridges Signal 1214
9161,THBD218,Three Bridges Signal 1218
9162,THBD271,Three Bridges Signal T271
9163,THBD737,Three Bridges 1737 points
9164,THBDBRD,Three Bridges Back Road
9165,THBDGS,Three Bridges
9166,THBDGSY,Three Bridges Up Sdg South
9167,THBDHSD,Three Bridges Horsham Sdg
9168,THBDLP,Three Bridges Loop
9169,THBDPAD,Three Bridges P.A.D.
9170,THBDPL3,Three Bridges P.L. 1183
9171,THBDPMD,Three Bridges P & MD
9172,THBDUSN,Three Bridges Up Sdg North
9173,THBDWRS,Three Bridges Voyager M.D.
9174,THBGJN,Thrybergh Jn
9175,THBLDSG,Theobalds Grove
9176,THEA800,Theale Signal 800
9177,THEA887,Theale Signal 887
9178,THEAARC,Theale A.R.C
9179,THEAGBR,Theale Lafarge GBRF
9180,THEALAF,Theale Lafarge FHH
9181,THEALE,Theale
9182,THEALEM,Theale Murco
9183,THEALFY,Theale Foster Yeoman
9184,THEALGL,Theale Goods Loop
9185,THEALHC,Theale Hope Cement
9186,THEARCP,Theale Reception Sidings
9187,THEGRN,The Green
9188,THELAKS,The Lakes
9189,THET114,Thetford Signal EN8114
9190,THET15,Thetford Ground Signal T15
9191,THET7,Thetford Signal T7
9192,THETFD,Thetford
9193,THETSDG,Thetford Tamper Siding
9194,THFORD,Thornford
9195,THHLJN,Thornhill Jn
9196,THHLNWJ,Thornhill L.N.W. Jn.
9197,THHT,Thatto Heath
9198,THIL,Thornhill
9199,THILUL,Thornhill Up Loop
9200,THIREWS,Thirsk Sidings EW&S
9201,THIRSK,Thirsk
9202,THJU882,THAMESHAVEN SIG UR882
9203,THLB,Thornliebank
9204,THLG11,LONDON GATEWAY PORT SIG LG11
9205,THLGDBS,LONDON GATEWAY DBS SIDING
9206,THLGFLI,LONDON GATEWAY FREIGHT LNR
9207,THLGPAR,LONDON GATEWAY ARRIVAL
9208,THLGPDL,LONDON GATEWAY DEP LINE JN
9209,THMS882,Thames Haven SIG UR882
9210,THMS888,Thames Haven SIG UR888
9211,THMSDBS,London Gateway DBschenker
9212,THMSFLI,London Gateway Frghtliner
9213,THMSHVJ,Thames Haven Jn
9214,THMSHVN,Thames Haven T.C.
9215,THMSL11,London Gateway Port LG11
9216,THMSL14,Thames Haven SIG LG14
9217,THMSL15,Thames Haven SIG LG15
9218,THMSLGA,London Gateway Arrival
9219,THMSLGB,London Gateway GBRF
9220,THMSLGD,London Gateway Dep Line
9221,THMSMOB,Coryton Thames Haven TC
9222,THMSMTX,Thames Matex
9223,THNGLEJ,Thingley East Junction
9224,THNGLYJ,Thingley Jn
9225,THNGMOD,Thingley MOD
9226,THNGSDG,Thingley Junction Sidings
9227,THOK,Three Oaks
9228,THOKLB,Three Oaks - Lane Bridge
9229,THOPBAY,Thorpe Bay
9230,THORCRK,Creykes
9231,THORNEJ,Thorne Jn
9232,THORNEN,Thorne North
9233,THORNES,Thorne South
9234,THPLESK,Thorpe-le-Soken
9235,THPLESS,Thorpe-le-Soken Siding
9236,THRDRVE,Third Drove
9237,THREESJ,Three Spires Jn
9238,THRGRTN,Thurgarton
9239,THRHRSH,Three Horse Shoes
9240,THRIGBR,Thrislington GBRF
9241,THRISTE,Thrislington Steetley
9242,THRMPT5,Thrumpton Sig T5
9243,THRMRUS,Rushey Sdgs LC
9244,THRMT10,Thrumpton Sig T10
9245,THRMWJN,Thrumpton West Jn
9246,THRN568,Thornton North Sig ET568
9247,THRNDPL,Thornton North D.P.L.
9248,THRNGMM,Thornton Yard GM Mining
9249,THRNIHB,Thornton Yard I&H Brown
9250,THRNTHS,Thornton H.S.
9251,THRNTNJ,Thornton North Jn
9252,THRNTSJ,Thornton South Jn
9253,THRNTTC,Thornton T.C.
9254,THRNTWJ,Thornton West Jn
9255,THRNUPL,Thornton North U.P.L.
9256,THRPSBJ,Thorpes Bridge Jn
9257,THRSBCL,Thoresby Colliery
9258,THRSCFH,THORESBY COLL JN (FHH)
9259,THRSCGB,Thoresby Colliery Jn GBRF
9260,THRSCLJ,Thoresby Coll Jn
9261,THRSCR,Thoresby Colliery Colas
9262,THRSFHH,Thoresby Colliery (FLHH)
9263,THRSGBR,Thoresby Colliery (GBRF)
9264,THRSNEC,Thoresby Sidings Neck
9265,THTH,Thornton Heath
9266,THUR888,THAMESHAVEN SIG UR888
9267,THURSO,Thurso
9268,THURSOU,Thurso U.K.A.E.A.
9269,THUSTON,Thurston
9270,THVNBSB,THAMESHAVEN BRANCH STOP BOARD
9271,THYMFHH,Thorney Mill FHH
9272,THYMGBR,thorney Mill GBRF
9273,THYMGF,Thorney Mill Ground Frame
9274,THYMIL,Thorney Mill
9275,THYMILF,Thorney Mill West Dytn EWS
9276,TIGNGRC,Teigngrace
9277,TILBURG,Tilburg Works
9278,TILEH,Tile Hill
9279,TILHEJN,Tilehurst East Jn
9280,TILHRST,Tilehurst
9281,TIMPRLY,Timperley
9282,TINS258,Tinsley Sig TY258
9283,TINSFHH,Tinsley Yard FHH
9284,TINSLEJ,Tinsley East Jn
9285,TINSLSJ,Tinsley South Jn
9286,TINSLYY,Tinsley S.S.
9287,TINSPJN,Tinsley Park Jn
9288,TINSSMC,Tinsley Avesta (SMACC)
9289,TINSTMD,Tinsley T.M.D.
9290,TINTCHR,Tintagel Methodist Church
9291,TINTLNG,Tintagel Langleys Shop
9292,TIPTON,Tipton
9293,TIREE,Tiree
9294,TIRPHIL,Tir-phil
9295,TISBRYL,Tisbury Loop
9296,TISBURY,Tisbury
9297,TIVIBUS,Tiverton Bus Station
9298,TIVICMT,Cullompton
9299,TIVILP,Tiverton Loop
9300,TIVIPW,Tiverton Parkway
9301,TIVITNL,Whiteball
9302,TIVTSHL,Tivetshall
9303,TLBYADV,Tilbury I.R.F.T Advenza Ft
9304,TLBYDES,Tilbury Docks E.S.
9305,TLBYEJ,Tilbury East Jn
9306,TLBYEWS,Tilbury Container Term EWS
9307,TLBYNHT,Tilbury Nfleet Hope TL EWS
9308,TLBYPDR,Tilbury I.R.F.T (DRS)
9309,TLBYPFL,Tilbury I.R.F.T. (FLT)
9310,TLBYPGB,Tilbury I.R.F.T (GBRF)
9311,TLBYPGT,Tilbury PLA Grain Terminal
9312,TLBYPRT,Tilbury I.R.F.T. (EWS)
9313,TLBYRCT,Tilbury R.C.T.
9314,TLBYRR,Tilbury Nthfleet Run Round
9315,TLBYRSC,Tilbury Riverside (Colas)
9316,TLBYRSD,Tilbury Riverside
9317,TLBYSTO,Tilbury I.R.F.T. (EWS)
9318,TLBYTCS,Tilbury Container Srvs EWS
9319,TLBYTWN,Tilbury Town
9320,TLBYVWR,Tilbury IRFT VWR
9321,TLBYWJ,Tilbury West Jn
9322,TLSRNAU,Talsarnau
9323,TMBORO,Templeboro' B.S.C. Recp.
9324,TMPCMB,Templecombe
9325,TMPCMSB,Templecombe Signal Box
9326,TMPL770,Temple Mills Signal S770
9327,TMPL906,Temple Mills Signal S906
9328,TMPLLEA,Lea Interchange (EWS)
9329,TMPLMEJ,Temple Mills East Jn.
9330,TMPLMEY,T.Mills E.Yd.(D.C.E) A.Rd.
9331,TMPLMFL,Temple Mills Loop (FL)
9332,TMPLMLP,Temple Mills Loop
9333,TMPLMLY,Temple Mills S.S.
9334,TMPLMWJ,Temple Mills West Jn
9335,TMPLOCS,Orient Way CS
9336,TMPLORR,Orient Way Reception Road
9337,TMPLRRJ,Ruckhalt Road Junction
9338,TMPLTMD,Stratford TMD Temple Mills
9339,TMREUKL,Temple Mills Recp
9340,TMSH723,Thorpe Marsh Sig D723
9341,TMSHJN,Thorpe Marsh Jn
9342,TMSHTMC,Thorpe Marsh Tarmac
9343,TMWTHHL,Tamworth High Level
9344,TMWTHLL,Tamworth Low Level
9345,TNHLDGL,Townhill D.G.L.
9346,TNHLJCE,Townhill C.E.
9347,TNHLJN,Townhill Jn
9348,TNHLUGL,Townhill U.G.L.
9349,TNSLYGJ,Tinsley Green
9350,TNTRDNT,Tenterden Town
9351,TNYPNDY,Tonypandy
9352,TOBRMRY,Tobermory
9353,TODM341,Todmorden Signal PN341
9354,TODMRDN,Todmorden
9355,TOLE673,Tollerton Signal 673
9356,TOLEPIL,Pilmoor
9357,TOLERTN,Tollerton Jn.
9358,TOLWTH,Tolworth
9359,TOLWTHS,Tolworth Sdgs
9360,TOMATIN,Tomatin
9361,TONB032,Tonbridge Signal AD2032
9362,TONB038,Tonbridge Signal AD2038
9363,TONB139,Tonbridge Signal AD139
9364,TONB160,Tonbridge Signal AD160
9365,TONB163,Tonbridge Signal AD163
9366,TONB164,Tonbridge Signal AD164
9367,TONB525,Tonbridge Signal AD525
9368,TONBDG,Tonbridge
9369,TONBDLP,Tonbridge Down Loop
9370,TONBDMS,Tonbridge Down Main Siding
9371,TONBDWG,Tonbridge West Yard GBRf
9372,TONBDWY,Tonbridge West Yard
9373,TONBES,Tonbridge Engineers Siding
9374,TONBLHS,Tonbridge L.H.S.
9375,TONBPMY,Tonbridge Jubilee Sidings
9376,TONBPOJ,Tonbridge Post Office Jn
9377,TONBPOS,Tonbridge M.L.O.
9378,TONBULP,Tonbridge Up Loop
9379,TONDGAR,Tondu Garw Loop
9380,TONDLFL,Tondu Llynfi Goods Loop
9381,TONDOGJ,Tondu Ogmore Jn
9382,TONDU,Tondu
9383,TONFNAU,Tonfanau
9384,TONPNTR,Ton Pentre
9385,TOOTING,Tooting
9386,TOPLEYP,Topley Pike GF
9387,TOPLFHH,Topley Pike (FHH)
9388,TOPLYPK,Topley Pike Bardon Agg
9389,TOPSHAM,Topsham
9390,TORCOIN,Tourcoing
9391,TORIORB,Torino Orbassano
9392,TORNESS,Torness Power Station
9393,TORNGSP,Torness GSP
9394,TORPHIN,Torphin
9395,TORQUAY,Torquay
9396,TORRE,Torre
9397,TOTLYTE,Totley Tunnel East
9398,TOTNDSF,Totnes Down Stn Forecourt
9399,TOTNES,Totnes
9400,TOTNSTA,Totnes Station Road
9401,TOTODHS,Toton D.D. H.S.
9402,TOTODSL,Toton North Yard
9403,TOTOFHH,Toton Centre FHH
9404,TOTOGBR,Toton North Yard GBRF
9405,TOTOMSQ,Toton Meadow Sdgs V.Q.
9406,TOTON04,Toton Signal 4604
9407,TOTONC,Toton Centre
9408,TOTONJ,Toton Jn.
9409,TOTONNB,Toton Up Sdgs
9410,TOTOTMD,Toton T.M.D.
9411,TOTOWRD,Toton W.R.D.
9412,TOTTDCR,Totton (D&CR)
9413,TOTTON,Totton
9414,TOTTW,Totton West
9415,TOTTYD,Totton Yard
9416,TOUL,Toul
9417,TOURNAI,Tournai
9418,TOWERHL,Tower Hill L.T.
9419,TOWNGRN,Town Green
9420,TOWRCOL,Tower Colliery EWS
9421,TOWRFHH,Tower Colliery FHH
9422,TRAC,Thorney Rose and Crown
9423,TRALEE,Tralee
9424,TRAMINN,Tram Inn
9425,TRDYRHW,Troed-y-rhiw
9426,TRECWN,Trecwn
9427,TREETNJ,Treeton Jn
9428,TREFRST,Treforest
9429,TREHAFD,Trehafod
9430,TREHRBT,Treherbert
9431,TREHSDS,Treherbert Sidings
9432,TRELEWS,Trelewis
9433,TREMANS,Tremains
9434,TRENSD,Trent Sidings
9435,TRENT,Trent East Jn
9436,TRENTJ,Trent South Jn
9437,TRENTL,Down Trent Loop
9438,TREORCY,Treorchy
9439,TRFDEUG,TRAFFORD PARK EURO TML GBF
9440,TRFDEUT,Trafford Park Euro Term
9441,TRFDFLF,Trafford Park SDGS (FLF)
9442,TRFDFLI,Trafford Park I.F.T. (FLIM)
9443,TRFDFLT,Trafford Park F.L.T.
9444,TRFDGBR,Trafford Pk Recep GBRF
9445,TRFDIFT,Trafford Park I.F.T.
9446,TRFDPEJ,Trafford Park East Jn
9447,TRFDPES,Trafford Park Exch Sdg
9448,TRFDPK,Trafford Park
9449,TRFDPKS,Trafford Park Sdgs
9450,TRFDPWS,Trafford Park West Sdgs
9451,TRFDSRL,Trafford Park Sdgs Rec Ln
9452,TRFRSTE,Trefforest Estate
9453,TRIM617,Levington Signal CO617
9454,TRIM619,Trimley Signal CO619
9455,TRIMLEY,Trimley
9456,TRING,Tring
9457,TRING25,Tring Signal WT1425
9458,TRINGCE,Tring Ce Sdgs
9459,TRINGNJ,Tring North Jn.
9460,TRMRGBR,Tremorfa Works SDGS GBRF
9461,TRMRWKS,Tremorfa Works
9462,TRNHMGN,Turnham Green L.T.
9463,TRNO,Thurnscoe
9464,TRNRSLA,Turners Lane Jn.
9465,TRNTHAM,Trentham
9466,TROON,Troon
9467,TROONHR,Troon Harbour
9468,TROSEXC,Trostre Works Exchange Sdg
9469,TROSTRW,Trostre Works
9470,TROSWKJ,Trostre Works Junction
9471,TROWFLR,Flordon Level Xing
9472,TROWLKJ,Trowse Lakenham Junction
9473,TROWSE,Trowse
9474,TROWSEJ,Trowse Jn
9475,TROWSEY,RT Roadstone
9476,TROWSOS,Trowse Old Station
9477,TRSFNYD,Trawsfynydd BNFL (MAGNOX)
9478,TRUR37,Truro Shunt Signal 37
9479,TRURBOS,Truro Boscawen Street
9480,TRURBUS,Truro Bus Station
9481,TRURO,Truro
9482,TRUROCE,Truro ISU (CE)
9483,TRURUKF,Truro U.K.F. M.Thomas
9484,TRURYRD,Truro Yard
9485,TRWBRDG,Trowbridge
9486,TRWLBJN,Bennerley Jn
9487,TRWLJN,Trowell Jn
9488,TRWSSBJ,Trowse Swing Bridge 
9489,TSDARPR,Tees-side Airport
9490,TTNH104,Tottenham Sth Jn Sig L1004
9491,TTNH305,Tottenham Hale Sig L5305
9492,TTNHMHL,Tottenham Hale
9493,TTNHMSJ,Tottenham South Jn
9494,TUEBFHH,Tuebrook Sidings (FHH)
9495,TUEBGBF,Tuebrook Sdg GBRF
9496,TUEBRKS,Tuebrook Sidings
9497,TULLOCE,Tulloch C.E.
9498,TULLOCH,Tulloch
9499,TULS165,Tulse Hill Sig VC165
9500,TULS178,Tulse Hill Signal VC178
9501,TULS766,Tulse Hill Signal VC766
9502,TULSEH,Tulse Hill
9503,TULSLJ,Leigham Junction
9504,TUNSFHH,Tunstead Sdgs (FHH)
9505,TUNSGBF,Tunstead Sidings GBRF
9506,TUNSTDS,Tunstead Sdgs
9507,TUNWELL,Tunbridge Wells
9508,TUNWTB,Tunbridge Wells Turnback
9509,TUNWTJN,Wells Tunnel Jn.
9510,TURKYST,Turkey Street
9511,TURSDLJ,Tursdale Jn
9512,TURSDLS,Tursdale Siding
9513,TUTBURY,Tutbury and Hatton
9514,TUXFDWJ,Tuxford West Jn
9515,TVST132,Plymouth Ground Signal 132
9516,TVST197,Plymouth Ground Signal 197
9517,TVST199,Plymouth Ground Signal 199
9518,TVSTBUS,Tavistock Bus Station
9519,TVSTCKJ,Tavistock Jn
9520,TVSTJPD,Tavistoc Jn Plant Depot
9521,TWCK401,Twickenham Signal F401
9522,TWCK403,Twickenham Signal F403
9523,TWCK406,Twickenham Signal F406
9524,TWCKNHM,Twickenham
9525,TWCKNME,Twickenham East
9526,TWCKNMJ,Twickenham Jn
9527,TWEDMSB,Tweedmouth S.B.
9528,TWEDMTH,Tweedmouth F.D.
9529,TWERTON,Twerton
9530,TWGWDLR,Tower Gateway DLR
9531,TWNMEDW,Town Meadow
9532,TWOMBTM,Two Mile Bottom
9533,TWYF112,Twyford SIG TR112
9534,TWYF307,Twyford Sig TR307
9535,TWYFDW,Twyford West
9536,TWYFORD,Twyford
9537,TYCROES,Ty Croes
9538,TYEGRNJ,Tye Green Junction
9539,TYGLAS,Ty Glas
9540,TYGWYN,Tygwyn
9541,TYLORTN,Tylorstown
9542,TYNDRCE,Upper Tyndrum C.E.
9543,TYNDRML,Tyndrum Lower
9544,TYNDRMU,Upper Tyndrum
9545,TYNE176,TYNE YARD SIGNAL 176
9546,TYNE193,Tyne Yard Sig T193
9547,TYNEMTH,Tynemouth (Metro)
9548,TYNEVIR,Tyne Yard Virtual Q&T
9549,TYNEY,Tyne S.S.
9550,TYNEYD,Tyne Yard T.M.D.
9551,TYNSCFD,Tyneside T.C.
9552,TYNSJBJ,St. James Bridge Jn
9553,TYSL,Tyseley
9554,TYSLRWS,Allen Rowland Works
9555,TYSLSDG,Tyseley LMD
9556,TYSLSJ,Tyseley South Junction
9557,TYSLSTM,Tyseley Steam Trust
9558,TYSLTMD,Tyseley T.M.D.
9559,TYSLUDJ,Tyseley Up & Down Slow Jn
9560,TYSLUDS,Tyseley Up & Dwn Thro Sdgs
9561,TYSLYJM,Tyseley James Motor Co
9562,TYTHRNG,Tytherington
9563,TYWYN,Tywyn
9564,UCKFILD,Uckfield
9565,UDNGFHH,Viewpark Sdg Udngstn Lafrg
9566,UDNGSTN,Uddingston
9567,UDNGTNJ,Uddingston Jn
9568,UDNGVPK,Viewpark Sdgs
9569,UFNGTN,Uffington
9570,UFTNXGL,Ufton Crossing Goods Loop
9571,UHALIFD,Upper Halliford
9572,UIGG,Uig
9573,ULCE120,Ulceby Sig UJ120
9574,ULCEBY,Ulceby
9575,ULCENJ,Ulceby North Junction
9576,ULCESJ,Ulceby South Junction
9577,ULESKLF,Ulleskelf
9578,ULLAPOL,Ullapool
9579,ULVRSTN,Ulverston
9580,UMBRLGH,Umberleigh
9581,UNIV,University (Sunderland)
9582,UNVRSYB,University
9583,UPHALL,Uphall
9584,UPHILLJ,Uphill Jn
9585,UPHOLND,Upholland
9586,UPMN852,Upminster Signal UR852
9587,UPMNLT,Upminster L.T.
9588,UPMNSDG,Upminster Tamper Siding
9589,UPMNSP6,Upminster
9590,UPMNSTR,Upminster
9591,UPRHCES,Upper Holloway CE Siding
9592,UPRHLWY,Upper Holloway
9593,UPRHUGL,Upper Holloway Up Gds Loop
9594,UPTNLOV,Upton Lovell
9595,UPTON,Upton
9596,UPWEY,Upwey
9597,URMSTON,Urmston
9598,USAN,Usan
9599,UTOXBLC,Bramshall LC
9600,UTOXDGL,Uttoxeter Down Goods Loop
9601,UTOXDLC,Dovefields LC
9602,UTOXENG,Uttoxeter Engineers Sdg
9603,UTOXETR,Uttoxeter
9604,UTOXSB,Uttoxeter Signal Box
9605,UWRLNGH,Upper Warlingham
9606,VALADOL,Valladolid
9607,VALENYD,Valenton Yard
9608,VALLEY,Valley
9609,VALLYNE,Valley Nuclear Electric
9610,VALNCIA,Valencia
9611,VAUXHAL,Vauxhall (X)
9612,VAUXHLM,Vauxhall
9613,VAUXHLW,Vauxhall
9614,VAXHALM,Vauxhall (Merseyrail)
9615,VICT10,Victoria Platform 10
9616,VICT11,Victoria Platform 11
9617,VICT12,Victoria Platform 12
9618,VICT13,Victoria Platform 13
9619,VICT14,Victoria Platform 14
9620,VICT15,Victoria Platform 15
9621,VICT16,Victoria Platform 16
9622,VICT17,Victoria Platform 17
9623,VICT18,Victoria Platform 18
9624,VICT19,Victoria Platform 19
9625,VICT35,Victoria Signal VS35
9626,VICT45,Victoria Signal VS45
9627,VICT47,Victoria Signal VS47
9628,VICT808,Victoria Signal VS808
9629,VICT9,Victoria Platform 9
9630,VICTBAL,Victoria (Ballast)
9631,VICTCRB,Victoria Carriage Rd Bdge
9632,VICTCRS,Victoria Carr Rd Sth
9633,VICTCS,Victoria C.H.S.
9634,VICTGCS,Victoria Grovenor Shed
9635,VICTGEE,Victoria Grosvenor ENT - EXT
9636,VICTRCR,Victoria Carriage Road
9637,VICTRIA,London Victoria (placeholder)
9638,VICTRIC,London Victoria (C)
9639,VICTRIE,London Victoria
9640,VITTARL,Vittuone-Arluno
9641,VNTNRBS,Ventnor Bus Terminal
9642,VOLTRDJ,Voltaire Road Jn.
9643,VRGN491,Virginia Water Sig.F491
9644,VRGNWTR,Virginia Water
9645,VTRLWKS,Vitriol Works
9646,VXHLJN,Vauxhall Jn (West Mid)
9647,WAANFLD,Walton & Anfield
9648,WACB,Bank (City)
9649,WACRDAL,Whitacre Down Arley Loop
9650,WACRJN,Whitacre Jn
9651,WACRTS,Whitacre Tamper Sidings
9652,WACW,Waterloo (Waterloo & City)
9653,WACWCHS,Waterloo (W.& C.) C.H.S.
9654,WADDON,Waddon
9655,WADH32D,Wadhurst-Opp PE432 Down
9656,WADH3XO,Wadhurst No 3 Xover
9657,WADH425,Wadhurst Sig PE425
9658,WADH432,Wadhurst Sig PE432
9659,WADHRST,Wadhurst
9660,WADHTLS,Wadhurst Tunnel South
9661,WADHUSD,Wadhurst Up Sidings
9662,WADSLYB,Wadsley Bridge Recp.
9663,WAESIDE,Waterside
9664,WAINFLT,Wainfleet
9665,WALAGRD,Wallasey Grove Road
9666,WALASYV,Wallasey Village
9667,WALERTN,West Allerton
9668,WALHAMX,Waltham Cross
9669,WALKDEN,Walkden
9670,WALLYFD,Wallyford
9671,WALMER,Walmer
9672,WALNGTN,Wallington
9673,WALRSAL,Wallers Ash Loop
9674,WALSALL,Walsall
9675,WALSBLI,Walsall Mid Yd BLI Cement
9676,WALSESD,Walsall Tamper Sidings
9677,WALSFT,Walsall Freight Terminal
9678,WALSPDC,Walsall Tasker Street PDC
9679,WALSPJ,Pleck Jn
9680,WALSRJN,Ryecroft Jn
9681,WALSTSD,Walsall Brook Through Sdgs
9682,WALT207,Walton Jn Signal 207
9683,WALT208,Walton Jn Signal 208
9684,WALTONJ,Walton Jn
9685,WALTONM,Walton (Merseyside)
9686,WANB199,Wanborough Signal GD942
9687,WANBRO,Wanborough
9688,WANDCMN,Wandsworth Common
9689,WANSFD,Wansford
9690,WANSYML,Yarwell Mill (Nene Valley)
9691,WANTMPL,Wantage Market Place
9692,WANTRD,Wantage Road
9693,WAPPING,Wapping
9694,WARCOP,Warcop
9695,WARE,Ware
9696,WARGRAV,Wargrave
9697,WARH17,Wareham Signal WR17
9698,WARH22,Wareham Signal WR22
9699,WARH242,Wareham Signal PW5242
9700,WARHAM,Wareham
9701,WARHDS,Wareham Down Siding
9702,WARHUS,Wareham Up Sidings
9703,WARNHAM,Warnham
9704,WARSOPJ,Warsop Jn
9705,WARSPUS,Warsop Up Sdgs
9706,WARWICK,Warwick
9707,WARWPWY,Warwick Parkway
9708,WARWUNI,Warwick University
9709,WASHFRD,Washford
9710,WATBECH,Waterbeach
9711,WATCHET,Watchet (West Somerset Ry)
9712,WATERFD,Waterford
9713,WATFDHS,Watford High Street
9714,WATFDJ,Watford Junction
9715,WATFDN,Watford North
9716,WATFDNJ,Watford North Jn
9717,WATFDY,Watford Yard
9718,WATFJCS,Watford TIP Sdgs
9719,WATFJDC,Watford Jn DC lines
9720,WATFJSJ,Watford Jn South Jn
9721,WATFLUL,Watford LUL
9722,WATLGTN,Watlington
9723,WATLMR6,Watlington Signal MR6
9724,WATONAS,Watton-at-Stone
9725,WATR,London Waterloo (X)
9726,WATR030,London Waterloo Sig W1030
9727,WATR912,Waterloo Signal W912
9728,WATRBAL,Waterloo (Ballast)
9729,WATRCHS,Waterloo C.H.S.
9730,WATRCLJ,Carlisle Lane Jn
9731,WATRINT,London Waterloo (Int)
9732,WATRLLT,Waterloo L.T.
9733,WATRLMN,London Waterloo (Main)
9734,WATRLOO,London Waterloo
9735,WATRLOW,London Waterloo
9736,WATSTND,Whatstandwell
9737,WATTEN,Watten
9738,WAUNGRN,Waun-gron Park
9739,WBLYTHR,West Blyth Recp.
9740,WBORO,Woodborough
9741,WBRMPTN,West Brompton
9742,WBRNGBF,Westbourne Park (GBRF)
9743,WBTNADV,West Burton PS (ADVENZA)
9744,WBTNCW,W.Burton Mainline C&W
9745,WBTNEJ,West Burton East Jn
9746,WBTNFAS,West Burton Flyash Sdgs
9747,WBTNFHH,West Burton PS (FHH)
9748,WBTNGBF,West Burton PS (GBRF)
9749,WBTNPS,West Burton Power Station
9750,WBTNRUG,West Burton Rugby Ash
9751,WBTNWJ,West Burton West Jn
9752,WBYFLET,West Byfleet
9753,WCAL994,West Calder Sig EJ994
9754,WCALDER,West Calder
9755,WCALDRS,West Calder Dn Refuge Sdg
9756,WCHAPEL,Whitechapel
9757,WCHR,Whitchurch (Shropshire)
9758,WCHRDLC,Darlingtons LC
9759,WCHSHRJ,West Cheshire Jn
9760,WCITYSD,White City Rev Sdg
9761,WCKENBY,Wickenby S.B.
9762,WCKHMMR,Wickham Market
9763,WCKWART,Wickwar Tunnel
9764,WCLIFF,Westcliff
9765,WCOMBEP,Westcombe Park
9766,WCRO041,West Croydon Signal T1041
9767,WCRO048,West Croydon Signal T1048
9768,WCROYDN,West Croydon
9769,WCROYTB,West Croydon Turnback
9770,WDBDGBS,Wadebridge Bus Station
9771,WDBRNJN,Woodburn Jn
9772,WDEN,Walsden
9773,WDGR920,Woodgrange Park Sig L920
9774,WDGRNPK,Woodgrange Park
9775,WDHAMFR,South Woodham Ferrers
9776,WDHOEWS,Woodhouse Jn Sidings DBS
9777,WDHOFHH,Woodhouse Junc Sdgs (FHH)
9778,WDHOUSE,Woodhouse
9779,WDHOUSJ,Woodhouse Jn
9780,WDLESFD,Woodlesford
9781,WDLNDSR,Woodlands Road
9782,WDLYHI,Woodley (Hunters Inn)
9783,WDMNSTR,Woodmansterne
9784,WDND,Wood End
9785,WDND478,Wood End Signal TB3478
9786,WDNLUL,Wimbledon L.U.L.
9787,WDNPK,Wimbledon Park
9788,WDNSBRY,Wednesbury
9789,WDNYMNR,Widney Manor
9790,WDON,Wimbledon
9791,WDON101,Wimbledon Signal W1101
9792,WDON105,Wimbledon Signal W1105
9793,WDON135,Wdon Pk D No.1 UCS
9794,WDON181,Wimbledon Signal W181
9795,WDONCHS,Wimbledon C.H.S.
9796,WDONCSD,Wimbledon Park C.S.D.
9797,WDONDEX,W'Don Dpt Earlsfield Exit
9798,WDONDHX,W'Don Dpt Staff Halt Exit
9799,WDONDPX,W'Don Dpt Wimbledn Pk Exit
9800,WDONDSX,W'Don Dpt Wimbldn Stn Exit
9801,WDONDWX,W'Don Dpt Washer Road Exit
9802,WDONEDP,East Wimbledon
9803,WDONEMU,Wimbledon E.M.U.D.
9804,WDONPDS,Wimbledon Park Depot Sidings
9805,WDONSS,Wimbledon South C.H.S.
9806,WDONTC,Wimbledon T.C.
9807,WDONWJ,Wimbledon West Jn
9808,WDRNEX,Widdrington Exchange Sdgs
9809,WDRNGBF,Widdrington Opencast GBRF
9810,WDRNGTN,Widdrington
9811,WDRNNOP,Widdrington Opencast
9812,WDRYARC,West Drayton A.R.C.
9813,WDRYCCD,W. Drayton Coal Con Depot
9814,WDRYE,West Drayton East
9815,WDRYGBF,West Drayton T.C. (GBRF)
9816,WDRYJN,West Drayton Jcn
9817,WDRYLAF,West Drayton Lafarge
9818,WDRYTC,West Drayton T.C.
9819,WDRYTON,West Drayton
9820,WDRYUGL,West Drayton Up Goods Loop
9821,WDST,Wood Street
9822,WDULCRD,West Dulwich - Croxted Rd
9823,WDULWCH,West Dulwich
9824,WDWTOWN,Wandsworth Town
9825,WEALCE,West Ealing ISU (CE)
9826,WEALING,West Ealing
9827,WEALINL,West Ealing Loop
9828,WEALINP,West Ealing Plasser Sdgs
9829,WEALJN,West Ealing Junction
9830,WEASTEJ,Weaste
9831,WEAVERJ,Weaver Jn
9832,WEAVUPL,Weaver Jn Up Pass Loop
9833,WEDGORB,Wedgwood Old Road Bridge
9834,WEDGWD,Wedgwood
9835,WEED200,Weedon Sig KR1200
9836,WEED201,Weedon Sig KR1201
9837,WEEDBAN,Banbury Lane LC
9838,WEEDBCE,Blisworth C.E. Sdgs
9839,WEEDBGF,Blisworth Ground Frame
9840,WEEDKGF,Kilsby G.F.
9841,WEEDON,Weedon
9842,WEEDSTO,Stow Hill Tunnel
9843,WEEDWEL,Welton
9844,WEEDWIL,Wilton Marina
9845,WEELEY,Weeley
9846,WEETON,Weeton
9847,WELHAMG,Welham Green
9848,WELHMXO,Marshmoor Crossover
9849,WELISOM,Wellington (Somerset) CE
9850,WELIXO,Wellington Somerset Xover
9851,WELLING,Welling
9852,WELNGTN,Wellington (Shropshire)
9853,WELSALC,Abermule LC
9854,WELSBUT,Buttington
9855,WELSFLC,Fron LC
9856,WELSHAN,Hanwood
9857,WELSHPL,Welshpool
9858,WELSPYC,Plas-Y-Court LC
9859,WELSRHY,Rhydwhimen L C
9860,WELSWBD,Westbury (Salop) Down
9861,WELSWBU,Westbury (Salop) Up
9862,WELSWBY,Westbury (Salop)
9863,WELSYOK,Yockleton
9864,WELTNBP,Welton B.P.
9865,WEMBGCJ,Great Central Junction
9866,WEMBLMD,Wembley LMD
9867,WEMBLSM,Wembley Stadium
9868,WEMBNEX,Wembley National Express
9869,WEMBYS,Wembley Turnback Siding
9870,WEMM,Wem
9871,WEMYSBJ,Wemyss Bay Jn
9872,WEMYSSB,Wemyss Bay
9873,WENDOVR,Wendover
9874,WENGTNX,Wennington Crossovers
9875,WENHNGR,Westenhanger
9876,WENHX,Westenhanger Crossovers
9877,WENNGTN,Wennington
9878,WENT602,Wentloog Signal C602
9879,WENTEWS,Wentloog Frht Trmnal (EWS)
9880,WENTLOG,Cardiff Wentloog IFT
9881,WENXTSE,Wells Next The Sea
9882,WESGTOS,Westgate-on-Sea
9883,WESSNCB,Woolley West Side RJB Mng
9884,WEST530,Westerton Sig YH530
9885,WEST533,Westerton Jn Sig YH533
9886,WEST534,Westerton Sig YH534
9887,WEST536,Westerton Jn Sig YH536
9888,WESTRTN,Westerton
9889,WETHCOR,Corby Gates SB
9890,WETHERL,Wetheral
9891,WETHOW,How Mill
9892,WEXFDOH,Wexford
9893,WEYB101,Weybridge Signal 101
9894,WEYB102,Weybridge Sig. WK1102
9895,WEYB212,Weybridge 212 Points
9896,WEYBDGB,Weybridge (B)
9897,WEYBDGE,Weybridge
9898,WEYBETC,Weybridge E.T.C.
9899,WEYBLE,Weybridge London End
9900,WEYM194,Weymouth Signal DR194
9901,WEYMJS,Weymouth Jersey Siding
9902,WEYMJSE,Weymouth Jersey Sdg Extn
9903,WEYMJUB,Weymouth Jubilee Sdg
9904,WEYMOCS,Weymouth C.H.S.
9905,WEYMOTL,Weymouth Tramway Line
9906,WEYMTH,Weymouth
9907,WEYMTHJ,Weymouth Jn
9908,WEYMTHQ,Weymouth Quay
9909,WFLD,Ipswich Field Sidings
9910,WGSTGPJ,Glen Parva Jn
9911,WGSTNNJ,Wigston North Jn
9912,WGSTNSJ,Wigston South Jn
9913,WGSTS,South Wigston
9914,WHAILES,Wester Hailes
9915,WHALLEY,Whalley
9916,WHALYBG,Whaley Bridge
9917,WHAM,West Ham
9918,WHAMHL,West Ham High Level
9919,WHAMLT,WEST HAM LT
9920,WHATFHH,Whatley Quarry F Liner HH
9921,WHATHAP,Hapsford Ground Frame
9922,WHATLYQ,Whatley Quarry
9923,WHCH,Whitchurch (Sth Glamorgan)
9924,WHELSTJ,Wheler Street Jn
9925,WHFD,Whitefield
9926,WHHL,Woodhall
9927,WHHRTLA,White Hart Lane
9928,WHHSJN,Whitehouse Jn
9929,WHIFGF,Whifflet Ground Frame
9930,WHIFLET,Whifflet
9931,WHIFLTL,Whifflet Loop
9932,WHIFLTN,Whifflet North Jn
9933,WHIFLTS,Whifflet South Jn
9934,WHIMPLE,Whimple
9935,WHINH,Whinhill
9936,WHISTON,Whiston
9937,WHITEHL,Whitehill
9938,WHITHVN,Whitehaven
9939,WHLA34,Whitland Signal W34
9940,WHLADS,Whitland down Sidings
9941,WHLAND,Whitland
9942,WHLE,Whitlock's End
9943,WHLE473,Whitlocks End Sig TB1473
9944,WHMDSTD,West Hampstead
9945,WHMP236,West Hampstead Signal 236
9946,WHMP467,West Hampstead Signal 467
9947,WHMP599,West Hampstead Signal 599
9948,WHMP601,West Hampstead Signal 601
9949,WHMP605,West Hampstead Signal 605
9950,WHMP617,West Hampstead Signal 617
9951,WHMPDCL,West Hampstead DCL
9952,WHMPNJN,West Hampstead North Jn
9953,WHMPSJN,West Hampstead South Jn
9954,WHMPSTM,West Hampstead Thameslink
9955,WHOLMSJ,West Holmes Jn
9956,WHORNDN,West Horndon
9957,WHRDJN,Whitehall Jn
9958,WHRDWRD,Leeds Whitehall Road
9959,WHSTBLE,Whitstable
9960,WHTBDGE,Whitley Bridge
9961,WHTBJCN,Eggborough Whitley Bdge Jn
9962,WHTBSDG,Whitley Bridge Sidings
9963,WHTCHRH,Whitchurch (Hants)
9964,WHTECAF,Cargo Fleet
9965,WHTEHSJ,Whitehouse Jn (Teesside)
9966,WHTLNGJ,Whitlingham Jn
9967,WHTLSEA,Whittlesea
9968,WHTLSER,Whittlesea Recp.
9969,WHTMEWS,Whitemoor L.D.C EWS
9970,WHTMGBF,Whitemoor L.D.C. GBRF
9971,WHTMGRP,Whitemoor Repair Pt GBRF
9972,WHTMJN,Whitemoor Jn
9973,WHTMLDC,Whitemoor Yard
9974,WHTSXSG,Whites Crossing Sdg
9975,WHTTON,Whitton
9976,WHTTONJ,Whitton Jn
9977,WHWDJN,Whitwood Jn
9978,WHWLDSB,Whitwell Derby S.B.
9979,WHWLL,Whitwell
9980,WHYTBUS,Whyteleafe South (A22)
9981,WHYTELF,Whyteleafe
9982,WHYTLFS,Whyteleafe South
9983,WICHBW,Barton & Walton
9984,WICHNRJ,Wichnor Jn
9985,WICK,Wick
9986,WICKGF,Wick G.F.
9987,WICKSDG,Wick Sdg ISU CE
9988,WIDNCJN,Widnes Carterhouse Jn S.B.
9989,WIDNES,Widnes
9990,WIDNSOT,Widnes P.S.Works (Zeneca)
9991,WIDNSTL,Widnes Tanhouse Ln (Blue C)
9992,WIDNTEU,Widnes Tanhouse (EP2)
9993,WIDNTMC,Widnes Tanhouse Ln(Tarmac)
9994,WIENNWB,Wien Nordwestbahnhof
9995,WIGA211,Wigan Wallgate Jn Sig 211
9996,WIGACAN,Wigan Canal Sidings
9997,WIGADCS,Wigan Wallgate Dn Car Sdg
9998,WIGADPL,Wigan N.W. D.P.L.
9999,WIGANBH,Wigan Boars Head G.F.
10000,WIGANDD,Wigan Diesel Depot TC
10001,WIGANNW,Wigan North Western
10002,WIGANSJ,Wigan Station Jn
10003,WIGANWL,Wigan Wallgate
10004,WIGASJN,Wigan South Jn
10005,WIGAWCS,Wigan Wallgate C.S.
10006,WIGAWSB,Wigan Wallgate SB
10007,WIGTON,Wigton
10008,WIGTROS,Rosewain L C
10009,WIGTWAV,Waver Viaduct
10010,WIKF515,Wickford Signal 5150
10011,WIKFDSD,Wickford Down Siding
10012,WIKFORD,Wickford
10013,WIKFUSD,Wickford Up Siding
10014,WILDJN,Willingdon Jn
10015,WILITON,Williton
10016,WILMCOT,Wilmcote
10017,WILNECT,Wilnecote
10018,WILT7,Wilton Junction Signal SY7
10019,WILTON,Wilton
10020,WILTONJ,Wilton Jn
10021,WILTSTH,Wilton South
10022,WIMB827,Wimbledon Signal VC827
10023,WIMBLDN,Wimbledon (C)
10024,WIMLCHS,Wimbledon Chase
10025,WINCHLS,Winchelsea
10026,WINCNEW,Winchelsea - New Inn
10027,WINCSEA,Winchelsea - Sea Road
10028,WINDSEC,Windsor & Eton Central
10029,WINERSH,Winnersh
10030,WINETGL,Winnersh Triangle
10031,WINWCKJ,Winwick Jn
10032,WISBBUS,Wisbech Bus Station
10033,WISBCHE,Wisbech East
10034,WISBECH,Wisbech
10035,WISHAW,Wishaw
10036,WISHAWC,Wishaw Central Jn
10037,WITEHIL,"Whitehill, Prince of Wales"
10038,WITH763,Witham Signal L763
10039,WITHAME,Witham
10040,WITHMDL,Witham Down Loop
10041,WITHMUL,Witham Up Loop
10042,WITHSDG,Witham Up Tamper Siding
10043,WITLEY,Witley
10044,WITNDLC,Decoy LC
10045,WITNGTN,Whittington
10046,WITOPRK,Witton Park
10047,WITTON,Witton
10048,WITYNE,Witney Market Place
10049,WIVENHO,Wivenhoe
10050,WKFLDCC,Wakefield K.Whithams Cobra
10051,WKFLDEJ,Wakefield East Jn
10052,WKFLDGL,Wakefield Kirkgate GD Loop
10053,WKFLDKG,Wakefield Kirkgate
10054,WKFLDWC,Wakefield W. Car Compounds
10055,WKFLDWG,Wakefield Westgate
10056,WKFLDWJ,Wakefield West Jn
10057,WKFLKST,Wakefield Kirkgate S&TE
10058,WKFLPSD,Wakefield Prison Sdgs
10059,WKFLWSJ,Wakefield Westgate Sth Jn
10060,WKILBRD,West Kilbride
10061,WKIR592,West Kirby Signal 592
10062,WKIR597,West Kirby Signal 597
10063,WKIRBY,West Kirby
10064,WKIRSD1,West Kirby Siding No 1
10065,WKIRSD2,West Kirby Siding No 2
10066,WKK1209,Wakefield West Sig: K1209
10067,WKK1211,Wakefield West Sig: K1211
10068,WKLW,Wicklow
10069,WKNT,Workington
10070,WKNT2SB,Workington Main No.2 SB
10071,WKNTBS,Workington (Bus Station)
10072,WKNTDJ,Derwent Jn
10073,WKNTDKS,Workington Docks (Cumb CC)
10074,WKNTDRL,Workington U.D.R.L.
10075,WKNTDRP,Workington Dks Repair DRS
10076,WKNTDRS,Workington Docks (DRS)
10077,WKNTFLR,Workington Docks (FLR)
10078,WKNTMBI,Moss Bay Ironworks
10079,WKNTNHS,Workington H.S.
10080,WKNTNYD,Workington Yard
10081,WLBCCLJ,Welbeck Colliery Jn
10082,WLBCFHH,Welbeck Colliery (FLHH)
10083,WLBCGBR,Welbeck Colliery (GBRF)
10084,WLBCKCL,Welbeck Colliery
10085,WLBCKRR,Welbeck Colliery Run Round
10086,WLDMILL,Wildmill
10087,WLDNGF,Woldingham Ground Frame
10088,WLDNGHM,Woldingham
10089,WLGFBAK,Wallingford Bakers Oven
10090,WLGFORD,Wallingford Market Place
10091,WLGFTWN,Wallingford Town Hall
10092,WLLNKJN,Wallneuk Junction
10093,WLLSPRI,"Wells, Princes Road"
10094,WLMR630,Woolmer Green Sig K630
10095,WLMRGRN,Woolmer Green Jn.
10096,WLMSDGL,Wilmslow D.G.L
10097,WLMSDRS,Wilmslow Down Rev Sdg
10098,WLMSL,Wilmslow
10099,WLMSUPS,Wilmslow Up Siding
10100,WLNDNJN,West London Junction
10101,WLNDNJW,West London Jn
10102,WLNGBDS,Wellingborough Down Siding
10103,WLNGBNJ,Wellingborough North Jn
10104,WLNGBRO,Wellingborough
10105,WLNGBUS,Wellingborough Up T.C.
10106,WLNGDGL,Wellingbro' Dn Goods Loop
10107,WLNGDSG,Wellingborough DS GBRf
10108,WLNGES,Wellingborough Engs Sdgs
10109,WLNGIRC,Irchester
10110,WLNGUSG,Wellingborough Up TC GBRf
10111,WLNTNON,Willington
10112,WLOE,London Waterloo (East)
10113,WLSD038,Willesden Signal 1038
10114,WLSD039,Willesden Signal 1039
10115,WLSD044,Willesden Signal 1044
10116,WLSD046,Willesden Signal 1046
10117,WLSD048,Willesden Signal 1048
10118,WLSD107,Willesden Sig WM623
10119,WLSD1DT,Wembley Signal WM781
10120,WLSD2DT,Willesden Brent U&D Goods2
10121,WLSD301,Willesden Sig 301 (Up DC)
10122,WLSD303,Willesden Signal 303
10123,WLSD31,Wembley Signal WM829
10124,WLSD34,Wembley Signal WM830
10125,WLSD41,Willesden Former WN31SIG
10126,WLSD811,Willesden Signal WM811
10127,WLSDBFL,Willesden Brent SDGS
10128,WLSDBLI,Willesden BLI Terminal
10129,WLSDBRG,Willesden Brent Sdgs GBRf
10130,WLSDBRN,Willesden Brent DRS
10131,WLSDBRS,Willesden Brent Sidings
10132,WLSDBSJ,Wembley Yard South Jn
10133,WLSDCE,Willesden Old Oak Sidings
10134,WLSDDST,Willesden Distillers Sdgs
10135,WLSDETG,Willesden Eurotermnal GBRF
10136,WLSDEUT,Willesden Euroterminal
10137,WLSDFFG,Willesden Ferrous Fr. GBRf
10138,WLSDFFS,Willesden Ferrous Fragment
10139,WLSDGBR,Willesden PRDC (GBRF)
10140,WLSDH48,Willsden Jn HL Sig NL 1048
10141,WLSDHLJ,Willesden H.L.J.
10142,WLSDHLS,Railnet Reception
10143,WLSDJHL,Willesden Jn. High Level
10144,WLSDJHT,Willesden Jn HL Turnback
10145,WLSDLDC,Willesden Jn LL Dn EMU C-O
10146,WLSDLLB,Willesden Jn L.L. Bay
10147,WLSDLUC,Willesden Jn LL Up EMU C-O
10148,WLSDNBJ,Willesden Sudbury Jn
10149,WLSDNFS,Willesden 'F' Sidings
10150,WLSDNJL,Willesden Jn Low Level
10151,WLSDNN7,Willesden No7
10152,WLSDNNJ,Willesden North Jn
10153,WLSDRMT,Willesden PRDC
10154,WLSDRRJ,Willesden Railnet Jn
10155,WLSDS23,Willesden Signal WS23
10156,WLSDSWE,Willesden SWS Engineers Sidings
10157,WLSDSWS,Willesden S.W.S.
10158,WLSDTMD,Willesden T.M.D
10159,WLSDWLJ,Willesden West Londn Jn
10160,WLTHQRD,Walthamstow Queen's Road
10161,WLTNCHP,Wilton C.H.P.
10162,WLTNFHH,Wilton Power Station (FHH)
10163,WLTNFLT,Wilton F.L.T.
10164,WLTNGBF,Wilton Power Station GBRf
10165,WLTNICI,Wilton I.C.I.
10166,WLTNMAR,Wilton Marcroft Eng
10167,WLTWCEN,Walthamstow Central
10168,WLVR,Wolverton
10169,WLVRLAR,Wolverton Lafarge Redland
10170,WLVRTCS,Wolverton Centre Sdgs
10171,WLVRTNW,Wolverton Works
10172,WLWY182,Welwyn GC Sig K182
10173,WLWY184,Welwyn GC Sig K184
10174,WLWYCSD,Welwyn G.C.C.S.D.
10175,WLWYNGC,Welwyn Garden City
10176,WLWYNGY,Welwyn G.C. F.D.
10177,WLWYNN,Welwyn North
10178,WLWYREV,Welwyn G.C. Rev. Sdgs.
10179,WMALING,West Malling
10180,WMBY,Wembley Central
10181,WMBYBNJ,Brent New Jn
10182,WMBYCSF,Wembley Carriage Sidings
10183,WMBYCSL,Wembley TC Carriage Sdgs
10184,WMBYDC,Wembley Central DC
10185,WMBYDRR,Wembley Signals WM827/829
10186,WMBYEFT,Wembley DBC Fan A & B
10187,WMBYHS,Wembley Loco Sidings
10188,WMBYICD,Wembley IC Depot
10189,WMBYURR,Wembley Signals WM929/931
10190,WMBYWHL,Wembley Wheel Lathe
10191,WMBYWLF,Wembley TC Wheel Lathe
10192,WMER,Windermere
10193,WMILTON,Weston Milton
10194,WMOR,Woodsmoor
10195,WMPHRAY,Wamphray G.F.
10196,WMWD,Williamwood
10197,WNCB947,Winchburgh Jn Signal EW947
10198,WNCBROJ,Winchburgh Jn
10199,WNCF102,Winchfield Signal BE5102
10200,WNCF103,Winchfield Signal BE5103
10201,WNCFETC,Winchfield E.T.C.
10202,WNCFICE,Winchfield Country End
10203,WNCFILD,Winchfield
10204,WNCFILE,Winchfield London End
10205,WNCHBUS,Winchester (Bus Station)
10206,WNCHRBS,Winchester Baltic Siding
10207,WNCHRHC,Winchester (R.H.C.Hosp)
10208,WNCHSTR,Winchester
10209,WNCOJN,Wincobank Jn.
10210,WNDMLBJ,Windmill Bridge Jn
10211,WNDSWRD,Wandsworth Road
10212,WNFRTHS,Winfrith Sdgs
10213,WNGTJN,Wooden Gate Jn.
10214,WNMHILL,Winchmore Hill
10215,WNORWDJ,West Norwood Junction
10216,WNORWOD,West Norwood
10217,WNOTLEY,White Notley
10218,WNSFD,Winsford
10219,WNSFDSB,Winsford S.B.
10220,WNSTDPK,Wanstead Park
10221,WNSUMJN,Wensum Junction
10222,WOBURNS,Woburn Sands
10223,WODBDGE,Woodbridge
10224,WODENDJ,Woodend Jn
10225,WOFERTN,Woofferton
10226,WOK1220,Woking Sig WK1220
10227,WOKI100,Woking Signal WK506
10228,WOKI119,Woking Signal WK167/369
10229,WOKI12P,Woking 2245 points
10230,WOKI201,Woking Signal WK1201
10231,WOKI203,Woking Signal WK 1203
10232,WOKI208,Woking Signal WK1208
10233,WOKI212,Woking Signal WK1212
10234,WOKI214,Woking Signal WK 1214
10235,WOKI218,Woking Signal WK1218
10236,WOKI220,Woking Signal WK1220
10237,WOKI608,Woking Signal WK608
10238,WOKI610,Woking Signal WK610
10239,WOKICHS,Woking C.H.S.
10240,WOKIDRP,Woking Down Recp
10241,WOKIEES,Woking East End Sidings
10242,WOKING,Woking
10243,WOKINGB,Woking Bay
10244,WOKINGJ,Woking Jn
10245,WOKINGY,Woking Down Yard
10246,WOKIUCS,Woking Up C.H.S.
10247,WOKIUYD,Woking Up Yard
10248,WOKIUYR,Woking Up Yard Recp.
10249,WOKIV28,Woking Signal WK507
10250,WOKIV57,Woking Signal WV57/8
10251,WOKIV84,Woking Signal WK1203
10252,WOKN14,Wokingham Signl WM14
10253,WOKN15,Wokingham Signal Wm15
10254,WOKNDS,Wokingham Down Siding
10255,WOKNGHM,Wokingham
10256,WOLEYCS,Woolley Coal Sdgs S.B.
10257,WOLLAST,Woolaston (Lydney)
10258,WOLSETC,Woolston Emer Trail Xover
10259,WOLSTON,Woolston
10260,WOLWCDY,Woolwich Dockyard
10261,WOLWCHA,Woolwich Arsenal
10262,WOMBWEL,Wombwell
10263,WONNAZE,Walton-on-the-Naze
10264,WONT,Walton-on-Thames
10265,WOODLEY,Woodley
10266,WOOL,Wool
10267,WOOL255,Wool Signal PW5255
10268,WOOL264,Wool Signal PW5264
10269,WOOL659,Wool Signal PW5659
10270,WOOLFHH,Wool M.O.D. Siding FLHH
10271,WOOLMOD,Wool M.O.D. Siding
10272,WOOLS1,Wool Signal S1
10273,WOOLS11,Wool Signal 11
10274,WORC34,Worcester Signal TJ34
10275,WORCBRD,Worcester Back Road
10276,WORCCE,Worcester ISU (CE)
10277,WORCHER,Worcester Hereford Siding
10278,WORCLS,Worcester S.H. Long Sdg
10279,WORCMSD,Worcester Middle Siding
10280,WORCMSH,Worcs Middle Sdg Headshunt
10281,WORCS52,Worcs Shrub Hill Sig 52
10282,WORCS54,Worcester Signal 54
10283,WORCS59,Worcs Shrub Hill Sig 59
10284,WORCS67,Worcester Signal 67
10285,WORCSCS,Worcester L.M.D.
10286,WORCSFS,Worcester Foregate Street
10287,WORCSMB,Worcester Metal Box
10288,WORCSSH,Worcester Shrub Hill
10289,WORCSY,Worcester T.C.
10290,WORCT58,Worcester Tun Jn Sig 58
10291,WORCTJN,Tunnel Jn
10292,WORCWLJ,Wylds Lane Jn
10293,WORGRTJ,Worgret Jn
10294,WORK260,Worksop Signal WP260
10295,WORK621,Worksop SIG WP621
10296,WORKDAV,Worksop FD Davis & Son
10297,WORKGBF,Worksop Reception (GBRF)
10298,WORKLIP,Worksop Loco Holding Sdg
10299,WORKMGR,Worksop M.G.R. Depot
10300,WORKPFD,Worksop F.D.
10301,WORKROC,Worksop Rockware Glass
10302,WORKSDY,Worksop Down Yard
10303,WORKSOP,Worksop
10304,WORKSPE,Worksop East S.B.
10305,WORKSPS,Worksop Down Reception
10306,WORKSPW,Worksop West S.B.
10307,WORKSUR,Worksop Up Receptions
10308,WORKSUY,Worksop Up Yard
10309,WORKWRD,Worksop W.R.D.
10310,WORLE,Worle
10311,WORLEJ,Worle Jn
10312,WORSTED,Worstead
10313,WORT201,Worthing Signal LG201
10314,WORTHNG,Worthing
10315,WOTONWN,Wootton Wawen
10316,WRABNES,Wrabness
10317,WRAWBYJ,Wrawby Jn
10318,WRBLNGT,Warblington
10319,WRCS2,Worcester Park No. 2 Crossover
10320,WRCSTRP,Worcester Park
10321,WRDLFHH,Wardley Opencast DP (FHH)
10322,WRDLRJB,Wardley RJB Mining
10323,WRENBRY,Wrenbury
10324,WRENMG,Marley Green LC
10325,WRENRF,Reeds Farm LC
10326,WRESSLE,Wressle
10327,WREXCV,Cefn Viaduct
10328,WREXESB,Wrexham Exchange Junction
10329,WREXGUB,Wrexham General Up Bay
10330,WREXHMC,Wrexham Central
10331,WREXHMG,Wrexham General
10332,WREXHMN,Wrexham North
10333,WREXROS,Rossett LC
10334,WRGLFHH,LATCHFORD SDGS (FLHH)
10335,WRGT,Warrington Central
10336,WRGTCCS,Warrington Central C.S.
10337,WRGTNBQ,Warrington Bank Quay
10338,WRGTNCL,Warrington N.C.L. Sdgs
10339,WRGTNHS,Warrington H.S.
10340,WRGTRM2,Warrington Royal Mail (GB)
10341,WRGTRMT,Warrington Royal Mail (EW)
10342,WRGTRTS,Warrington Refuse T.S.
10343,WRGTWOJ,Walton Old Jn.
10344,WRGTWOM,Walton Old Jn.M.S.C.Sdgs
10345,WRGTWON,Walton Old N.Y.
10346,WRGTWOY,Walton Old Jn Yard
10347,WRGWOJN,Walton Canal Sidings FHH
10348,WRKALT,Warwick Avenue LT
10349,WRMNBGF,Beechgrove GF
10350,WRMNBGS,Warminster Army (MOD) Sdgs
10351,WRMNSTR,Warminster
10352,WRMNUS,Warminster Up Siding
10353,WRNGRMT,Peterborough Royal Mail
10354,WRNGSJD,St. James Deeping
10355,WRNGTNJ,Werrington Jn
10356,WRNTGBR,WRENTHORPE GBRF
10357,WRNTHPS,Wrenthorpe Recp.
10358,WRNTHRP,Wrenthorpe RP GBRF
10359,WROXHAM,Hoveton & Wroxham
10360,WROXHMR,Wroxham Recp.
10361,WRPLSDN,Worplesdon
10362,WRTINGJ,Worting Jn
10363,WRUI579,West Ruislip Signal ME579
10364,WRUI594,West Ruislip Signal ME594
10365,WRUICE,West Ruislip ISU (CE)
10366,WRUIGBR,West Ruislip LUL Dept GBRF
10367,WRUIGJN,Ruislip Gardens Junction
10368,WRUILUL,West Ruislip L.U.L. Depot
10369,WRUISLP,West Ruislip
10370,WRUNTON,West Runton
10371,WRWCKRD,Warwick Rd for Old Trffrd
10372,WRYSBRY,Wraysbury
10373,WSBG,Welshs Bridge
10374,WSBRNRJ,Westbourne Road Junction
10375,WSHFORD,Wishford
10376,WSHWDH1,Washwood Heath West Jn
10377,WSHWDHC,Washwood Heath C.C.E.
10378,WSHWDHR,Washwood Heath R.M.C.
10379,WSHWDLS,Washwood Heath LSRD26
10380,WSHWGBR,Washwood Heath RMC GBRF
10381,WSHWHDS,Washwood Heath Down Sdgs
10382,WSHWHEJ,Washwood Heath East Jn
10383,WSHWHMC,Washwood Heath Met.Cammel
10384,WSHWHPK,Washwood Heath Heartlands
10385,WSHWHRS,Washwood Heath CE Siding
10386,WSHWHUS,Washwood Heath Up Sidings
10387,WSHWUGL,Washwood Heath Up Goods Loop
10388,WSHWWRP,Heartlands Park WRP
10389,WSLE,West St.Leonards
10390,WSLKBNJ,West Sleekburn Jn
10391,WSLKWXJ,Winning Crossing Junction
10392,WSMARE,Weston-super-Mare
10393,WSORAER,Windsor & Eton Riverside
10394,WSTB105,Westbury Sig. W105
10395,WSTB753,Westbury Ground Signal 753
10396,WSTBCE,Westbury ISU (CE)
10397,WSTBDHS,Westbury Down TC Headshunt 
10398,WSTBDRC,Westbury Down Recp
10399,WSTBDS,Westbury DMU Sidings
10400,WSTBDTS,Westbury Down Trowbridge Sidings
10401,WSTBLAF,Westbury Tarmac
10402,WSTBLIP,Westbury L.I.P.
10403,WSTBRDY,Westbury Down T.C.
10404,WSTBRUY,Westbury Up T.C.
10405,WSTBRYW,Westbury
10406,WSTBSTA,Westbury Station Approach
10407,WSTBURC,Westbury Up Recp
10408,WSTBYCW,Westbury Cement Works
10409,WSTFELD,Westfield Opencast
10410,WSTFKLG,Kinglassie Loading Pad
10411,WSTG732,Westbury Ground Pos W732
10412,WSTHOMB,Westhoughton Metal Box
10413,WSTHOTN,Westhoughton
10414,WSTLCE,Westerleigh ISU (CE)
10415,WSTLGHJ,Westerleigh Jn
10416,WSTLGHM,Westerleigh Murco
10417,WSTLRTS,Westerleigh A.C.C. R.T.S
10418,WSTNSD,Waterston Sdgs
10419,WSTRFLD,Westerfield
10420,WSTSKD,Skeddoway
10421,WSTSTRT,West Street
10422,WSUTTON,West Sutton
10423,WTBY,Whitby
10424,WTCR,Whitecraigs
10425,WTFDSJN,Watford South Jn - (Met)
10426,WTHH,Wath
10427,WTHRCKJ,West Thurrock Jn
10428,WTHRCKS,West Thurrock Sidings
10429,WTHRFHH,West Thurrock Sidings FHH
10430,WTLEDGL,Whittlesford Down Goods Loop
10431,WTLEFDR,Whittlesford Recp.
10432,WTLESFD,Whittlesford Parkway
10433,WTLN,Watery Lane
10434,WTLYWXO,Wortley West Crossover
10435,WTNBGF,Wooton Bassett Ground Frame
10436,WTNBHST,Wootton Bassett High Street
10437,WTNBSFY,Wootton Bassett Fostr Ymn
10438,WTNBSTJ,Wootton Bassett Jn
10439,WTNTNOD,Whittington Oil Depot
10440,WTRNGBY,Wateringbury
10441,WTRNHF,Wateringbury Hop Farm
10442,WTRORTN,Water Orton
10443,WTRORWJ,Water Orton West Jn
10444,WTRSHMR,Wittersham Road
10445,WVCTJN,Wolvercote Jn
10446,WVLEBUS,Waterlooville (Precinct)
10447,WVLSFLD,Wivelsfield
10448,WVRM118,Wolverhampton Sig 118
10449,WVRM294,Wolverhampton Sig WS1294
10450,WVRM300,Wolverhampton Sig WS1300
10451,WVRM66,Wolverhampton Sig 66
10452,WVRM71,Wolverhampton Sig  WN71
10453,WVRM74,Wolverhampton Sig 74
10454,WVRMCS,Wolverhampton C.S.
10455,WVRMCY,Wolverhampton Coal Yard
10456,WVRMHTJ,Heath Town Jn
10457,WVRMPTN,Wolverhampton
10458,WVRMSRJ,Stafford Rd Jn
10459,WVRMTNJ,Wolverhampton North Jn
10460,WVRMTST,Wolverhampton Steel Term
10461,WVRTREJ,Wavertree Jn
10462,WVRTRPD,Wavertree P.C.D.
10463,WVRTTEC,Wavertree Technology Park
10464,WWICKHM,West Wickham
10465,WWODVIL,Westwood Village
10466,WWRTHND,West Worthing Shed
10467,WWRTHNG,West Worthing
10468,WWRTMS,West Worthing Middle Sdg
10469,WYBN,Weybourne
10470,WYEE,Wye
10471,WYEVJGF,Wye Valley Jn G.F.
10472,WYGN,Wylde Green
10473,WYLAM,Wylam
10474,WYLYAHB,Wylye AHB
10475,WYLYGF,Wylye Ground Frame
10476,WYMN32,WYMONDHAM SIGNAL W32
10477,WYMN35,Wymondham Signal W35
10478,WYMNDHM,Wymondham
10479,WYMNDLA,Wymondham Lane
10480,WYMNFHH,Wymondham FHH
10481,WYMONDS,Wymondham Sidings
10482,WYREVIA,Wyre Viaduct
10483,WYTH,Wythall
10484,YAAM,Yarm
10485,YALDING,Yalding
10486,YARHSWY,Yarmouth Slipway
10487,YARMCHS,Yarmouth C.H.S.
10488,YARMCMD,Yarmouth Car M.D.
10489,YARMREC,Yarmouth Recp.
10490,YARMTH,Great Yarmouth
10491,YATE,Yate
10492,YATEMDL,Yate Middle
10493,YATES,Yate South
10494,YATLHL,Yateley (Handford Lane)
10495,YATLMP,Yateley (Manor Park)
10496,YATLSSC,Yateley (St Swithun's Church)
10497,YATLVL,Yateley (Vigo Lane)
10498,YATTGF,Yatton Ground Frame
10499,YATTON,Yatton
10500,YATTONL,Yatton Loop
10501,YEOFORD,Yeoford
10502,YMTHIOW,Yarmouth (I.O.W.)
10503,YNYSWEN,Ynyswen
10504,YOKER,Yoker
10505,YOKERCS,Yoker C.S.
10506,YOKERRD,Rothesay Dock
10507,YORK,York
10508,YORK241,York Sig Y241
10509,YORK246,York Sig Y246
10510,YORK252,York Yard North RS Sig 252
10511,YORKAFL,York Arival FLHH
10512,YORKBOT,Bootham
10513,YORKCON,York Concrete Yd ISU (CE)
10514,YORKCRW,York Thrall Europa
10515,YORKCSH,Castle Howard
10516,YORKECP,Eden Camp
10517,YORKEGT,York Engineers Traingle
10518,YORKEY,York Engineers Yard
10519,YORKFAS,York GR Shed
10520,YORKFHH,York Holgate Siding (FLHH)
10521,YORKFLM,Flamingo Land
10522,YORKGBF,York Holgate Siding (GBRf)
10523,YORKHAX,Haxby
10524,YORKHLG,York Loop (Holgate)
10525,YORKHLJ,York Holgate Jcn
10526,YORKLIP,York Fuelling Point
10527,YORKNRA,York Warehouse NRM Annexe
10528,YORKNRM,York N.R.M.
10529,YORKPCK,Pickering Eastgate
10530,YORKPSG,York Parcels Sidings
10531,YORKPSP,York Parcel Spur
10532,YORKSCA,York Scarborough Bridge Jn
10533,YORKSTB,Strensall SB
10534,YORKTPE,York Siemens Trans Systems
10535,YORKUPA,York Up Arrivals FHH
10536,YORKURS,York R.S. (Up Recp.)
10537,YORKWHT,Whitby Bus Station
10538,YORKWRD,York EWS Stabling Point
10539,YORKYN,York Yard Nth R.S.
10540,YORKYNF,York Yard North (FLHH)
10541,YORKYS,York Yard Sth S.S.
10542,YORKYSF,York Yard South (FHH)
10543,YORKYSJ,York Yard South Jn
10544,YORTON,Yorton
10545,YOVI23,Yeovil Junction Signal YJ23
10546,YOVI25,Yeovil Jn. Sig.YJ25
10547,YOVI721,Yeovil Jn Signal 4721
10548,YOVI723,Yeovil Jn Signal 4723
10549,YOVI753,Yeovil Jn Signal 4753
10550,YOVIJDP,Yeovil Jn Dn Main Platform
10551,YOVIJDS,YEOVIL DN SDGS 1&2
10552,YOVIJMS,Yeovil Jn Down Main Sdg
10553,YOVIJS,Yeovil Junction Sidings
10554,YOVILBS,Yeovil Bus Station
10555,YOVILCD,Yeovil Jn Coal Depot
10556,YOVILJN,Yeovil Junction
10557,YOVILJS,Yeovil Junction Station
10558,YOVILPE,Yeovil Pen Mill (X)
10559,YOVILPM,Yeovil Pen Mill
10560,YOVILPS,Yeovil Pen Mill Station
10561,YOVIYJ5,Yeovil Jn. Sig.YJ5
10562,YRDLYWD,Yardley Wood
10563,YSTRADM,Ystrad Mynach
10564,YSTRBWD,Blackwood
10565,YSTRDMN,Ystrad Mynach North
10566,YSTRDMS,Ystrad Mynach South
10567,YTMNSTR,Yetminster
10568,YTRHOND,Ystrad Rhondda
10569,YTRHPEN,Penrhys
10570,YWAYNJN,York Way North Jn
10571,YWAYSJN,York Way South Junction
10572,10584,South Yorkshire Junction
10573,STAPLFD,Toton North Jn
10574,10601,Copley Hill East Jn
10575,10605,Conisbrough Up Loop
10576,FRCKLCL,Frickley RJB
10577,10607,Weston
10578,10608,Berrylands Junction
10579,ALBNHRC,Albany Park Hurst Road
10580,ALDW077,Aldwarke Jn S1077
10581,ALDWLOS,Aldwarke Limit Of Shunt
10582,ALFREMD,E Mids Designer Outlet
10583,ANGRGBR,Angerstein Wharf (GBRf)
10584,APERLYB,Apperley Bridge
10585,ASHF661,Ashford Signal 661
10586,ASKAM6,Askam Signal AM6
10587,AVON4,Avonmouth Sig SA4
10588,AVONGBR,Avonmouth West Wharf GBRf
10589,BARAGBR,Barassie Yard GBRf
10590,BCSTDRL,Bicester Depot-GL-RR
10591,BCSTDWJ,Bicester Depot West Jn
10592,BCSTGJN,Bicester Gavray Juncton
10593,BCSTSJ,Bicester South Junction
10594,BEGHT28,Westhorpe (Beighton) S1028
10595,BEGHT29,Westhorpe (Beighton) S1029
10596,BEGHT30,Westhorpe (Beighton) S1030
10597,BEGHT33,Westhorpe (Beighton) S1033
10598,BEGHT34,Westhorpe (Beighton) S1034
10599,BERMPRK,Bermuda Park
10600,BKDLSDG,Birkdale Sidings
10601,BLTCWER,Bletchley Water Eaton Rd
10602,BLTNLOS,Bolton-Upon-Dearne LOS
10603,BNBR09,Banbury Signal 09
10604,BNDO063,Brandon Signal EN8063
10605,BRHL003,Barrow Hill Signal 1003
10606,BRHLGBR,Barrow Hill Up SDGs No 4 GBRF
10607,BRHLLOS,Barrow Hill Limit Of Shunt
10608,BRHLRS4,Barrow Hill Reception 4
10609,BRHLSGL,Barrow Hill Staveley GDSLP
10610,BRSS533,Bristol TM Sig 533
10611,BRWHGLJ,Green Lane Jn (PTA Boundary)
10612,BSCTUDS,Up Dudley Siding
10613,BTNUN56,Barton GPL DY56
10614,BTNUN57,Barton GPL DY57
10615,BTSDN1R,Brightside No1 Reception
10616,BTSDN2R,Brightside No2 Reception
10617,BURT141,Burton GPL DY141
10618,BURT146,Burton GPL DY146
10619,BURT151,Burton GPL DY151
10620,BURT163,Burton GPL DY163
10621,BURT165,Burton GPL DY165
10622,BURT172,Burton GPL DY172
10623,BURT97,Burton GPL DY97
10624,BWLDJN,Bowland Jn
10625,CAMBDNJ,Mill Road Jn
10626,CANKL55,Canklow S1055
10627,CANKL59,Canklow S1059
10628,CHDWHTT,Chadwell Heath Turnback
10629,CHFNNJN,Church Fenton North Jn
10630,CHNL168,Chinley Signal CY168
10631,CLCH013,Colchester Signal CO4013
10632,CLFHJN,Cliffe House DGL
10633,CMDN052,Camden Signal NL1052
10634,CNBKCRR,Colnbrook Colas Rail
10635,CNBKGBR,Colnbrook LaFarge GBRf
10636,CNBKSTB,Colnbrook Stop Board
10637,CONB125,Conisbrough S1125
10638,CONBNLS,Conisbrough North LOS
10639,CONBSLS,Conisbrough South LOS
10640,COTOGBR,Coton Hill TC GBRf
10641,COVAREN,Coventry Arena
10642,CRAWGBR,Crawley New Yard (GBRF)
10643,CRKLDNJ,Cricklewood Dep North Con
10644,CRKLDPS,Cricklewood South Sidings
10645,CRKLREC,Cricklewood North Rec Line
10646,CSTL30,Castleton Sig CE30
10647,CWLRDS,Cowlairs Down Sidings
10648,DERB622,Levington Signal CO622
10649,DIRFDR2,Daventry DRS (Tesco)
10650,DLTNDS,Darlington down sidings
10651,DNNG605,Dinnngton Sig WP605
10652,DNNG606,Dinnington Sig WP606
10653,DNSDCPG,Deanside c.p.a gbrf
10654,DONCLMD,Doncaster Up Decoy LMD
10655,DRAXD16,Drax PS Signal D16
10656,DRAXD17,Drax PS Signal D17
10657,DRCHGBR,Dorchester South SDG GBR
10658,DRKL128,Drakelow GPL DY128
10659,DULOE,Duloe (Causland)
10660,EBWVTN,Ebbw Vale Town
10661,EDALE16,Edale Signal EE16
10662,ELDRDBS,Eldrdbs
10663,ERLES31,Earles Sidings Sig ES31
10664,ESKBANK,Eskbank
10665,EUST610,Euston Sig WM610
10666,EWERSTJ,Ewer Street Junction
10667,EXETOY,Exeter Old Yd-WaggonersWay
10668,FARN383,Farnham 1383
10669,FILT645,Filton West Sig 645
10670,FOXTBRR,Barrington run road
10671,FOXTBUP,Barrington unloading pad
10672,FOXTDCR,Foxton DCR
10673,FOXTGBF,Foxton Exchange Sdgs GBRf
10674,FOXTRC,Foxton exchange sidings
10675,FRMPGBR,Ferme Park London Conc GBRf
10676,FRTW33,Fort William Sig 33
10677,FUSHBJN,Fushiebridge Jn
10678,GIRV26,Girvan Signal GV26
10679,GLBKJN,Galabank Jn
10680,GLOS446,Gloucester Ground Sig 446
10681,GLOS454,Gloucester Ground Sig 454
10682,GLOSTLS,Gloucester Loco Spur
10683,GOBOCHR,Gobowen Cambrian Railways
10684,GOREBRG,Gorebridge
10685,GRNBGBF,Greenburn GBRf
10686,GRNGCLR,Grangemouth Colas Rail
10687,GRNGMDR,Grangemouth TDG SDG (DRS)
10688,GRSTNGF,Garston Ground Frame
10689,GRVSFRY,Gravesend Town Pier
10690,GRVSWSP,Gravesend West Street Pier
10691,GSCGGBR,Gascoigne Wood Sdgs GBRf
10692,HAGT138,Harrogate Shunt Sig LH4138
10693,HALL055,Hall Road Signal 1055
10694,HAML218,Hamilton West Sig M218
10695,HBDN7,Hebden Bridge Sig HB7
10696,HEREF41,Hereford Sig 41
10697,HERT927,Hertford North GPL WL1927
10698,HEYMST,Heysham Port
10699,HGHNMPS,Merchant Park Sidings
10700,HITC666,Hitchin Signal K666
10701,HITC941,Hitchin East Jn Sig K941
10702,HITC945,Hitchin East Jn Sig K945
10703,HLNS643,Helensburgh Signal YC643
10704,HOOTSJN,Hoot South Junction
10705,HORSGBR,Horsham Up TC GBRF
10706,HRLWAIG,Harlow Mill AI GBRF
10707,HSFTTBS,Horsforth Turnback Sidings
10708,HTRWAPT,Heathrow Terminals 2 & 3
10709,HULLBIG,Hull Biomass GBRF
10710,ILKES,Ilkeston
10711,IMNG253,Immingham Signal 253
10712,IMNGHRR,Immingham Hit Headshunt RR
10713,IMNGLCR,Lindsey Oil Refinery COLAS
10714,IMNGLOF,Lindsey oil refinery (fl)
10715,IMNGRID,Immingham Dock (Ridleys)
10716,INELENC,Ince & Elton Encirc Works
10717,IPSW333,Ipswich Signal CO333
10718,JAMCOK,James Cook
10719,KGSGJN,Kings Gate Jn
10720,KLNH104,Kilnhurst S1104
10721,KLNH105,Kilnhurst S1105
10722,KLNH109,Kilnhurst S1109
10723,KLNHLOS,Kilnhurst Limit Of Shunt
10724,KNTN417,Knottingley Sig FE6417
10725,KNTN431,Knottingley Sig FE6431
10726,KRKSLFR,Kirkstall Forge
10727,KSTP9,Kirkby Stephen KS9
10728,KSTPURS,Kirkby Stephen URS
10729,LACKFHH,Lackenby SSI FHH
10730,LBRDFJN,Little Bridgeford Jn
10731,LEED606,Leeds Sig L3606
10732,LLNLDJE,Lanelli Dock Jn East
10733,LNGY972,Langley Jn Sig WL1972
10734,LNGY974,Langley Jn Sig WL1974
10735,LUTOGBR,Luton Crescent Road (GBRF)
10736,LWERHCF,Llanwern Tata Distbn HCF
10737,LYDN415,Lydney Signal 415
10738,LYDN416,Lydney Signal 416
10739,LYDN419,Lydney Signal 419
10740,LYDNDGL,Lydney Down Goods Loop
10741,LYDNUGL,Lydney Up Goods Loop
10742,MBRK955,Millbrook Sig E955
10743,MDLSDSG,Middlesbrough Dawson GBRf
10744,MEADLOS,Meadowhall Limit Of Shunt
10745,MEADW69,Meadowhall S1069
10746,MLNR8,Milner Royd Sig MR8
10747,MNTLGBR,Mantle Lane TC GBR
10748,MOSELDB,Mossend Yard LHS (DBS)
10749,MRLDJN,Moorland Road Junction
10750,MRSLSTC,Marseille St Charles
10751,NCRASJN,Newcraighall South Jn
10752,NEASCGB,Neasden Charrington GBRf
10753,NEASESG,Neasden engineers sdg GBRF
10754,NEATAGB,Neath Abbey Wharf GBRf
10755,NEWB831,Newbury Signal T6831
10756,NEWB844,Newbury Signal T6844
10757,NEWB865,Newbury Signal T2865
10758,NEWB867,Newbury Signal T2867
10759,NPLEIEP,North Pole IEP Depot
10760,NTHR419,Netherfield Gpl 419
10761,NTHWTGB,Northwich TC GBRf
10762,NWRK094,Newark Signal NN4094
10763,NWRKD83,Newark Signal D83
10764,NWRKNC5,Newark Castle Sig NC5
10765,NWTGRNG,Newtongrange
10766,OLDOENG,Old Oak Common Engine Siding
10767,OXFDWRJ,Woodstock Road Junction
10768,PARKGAT,Parkgate
10769,PBROWSG,Peterborough Washer Rd GBRF
10770,PENGGBR,Pengam Recepton Sdgs GBRf
10771,PENZS24,Penzance Signal 24
10772,PENZS26,Penzance Signal 26
10773,PENZS28,Penzance Signal 28
10774,PENZS3,Penzance Signal 3
10775,PILNDGL,Pilning Down Goods Loop
10776,PILNUGL,Pilning Up Goods Loop
10777,POOL210,Poole Sig PW5210
10778,PRIN171,Princes Risborough ME171
10779,PRSTCRR,COLAS Ribble Rail
10780,PRTCPHL,Phillips Loop
10781,PTBRGBR,Portbury Coal Terminal GBR
10782,PURLGBR,Purley Yard GBRf
10783,PYECRNR,Pye Corner
10784,QUAD070,Quadring Signal WS7070
10785,QUAD071,Quadring Signal WS7071
10786,RAINH57,Rainham Signal EK4157
10787,RAINHEJ,Rainham East Junction
10788,RDNG726,Reading Sig. T1726
10789,RDNG728,Reading Sig. T1728
10790,RDNG732,Reading Sig. T1732
10791,RDNGHLJ,Reading High Level Jn
10792,RDNGTCA,Reading Depot Entrance A
10793,RECTTCR,Rectory Jn (Colwick Colas)
10794,RENI026,Renishaw Park S1026
10795,RENILOS,Renishaw Park LOS
10796,ROTH068,Rotherham S1068
10797,ROTH071,Rotherham S1071
10798,ROTH072,Rotherham S1072
10799,RPLLEUR,Barking Eurohub (DBS)
10800,SCNTS20,Scunthorpe Signal S20
10801,SCNTSTS,Scunthorpe Station Sidings
10802,SHAL341,Shalford GD1341
10803,SHEFS52,Sheffield Signal S52
10804,SHEFS89,Sheffield Signal S89
10805,SHEFS91,Sheffield Signal S91
10806,SHEFS92,Sheffield Signal S92
10807,SHVN40,Stonehaven Signal SV40
10808,SHWFAIR,Shawfair
10809,SLIGHTJ,Searchlight Lane Jn
10810,SMLHGBR,Small Heath LaFarge GBRf
10811,SOLE013,Sole Street Signal 4013
10812,SRTNJN,Stranton Junction
10813,SRUI76,South Ruislip ME76
10814,STAFFDJ,Stafford Doxey Junction
10815,STAFFSJ,Stafford south jn
10816,STAN202,Stansted Airport Sig L1202
10817,STKEYNV,St Keyne Village
10818,STKG506,Stoke Gifford Sig 506
10819,STNBS32,Stnbs32
10820,STOTS16,South Tottenham Sig S16
10821,STOTS17,South Tottenham Sig S17
10822,STOTS19,South Tottenham Sig S19
10823,STOW,Stow
10824,STPXCTJ,St Pancras Canal Tunnel Jn
10825,STSN306,Stenson GPL DY306
10826,SVNSSIT,Severnside SITA
10827,SWANBGB,Swansea Burrows SS GBRF
10828,TEYNDVC,Teynham Dover Castle
10829,THBD127,3 Bridges Dn Dep Sig TD127
10830,THBD165,3 Bridges Up Dep Sig TD165
10831,THBD288,Three Bridges Signal T288
10832,THBD98,Tilgate Sidings Sig TD98
10833,THBDDTE,3Bdgs Dn TL Sdg Entry/Exit
10834,THBDNCS,3Bdgs Down Thameslink Sdgs
10835,THBDTGE,Tilgate Sidings Entry/Exit
10836,THBDTGS,Three BridgesTilgate Sdgs
10837,THBDUTD,THREE BRIDGES TL UP DEPOT
10838,THBDUTE,Three Bridges Up TLD NX
10839,THEA831,Theale Signal T2831
10840,THEA834,Theale Signal T2834
10841,TINSGBR,Tinsley Yard GBRf
10842,TINSLNJ,Tinsley North Jn
10843,TONB137,Tonbridge Sig AD137X
10844,TOTTGBR,Totton Yard GBRf
10845,TOTTYFL,Totton yard (fl)
10846,TREET39,Treeton S1039
10847,TREETGL,Treeton Goods Loop
10848,TRUR14,Truro Sig 14
10849,TWDB244,Tweedbank Sig EMB244
10850,TWDBANK,Tweedbank
10851,TWNYDPL,Towney Loop
10852,TWYF632,Twyford Sig T1632
10853,TYNHJN,Tynehead Jn
10854,WATFDGB,Watford London Concr GBRF
10855,WATLMR2,Watlington Signal MR2
10856,WEDGORD,Wedgwood Entrance Old Road
10857,WHATGBF,Whatley Quarry GBRF
10858,WICH78,Wichnor Jn Signal DY78
10859,WKFL249,Wakefield Westgate Sig 249
10860,WLOO,Merseyside
10861,WLSDDCR,Willesden DC Rail Sidings
10862,WMBY145,Wembley Yard Signal 145
10863,WMBYLCS,Wembley C Sdgs LOROL
10864,WMBYNY1,Wembley Ny No 1 Road
10865,WMBYNY2,Wembley Ny No 2 Road
10866,WMBYNY3,Wembley Ny No 3 Road
10867,WMBYNY4,Wembley Ny No 4 Road
10868,WMBYNY5,Wembley Ny No 5 Road
10869,WMBYNY6,Wembley Ny No 6 Road
10870,WMBYNY7,Wembley Ny No 7 Road
10871,WNDS84,Wandsworth Road Sig VS84
10872,WOOLGBR,Wool MOD Sidings GBR
10873,WSTB707,Westbury Ground Sig 707
10874,WSTB722,Westbury Ground Signal 722
10875,WTLNUGL,Watery Lane Up Goods Loop
10876,WTSLNJN,Weights Lane Junction
10877,WVRM273,Wolverhampton Sig BW1273
10878,WVRMCST,Wolverhampton Crane Street
10879,YATE607,Yate Signal 607
10880,YFIELDJ,Yarnfield Jn
10881,YORKLRD,York Leeman Rd Sidings
10882,YSTR420,Ystrad Mynach Sig CF7420
10883,BDSTNDJ,Bidston Dee Jn
10884,CGSTNTH,Canning St North (Non NR)
10885,_TEIGH,Teigh LC
10886,_WATRWC,Waterloo West Crossings
10887,MLTNS54,Signal MN54
10888,COPHEJN,Copley Hill East
10889,_KNORWL,Kings Norton West Jn
10890,BCSTDEJ,Bicester Depot East Jn
10891,_BKTLJE,Barking Tilbury Line Jn East
10892,_RDHASB,Reedham Swing Bridge
10893,_STOTEJ,South Tottenham East Jn
10894,_THMSPJ,Thames Haven Port Jn
10895,MANN268,Manningtree Signal CO268
10896,MANN747,Manningtree Signal CO747
10897,RPLL804,Ripple Lane Signal UR 804
10898,SHEN517,Shenfield Southend Loop
10899,THPL148,Thorpe-le-Soken Signal CO1148
10900,SNDRSTH,Sunderland South Jn
10901,WLTNEFW,Wilton EFW Terminal
10902,,Nuneaton North Jn
10903,,Fenny Stratford Jn
10904,,Coventry South Jn
10905,,Stechford North Jn
10906,,Stechford South Jn
10907,,Twyford Signal T1635
10908,,Taunton E604 Signal
10909,,Dockyard Junction
10910,,Lostwithiel Fowey Branch Junction
10911,,279M 67C (Down)
10912,,278M 69C (Up)
10913,,Roskear Junction
10914,,Thorney Mill DB Schenker
10915,,Shrub Hill 67 signal
10916,,Shrub Hill 54 signal
10917,,Tunnel Jn 34 signal
10918,,Tunnel Jn 58 signal
10919,,Droitwich Down Goods Loop
10920,,Cutnall Green
10921,,Westbury Line Junction
10922,,Westbury South Junction
10923,,Westbury North Junction
10924,,Westbury East Loop Junction
10925,,Former Coleford Junction
10926,,Crannaford Level Crossing
10927,,Newton Abbot East Junction
10928,,Speedway Junction
10929,,Turnchapel Branch Junction
10930,,Coombe No.2 GF
10931,,Lostwithiel Junction
10932,,Leebotwood
10933,,Craven Arms Junction
10934,,Beddgelert (Welsh Highland)
10935,,Cae Pawb Flat Crossing
10936,,Bulmers Sidings
10937,,MEB Siding
10938,,Bridgend PT3453 Signal (Dn VOG)
10939,,Bridgend PT7501 (Up VOG)
10940,,Brynteg Loading Pad
10941,,Bridgend PT3028 (UM)
10942,,Llynfi Jn
10943,,Margam PT3365 (DR)
10944,,Gulf Oil Branch Junction
10945,,Fenny Compton Junction
10946,,Fenny Compton OL3170
10947,,Kingsbury European Metal Recycling
10948,,Marylebone Signal 508
10949,,Madeley Jn (Shropshire) MJ328 Signal
10950,,Madeley Jn (Shropshire) MJ329 Signal
10951,,Warrington South Junction
10952,,Route Boundary
10953,,Newton-Le-Willows Junction
10954,,Strand Road L.C.
10955,,Allerton East Junction
10956,,Waterloo Branch Junction
10957,,Network Rail/MSC Boundary
10958,,St. Helens Station Junction
10959,,Helsby Junction
10960,,Northwich Station Junction
10961,,Hartford West Junction
10962,,Sandbach North Junction
10963,,Hartford North Junction
10964,,Poulton Signal Box
10965,,Hillhouse No. 5 Ground Frame
10966,,Hillhouse No. 4 Ground Frame
10967,,Oil Sidings Ground Frame
10968,,Rome Street Junction
10969,,End of Line
10970,,Carlisle Brunthill Branch Jn
10971,,Carnforth Station Junction
10972,,Bransty Junction
10973,,Manchester Piccadilly East Junction
10974,,Heald Green North Junction
10975,,Mow Cop Level Crossing
10976,,Windsor Bridge South Junction
10977,,Windsor Bridge North Junction
10978,,Bolton West Junction
10979,,Trafford Park West Junction
10980,,Wigan Wallgate Junction
10981,,Bolton East Junction
10982,,Rainford Junction
10983,,Vitriol Works Up Goods Loop
10984,,Regional Boundary
10985,,Hellifield Signal Box
10986,,Start/End of Underground Section
10987,,Liverpool Central South Junction
10988,,Liverpool Central North Junction
10989,,Start/end of Single Line Section
10990,,Mersey Tunnel (End/start of Underground Section)
10991,,Bidston West Junction
10992,,Rock Ferry North Junction
10993,,Rock Ferry South Junction
10994,,Network Rail Boundary
10995,,Romiley Junction
10996,BRIGSGF,Brigg's Ground Frame
10997,,Earlestown East Junction
10998,,Wrexham North Junction
10999,,Hooton South Junction
11000,,Lancaster North Junction
11001,,Carlisle South Junction
11002,,Dinting East Junction
11003,,Dinting West Junction
11004,,Dinting South Junction
11005,,Stalybridge Junction
11006,,Salford West Junction
11007,,Westhoughton Ground Frame
11008,,Sandhills Junction
11009,,Kirkdale South Junction
11010,,Kirkdale North Junction
11011,,Hamilton Square Junction
11012,,Hooton North Junction
11013,,Hazel Grove East Junction
11014,,Hazel Grove West Junction
11015,,Woodley Junction
11016,,Acton East Junction
11017,,Stoke Gifford Junction
11018,,Filton Junction
11019,,Queen Street North Junction
11020,,Pontypridd Junction
11021,,Radyr Junction
11022,,Queen Street South Junction
11023,,Barry Docks Line Junction
11024,,Barry Junction
11025,,Bridgend Barry Junction
11026,,Bridgend Llynfi Junction
11027,,Port Talbot West Junction
11028,,Clarbeston Road Junction
11029,,Harringay Signal K85
11030,,Wood Green North Jn
11031,,Hitchin Signal K232
11032,,Hitchin North Junction
11033,,Crescent Junction
11034,,Newark Crossing South Jn
11035,,Retford Western Jn
11036,,Hitchin East Junction
11037,,Flyover East Junction
11038,,Flyover West Junction
11039,,Sleaford West Jn
11040,,Sleaford Jn
11041,,Grand Sluice Jn
11042,,Northallerton High Junction
11043,,Ferryhill Up Goods Loop
11044,,Kelloe Access Line Junction
11045,,Newcastle West Junction
11046,,Newcastle East Junction
11047,,Reston GSP
11048,,Castle Hills Junction
11049,,Castle Hills West GF
11050,,Horden Sig 7150
11051,,Pelaw South Junction
11052,,Pelaw North Junction
11053,,Eaglescliffe South Junction
11054,,Nunthorpe Signal N1
11055,,Port Clarence Sidings: Bells Bank
11056,,Port Clarence Phillip's
11057,,North Tees Level Crossing
11058,,Hartlepool Power Station
11059,,Eastgate
11060,,CE378 Signal
11061,,Battleship Wharf
11062,,Worksop SS
11063,,Scunthorpe Anchor Exchange
11064,,Scunthorpe Container Terminal
11065,,Bevercotes Colliery
11066,,Shepcote Lane West Junction
11067,,Rotherham Central Junction
11068,,Whitehall East Junction
11069,,Castleford West Junction
11070,,Barnsley Station Junction
11071,,Dewsbury Railway Street
11072,,Pontefract West Junction
11073,,Seamer West Junction
11074,,Oakenshaw Up Goods Loop
11075,,Ferrybridge South Junction
11076,,Micklefield Junction
11077,,Selby South Junction
11078,,West Parade Junction
11079,,Gilberdyke Junction
11080,,Skipton Middle Jn
11081,,Down Shipley Slow
11082,,Hellifield South Junction
11083,,International Junction
11084,,Fratton Depot Fuel Point
11085,,Fratton Signal 139
11086,,Worthing Junction
11087,,Ash Vale Junction
11088,,Strawberry Hill Junction
11089,ALNMUES,ALNMOUTH UP ENG SIDINGS
11090,ARCQGBF,Arcow Quarry GBRf
11091,ARCQGF,Arcow Quarry GF
11092,BCST024,Bicester Sig OB9024
11093,BCST032,Bicester Sig ME2032
11094,BCST210,Bicester Sig ME210
11095,BCST792,Bicester Sig OB1792
11096,BCST794,Bicester Sig OB1794
11097,BERKSWL,Berkswell BERKSWL
11098,BILS143,Billingshurst Signal T1430
11099,BILS862,Billingshurst Signal T862
11100,BNTB801,Barnetby GPL CB8801
11101,BREDGBF,Bredbury Tilcon GBRf
11102,BROXGBF,Broxbourne Dn Tamp Sdg GBf
11103,BRSS356,CLIFTON DOWN SIGNAL B356
11104,BURT175,Burton GPL DY175
11105,CALVNGF,Calvert North GF
11106,CARLCLR,Carlisle Brunthill Colas Rail
11107,CLPH143,Clapham Junction Sig VC143
11108,CONB883,Conisbrough GPLS883
11109,CORBJ15,Corby Signal MJ15
11110,CREWGGE,Crewe Gresty Green East Jn
11111,CREWGGW,Crewe Gresty Green West Jn
11112,CRGDWHL,Craigendoran WHL
11113,CRGICLR,Craiginches Aberdeen Colas Rail
11114,CWLR604,Cowlairs Signal CE604
11115,DIRFFHH,Daventry FHH
11116,DRBYTYN,Derby Top Yard Neck
11117,DUNDWRL,DUNDEE WEST RECEPTION LINE
11118,ELGH225,Eastleigh Signal E225
11119,ELGH245,Eastleigh Depot Signal 245
11120,FYHLGBF,Ferryhill TC Old Yard GBRf
11121,HNSLTGB,Hunslet Tilcon GBRF
11122,HNSLTH,Hunslet East Hanson
11123,HORS410,Horsham Signal 1410
11124,HORS417,Horsham Signal 1417
11125,HULLDTG,Hull Dairycoates Tlcn GBRf
11126,IVRNCLR,Inverness Millburn Colas Rail
11127,KNTN423,Knottingley Sig FE6423
11128,LEITCLR,Leith Lafarge Colas Rail
11129,LVRPGBF,Liverpool Biomass TML GBF
11130,MANTMJ6,Manton Signal MJ6
11131,MAR5105,Margate Signal EK5105
11132,MAR5124,Margate Signal EK5124
11133,MRKSFHH,Marks Tey FLHH
11134,NEVLGBF,Neville Hill Up Sdgs GBRf
11135,NMPTCYG,Northampton Castle Yrd GBf
11136,NWBERMY,New Bermondsey
11137,OXWLCLR,Oxwellmains Lafarge Colas Rail
11138,PASS,Portsmouth & Southsea PASS
11139,PBRO417,Peterborough Signal 417
11140,PENDGBF,Pendleton (Brndle Hth) GBF
11141,PURLSGB,Purley Down Siding GBRf
11142,REDHUGL,Redhill Up Tonbridge Siding
11143,ROYAPTL,Royal Oak Portal (DBS)
11144,SEAHCLR,Seaham Harbour Colas Rail
11145,SHEN140,Shenfield Signal L5140
11146,SHEN528,Shenfield Signal L528
11147,SRYCNLR,Surrey Canal Road SRYCNLR
11148,SRYQJN,Surrey Quays Jn
11149,STRNRHR,Stranraer STRNRHR
11150,STRT921,Stourton Signal S921
11151,STRT930,Stourton Signal S930
11152,STWTFHH,Stewarts Lane Tarmac FHH
11153,UDNGCLR,Viewpark Udngstn Colas Rail
11154,WHRDGBF,Leeds Whitehall Rd GBRf
11155,WHRDGF,Whitehall Rd GF
11156,WMBY190,Wembley Yard Signal 190
11157,WORKEJN,Worksop East Jn
11158,WYLDLAJ,Wylds Lane Jn WYLDLAJ
11159,YORKCLR,York Holgate Colas Rail
11160,YORKYSC,York Yard South Colas Rail
11161,_ARMLJN,Armley Jn
11162,_BLCKNG,_Blackpool North Power GF
11163,_CRNFSJ,_Carnforth South Jn
11164,_HEYSGF,_Heysham Power Station Sidings GF
11165,_MBRKX,_Millbrook Crossovers
11166,_SHAPSN,_Shap North Junction
11167,_SHAPSS,_Shap South Junction
11168,_STPXMX,_Midland Road Crossover
11169,_WLSDCL,_Willesden Carriage Line Jn
11170,CANVWF,Canvey Waterside Farm
11171,KEYNSCH,Keynsham Chuch
11172,LVRPSPH,Liverpool South PW HL
11173,,Hawkwood Junction
11174,,St Johns Junction
11175,,Chislehurst Junction
11176,,Lewisham Junction
11177,,Sittingbourne Middle Jn
11178,,Kemsley Signal EV807
11179,,Wadhurst Tunnel
11180,,Rugby Sidings
11181,,Ashford Down Sidings and Ashford Down Yard
11182,,Slade Green Junction
11183,,Blackheath Junction
11184,,Signal NK1611/NK443
11185,,Line codes on SO400 apply forward from the timing point against which they are shown
11186,,Line codes on SO410A apply forward from the timing point against which they are shown
11187,,Silo Curve Junction
11188,,Line codes on SO420 apply forward from the timing point against which they are shown
11189,,Signal AF41
11190,,Line codes on SO430 apply forward from the timing point against which they are shown
11191,,Line codes on SO440 apply forward from the timing point against which they are shown
11192,,Line codes on SO450 apply forward from the timing point against which they are shown
11193,,Line codes on SO460 apply forward from the timing point against which they are shown
11194,,Line codes on SO470 apply forward from the timing point against which they are shown
11195,,Line codes on SO480 apply forward from the timing point against which they are shown
11196,,Line codes on SO490 apply forward from the timing point against which they are shown
11197,,Falcon Junction
11198,,Selhurst Junction
11199,,Cottage Junction
11200,,South Croydon Junction
11201,,Three Bridges Up Thameslink Depot Entry/Exit
11202,,Montpelier Junction
11203,,Sydenham Junction
11204,,Littlehampton Junction
11205,,Newhaven Harbour Junction
11206,,Chipstead Line Junction
11207,,Peckham Rye Junction
11208,,TfL/NR Boundary
11209,,TfL /NR Boundary Up
11210,,TfL/ NR Boundary Down
11211,,Shieldmuir Junction
11212,,Knockshinnoch Coal Term.
11213,,Kilmarnock Hunslet Barclay
11214,,"Deanside C.P.A,"
11215,,Hunterston HL Sidings
11216,,Hunterston LL Sidings
11217,,Braidhurst Loops
11218,,Coatbridge FLT Shunt Neck
11219,,Cadder East End
11220,,Cadder Down Arrival/Departure Line
11221,,Cadder West End
11222,,Grangemouth NR Boundary
11223,,Grangemouth Tongues
11224,,Grangemouth Refinery Ltd.
11225,,Millerhill West Junction
11226,,Millerhill Yard
11227,,Double Dykes Level Crossing
11228,ABTHRFH,ABERTHAW DN REC SDG FHH
11229,ABTHTCR,ABERTHAW TARMAC COLAS RAIL
11230,ABWDARJ,ALSIKE ROAD JUNCTION
11231,ABWDER,ABBEY WOOD ENGINEERING RD
11232,ABWDXR,ABBEY WOOD (CROSSRAIL)
11233,ALDEDNS,ALDERLEY EDGE DOWN SDG
11234,ALDEUPS,ALDERLEY EDGE UP SDG
11235,ALXNLHS,ALEXANDRA DOCK JN YD LHS
11236,ARKL021,ARKLESTON SIGNAL 6021
11237,ARKL023,ARKLESTON SIGNAL 6023
11238,ARKL025,ARKLESTON SIGNAL 6025
11239,ASHIMGB,ASHTON IN MAKERFLD KS GBRF
11240,ASTO65,Aston Signal SB4619
11241,ATTRCLI,ATTERCLIFFE
11242,AVIESGB,AVIEMORE (SPEYSIDE) GBRF
11243,BARA275,BARASSIE JN SIGNAL 275
11244,BARAYRD,BARASSIE FLHH SDGS 3 & 4
11245,BARRICR,BARRY ISLAND COLAS RAIL
11246,BEDWPUM,BEDWORTH PUMA GBRF
11247,BEXH14,BEXHILL SHUNT SIGNAL 1435
11248,BICK35,BICKLEY JNC SIGNAL AD35
11249,BNBR734,BANBURY SIGNAL OL7134
11250,BNBR743,BANBURY SIGNAL OL7143
11251,BNBRDGL,BANBURY DOWN GOODS LOOP
11252,BNBRDJ,BANBURY DEPOT JN
11253,BNBRDPT,BANBURY DEPOT
11254,BNBRDR,BANBURY DEPOT RECEPTION
11255,BNBRNJ,BANBURY NORTH JUNCTION
11256,BNBRRJN,RESERVOIR JUNCTION
11257,BNBRRN,RESERVOIR NECK
11258,BNBRRS,Reservoir Engineers Sidings
11259,BNSL305,BARNSLEY SIG 2305
11260,BNTBCRR,BARNETBY SDGS COLAS RAIL
11261,BOATGBF,BOAT OF GARTEN GBRF
11262,BONSGBF,BO'NESS GBRF
11263,BONSXSG,BO'NESS EXCHANGE SDGS GBRF
11264,BRGHEDS,BRIGHTON ENGRS DEPOT SDGS
11265,BRGLCAR,CARBROOK
11266,BRGLVAL,VALLEY CENTERTAINMENT
11267,BRHLCR,BARROW HILL COLAS RAIL
11268,BRST052,FILTON SIG BL2052
11269,BRST569,Filton Jn Signal BL1569
11270,BRST579,BRISTOL PARKWAY SIG BL6579
11271,BRST586,BRISTOL PARKWAY SIG BL6586
11272,BRST602,BRISTOL PARKWAY SIG BL6602
11273,CAMBNTH,Cambridge North
11274,CARD048,CARDIFF SIGNAL 7048
11275,CARD328,CARDIFF SIGNAL 2328
11276,CARD342,CARDIFF SIGNAL 2342
11277,CARDBKY,CARDIFF BRICKYARD SIDING
11278,CARLYDL,CARLISLE YARD LHS
11279,CLCH011,COLCHESTER SIGNAL CO1011
11280,CLCHFL,COLCHESTER DGL (FL)
11281,CLCHREC,COLCHESTER RECEPTION LINE
11282,CLPH041,CLAPHAM JN SIG W1041
11283,COOMTCR,MOORSWATER TARMAC COLAS
11284,COVN538,COVENTRY SIG CN1538
11285,CWMBOFH,CWMBARGOED OPENCAST FHH
11286,DIDC207,DIDCOT SIG. SB2207
11287,DIDCLHS,DIDCOT LHS
11288,DONC236,DONCASTER SIGNAL D236
11289,DONCBDL,DONCASTER BELMONT DN LHS
11290,DONCIEP,DONCASTER CARR IEP DEPOT
11291,DRAXGGB,DRAX PS GYPSUM GBRF
11292,DUNDDMU,DUNDEE DMU SDGS
11293,DUNDECS,DUNDEE C.S.
11294,DWBYGBR,DEWSBURY TILCON GBRF
11295,EDINGWY,EDINBURGH GATEWAY
11296,EHBJN,ENGINE HOUSE BRIDGE JN
11297,ELGH241,EASTLEIGH DEPOT SIGNAL 241
11298,ELGH243,EASTLEIGH DEPOT SIGNAL 243
11299,FERYGGB,FERRYBRIDGE PS GYPSUM GBRF
11300,FRTWJTG,FORT WILLIAM JN T.C. GBRF
11301,GNHL428,GREENHILL SIGNAL GJ428
11302,GNHLBGL,GREENHILL UPPER BDGL
11303,GRNGMCR,GRANGEMOUTH OIL COLAS
11304,GUIL826,GUILDFORD SIGNAL 826
11305,GWCGFHH,GWAUN-CAE-GURWEN OCAST FHH
11306,HEXHM35,HEXHAM SIG HM35
11307,HEXHM55,HEXHAM SIG HM55
11308,HNSLCSL,HUNSLET EAST (LCSL)
11309,HOOJLHS,HOO JUNCTION FUEL POINT
11310,HRDQFHH,HARDENDALE QRY SHAP (FHH)
11311,HULL59,HULL SIGNAL HR59
11312,IMNGCPG,IMMINGHAM CPL GBRF
11313,IMNGHFH,IMMINGHAM DOCK ORE TML FHH
11314,IMNGPUM,IMMINGHAM PUMA GBRF
11315,KEITBPG,KEITH BRANCH PLATFORM GBRF
11316,KENLSTN,KENILWORTH KENLSTN
11317,KILCGBF,KILLOCH COLLIERY GBRF
11318,KILM86,KILMARNOCK SIG K86
11319,MBRKGBR,MILLBROOK HANTS FLT GBRF
11320,MBROGBR,MASBOROUGH N&W GBRF
11321,MDNHDCS,MAIDENHEAD CARRIAGE SDGS
11322,MDNHDRS,MAIDENHEAD REVERSING SDGS
11323,MERHTMD,MEREHEAD TMD
11324,MLRHS14,MILLERHILL SIG EM14
11325,MLTNOTM,MELTON MOWBRAY OTM SDGS
11326,NEWHGBR,NEWHAVEN DAY AGGS GBRF
11327,NNRYSQU,NUNNERY SQUARE P&R
11328,NRTHFHH,NORTHFLEET LAFARGE (FHH)
11329,ONLLWFH,ONLLWYN WASHERY FHH
11330,OXFP770,OXFORD PARKWAY SIG 1770
11331,PBROWR,PETERBOROUGH WAITROSE SDGS
11332,PERTHUL,PERTH UP LOOP
11333,PLMDDC,POLMADIE DOWN CLYDESDALE
11334,PLMDUC,POLMADIE UP CLYDESDALE
11335,POOL200,POOLE SIGNAL PW5200
11336,PRSTCSS,PRESTON CROFT STREET SDGS
11337,PTBRATG,PORTBURY AUTO TERMINAL GBF
11338,QTRD927,QUEENSTOWN ROAD SIG W927
11339,RATCGBR,RATCLIFFE PS GBRF
11340,RATCGYP,RATCLIFFE PS GYPSUM GBRF
11341,ROTHPAJ,ROTHERHAM PARKGATE JN
11342,ROYAOJN,ROYAL OAK JUNCTION
11343,RPLLWYD,RIPPLE LANE WEST YARD
11344,RTFDUS,RETFORD UP SIDINGS
11345,SCNTFL,SCUNTHORPE TRENT YARD (FL)
11346,SCNTSFH,SCUNTHORPE ORE PLANT FHH
11347,SHEFARE,SHEFFIELD ARENA
11348,SHEFCAS,CASTLE SQUARE
11349,SHEFCAT,SHEFFIELD CATHEDRAL
11350,SHEFCIR,CRICKET INN ROAD
11351,SHEFFIT,FITZALAN SQUARE
11352,SHEFHYD,HYDE PARK
11353,SNDRLS,SUNDERLAND LONDONDERRY SDG
11354,STER56,ST ERTH SIGNAL 56
11355,STIR504,STIRLING SIGNAL 6504
11356,STNG207,SITTINGBOURNE SIGNAL 4207
11357,STNG220,SITTINGBOURNE SIGNAL 4220
11358,STNG222,SITTINGBOURNE SIGNAL 4222
11359,TERM182,TERMINUS CURVE SIG 5182
11360,THEAPUM,THEALE PUMA GBRF
11361,THRP715,THORPES BRIDGE SIGNAL 715
11362,TINSMEA,TINSLEY MEADOWHALL
11363,TROWFHH,TROWSE (FHH)
11364,WATSTJN,Water Street Junction
11365,WDBRNRD,WOODBURN ROAD
11366,WEALEMU,WEST EALING EMU SIDINGS
11367,WHATTMD,WHATLEY TMD
11368,WKK1217,WAKEFIELD SIGNAL K1217
11369,WKK1219,WAKEFIELD SIGNAL K1219
11370,WLWY622,WELWYN GDN CITY SIG K622
11371,WSTBTCR,WESTBURY TARMAC COLAS RAIL
11372,WSTLGBR,WESTERLEIGH PUMA GBRF
11373,YORK656,YORK SIG Y656
11374,YORKOTM,YORK SKELTON OTM SIDINGS
11375,,Kentish Town North Jn
11376,,Canal Tunnel Jn
11377,,Caverswall UGL
11378,,Caverswall DGL
11379,,Foley Crossing Signal Box
11380,,LNW/LNE Route Boundary
11381,,Brent Reception and Departure
11382,,Willesden Suburban Jn
11383,,Willesden Carriage Shed South Signal Box
11384,,Willesden Carriage Shed Middle S.F.
11385,,Willesden Carriage Shed North SB
11386,,Wembley DBC Fan A & B
11387,,Wembley Receptions 1-7
11388,,Single & Double Jn
11389,,Double to Single Jn
11390,,Primrose Hill Jn
11391,,Bridge Street LC (former site of)
11392,,Bridge Street GF (former site of)
11393,,Bridge Street Jn (former site of)
11394,,Duston North Jn (former site of)
11395,,Wolverhampton Crane Street Jn
11396,,Barnt Green Jn
11397,,Blackwell North Jn (Worcestershire)
11398,,Bromsgrove North Jn
11399,,Bromsgrove South Jn
11400,,Up Bromsgrove Neck
11401,,Spetchley North Jn
11402,,Spetchley South Jn
11403,,Abbotswood North Jn
11404,,Eckington North Jn
11405,,Eckington South Jn
11406,,Barnt Green Single Line Jn
11407,,Alvechurch Station Jn
11408,,Aston North Jn
11409,,Lichfield City Jn
11410,,Walsall South Jn
11411,,Banbury South Jn
11412,,Kineton Jn
11413,,Fenny Compton Middle Jn
11414,,Fenny Compton North Jn
11415,,Leamington Spa North Jn
11416,,Hatton Station Jn
11417,,Tyseley North Jn
11418,,Foundry Wood Jn
11419,,Kenilworth South Jn
11420,,Kenilworth North Jn
11421,,Stourbridge Middle Jn
11422,,Aylesbury Jn
11423,,Water Eaton Jn
11424,,Bicester Depot Goods Loop
11425,,Bicester Depot Run Round
11426,,Armitage Jn (former site of)
11427,,Norton Bridge Jn
11428,,Winsford South Jn
11429,,Acton Bridge Jn
11430,,Warrington North Jn
11431,,Kidsgrove Jn
11432,,Earlestown Up & Down Loop
11433,,Roby Jn
11434,,Ellesmere Port Freight Terminals
11435,,Edgeley Jn No.2
11436,,Elworth Jn
11437,,Middlewich Loop East Jn
11438,,Middlewich Loop West Jn
11439,,Carnforth South Jn
11440,,Oxenholme South Jn
11441,,Oxenholme North Jn
11442,,Oxenholme Signal CE45
11443,,Penrith Middle Jn
11444,,Penrith North Jn
11445,,Carlisle North Jn
11446,,Kingmoor Jn
11447,,Cove L.C.
11448,,Kirkham South Jn
11449,,Kirkham West Jn
11450,,Bush-on-Esk West Jn
11451,,Bush-on-Esk East Jn
11452,,Sandbach South Jn
11453,,Goostrey Jn
11454,,Chelford South Jn
11455,,Chelford North Jn
11456,,Alderley Edge South Jn
11457,,Alderley Edge North Jn
11458,,Wilmslow South Jn
11459,,Wilmslow North Jn
11460,,Edgeley Jn
11461,,Styal Jn
11462,,Foley Crossing SB
11463,,Gorton Jn
11464,,Manchester Piccadilly West Jn
11465,,Moses Gate Jn
11466,,Irwell Street Jn
11467,,Salford Hope Street Sidings
11468,,Ashley Bridge Jn
11469,,Darwen South Jn
11470,,Darwen North Jn
11471,,Rochdale West Jn
11472,,Todmorden Viaduct Jn
11473,,Green Meadows Jn
11474,,Hellifield SB
11475,BSTED02,Bury St Edmunds Sig BY 2/100
11476,BSTED48,Bury St Edmunds Sig BY 48
11477,BSTED50,Bury St Edmunds Sig BY 50
11478,,Shenfield Junction
11479,,Shenfield Southend Loop Junction
11480,,Witham Junction
11481,,Marks Tey Junction
11482,,Colchester South Junction
11483,,Colchester Junction
11484,,Manningtree South Junction
11485,,Woodgrange Park Junction
11486,,Wickford Junction
11487,,Colchester Hythe Junction
11488,,Thorpe-le-Soken Junction
11489,,Hackney Downs North Junction
11490,,Cheshunt Junction
11491,,King's Lynn Harbour Junction
11492,,Seven Sisters Junction
11493,,St Margarets
11494,,Gospel Oak Junction
11495,,Gunnersbury Junction
11496,,Victoria Park Junction
11497,,Barking Tilbury Line Junction West
11498,,Pitsea Junction
11499,,Westerfield Junction
11500,,Brundall Junction
11501,,Reedham Junction (Norfolk)
11502,,Cromer Junction
11503,,Wembley Central Jn
11504,,Willesden Jn (Willesden No7)
11505,,Kings Norton Station Jn
11506,,Longbridge Jn
11507,,Fenny Compton South Jn
11508,,Tebay South Jn
11509,,Tebay North Jn
11510,,Spital Junction South (P458)
11511,,Frodingham Jn
11512,,Fordgate
11513,,Oxford Up and Down Passenger Loop
11514,,Reading  Triangle Sidings
11515,,Westbury dn Trowbridge sid
11516,,Canton CF2324 signal
11517,,Corbetts Lane Jn
11518,,Ashford International
11519,,Middle Jn (Sittingbourne) 
11520,,Barassie Yard DBS
11521,,Barassie Yard Run Round
11522,,Blackwell South Jn (Worcestershire)
11658,ABWDXRS,Abbey Wood Crossrail Siding
11659,BLKBKST,Blackburn King Street
11660,BONDST,Bond Street Crossrail
11661,BRIRGBF,Brierley Hill GBRF
11662,BRST568,Yate Signal 6568
11663,CANWHRF,Canary Wharf
11664,CARD036,Cardiff Signal 2036
11665,COATSNK,Coatbridge Flt Shunt Neck
11666,DRBYRTN,Derby R.T.C Sidings North
11667,DRBYSMN,St.Mary's North Junction
11668,DRBYSMS,St.Mary's South Junction
11669,DRBYWWJ,Derby Way & Works Jn
11670,EPCKGBF,East Peckham Tip GBRF
11671,EPS5477,Etches Park Signal EC5477
11672,EPS5481,Etches Park Stabling Sidings
11673,EPS5483,Etches Park Loco Sidings
11674,FRNDXR,Farringdon Crossrail
11675,GBNK9,Greenbank Signal 9
11676,GVND565,Grovesend Signal PT565
11677,HDRS412,Huddersfield Sig HU1412
11678,HNTNP39,Huntingdon Signal P39
11679,HRNS176,Hornsey EMUD Signal HY176
11680,IPSW335,Ipswich Signal CO335
11681,LTLHMJN,Littlehampton Junction
11682,LIVSTLL,Liverpool Street Crossrail
11683,LLWEGBF,Llanwern Exchange GBRF
11684,NLRT478,Northallerton Signal Y478
11685,NLRT691,Northallerton Signal 691
11686,PADTLL,Paddington Crossrail
11687,PLMSEJ,Plumstead East Jn
11688,PBRO458,Spital Junction South (P458)
11689,PUDGMLL,Pudding Mill Lane Portal
11690,PURF166,UR1166 Signal
11691,PURF176,UR1176 Signal
11692,PURJUR,Purfleet Jurgens LC
11693,PURWWLC,Purfleet Deep Water Wharf LC
11694,SLAT675,Slateford ES675
11695,SPNYGNJ,Stepney Green Jn
11696,TOTCTRD,Tottenham Court Road
11697,WCHAPXR,Whitechapel Crossrail
11698,WLNGUPX,Wellingborough Up T.C. Exit Signal
11699,WOLWXR,Woolwich
11700,WSHWGBF,Heartlands Park WRP GBRF
11701,WYMN877,CO877 Signal
11702,WYMN878,CO878 Signal
11703,BRC4449,Bricklayers Arms Jn TL4449
11704,BRITFWJ,Briton Ferry West Jn
11705,SWAN573,Swansea PT7573 (UM)
11706,SWAN571,Swansea PT7571 (DM)
11707,SWAN592,Swansea PT7592 (DM)
11708,SWAN163,Swansea PT3163 (CL)
11709,SWANWRD,Swansea IEP Wash Road
11710,SWANMRD,Swansea IEP Maintenance RD
11711,CAS5209,Castleford Signal CD5209
11712,MONTDBC,Montrose DBC
11713,MONT1SD,Montrose No1 Through SDG
11714,HORS401,Horsham T1401
11715,LVRPLCS,Liverpool Crown Street Jn
11716,ARBRUNS,Arbroath Up North Siding
11717,ARBRUSS,Arbroath Up South Siding
11718,MAGHNTH,Maghull North Station
11719,MRGMTCG,Margam TC GBRF
11720,CAMB177,Cambridge Signal 177
11721,MDCL720,Midcalder Jn Sig EJ720
11722,WRGTWST,Warrington West
11723,PEAKCEM,Peak Forest FHH (CEMEX)
11724,BLTCFHH,Bletchley Freight Depot FHH
11725,WORCPWY,Worcestershire Parkway LL
11727,LTLPL22,Littleport L22 Signal
11728,DOWNDM8,Downham Market Sig DM8
11729,FLXSSRT,Felixstowe South RT (FL)
11730,WTHRCKH,West Thurrock Headshunt
11731,TAUN481,Taunton Signal E481
11732,MENH259,Menheniot Sig UM259
11733,LISK260,Liskeard Sig DM260
11734,BODM042,Bodmin Sig LL1042
11735,BODM043,Bodmin Sig LL1043
11736,BLDHR31,Baldhu Sig R31
11737,REDRR27,Redruth Sig R27
11738,REDRR14,Redruth Sig R14
11739,CBORR10,Camborne Sig R10
11740,CBORSR6,Camborne Sig R6
11741,STERR19,St Erth Sig R19
11742,BLDHLU,Baldhu
11743,CNBKFHH,Colnbrook (FLHH)
11744,OXFDDES,Oxford Down Engineers Siding
11745,OXFDCS1,Oxford Carriage Siding 1
11746,OXFDDHS,Oxford Down Headshunt
11747,OXFDCS2,Oxford Carriage Siding 2
11748,OXFDCS3,Oxford Carriage Siding 3
11749,OXFDDTB,Oxford Down Turnback Line
11750,HORFDJN,Horfield Junction
11751,THEA839,Theale Signal T2839
11752,BARRYDS,Barry Down Siding
11753,WENTDRS,Wentloog (DRS)
11754,TROSTGB,Trostre Works (GBRF)
11755,LINCGBF,Lincoln Terrace SDGS GBRF
11756,TEES156,Tees Yard Signal TY1560
11757,WDBN402,Woodburn Jn Signal W402
11758,DONCIPO,Doncaster Iport
11759,DONCIGB,Doncaster Iport GBRF
11760,GRTL307,Greetland Jn Signal DH307
11761,GRTL308,Greetland Jn Signal DH308
11762,WLSD725,Willesden TMD 725
11763,WLSD724,Willesden TMD 724
11764,CNCKTER,Cannock FLT
11765,OXFDCNJ,Oxford Canal Jn
11766,DONNFHH,Donnington RF Term (FLHH)
11767,LNGTGBF,Longtown MOD GBRF
11768,LNGTDRS,Longtown MOD (DRS)
11769,MDCL982,Midcalder Jn Sig EJ982
11770,NPLE815,North Pole Signal VC815
11771,ANGRNOR,Angerstein Wharf Norris
11772,ANGRSTB,Angerstein Stop Board
11773,GRAINFH,Grain Oil Terminal (FLHH)
11774,ECRO082,East Croydon 1082
11775,GTWK237,Gatwick Airport SIG. T237
11776,GTWK165,Gatwick Airport SIG. T1165
11777,ARUN50,Arundel Shunt SIG.50
11778,NEWHVMD,Newhaven Marine Sidings
11779,ANGMGF,Angmering Ground Frame
11780,FARNDRP,Farnham Depot Reception Road
11781,CREW110,Crewe Sig CE110
11782,GRNG290,Grangemouth Jn Sig 290
11783,GRNG292,Grangemouth Jn Sig 292
11784,STNGSDG,Sittingbourne Down Sidings
11785,BERW362,Berwick Sig 1362
11786,POLG373,Polegate Shunt SIG. 1373
11787,NTHMDSH,Norhtam Depot Staff Halt
11788,WBRNPKS,Westbourne Park CS
11789,PLMSXCR,Plumstead CS
11790,PLMSRS,Plumstead Rev Sdg
11791,BOWDREC,Bow Depot Reception
11792,OXFD971,Oxford Ground Signal 69714
11793,GLOS419,Gloucester Signal G419
11794,CHEP421,Chepstow Signal 6421
11795,HEREF47,Hereford Signal H47
11796,FVWHSDG,5 Whistle Siding
11797,TREHNGF,Treherbert North GF
11798,SWANIEP,Swansea Maliphant IEP DPT
11799,SWAN537,Swansea PT537
11800,PTAL533,Port Talbot PT7533
11801,PTAL548,Port Talbot PT7548
11802,LLDELWJ,Llandeilo West Junction
11803,ELSTGBF,Elstow Redlands GBRF
11804,ELSTFHH,Elstow (FLHH)
11805,STPXCYG,Churchyard Castle Cement G
11806,KETTWGB,Ketton Ward SDG GBRF
11807,DONCWY6,Doncaster West Yd Sid No.6
11808,BRADHSJ,Hammerton Street Junction
11809,RPLYJN,Ripley Junction
11810,SCARTMD,Scarborough TMD
11811,SCAREXS,Scarborough Excursion Sdgs
11812,BLTCHGB,Bletchley Hopper Sidings GBRF
11813,EUSTPKS,Park Street MBR Site
11814,KDRMTMD,Kidderminster TMD (SVR)
11815,CREW904,Gresty Lane Sig GL9042
11816,LTFDMSC,Latchford MSCC Sidings
11817,HLYH86,Holyhead Signal H86
11818,BANGB32,Bangor Sig BR32
11819,CLITGBR,Clitheroe Castle Cement GB
11820,PEAKRGB,Peak Forest Cemex GBRF
11821,WEMYS73,Wemyss Bay Jn Sig 73
11844,OLDOXDP,Old Oak Common Crossrail Depot Arrival Signals 
11845,OLDOXAR,Old Oak Common Crossrail Depot Departure Signals
11846,BERYDNJ,Berryden Junction
11847,RSSTTJN,Rossett JN
11848,LYDN415,Lydney Signal 1416
11849,RHYLS2,Rhyl Signal 2
11850,INVURNJ,Inverurie North Junction
11851,KINTORE,Kintore
11852,TROW760,Trowse GPL CO1760
11853,TROW749,Trowse GPL CO1749
11854,,Littleport Signal L24
11855,,Laisterdyke Sig HB3826
11856,GIDEPKS,Gidea Park Stabling Lines
11857,GIDEPKM,Gidea Park Turnback Line
11858,GIDECES,Gidea Park Shunt Spur
11859,PURWWLC,Deep Wharf LC
11860,HBDNURS,Hebden Bridge Siding
11861,CWLRDPL,Cowlairs Passenger Loop
11862,,Aviemore Signal HA313
11863,KITTYBR,Kittybrewster Junction
11864,KITTYGF,Kittybrewster Junction Arrival Line
11865,INVURCE,Inverurie Turnback Line
11866,WORCPHL,Worcestershire Parkway HL
11867,STFD247,Stratford Signal L247
11868,STFD257,Stratford Signal L257
11869,PRKSRPC,Harwich Reprofiling Centre
11870,MWRWSTN,Meridian Water
11871,STAN143,Stansted Airport Sig L1143
11872,PRKS012,Parkeston Signal P12
11873,WTHRGBR,West Thurrock Sidings GBRF
11874,TLBYFHH,Tilbury LCT (FLT)
11875,DERB017,Levington Signal FW9017
11876,DERB018,Levington Signal FW9018
11877,TRIM023,Levington Signal FW9023
11878,TRIM024,Levington Signal FW9024
11879,TRIMGLJ,Gun Lane Junction
11880,TRIM029,Trimley Signal FW9029
11881,FLXS074,North Quay Signal FW9074
11882,COKEOVJ,Coke Ovens Jn
11883,LOWSL6,Lowestoft Signal L6
11884,LOWSL57,Lowestoft Signal L57
11885,NRCHRCP,Crown Point Reception Road
11886,FOXH924,Foxhall Signal 924
11887,STHALSL,Southall Loco Services Ltd
11888,OLDO141,Old Oak Common Sig 141
11889,SDONCBE,Cocklebury East Loop
11890,HANW229,Hanwell Signal 229
11891,CNBK503,Colnbrook Signal T3503
11892,CNBK502,Colnbrook Signal T3502
11893,CNBK511,Colnbrook Signal T3511
11894,CNBK512,Colnbrook Signal T3512
11895,GLOSTNG,Gloucester N.Y. GBRF
11896,WSTBRDG,Westbury Down TC GBRF
11897,WSTBRUG,Westbury Up TC GBRF
11898,MERHFHH,Merehead Quarry (FHH)
11899,EXMOJ20,Exmouth Jn Signal 20
11900,CHUSTON,Churston T&D Rly
11901,HEREF26,Hereford Signal H26
11902,HEREFH2,Hereford Signal H2
11903,BOWSTRT,Bow Street
11904,BARRYTR,Barry Tourist Railway
11905,LCKW058,Cardiff Signal 7058
11906,HITC217,Hitchin Sig K217
11907,KNGX300,Copenhagen Jn Signal K300
11908,LNGY211,Langley Jn Sig K211
11909,SNDBNKJ,Sand Bank Junction
11910,LNGY971,Langley Jn Sig WL1971
11911,PELH849,Pelham St Junction 7849
11912,PELH851,Pelham St Junction 7851
11913,NWRK096,Newark Signal NN4096
11914,RADLTGB,Radlett Lafarge GBRF
11915,LUTO616,Luton Signal 616
11916,DRBY039,Derby Way & Works TD5039
11917,KETR49,Kettering Signal LR49
11918,BESTONG,Beeston Sidings GBRF
11919,EMGTDB,East Mids Gateway Tml DBC
11920,EMGTWT,East Mids Gateway Terminal
11921,CDONGWJ,Gateway West Junction
11922,CDON455,Castle Donington Sig 4455
11923,CLIFCRL,Cliffe Hill Stud Fm Colas
11924,LESTKJS,Knighton Junction Sidings
11925,CORB974,Corby Signal KM3974
11926,THRIFHH,Thrislington (FLHH)
11927,BUTR160,Butterwell Jn M160
11928,YORK623,York Sig Y623
11929,BEAL134,Beal Crossovers TW134
11930,STHBGBR,Tees Dock GBRF
11931,GBROC26,Gainsborough Central GC26
11932,GBROCG4,Gainsborough Central GC4
11933,GBROCG6,Gainsborough Central GC6
11934,SCNTTGB,Scunthorpe Trent TC GBRF
11935,DONC470,Doncaster Sig D1470
11936,HAGT63,Harrogate Ground Signal 63
11937,HAGTDSG,Harrogate Down Siding
11938,HAGT56,Harrogate Signal 56
11939,HAGT22,Harrogate Signal 22
11940,HBDN504,Hebden Bridge Sig HG1504
11941,HDRS408,Huddersfield Sig HU1408
11942,BNSL310,Barnsley Sig 2310
11943,BNSL071,Barnsley Sig 1071
11944,LEEDRGB,Stourton Cemex GBRF
11945,SEAM221,Seamer Sig SR221
11946,SEAMRUS,Seamer Up Sidings
11947,WLVR495,Wolverton Signal KR1495
11948,WLVR498,Wolverton Signal KR1498
11949,WLSDSWG,Willesden SW Goods Lines
11950,BDNHABD,Brandon HABD
11951,BSCTYDG,Bescot Down Side GBRF
11952,BSCTURG,Bescot VQ Reception GBRF
11953,BSCTESG,Bescot Up Engineers GBRF
11954,BSCTUYG,Bescot Up Brook Sdgs GBRF
11955,WALS362,Walsall Signal DR1362
11956,STRBSDG,Stourbridge Down Siding
11957,CREW555,Crewe Signal CE555
11958,CREW105,Crewe Sig. CE105
11959,SPRBSS,Wigan Springs Branch Stabling Siding
11960,CREW902,Gresty Lane Sig GL9023
11961,GIDB872,Guide Bridge Signal GB872
11962,HNDLQY,Hindlow Quarry
11963,CRST437,Carstairs Sig MC437
11964,CRST421,Carstairs Sig MC421
11965,CRST419,Carstairs Sig MC419
11966,BEAT729,Beattock Sig MC729
11967,BEAT725,Beattock Sig MC725
11968,BEAT716,Beattock Sig MC716
11969,RTHG858,Rutherglen Signal G858
11970,CRST408,Carstairs Signal MC408
11971,CRST428,Carstairs Sig MC428
11972,HAMLGBR,Hamilton GBRF
11973,RBRYSTN,Robroyston
11974,PRNC844,Edinburgh Signal 844
11975,EDIN482,Edinburgh Signal 482
11976,EDIN488,Edinburgh Signal 488
11977,BLFDSJ,Blackford South Junction
11978,BLFDFT,Blackford Freight Terminal
11979,ABHL811,Edinburgh Signal 811
11980,DYCE223,Dyce Signal HD7223
11981,BATR571,Battersea Revrsible GPL571
11982,CBRI675,Cambria Jn Signal VS675
11983,CBRI678,Cambria Jn Signal VS678
11984,CBRI679,Cambria Jn Signal VS679
11985,CLFFBMG,Cliffe Brett Marine GBRF
11986,GTWKCH2,Gatwick Airport C.H.S. 2
11987,GTWKCH3,Gatwick Airport C.H.S. 3
11988,ECRO128,East Croydon Sig. T128
11989,MBRKCLJ,Church Lane Junction
11990,MRTMEJN,Maritime East Jn
11991,MRTMWJN,Maritime West Jn
11992,REDBRCS,Redbridge Reception Sidings
11993,GLHMSSS,Gillingham (Dorset) Siding
11994,ROMSEYJ,Romsey Junction
11995,WRMNGBF,Warminster MOD GBRF
11996,FELTALE,Feltham Depot Arrival Road London End
11997,FELTDEP,Feltham Depot
11998,FELTACE,Feltham Depot Arrival Road Country End
11999,STRE174,Streatham Jn Sig TVC174
12000,HORSTLS,Horsham Field Sidings (Thameslink Sidings)
12001,HORS837,Horsham Signal T837
12002,HORS836,Horsham Signal T836
12003,BCKN167,Beckenham Junction Shunt Signal VS167
12004,SRTHUSE,Streatham Hill Up Siding East
12005,SRTHUSW,Streatham Hill Up Siding West
12006,BRGHL38,Brighton West Carriage Road Signal L38
12007,BRGH279,Brighton West Carriage Road Signal T1279
12008,HOVEUSG,Hove Up Sidings
12009,LTLHUPS,Littlehampton Up Sidings 1 & 2
12010,REDH336,Redhill Signal 1336
12011,TONB041,Tonbridge Signal 2041
12012,SDSD359,Sanderstead Signal T1359
12013,THBD201,Three Bridges Signal T1201
12014,NORWD16,Norwood Shunt Signal T1016
12015,NORWD08,Norwood Shunt Signal T1008
12016,NORWD10,Norwood Shunt Signal T1010
12017,NORWD17,Norwood Pertubation Sidings Shunt Signal T1017
12018,NORWD18,Norwood Pertubation Sidings Shunt Signal T1018
12019,NEWX127,New Cross Gate Shunt Signal TL5127
12020,NEWX129,New Cross Gate Shunt Signal TL5129
12021,NEWX138,New Cross Gate Signal TL5138
12022,NORWD03,Norwood Jn Signal T1003
12023,SLHRS15,Selhurst Depot Departure Road Shunt Signal S15
12024,SLHRS13,Selhurst Depot Arrival Road Shunt Signal S13
12025,WCROYOS,Oakfield Siding
12026,WNDM068,Windmill Bridge Shunt Signal T1068
12027,ECRO067,East Croydon Signal 1067
12028,REEDSGS,Reedham Sidings
12029,SNST109,Stoats Nest Junction Signal Signal T1109
12030,SNST110,Stoats Nest Junction Signal Signal T1110
12031,REDG305,Redhill Signal T1305
12032,REDH308,Redhill Signal T1308
12033,REDH320,Redhill Signal T1320
12034,EARL123,Earlswood Signal T1123
12035,EARL127,Earlswood Signal T1127
12036,SALFD50,Salfords Signal T1150
12037,THBDPL5,Three Bridges Signal T1185
12038,THBD204,Three Bridges Signal T1204
12039,PRSP244,Preston Park Signal T1244
12040,BRGH252,Shunt Signal 1252
12041,LOVR247,Lovers Walk Signal T1247
12042,LOVR250,Lovers Walk Signal T1250
12043,LOVR255,Lovers Walk Signal T1255
12044,BRGH249,Shunt Signal 1249
12045,BRGH261,Shunt Signal 1261
12046,LOVR262,Lovers Walk Signal 1262
12047,LOVR267,Lovers Walk Signal 1267
12048,BRGHDNK,Brighton Down Neck Sidings
12049,GRVP336,Grove Park Sig TL1336
12050,BCKNSPR,Beckenham Spur
12051,ELMERS95,Elmers End Shunt Signal TL1395
12052,HAYS401,Hayes Shunt Signal TL1401
12053,LEE1314,Lee Signal 1314
12054,ANGR429,Angerstein Shunt Signal L429
12055,SWLY637,Swanley Shunt Signal VS637
12056,CANO166,London Cannon Street Signal TL1066
12057,CHRX002,London Charing Cross Down Fast Signal TL1002
12058,CHRX004,London Charing Cross Down Slow Signal TL1004
12059,CHRX016,London Charing Cross Middle Road Signal TL1016
12060,LNDN109,London Bridge Sig TL5109
12061,LNDN110,London Bridge Signal TL5110
12062,HTHR299,Hither Green Signal TL1299
12063,HTHRDGA,Hither Green Down Goods Arrival
12064,HTHRDGD,Hither Green Up Goods Departure
12065,HTHR302,Lee Spur Junction Signal TL1302
12066,HTHR311,Hither Green Sig TL1311
12067,GRVP314,Lee Spur Junction Shunt Signal TL1314
12068,GRVP315,Grove Park Shunt Signal TL1315
12069,GRVP319,Grove Park Sig TL1319
12070,GRVP330,Grove Park Sig TL1330
12071,GRVP332,Grove Park Shunt Signal L1332
12072,GRVPSHD,Grove Park Shed
12073,ORPN014,Orpington Shunt Signal 2014
12074,SURRCNJ,Surrey Canal Junction
12075,DYCE228,Dyce Signal HD7228
12076,MLRHEY,Millerhill Yard
12077,WLSDUDG,Up and Down Goods
12078,HORD,Horden
12079,HRPN563,Harpenden Jn Signal WH563
12080,HRPN565,Harpenden Jn Signal WH565
12081,WLNGBSJ,Wellingborough South Jn
12082,WLNG069,Wellingborough Signal BK6069
12083,WLNG070,Wellingborough Sig BK6070
12084,HITC944,Hitchin Signal K944
12085,BALD242,Baldock Signal K242
12086,ROYSLOS,Royston LOS
12087,ROYS245,Royston Signal K245
12088,ROYSOSG,Royston Old Siding
12089,ROYS246,Royston Signal K246
12090,FNPK53,Finsbury Park Signal K53
12091,MRGT42,Moorgate Signal K42
12092,DRYP43,Drayton Park Signal K43
12093,DRYP46,Drayton Park Signal K46
12094,KNGXESG,Kings Cross East Sidings
12095,KNGXGWR,Kings Cross Gaswork Tunnel Reversing Signals
12096,FNPK60,Finsbury Park Signal K60
12097,FRMPSPR,Ferme Park Shunt Neck
12098,NBARUSG,New Barnet Up Siding
12099,POTR146,Potters Bar Signal K146
12100,POTRK148,Potters Bar Signal K148
12101,WLWY167,Welwyn GC Signal K167
12102,WLWY168,Welwyn GC Signal K168
12103,HTC217,Hitchin Signal K217
12104,HITCHUS,Hitchin Up Sidings
12105,PTWYPR,Portway Park and Ride
12106,CAMBTRS,Cambridge Reception Sdgs
12107,CAMB722,Cambridge Signal CA722
12108,CAMB732,Cambridge Signal CA732
12109,CAMB647,Cambridge Sig CA647
12110,STRHUSW,Streatham Hill Up Siding West
12111,REDH305,Redhill Signal T1305
12112,WLSDOTM,Willesden Railnet OTM Siding
12113,WMBYEFR,Wembley Reception & Departure Lines 1-7
12114,KLYNNSS,Kings Lynn Stabling Siding
12115,FOXTBAR,Barrington (FLHH)
12116,SDONEGB,Swindon EMR GBRF
12117,ABTS654,Abbotswood Jn BA7654 Sig
12118,TEESYDG,Tees Yard Dn Staging GBRF
12119,WLSDUDR,Willesden Up & Down  Relief
12120,RIBLHGB,Ribblehead VQ GBRF
12121,TATN385,Tattenham Corner Signal T1385
12122,PURL100,Purley Shunt Signal T1100
12123,PURL102,Purley Shunt Signal T1102
12124,MOSTEJN,Mostyn East Jn
12125,MOSTUGL,Mostyn Up Goods Loop
12126,MOSTWJN,Mostyn West Jn
12127,RHYLJN,Rhyl Jn
12128,FLINTJN,Flint Jn
12129,COLS369,Coulsdon Town Signal T1369
12130,THBD182,Three Bridges Signal T1182
12131,HYWRDNK,Haywards Down Neck Siding
12132,WLNGBNS,Wellingborough Neilson Sidings
12133,WLNGUPS,Wellingborough Up Siding
12134,TLBYRCG,Tilbury R.C.T (GBRF)
12135,TLBYTCG,Tilbury Container Srvs GB
12136,DWLEYFH,Dawley UGL (FLHH)
12137,HAYESFH,Hayes & H'ton Tarmac FLHH
12138,WTNBSFH,Wootton Bassett F.Y. (FLHH)
12139,EXETRFH,Exeter Riverside Hanson
12140,CHLT420,Cheltenham Signal 420
12141,TYTHFHH,Tytherington (FLHH)
12142,AVONHFH,Avonmouth Hanson Agg. (FH)
12143,AVONBFH,Avonmouth Bennets Siding
12144,CCARSID,Castle Cary Up Siding
12145,THEAHFH,Theale Hanson Aggs (FLHH)
12146,THEAFYF,Theale Foster Yeo. (FLHH)
12147,BRST514,Bristol Parkway Signal BL1514
12148,BRST536,Patchway Signal BL1536
12149,ABRGS42,Abergavenny Sig AY42
12150,MACHFHH,Machen Quarry (FLHH)
12151,HITC687,Hitchin Signal K687
12152,TALN541,Tallington Jn P541
12153,FRMPKFH,Ferme Park Agg Ind (FHH)
12154,CRKLDRS,Cricklewood Departure Road South
12155,CRKLTMP,Cricklewood Tamper Siding
12156,CRKLDRN,Cricklewood Departure Road North
12157,CRKLFRD,Cricklewood Fuel Road
12158,RADL592,Radlett Roadstone WH592
12159,WLNG065,Wellingborough Signal BK6065
12160,WLNG607,Wellingborough Signal LR607
12161,KETR094,Kettering Signal BK6094
12162,KETRENG,Kettering Engineering Sidings
12163,KETRSSD,Kettering Stabling Sidings Depot
12164,STPXTFH,Churchyard Sdgs (FLHH)
12165,EMGT457,East Mids Gateway SS4457
12166,EMGTWA,East Mids Gateway Arrival
12167,CHTHAP,Chathill APCO
12168,PILMAP,Pilmoor APCO
12169,SCAR191,Scarborough Sig YS6191
12170,LICDSDG,Lichfield Down Siding
12171,WATFDFH,Watford London Con. (FLHH)
12172,BRMSSDG,Bromsgrove Tamper Sidings
12173,OXFDBRF,Oxford Banbury Road (FLHH)
12174,WIGNTHJ,Wigan North Jn
12175,RUNC807,Runcorn Sig 1807
12176,PNYFDCG,Penyffordd Cement GBRF
12177,CARL291,Carlisle CE 291 Signal
12178,WKNTCRL,Port of Workington Colas
12179,LNGPFHH,Longport Bradwell Up Sdgs
12180,IRVNUPM,Irvine UPM Colas
12181,LNDDAP,Longniddry APCO
12182,MONTS11,Montrose Sig MD11
12183,LENH334,Lenham Signal 334
12184,HTFDFHH,Hothfield Tarmac (FLHH)
12185,ALLGFHH,Allington Hanson Agg
12186,CRAWFHH,Crawley F.Y. (FLHH)
12187,PURLDAF,Purley Yd Day Aggs (FLHH)
12188,CHCYSTR,Chichester Yd Stone Trm Rd
12189,CHCHFHH,Chichester Recp. (FLHH)
12190,EBOUOTM,Eastbourne Tamper Sidings
12191,NEWHVFH,Newhaven Day Aggs (FLHH)
12192,STRH658,Streatham Hill Signal VC658
12193,STRH157,Streatham Hill Signal 157
12194,STRE176,Streatham S Jn Sig TVC176
12195,WOKINGF,Woking Down Yard (FLHH)
12196,BOTLFHH,Botley Foster Yeoman FLHH
12197,ELGHAGF,Eastleigh F.Y. Agg (FLHH)
12198,HMWTFHH,Hamworthy Hanson Aggs (FH)
12199,YOVIP64,Yeovil Pen Mill Sig 64
12200,TOLWDFH,Tolworth Day Aggs (FLHH)
12201,STEV669,Stevenage Signal 669
12202,HERN600,Herne Hill Signal VS600
12203,ABRDWCR,Aberdeen Waterloo Colas
12204,PBRO796,Peterborough Signal P796
12205,BRDBAP,Bradbury APCO
12206,ELGHSLJ,Eastleigh Single Line Junction
12207,ROMSSLJ,Romsey Single Line Junction
12208,BCKW530,Blackwater Signal WM530
12209,WOKN502,Wokingham Signal WM502
12210,ELOC01034,Colne Jn
12211,CAMBCSS,Cambridge Carriage Sidings South
12212,CAMBCSN,Cambridge Carriage Sidings North
12213,MARCHUG,March Up Yard GBRF
12214,WLWY180,Welwyn Garden City Signal K180
12215,MRDN194,Morden LC Sig NF7194
12216,MRDN195,Morden LC Sig NF7195
12217,CLFH110,Cliffe House UGL Sig GM7110
12218,CRKLDBC,Cricklewood Aggregate Sidings
12219,CRKL590,Cricklewood Signal WH590
12220,STKPE20,Edgeley Signal EY1.20
12221,PBCKFHH,Powbeck Railhead 
12222,STKP288,Stockport Signal ST2.88/89
12223,STKP216,Stockport Signal ST2.116/118
12224,ERLES30,Earles Sidings Signal ES30
12225,HAZLDS,Hazel Grove Down Siding
12226,HAZLUS,Hazel Grove Up Siding
12227,HAZL14,Hazel Grove Signal HG14
12228,PERTH61,Perth Sig P61
12229,ABRD222,Aberdeen Sig A222
12230,ABRD223,Aberdeen Sig A223
12231,CRGNSNS,Craiginches North Sidings
12232,IVRN707,Inverness Signal I707
12233,IVRN711,Inverness Signal I711
12234,IVRN395,Inverness Signal I395
12235,IVRN397,Inverness Signal I397
12236,IVRN424,Inverness Signal I424
12237,IVRN422,Inverness Signal I422
12238,IVRN429,Inverness Signal I429
12239,IVRN427,Inverness Signal I427
12240,TAYBHGS,Tay Bridge High Girders South
12241,TAYBHGN,Tay Bridge High Girders North
12242,WILTJGF,Wilton Junction GF
12243,,Eastleigh Depot Signal 245
12244,SHCK449,Shacklegate Jn Signal 2449
12245,SHCK508,Shacklegate Jn Signal 2508
12246,,Richmond Signal 2105
12247,,Twickenham Signal 2121
12248,,Twickenham Signal 2123
12249,,Strawberry hill Signal 2457
12250,,Shacklegate Jn Signal 2467
12251,,Fulwell Signal 2513
12252,,Crown Point Signal CP1494
12253,,Reservoir Engineers Sidings
12254,,Oxenholme Signal CE41
12255,,Lee Shunt Signal TL345
12256,GRAINLC,Grain Level Crossing
12257,SHEP537,Shepperton Signal 2537
12258,ELOC01783,Hackney Downs North Jn
12259,CLAC180,Clacton Signal CO1180
12260,CLAC183,Clacton Signal CO1183
12261,CLACTWR,Clacton Wash Road
12262,CLACDS,Clacton Down Sidings
12263,CLACRR,Clacton Run Round Road
12264,BARKRUP,Barking Riverside Up Junction
12265,BARKRRJ,Barking Ripple Road Junction
12266,RPLLWJN,Ripple Lane West Junction
12267,BARKRDN,Barking Riverside Down Junction
12268,BARKRIV,Barking Riverside
12269,TRIM031,Trimley Signal FW9031
12270,EDIN605,Edinburgh Signal EP605
12271,EDIN854,Edinburgh Signal EP854
12272,MRHLMJN,Marholm Jn
12273,GLNTNJN,Glinton Jn
12274,,Seaham Engineering Siding
12275,,Wembley Stabling Siding
12276,SESA17,Southease Signal TLW17
12277,NEWHVTJ,Newhaven Town Yard Junction
,,
,,
,,
,,
,,
,,
,,
,,
,,
,,
,,
,,
,,
,,
,,
,,
,,
,,
,,
,,
,,
,,
,,
,,
,,
,,
,,
,,
,,
,,
,,
,,
,,
,,
,,
,,
,,
,,
,,
,,
,,
,,
,,
,,
,,
,,
,,
,,
,,
,,
,,
,,
,,
,,
,,
,,
,,
,,
,,
,,
,,
,,
,,
,,
,,
,,
,,
,,
,,
,,
,,
,,
,,
,,
,,
,,
,,
,,
,,
,,
,,
,,
,,
,,
,,
,,
,,
,,
,,
,,
,,
,,
,,
,,
,,
,,
,,
,,
,,
,,
,,
,,
,,
,,
,,
,,
,,
,,
,,
,,
,,
,,
,,
,,
,,
,,
,,
,,
,,
,,
,,
,,
,,
,,
,,
,,
,,
,,
,,
,,
,,
,,
,,
,,
,,
,,
,,
,,
,,
,,
,,
,,
,,
,,
,,
,,
,,
,,
,,
,,
,,
,,
,,
,,
,,
,,
,,
,,
,,
,,
,,
,,
,,
,,
,,
,,
,,
,,
,,
,,
,,
,,
,,
,,
,,
,,
,,
,,
,,
,,
,,
,,
,,
,,
,,
,,
,,
,,
,,
,,
,,
,,
,,
,,
,,
,,
,,
,,
,,
,,
,,
,,
,,
,,
,,
,,
,,
,,
,,
,,
,,
,,
,,
,,
,,
,,
,,
,,
,,
,,
,,
,,
,,
,,
,,
,,
,,
,,
,,
,,
,,
,,
,,
,,
,,
,,
,,
,,
,,
,,
,,
,,
,,
,,
,,
,,
,,
,,
,,
,,
,,
,,
,,
,,
,,
,,
,,
,,
,,
,,
,,
,,
,,
,,
,,
,,
,,
,,
,,
,,
,,
,,
,,
,,
,,
,,
,,
,,
,,
,,
,,
,,
,,
,,
,,
,,
,,
,,
,,
,,
,,
,,
,,
,,
,,
,,
,,
,,
,,
,,
,,
,,
,,
,,
,,
,,
,,
,,
,,
,,
,,
,,
,,
,,
,,
,,
,,
,,
,,
,,
,,
,,
,,
,,
,,
,,
,,
,,
,,
,,
,,
,,
,,
,,
,,
,,
,,
,,
,,
,,
,,
,,
,,
,,
,,
,,
,,
,,
,,
,,
,,
,,
,,
,,
,,
,,
,,
,,
,,
,,
,,
,,
,,
,,
,,
,,
,,
,,
,,
,,
,,
,,
,,
,,
,,
,,
,,
,,
,,
,,
,,
,,
,,
,,
,,
,,
,,
,,
,,
,,
,,
,,
,,
,,
,,
,,
,,
,,
,,
,,
,,
,,
,,
,,
,,
,,
,,
,,
,,
,,
,,
,,
,,
,,
,,
,,
,,
,,
,,
,,
,,
,,
,,
,,
,,
,,
,,
,,
,,
,,
,,
,,
,,
,,
,,
,,
,,
,,
,,
,,
,,
,,
,,
,,
,,
,,
,,
,,
,,
,,
,,
,,
,,
,,
,,
,,
,,
,,
,,
,,
,,
,,
,,
,,
,,
,,
,,
,,
,,
,,
,,
,,
,,
,,
,,
,,
,,
,,
,,
,,
,,
,,
,,
,,
,,
,,
,,
,,
,,
,,
,,
,,
,,
,,
,,
,,
,,
,,
,,
,,
,,
,,
,,
,,
,,
,,
,,
,,
,,
,,
,,
,,
,,
,,
,,
,,
,,
,,
,,
,,
,,
,,
,,
,,
,,
,,
,,
,,
,,
,,
,,
,,
,,
,,
,,
,,
,,
,,
,,
,,
,,
,,
,,
,,
,,
,,
,,
,,
,,
,,
,,
,,
,,
,,
,,
,,
,,
,,
,,
,,
,,
,,
,,
,,
,,
,,
,,
,,
,,
,,
,,
,,
,,
,,
,,
,,
,,
,,
,,
,,
,,
,,
,,
,,
,,
,,
,,
,,
,,
,,
,,
,,
,,
,,
,,
,,
,,
,,
,,
,,
,,
,,
,,
,,
,,
,,
,,
,,
,,
,,
,,
,,
,,
,,
,,
,,
,,
,,
,,
,,
,,
,,
,,
,,
,,
,,
,,
,,
,,
,,
,,
,,
,,
,,
,,
,,
,,
,,
,,
,,
,,
,,
,,
,,
,,
,,
,,
,,
,,
,,
,,
,,
,,
,,
,,
,,
,,
,,
,,
,,
,,
,,
,,
,,
,,
,,
,,
,,
,,
,,
,,
,,
,,
,,
,,
,,
,,
,,
,,
,,
,,
,,
,,
,,
,,
,,
,,
,,
,,
,,
,,
,,
,,
,,
,,
,,
,,
,,
,,
,,
,,
,,
,,
,,
,,
,,
,,
,,
,,
,,
,,
,,
,,
,,
,,
,,
,,
,,
,,
,,
,,
,,
,,
,,
,,
,,
,,
,,
,,
,,
,,
,,
,,
,,
,,
,,
,,
,,
,,
,,
,,
,,
,,
,,
,,
,,
,,
,,
,,
,,
,,
,,
,,
,,
,,
,,
,,
,,
,,
,,
,,
,,
,,
,,
,,
,,
,,
,,
,,
,,
,,
,,
,,
,,
,,
,,
,,
,,
,,
,,
,,
,,
,,
,,
,,
,,
,,
,,
,,
,,
,,
,,
,,
,,
,,
,,
,,
,,
,,
,,
,,
,,
,,
,,
,,
,,
,,
,,
,,
,,
,,
,,
,,
,,
,,
,,
,,
,,
,,
,,
,,
,,
,,
,,
,,
,,
,,
,,
,,
,,
,,
,,
,,
,,
,,
,,
,,
,,
,,
,,
,,
,,
,,
,,
,,
,,
,,
,,
,,
,,
,,
,,
,,
,,
,,
,,
,,
,,
,,
,,
,,
,,
,,
,,
,,
,,
,,
,,
,,
,,
,,
,,
,,
,,
,,
,,
,,
,,
,,
,,
,,
,,
,,
,,
,,
,,
,,
,,
,,
,,
,,
,,
,,
,,
,,
,,
,,
,,
,,
,,
,,
,,
,,
,,
,,
,,
,,
,,
,,
,,
,,
,,
,,
,,
,,
,,
,,
,,
,,
,,
,,
,,
,,
,,
,,
,,
,,
,,
,,
,,
,,
,,
,,
,,
,,
,,
,,
,,
,,
,,
,,
,,
,,
,,
,,
,,
,,
,,
,,
,,
,,
,,
,,
,,
,,
,,
,,
,,
,,
,,
,,
,,
,,
,,
,,
,,
,,
,,
,,
,,
,,
,,
,,
,,
,,
,,
,,
,,
,,
,,
,,
,,
,,
,,
,,
,,
,,
,,
,,
,,
,,
,,
,,
,,
,,
,,
,,
,,
,,
,,
,,
,,
,,
,,
,,
,,
,,
,,
,,
,,
,,
,,
,,
,,
,,
,,
,,
,,
,,
,,
,,
,,
,,
,,
,,
,,
,,
,,
,,
,,
,,
,,
,,
,,
,,
,,
,,
,,
,,
,,
,,
,,
,,
,,
,,
,,
,,
,,
,,
,,
,,
,,
,,
,,
,,
,,
,,
,,
,,
,,
,,
,,
,,
,,
,,
,,
,,
,,
,,
,,
,,
,,
,,
,,
,,
,,
,,
,,
,,
,,
,,
,,
,,
,,
,,
,,
,,
,,
,,
,,
,,
,,
,,
,,
,,
,,
,,
,,
,,
,,
,,
,,
,,
,,
,,
,,
,,
,,
,,
,,
,,
,,
,,
,,
,,
,,
,,
,,
,,
,,
,,
,,
,,
,,
,,
,,
,,
,,
,,
,,
,,
,,
,,
,,
,,
,,
,,
,,
,,
,,
,,
,,
,,
,,
,,
,,
,,
,,
,,
,,
,,
,,
,,
,,
,,
,,
,,
,,
,,
,,
,,
,,
,,
,,
,,
,,
,,
,,
,,
,,
,,
,,
,,
,,
,,
,,
,,
,,
,,
,,
,,
,,
,,
,,
,,
,,
,,
,,
,,
,,
,,
,,
,,
,,
,,
,,
,,
,,
,,
,,
,,
,,
,,
,,
,,
,,
,,
,,
,,
,,
,,
,,
,,
,,
,,
,,
,,
,,
,,
,,
,,
,,
,,
,,
,,
,,
,,
,,
,,
,,
,,
,,
,,
,,
,,
,,
,,
,,
,,
,,
,,
,,
,,
,,
,,
,,
,,
,,
,,
,,
,,
,,
,,
,,
,,
,,
,,
,,
,,
,,
,,
,,
,,
,,
,,
,,
,,
,,
,,
,,
,,
,,
,,
,,
,,
,,
,,
,,
,,
,,
,,
,,
,,
,,
,,
,,
,,
,,
,,
,,
,,
,,
,,
,,
,,
,,
,,
,,
,,
,,
,,
,,
,,
,,
,,
,,
,,
,,
,,
,,
,,
,,
,,
,,
,,
,,
,,
,,
,,
,,
,,
,,
,,
,,
,,
,,
,,
,,
,,
,,
,,
,,
,,
,,
,,
,,
,,
,,
,,
,,
,,
,,
,,
,,
,,
,,
,,
,,
,,
,,
,,
,,
,,
,,
,,
,,
,,
,,
,,
,,
,,
,,
,,
,,
,,
,,
,,
,,
,,
,,
,,
,,
,,
,,
,,
,,
,,
,,
,,
,,
,,
,,
,,
,,
,,
,,
,,
,,
,,
,,
,,
,,
,,
,,
,,
,,
,,
,,
,,
,,
,,
,,
,,
,,
,,
,,
,,
,,
,,
,,
,,
,,
,,
,,
,,
,,
,,
,,
,,
,,
,,
,,
,,
,,
,,
,,
,,
,,
,,
,,
,,
,,
,,
,,
,,
,,
,,
,,
,,
,,
,,
,,
,,
,,
,,
,,
,,
,,
,,
,,
,,
,,
,,
,,
,,
,,
,,
,,
,,
,,
,,
,,
,,
,,
,,
,,
,,
,,
,,
,,
,,
,,
,,
,,
,,
,,
,,
,,
,,
,,
,,
,,
,,
,,
,,
,,
,,
,,
,,
,,
,,
,,
,,
,,
,,
,,
,,
,,
,,
,,
,,
,,
,,
,,
,,
,,
,,
,,
,,
,,
,,
,,
,,
,,
,,
,,
,,
,,
,,
,,
,,
,,
,,
,,
,,
,,
,,
,,
,,
,,
,,
,,
,,
,,
,,
,,
,,
,,
,,
,,
,,
,,
,,
,,
,,
,,
,,
,,
,,
,,
,,
,,
,,
,,
,,
,,
,,
,,
,,
,,
,,
,,
,,
,,
,,
,,
,,
,,
,,
,,
,,
,,
,,
,,
,,
,,
,,
,,
,,
,,
,,
,,
,,
,,
,,
,,
,,
,,
,,
,,
,,
,,
,,
,,
,,
,,
,,
,,
,,
,,
,,
,,
,,
,,
,,
,,
,,
,,
,,
,,
,,
,,
,,
,,
,,
,,
,,
,,
,,
,,
,,
,,
,,
,,
,,
,,
,,
,,
,,
,,
,,
,,
,,
,,
,,
,,
,,
,,
,,
,,
,,
,,
,,
,,
,,
,,
,,
,,
,,
,,
,,
,,
,,
,,
,,
,,
,,
,,
,,
,,
,,
,,
,,
,,
,,
,,
,,
,,
,,
,,
,,
,,
,,
,,
,,
,,
,,
,,
,,
,,
,,
,,
,,
,,
,,
,,
,,
,,
,,
,,
,,
,,
,,
,,
,,
,,
,,
,,
,,
,,
,,
,,
,,
,,
,,
,,
,,
,,
,,
,,
,,
,,
,,
,,
,,
,,
,,
,,
,,
,,
,,
,,
,,
,,
,,
,,
,,
,,
,,
,,
,,
,,
,,
,,
,,
,,
,,
,,
,,
,,
,,
,,
,,
,,
,,
,,
,,
,,
,,
,,
,,
,,
,,
,,
,,
,,
,,
,,
,,
,,
,,
,,
,,
,,
,,
,,
,,
,,
,,
,,
,,
,,
,,
,,
,,
,,
,,
,,
,,
,,
,,
,,
,,
,,
,,
,,
,,
,,
,,
,,
,,
,,
,,
,,
,,
,,
,,
,,
,,
,,
,,
,,
,,
,,
,,
,,
,,
,,
,,
,,
,,
,,
,,
,,
,,
,,
,,
,,
,,
,,
,,
,,
,,
,,
,,
,,
,,
,,
,,
,,
,,
,,
,,
,,
,,
,,
,,
,,
,,
,,
,,
,,
,,
,,
,,
,,
,,
,,
,,
,,
,,
,,
,,
,,
,,
,,
,,
,,
,,
,,
,,
,,
,,
,,
,,
,,
,,
,,
,,
,,
,,
,,
,,
,,
,,
,,
,,
,,
,,
,,
,,
,,
,,
,,
,,
,,
,,
,,
,,
,,
,,
,,
,,
,,
,,
,,
,,
,,
,,
,,
,,
,,
,,
,,
,,
,,
,,
,,
,,
,,
,,
,,
,,
,,
,,
,,
,,
,,
,,
,,
,,
,,
,,
,,
,,
,,
,,
,,
,,
,,
,,
,,
,,
,,
,,
,,
,,
,,
,,
,,
,,
,,
,,
,,
,,
,,
,,
,,
,,
,,
,,
,,
,,
,,
,,
,,
,,
,,
,,
,,
,,
,,
,,
,,
,,
,,
,,
,,
,,
,,
,,
,,
,,
,,
,,
,,
,,
,,
,,
,,
,,
,,
,,
,,
,,
,,
,,
,,
,,
,,
,,
,,
,,
,,
,,
,,
,,
,,
,,
,,
,,
,,
,,
,,
,,
,,
,,
,,
,,
,,
,,
,,
,,
,,
,,
,,
,,
,,
,,
,,
,,
,,
,,
,,
,,
,,
,,
,,
,,
,,
,,
,,
,,
,,
,,
,,
,,
,,
,,
,,
,,
,,
,,
,,
,,
,,
,,
,,
,,
,,
,,
,,
,,
,,
,,
,,
,,
,,
,,
,,
,,
,,
,,
,,
,,
,,
,,
,,
,,
,,
,,
,,
,,
,,
,,
,,
,,
,,
,,
,,
,,
,,
,,
,,
,,
,,
,,
,,
,,
,,
,,
,,
,,
,,
,,
,,
,,
,,
,,
,,
,,
,,
,,
,,
,,
,,
,,
,,
,,
,,
,,
,,
,,
,,
,,
,,
,,
,,
,,
,,
,,
,,
,,
,,
,,
,,
,,
,,
,,
,,
,,
,,
,,
,,
,,
,,
,,
,,
,,
,,
,,
,,
,,
,,
,,
,,
,,
,,
,,
,,
,,
,,
,,
,,
,,
,,
,,
,,
,,
,,
,,
,,
,,
,,
,,
,,
,,
,,
,,
,,
,,
,,
,,
,,
,,
,,
,,
,,
,,
,,
,,
,,
,,
,,
,,
,,
,,
,,
,,
,,
,,
,,
,,
,,
,,
,,
,,
,,
,,
,,
,,
,,
,,
,,
,,
,,
,,
,,
,,
,,
,,
,,
,,
,,
,,
,,
,,
,,
,,
,,
,,
,,
,,
,,
,,
,,
,,
,,
,,
,,
,,
,,
,,
,,
,,
,,
,,
,,
,,
,,
,,
,,
,,
,,
,,
,,
,,
,,
,,
,,
,,
,,
,,
,,
,,
,,
,,
,,
,,
,,
,,
,,
,,
,,
,,
,,
,,
,,
,,
,,
,,
,,
,,
,,
,,
,,
,,
,,
,,
,,
,,
,,
,,
,,
,,
,,
,,
,,
,,
,,
,,
,,
,,
,,
,,
,,
,,
,,
,,
,,
,,
,,
,,
,,
,,
,,
,,
,,
,,
,,
,,
,,
,,
,,
,,
,,
,,
,,
,,
,,
,,
,,
,,
,,
,,
,,
,,
,,
,,
,,
,,
,,
,,
,,
,,
,,
,,
,,
,,
,,
,,
,,
,,
,,
,,
,,
,,
,,
,,
,,
,,
,,
,,
,,
,,
,,
,,
,,
,,
,,
,,
,,
,,
,,
,,
,,
,,
,,
,,
,,
,,
,,
,,
,,
,,
,,
,,
,,
,,
,,
,,
,,
,,
,,
,,
,,
,,
,,
,,
,,
,,
,,
,,
,,
,,
,,
,,
,,
,,
,,
,,
,,
,,
,,
,,
,,
,,
,,
,,
,,
,,
,,
,,
,,
,,
,,
,,
,,
,,
,,
,,
,,
,,
,,
,,
,,
,,
,,
,,
,,
,,
,,
,,
,,
,,
,,
,,
,,
,,
,,
,,
,,
,,
,,
,,
,,
,,
,,
,,
,,
,,
,,
,,
,,
,,
,,
,,
,,
,,
,,
,,
,,
,,
,,
,,
,,
,,
,,
,,
,,
,,
,,
,,
,,
,,
,,
,,
,,
,,
,,
,,
,,
,,
,,
,,
,,
,,
,,
,,
,,
,,
,,
,,
,,
,,
,,
,,
,,
,,
,,
,,
,,
,,
,,
,,
,,
,,
,,
,,
,,
,,
,,
,,
,,
,,
,,
,,
,,
,,
,,
,,
,,
,,
,,
,,
,,
,,
,,
,,
,,
,,
,,
,,
,,
,,
,,
,,
,,
,,
,,
,,
,,
,,
,,
,,
,,
,,
,,
,,
,,
,,
,,
,,
,,
,,
,,
,,
,,
,,
,,
,,
,,
,,
,,
,,
,,
,,
,,
,,
,,
,,
,,
,,
,,
,,
,,
,,
,,
,,
,,
,,
,,
,,
,,
,,
,,
,,
,,
,,
,,
,,
,,
,,
,,
,,
,,
,,
,,
,,
,,
,,
,,
,,
,,
,,
,,
,,
,,
,,
,,
,,
,,
,,
,,
,,
,,
,,
,,
,,
,,
,,
,,
,,
,,
,,
,,
,,
,,
,,
,,
,,
,,
,,
,,
,,
,,
,,
,,
,,
,,
,,
,,
,,
,,
,,
,,
,,
,,
,,
,,
,,
,,
,,
,,
,,
,,
,,
,,
,,
,,
,,
,,
,,
,,
,,
,,
,,
,,
,,
,,
,,
,,
,,
,,
,,
,,
,,
,,
,,
,,
,,
,,
,,
,,
,,
,,
,,
,,
,,
,,
,,
,,
,,
,,
,,
,,
,,
,,
,,
,,
,,
,,
,,
,,
,,
,,
,,
,,
,,
,,
,,
,,
,,
,,
,,
,,
,,
,,
,,
,,
,,
,,
,,
,,
,,
,,
,,
,,
,,
,,
,,
,,
,,
,,
,,
,,
,,
,,
,,
,,
,,
,,
,,
,,
,,
,,
,,
,,
,,
,,
,,
,,
,,
,,
,,
,,
,,
,,
,,
,,
,,
,,
,,
,,
,,
,,
,,
,,
,,
,,
,,
,,
,,
,,
,,
,,
,,
,,
,,
,,
,,
,,
,,
,,
,,
,,
,,
,,
,,
,,
,,
,,
,,
,,
,,
,,
,,
,,
,,
,,
,,
,,
,,
,,
,,
,,
,,
,,
,,
,,
,,
,,
,,
,,
,,
,,
,,
,,
,,
,,
,,
,,
,,
,,
,,
,,
,,
,,
,,
,,
,,
,,
,,
,,
,,
,,
,,
,,
,,
,,
,,
,,
,,
,,
,,
,,
,,
,,
,,
,,
,,
,,
,,
,,
,,
,,
,,
,,
,,
,,
,,
,,
,,
,,
,,
,,
,,
,,
,,
,,
,,
,,
,,
,,
,,
,,
,,
,,
,,
,,
,,
,,
,,
,,
,,
,,
,,
,,
,,
,,
,,
,,
,,
,,
,,
,,
,,
,,
,,
,,
,,
,,
,,
,,
,,
,,
,,
,,
,,
,,
,,
,,
,,
,,
,,
,,
,,
,,
,,
,,
,,
,,
,,
,,
,,
,,
,,
,,
,,
,,
,,
,,
,,
,,
,,
,,
,,
,,
,,
,,
,,
,,
,,
,,
,,
,,
,,
,,
,,
,,
,,
,,
,,
,,
,,
,,
,,
,,
,,
,,
,,
,,
,,
,,
,,
,,
,,
,,
,,
,,
,,
,,
,,
,,
,,
,,
,,
,,
,,
,,
,,
,,
,,
,,
,,
,,
,,
,,
,,
,,
,,
,,
,,
,,
,,
,,
,,
,,
,,
,,
,,
,,
,,
,,
,,
,,
,,
,,
,,
,,
,,
,,
,,
,,
,,
,,
,,
,,
,,
,,
,,
,,
,,
,,
,,
,,
,,
,,
,,
,,
,,
,,
,,
,,
,,
,,
,,
,,
,,
,,
,,
,,
,,
,,
,,
,,
,,
,,
,,
,,
,,
,,
,,
,,
,,
,,
,,
,,
,,
,,
,,
,,
,,
,,
,,
,,
,,
,,
,,
,,
,,
,,
,,
,,
,,
,,
,,
,,
,,
,,
,,
,,
,,
,,
,,
,,
,,
,,
,,
,,
,,
,,
,,
,,
,,
,,
,,
,,
,,
,,
,,
,,
,,
,,
,,
,,
,,
,,
,,
,,
,,
,,
,,
,,
,,
,,
,,
,,
,,
,,
,,
,,
,,
,,
,,
,,
,,
,,
,,
,,
,,
,,
,,
,,
,,
,,
,,
,,
,,
,,
,,
,,
,,
,,
,,
,,
,,
,,
,,
,,
,,
,,
,,
,,
,,
,,
,,
,,
,,
,,
,,
,,
,,
,,
,,
,,
,,
,,
,,
,,
,,
,,
,,
,,
,,
,,
,,
,,
,,
,,
,,
,,
,,
,,
,,
,,
,,
,,
,,
,,
,,
,,
,,
,,
,,
,,
,,
,,
,,
,,
,,
,,
,,
,,
,,
,,
,,
,,
,,
,,
,,
,,
,,
,,
,,
,,
,,
,,
,,
,,
,,
,,
,,
,,
,,
,,
,,
,,
,,
,,
,,
,,
,,
,,
,,
,,
,,
,,
,,
,,
,,
,,
,,
,,
,,
,,
,,
,,
,,
,,
,,
,,
,,
,,
,,
,,
,,
,,
,,
,,
,,
,,
,,
,,
,,
,,
,,
,,
,,
,,
,,
,,
,,
,,
,,
,,
,,
,,
,,
,,
,,
,,
,,
,,
,,
,,
,,
,,
,,
,,
,,
,,
,,
,,
,,
,,
,,
,,
,,
,,
,,
,,
,,
,,
,,
,,
,,
,,
,,
,,
,,
,,
,,
,,
,,
,,
,,
,,
,,
,,
,,
,,
,,
,,
,,
,,
,,
,,
,,
,,
,,
,,
,,
,,
,,
,,
,,
,,
,,
,,
,,
,,
,,
,,
,,
,,
,,
,,
,,
,,
,,
,,
,,
,,
,,
,,
,,
,,
,,
,,
,,
,,
,,
,,
,,
,,
,,
,,
,,
,,
,,
,,
,,
,,
,,
,,
,,
,,
,,
,,
,,
,,
,,
,,
,,
,,
,,
,,
,,
,,
,,
,,
,,
,,
,,
,,
,,
,,
,,
,,
,,
,,
,,
,,
,,
,,
,,
,,
,,
,,
,,
,,
,,
,,
,,
,,
,,
,,
,,
,,
,,
,,
,,
,,
,,
,,
,,
,,
,,
,,
,,
,,
,,
,,
,,
,,
,,
,,
,,
,,
,,
,,
,,
,,
,,
,,
,,
,,
,,
,,
,,
,,
,,
,,
,,
,,
,,
,,
,,
,,
,,
,,
,,
,,
,,
,,
,,
,,
,,
,,
,,
,,
,,
,,
,,
,,
,,
,,
,,
,,
,,
,,
,,
,,
,,
,,
,,
,,
,,
,,
,,
,,
,,
,,
,,
,,
,,
,,
,,
,,
,,
,,
,,
,,
,,
,,
,,
,,
,,
,,
,,
,,
,,
,,
,,
,,
,,
,,
,,
,,
,,
,,
,,
,,
,,
,,
,,
,,
,,
,,
,,
,,
,,
,,
,,
,,
,,
,,
,,
,,
,,
,,
,,
,,
,,
,,
,,
,,
,,
,,
,,
,,
,,
,,
,,
,,
,,
,,
,,
,,
,,
,,
,,
,,
,,
,,
,,
,,
,,
,,
,,
,,
,,
,,
,,
,,
,,
,,
,,
,,
,,
,,
,,
,,
,,
,,
,,
,,
,,
,,
,,
,,
,,
,,
,,
,,
,,
,,
,,
,,
,,
,,
,,
,,
,,
,,
,,
,,
,,
,,
,,
,,
,,
,,
,,
,,
,,
,,
,,
,,
,,
,,
,,
,,
,,
,,
,,
,,
,,
,,
,,
,,
,,
,,
,,
,,
,,
,,
,,
,,
,,
,,
,,
,,
,,
,,
,,
,,
,,
,,
,,
,,
,,
,,
,,
,,
,,
,,
,,
,,
,,
,,
,,
,,
,,
,,
,,
,,
,,
,,
,,
,,
,,
,,
,,
,,
,,
,,
,,
,,
,,
,,
,,
,,
,,
,,
,,
,,
,,
,,
,,
,,
,,
,,
,,
,,
,,
,,
,,
,,
,,
,,
,,
,,
,,
,,
,,
,,
,,
,,
,,
,,
,,
,,
,,
,,
,,
,,
,,
,,
,,
,,
,,
,,
,,
,,
,,
,,
,,
,,
,,
,,
,,
,,
,,
,,
,,
,,
,,
,,
,,
,,
,,
,,
,,
,,
,,
,,
,,
,,
,,
,,
,,
,,
,,
,,
,,
,,
,,
,,
,,
,,
,,
,,
,,
,,
,,
,,
,,
,,
,,
,,
,,
,,
,,
,,
,,
,,
,,
,,
,,
,,
,,
,,
,,
,,
,,
,,
,,
,,
,,
,,
,,
,,
,,
,,
,,
,,
,,
,,
,,
,,
,,
,,
,,
,,
,,
,,
,,
,,
,,
,,
,,
,,
,,
,,
,,
,,
,,
,,
,,
,,
,,
,,
,,
,,
,,
,,
,,
,,
,,
,,
,,
,,
,,
,,
,,
,,
,,
,,
,,
,,
,,
,,
,,
,,
,,
,,
,,
,,
,,
,,
,,
,,
,,
,,
,,
,,
,,
,,
,,
,,
,,
,,
,,
,,
,,
,,
,,
,,
,,
,,
,,
,,
,,
,,
,,
,,
,,
,,
,,
,,
,,
,,
,,
,,
,,
,,
,,
,,
,,
,,
,,
,,
,,
,,
,,
,,
,,
,,
,,
,,
,,
,,
,,
,,
,,
,,
,,
,,
,,
,,
,,
,,
,,
,,
,,
,,
,,
,,
,,
,,
,,
,,
,,
,,
,,
,,
,,
,,
,,
,,
,,
,,
,,
,,
,,
,,
,,
,,
,,
,,
,,
,,
,,
,,
,,
,,
,,
,,
,,
,,
,,
,,
,,
,,
,,
,,
,,
,,
,,
,,
,,
,,
,,
,,
,,
,,
,,
,,
,,
,,
,,
,,
,,
,,
,,
,,
,,
,,
,,
,,
,,
,,
,,
,,
,,
,,
,,
,,
,,
,,
,,
,,
,,
,,
,,
,,
,,
,,
,,
,,
,,
,,
,,
,,
,,
,,
,,
,,
,,
,,
,,
,,
,,
,,
,,
,,
,,
,,
,,
,,
,,
,,
,,
,,
,,
,,
,,
,,
,,
,,
,,
,,
,,
,,
,,
,,
,,
,,
,,
,,
,,
,,
,,
,,
,,
,,
,,
,,
,,
,,
,,
,,
,,
,,
,,
,,
,,
,,
,,
,,
,,
,,
,,
,,
,,
,,
,,
,,
,,
,,
,,
,,
,,
,,
,,
,,
,,
,,
,,
,,
,,
,,
,,
,,
,,
,,
,,
,,
,,
,,
,,
,,
,,
,,
,,
,,
,,
,,
,,
,,
,,
,,
,,
,,
,,
,,
,,
,,
,,
,,
,,
,,
,,
,,
,,
,,
,,
,,
,,
,,
,,
,,
,,
,,
,,
,,
,,
,,
,,
,,
,,
,,
,,
,,
,,
,,
,,
,,
,,
,,
,,
,,
,,
,,
,,
,,
,,
,,
,,
,,
,,
,,
,,
,,
,,
,,
,,
,,
,,
,,
,,
,,
,,
,,
,,
,,
,,
,,
,,
,,
,,
,,
,,
,,
,,
,,
,,
,,
,,
,,
,,
,,
,,
,,
,,
,,
,,
,,
,,
,,
,,
,,
,,
,,
,,
,,
,,
,,
,,
,,
,,
,,
,,
,,
,,
,,
,,
,,
,,
,,
,,
,,
,,
,,
,,
,,
,,
,,
,,
,,
,,
,,
,,
,,
,,
,,
,,
,,
,,
,,
,,
,,
,,
,,
,,
,,
,,
,,
,,
,,
,,
,,
,,
,,
,,
,,
,,
,,
,,
,,
,,
,,
,,
,,
,,
,,
,,
,,
,,
,,
,,
,,
,,
,,
,,
,,
,,
,,
,,
,,
,,
,,
,,
,,
,,
,,
,,
,,
,,
,,
,,
,,
,,
,,
,,
,,
,,
,,
,,
,,
,,
,,
,,
,,
,,
,,
,,
,,
,,
,,
,,
,,
,,
,,
,,
,,
,,
,,
,,
,,
,,
,,
,,
,,
,,
,,
,,
,,
,,
,,
,,
,,
,,
,,
,,
,,
,,
,,
,,
,,
,,
,,
,,
,,
,,
,,
,,
,,
,,
,,
,,
,,
,,
,,
,,
,,
,,
,,
,,
,,
,,
,,
,,
,,
,,
,,
,,
,,
,,
,,
,,
,,
,,
,,
,,
,,
,,
,,
,,
,,
,,
,,
,,
,,
,,
,,
,,
,,
,,
,,
,,
,,
,,
,,
,,
,,
,,
,,
,,
,,
,,
,,
,,
,,
,,
,,
,,
,,
,,
,,
,,
,,
,,
,,
,,
,,
,,
,,
,,
,,
,,
,,
,,
,,
,,
,,
,,
,,
,,
,,
,,
,,
,,
,,
,,
,,
,,
,,
,,
,,
,,
,,
,,
,,
,,
,,
,,
,,
,,
,,
,,
,,
,,
,,
,,
,,
,,
,,
,,
,,
,,
,,
,,
,,
,,
,,
,,
,,
,,
,,
,,
,,
,,
,,
,,
,,
,,
,,
,,
,,
,,
,,
,,
,,
,,
,,
,,
,,
,,
,,
,,
,,
,,
,,
,,
,,
,,
,,
,,
,,
,,
,,
,,
,,
,,
,,
,,
,,
,,
,,
,,
,,
,,
,,
,,
,,
,,
,,
,,
,,
,,
,,
,,
,,
,,
,,
,,
,,
,,
,,
,,
,,
,,
,,
,,
,,
,,
,,
,,
,,
,,
,,
,,
,,
,,
,,
,,
,,
,,
,,
,,
,,
,,
,,
,,
,,
,,
,,
,,
,,
,,
,,
,,
,,
,,
,,
,,
,,
,,
,,
,,
,,
,,
,,
,,
,,
,,
,,
,,
,,
,,
,,
,,
,,
,,
,,
,,
,,
,,
,,
,,
,,
,,
,,
,,
,,
,,
,,
,,
,,
,,
,,
,,
,,
,,
,,
,,
,,
,,
,,
,,
,,
,,
,,
,,
,,
,,
,,
,,
,,
,,
,,
,,
,,
,,
,,
,,
,,
,,
,,
,,
,,
,,
,,
,,
,,
,,
,,
,,
,,
,,
,,
,,
,,
,,
,,
,,
,,
,,
,,
,,
,,
,,
,,
,,
,,
,,
,,
,,
,,
,,
,,
,,
,,
,,
,,
,,
,,
,,
,,
,,
,,
,,
,,
,,
,,
,,
,,
,,
,,
,,
,,
,,
,,
,,
,,
,,
,,
,,
,,
,,
,,
,,
,,
,,
,,
,,
,,
,,
,,
,,
,,
,,
,,
,,
,,
,,
,,
,,
,,
,,
,,
,,
,,
,,
,,
,,
,,
,,
,,
,,
,,
,,
,,
,,
,,
,,
,,
,,
,,
,,
,,
,,
,,
,,
,,
,,
,,
,,
,,
,,
,,
,,
,,
,,
,,
,,
,,
,,
,,
,,
,,
,,
,,
,,
,,
,,
,,
,,
,,
,,
,,
,,
,,
,,
,,
,,
,,
,,
,,
,,
,,
,,
,,
,,
,,
,,
,,
,,
,,
,,
,,
,,
,,
,,
,,
,,
,,
,,
,,
,,
,,
,,
,,
,,
,,
,,
,,
,,
,,
,,
,,
,,
,,
,,
,,
,,
,,
,,
,,
,,
,,
,,
,,
,,
,,
,,
,,
,,
,,
,,
,,
,,
,,
,,
,,
,,
,,
,,
,,
,,
,,
,,
,,
,,
,,
,,
,,
,,
,,
,,
,,
,,
,,
,,
,,
,,
,,
,,
,,
,,
,,
,,
,,
,,
,,
,,
,,
,,
,,
,,
,,
,,
,,
,,
,,
,,
,,
,,
,,
,,
,,
,,
,,
,,
,,
,,
,,
,,
,,
,,
,,
,,
,,
,,
,,
,,
,,
,,
,,
,,
,,
,,
,,
,,
,,
,,
,,
,,
,,
,,
,,
,,
,,
,,
,,
,,
,,
,,
,,
,,
,,
,,
,,
,,
,,
,,
,,
,,
,,
,,
,,
,,
,,
,,
,,
,,
,,
,,
,,
,,
,,
,,
,,
,,
,,
,,
,,
,,
,,
,,
,,
,,
,,
,,
,,
,,
,,
,,
,,
,,
,,
,,
,,
,,
,,
,,
,,
,,
,,
,,
,,
,,
,,
,,
,,
,,
,,
,,
,,
,,
,,
,,
,,
,,
,,
,,
,,
,,
,,
,,
,,
,,
,,
,,
,,
,,
,,
,,
,,
,,
,,
,,
,,
,,
,,
,,
,,
,,
,,
,,
,,
,,
,,
,,
,,
,,
,,
,,
,,
,,
,,
,,
,,
,,
,,
,,
,,
,,
,,
,,
,,
,,
,,
,,
,,
,,
,,
,,
,,
,,
,,
,,
,,
,,
,,
,,
,,
,,
,,
,,
,,
,,
,,
,,
,,
,,
,,
,,
,,
,,
,,
,,
,,
,,
,,
,,
,,
,,
,,
,,
,,
,,
,,
,,
,,
,,
,,
,,
,,
,,
,,
,,
,,
,,
,,
,,
,,
,,
,,
,,
,,
,,
,,
,,
,,
,,
,,
,,
,,
,,
,,
,,
,,
,,
,,
,,
,,
,,
,,
,,
,,
,,
,,
,,
,,
,,
,,
,,
,,
,,
,,
,,
,,
,,
,,
,,
,,
,,
,,
,,
,,
,,
,,
,,
,,
,,
,,
,,
,,
,,
,,
,,
,,
,,
,,
,,
,,
,,
,,
,,
,,
,,
,,
,,
,,
,,
,,
,,
,,
,,
,,
,,
,,
,,
,,
,,
,,
,,
,,
,,
,,
,,
,,
,,
,,
,,
,,
,,
,,
,,
,,
,,
,,
,,
,,
,,
,,
,,
,,
,,
,,
,,
,,
,,
,,
,,
,,
,,
,,
,,
,,
,,
,,
,,
,,
,,
,,
,,
,,
,,
,,
,,
,,
,,
,,
,,
,,
,,
,,
,,
,,
,,
,,
,,
,,
,,
,,
,,
,,
,,
,,
,,
,,
,,
,,
,,
,,
,,
,,
,,
,,
,,
,,
,,
,,
,,
,,
,,
,,
,,
,,
,,
,,
,,
,,
,,
,,
,,
,,
,,
,,
,,
,,
,,
,,
,,
,,
,,
,,
,,
,,
,,
,,
,,
,,
,,
,,
,,
,,
,,
,,
,,
,,
,,
,,
,,
,,
,,
,,
,,
,,
,,
,,
,,
,,
,,
,,
,,
,,
,,
,,
,,
,,
,,
,,
,,
,,
,,
,,
,,
,,
,,
,,
,,
,,
,,
,,
,,
,,
,,
,,
,,
,,
,,
,,
,,
,,
,,
,,
,,
,,
,,
,,
,,
,,
,,
,,
,,
,,
,,
,,
,,
,,
,,
,,
,,
,,
,,
,,
,,
,,
,,
,,
,,
,,
,,
,,
,,
,,
,,
,,
,,
,,
,,
,,
,,
,,
,,
,,
,,
,,
,,
,,
,,
,,
,,
,,
,,
,,
,,
,,
,,
,,
,,
,,
,,
,,
,,
,,
,,
,,
,,
,,
,,
,,
,,
,,
,,
,,
,,
,,
,,
,,
,,
,,
,,
,,
,,
,,
,,
,,
,,
,,
,,
,,
,,
,,
,,
,,
,,
,,
,,
,,
,,
,,
,,
,,
,,
,,
,,
,,
,,
,,
,,
,,
,,
,,
,,
,,
,,
,,
,,
,,
,,
,,
,,
,,
,,
,,
,,
,,
,,
,,
,,
,,
,,
,,
,,
,,
,,
,,
,,
,,
,,
,,
,,
,,
,,
,,
,,
,,
,,
,,
,,
,,
,,
,,
,,
,,
,,
,,
,,
,,
,,
,,
,,
,,
,,
,,
,,
,,
,,
,,
,,
,,
,,
,,
,,
,,
,,
,,
,,
,,
,,
,,
,,
,,
,,
,,
,,
,,
,,
,,
,,
,,
,,
,,
,,
,,
,,
,,
,,
,,
,,
,,
,,
,,
,,
,,
,,
,,
,,
,,
,,
,,
,,
,,
,,
,,
,,
,,
,,
,,
,,
,,
,,
,,
,,
,,
,,
,,
,,
,,
,,
,,
,,
,,
,,
,,
,,
,,
,,
,,
,,
,,
,,
,,
,,
,,
,,
,,
,,
,,
,,
,,
,,
,,
,,
,,
,,
,,
,,
,,
,,
,,
,,
,,
,,
,,
,,
,,
,,
,,
,,
,,
,,
,,
,,
,,
,,
,,
,,
,,
,,
,,
,,
,,
,,
,,
,,
,,
,,
,,
,,
,,
,,
,,
,,
,,
,,
,,
,,
,,
,,
,,
,,
,,
,,
,,
,,
,,
,,
,,
,,
,,
,,
,,
,,
,,
,,
,,
,,
,,
,,
,,
,,
,,
,,
,,
,,
,,
,,
,,
,,
,,
,,
,,
,,
,,
,,
,,
,,
,,
,,
,,
,,
,,
,,
,,
,,
,,
,,
,,
,,
,,
,,
,,
,,
,,
,,
,,
,,
,,
,,
,,
,,
,,
,,
,,
,,
,,
,,
,,
,,
,,
,,
,,
,,
,,
,,
,,
,,
,,
,,
,,
,,
,,
,,
,,
,,
,,
,,
,,
,,
,,
,,
,,
,,
,,
,,
,,
,,
,,
,,
,,
,,
,,
,,
,,
,,
,,
,,
,,
,,
,,
,,
,,
,,
,,
,,
,,
,,
,,
,,
,,
,,
,,
,,
,,
,,
,,
,,
,,
,,
,,
,,
,,
,,
,,
,,
,,
,,
,,
,,
,,
,,
,,
,,
,,
,,
,,
,,
,,
,,
,,
,,
,,
,,
,,
,,
,,
,,
,,
,,
,,
,,
,,
,,
,,
,,
,,
,,
,,
,,
,,
,,
,,
,,
,,
,,
,,
,,
,,
,,
,,
,,
,,
,,
,,
,,
,,
,,
,,
,,
,,
,,
,,
,,
,,
,,
,,
,,
,,
,,
,,
,,
,,
,,
,,
,,
,,
,,
,,
,,
,,
,,
,,
,,
,,
,,
,,
,,
,,
,,
,,
,,
,,
,,
,,
,,
,,
,,
,,
,,
,,
,,
,,
,,
,,
,,
,,
,,
,,
,,
,,
,,
,,
,,
,,
,,
,,
,,
,,
,,
,,
,,
,,
,,
,,
,,
,,
,,
,,
,,
,,
,,
,,
,,
,,
,,
,,
,,
,,
,,
,,
,,
,,
,,
,,
,,
,,
,,
,,
,,
,,
,,
,,
,,
,,
,,
,,
,,
,,
,,
,,
,,
,,
,,
,,
,,
,,
,,
,,
,,
,,
,,
,,
,,
,,
,,
,,
,,
,,
,,
,,
,,
,,
,,
,,
,,
,,
,,
,,
,,
,,
,,
,,
,,
,,
,,
,,
,,
,,
,,
,,
,,
,,
,,
,,
,,
,,
,,
,,
,,
,,
,,
,,
,,
,,
,,
,,
,,
,,
,,
,,
,,
,,
,,
,,
,,
,,
,,
,,
,,
,,
,,
,,
,,
,,
,,
,,
,,
,,
,,
,,
,,
,,
,,
,,
,,
,,
,,
,,
,,
,,
,,
,,
,,
,,
,,
,,
,,
,,
,,
,,
,,
,,
,,
,,
,,
,,
,,
,,
,,
,,
,,
,,
,,
,,
,,
,,
,,
,,
,,
,,
,,
,,
,,
,,
,,
,,
,,
,,
,,
,,
,,
,,
,,
,,
,,
,,
,,
,,
,,
,,
,,
,,
,,
,,
,,
,,
,,
,,
,,
,,
,,
,,
,,
,,
,,
,,
,,
,,
,,
,,
,,
,,
,,
,,
,,
,,
,,
,,
,,
,,
,,
,,
,,
,,
,,
,,
,,
,,
,,
,,
,,
,,
,,
,,
,,
,,
,,
,,
,,
,,
,,
,,
,,
,,
,,
,,
,,
,,
,,
,,
,,
,,
,,
,,
,,
,,
,,
,,
,,
,,
,,
,,
,,
,,
,,
,,
,,
,,
,,
,,
,,
,,
,,
,,
,,
,,
,,
,,
,,
,,
,,
,,
,,
,,
,,
,,
,,
,,
,,
,,
,,
,,
,,
,,
,,
,,
,,
,,
,,
,,
,,
,,
,,
,,
,,
,,
,,
,,
,,
,,
,,
,,
,,
,,
,,
,,
,,
,,
,,
,,
,,
,,
,,
,,
,,
,,
,,
,,
,,
,,
,,
,,
,,
,,
,,
,,
,,
,,
,,
,,
,,
,,
,,
,,
,,
,,
,,
,,
,,
,,
,,
,,
,,
,,
,,
,,
,,
,,
,,
,,
,,
,,
,,
,,
,,
,,
,,
,,
,,
,,
,,
,,
,,
,,
,,
,,
,,
,,
,,
,,
,,
,,
,,
,,
,,
,,
,,
,,
,,
,,
,,
,,
,,
,,
,,
,,
,,
,,
,,
,,
,,
,,
,,
,,
,,
,,
,,
,,
,,
,,
,,
,,
,,
,,
,,
,,
,,
,,
,,
,,
,,
,,
,,
,,
,,
,,
,,
,,
,,
,,
,,
,,
,,
,,
,,
,,
,,
,,
,,
,,
,,
,,
,,
,,
,,
,,
,,
,,
,,
,,
,,
,,
,,
,,
,,
,,
,,
,,
,,
,,
,,
,,
,,
,,
,,
,,
,,
,,
,,
,,
,,
,,
,,
,,
,,
,,
,,
,,
,,
,,
,,
,,
,,
,,
,,
,,
,,
,,
,,
,,
,,
,,
,,
,,
,,
,,
,,
,,
,,
,,
,,
,,
,,
,,
,,
,,
,,
,,
,,
,,
,,
,,
,,
,,
,,
,,
,,
,,
,,
,,
,,
,,
,,
,,
,,
,,
,,
,,
,,
,,
,,
,,
,,
,,
,,
,,
,,
,,
,,
,,
,,
,,
,,
,,
,,
,,
,,
,,
,,
,,
,,
,,
,,
,,
,,
,,
,,
,,
,,
,,
,,
,,
,,
,,
,,
,,
,,
,,
,,
,,
,,
,,
,,
,,
,,
,,
,,
,,
,,
,,
,,
,,
,,
,,
,,
,,
,,
,,
,,
,,
,,
,,
,,
,,
,,
,,
,,
,,
,,
,,
,,
,,
,,
,,
,,
,,
,,
,,
,,
,,
,,
,,
,,
,,
,,
,,
,,
,,
,,
,,
,,
,,
,,
,,
,,
,,
,,
,,
,,
,,
,,
,,
,,
,,
,,
,,
,,
,,
,,
,,
,,
,,
,,
,,
,,
,,
,,
,,
,,
,,
,,
,,
,,
,,
,,
,,
,,
,,
,,
,,
,,
,,
,,
,,
,,
,,
,,
,,
,,
,,
,,
,,
,,
,,
,,
,,
,,
,,
,,
,,
,,
,,
,,
,,
,,
,,
,,
,,
,,
,,
,,
,,
,,
,,
,,
,,
,,
,,
,,
,,
,,
,,
,,
,,
,,
,,
,,
,,
,,
,,
,,
,,
,,
,,
,,
,,
,,
,,
,,
,,
,,
,,
,,
,,
,,
,,
,,
,,
,,
,,
,,
,,
,,
,,
,,
,,
,,
,,
,,
,,
,,
,,
,,
,,
,,
,,
,,
,,
,,
,,
,,
,,
,,
,,
,,
,,
,,
,,
,,
,,
,,
,,
,,
,,
,,
,,
,,
,,
,,
,,
,,
,,
,,
,,
,,
,,
,,
,,
,,
,,
,,
,,
,,
,,
,,
,,
,,
,,
,,
,,
,,
,,
,,
,,
,,
,,
,,
,,
,,
,,
,,
,,
,,
,,
,,
,,
,,
,,
,,
,,
,,
,,
,,
,,
,,
,,
,,
,,
,,
,,
,,
,,
,,
,,
,,
,,
,,
,,
,,
,,
,,
,,
,,
,,
,,
,,
,,
,,
,,
,,
,,
,,
,,
,,
,,
,,
,,
,,
,,
,,
,,
,,
,,
,,
,,
,,
,,
,,
,,
,,
,,
,,
,,
,,
,,
,,
,,
,,
,,
,,
,,
,,
,,
,,
,,
,,
,,
,,
,,
,,
,,
,,
,,
,,
,,
,,
,,
,,
,,
,,
,,
,,
,,
,,
,,
,,
,,
,,
,,
,,
,,
,,
,,
,,
,,
,,
,,
,,
,,
,,
,,
,,
,,
,,
,,
,,
,,
,,
,,
,,
,,
,,
,,
,,
,,
,,
,,
,,
,,
,,
,,
,,
,,
,,
,,
,,
,,
,,
,,
,,
,,
,,
,,
,,
,,
,,
,,
,,
,,
,,
,,
,,
,,
,,
,,
,,
,,
,,
,,
,,
,,
,,
,,
,,
,,
,,
,,
,,
,,
,,
,,
,,
,,
,,
,,
,,
,,
,,
,,
,,
,,
,,
,,
,,
,,
,,
,,
,,
,,
,,
,,
,,
,,
,,
,,
,,
,,
,,
,,
,,
,,
,,
,,
,,
,,
,,
,,
,,
,,
,,
,,
,,
,,
,,
,,
,,
,,
,,
,,
,,
,,
,,
,,
,,
,,
,,
,,
,,
,,
,,
,,
,,
,,
,,
,,
,,
,,
,,
,,
,,
,,
,,
,,
,,
,,
,,
,,
,,
,,
,,
,,
,,
,,
,,
,,
,,
,,
,,
,,
,,
,,
,,
,,
,,
,,
,,
,,
,,
,,
,,
,,
,,
,,
,,
,,
,,
,,
,,
,,
,,
,,
,,
,,
,,
,,
,,
,,
,,
,,
,,
,,
,,
,,
,,
,,
,,
,,
,,
,,
,,
,,
,,
,,
,,
,,
,,
,,
,,
,,
,,
,,
,,
,,
,,
,,
,,
,,
,,
,,
,,
,,
,,
,,
,,
,,
,,
,,
,,
,,
,,
,,
,,
,,
,,
,,
,,
,,
,,
,,
,,
,,
,,
,,
,,
,,
,,
,,
,,
,,
,,
,,
,,
,,
,,
,,
,,
,,
,,
,,
,,
,,
,,
,,
,,
,,
,,
,,
,,
,,
,,
,,
,,
,,
,,
,,
,,
,,
,,
,,
,,
,,
,,
,,
,,
,,
,,
,,
,,
,,
,,
,,
,,
,,
,,
,,
,,
,,
,,
,,
,,
,,
,,
,,
,,
,,
,,
,,
,,
,,
,,
,,
,,
,,
,,
,,
,,
,,
,,
,,
,,
,,
,,
,,
,,
,,
,,
,,
,,
,,
,,
,,
,,
,,
,,
,,
,,
,,
,,
,,
,,
,,
,,
,,
,,
,,
,,
,,
,,
,,
,,
,,
,,
,,
,,
,,
,,
,,
,,
,,
,,
,,
,,
,,
,,
,,
,,
,,
,,
,,
,,
,,
,,
,,
,,
,,
,,
,,
,,
,,
,,
,,
,,
,,
,,
,,
,,
,,
,,
,,
,,
,,
,,
,,
,,
,,
,,
,,
,,
,,
,,
,,
,,
,,
,,
,,
,,
,,
,,
,,
,,
,,
,,
,,
,,
,,
,,
,,
,,
,,
,,
,,
,,
,,
,,
,,
,,
,,
,,
,,
,,
,,
,,
,,
,,
,,
,,
,,
,,
,,
,,
,,
,,
,,
,,
,,
,,
,,
,,
,,
,,
,,
,,
,,
,,
,,
,,
,,
,,
,,
,,
,,
,,
,,
,,
,,
,,
,,
,,
,,
,,
,,
,,
,,
,,
,,
,,
,,
,,
,,
,,
,,
,,
,,
,,
,,
,,
,,
,,
,,
,,
,,
,,
,,
,,
,,
,,
,,
,,
,,
,,
,,
,,
,,
,,
,,
,,
,,
,,
,,
,,
,,
,,
,,
,,
,,
,,
,,
,,
,,
,,
,,
,,
,,
,,
,,
,,
,,
,,
,,
,,
,,
,,
,,
,,
,,
,,
,,
,,
,,
,,
,,
,,
,,
,,
,,
,,
,,
,,
,,
,,
,,
,,
,,
,,
,,
,,
,,
,,
,,
,,
,,
,,
,,
,,
,,
,,
,,
,,
,,
,,
,,
,,
,,
,,
,,
,,
,,
,,
,,
,,
,,
,,
,,
,,
,,
,,
,,
,,
,,
,,
,,
,,
,,
,,
,,
,,
,,
,,
,,
,,
,,
,,
,,
,,
,,
,,
,,
,,
,,
,,
,,
,,
,,
,,
,,
,,
,,
,,
,,
,,
,,
,,
,,
,,
,,
,,
,,
,,
,,
,,
,,
,,
,,
,,
,,
,,
,,
,,
,,
,,
,,
,,
,,
,,
,,
,,
,,
,,
,,
,,
,,
,,
,,
,,
,,
,,
,,
,,
,,
,,
,,
,,
,,
,,
,,
,,
,,
,,
,,
,,
,,
,,
,,
,,
,,
,,
,,
,,
,,
,,
,,
,,
,,
,,
,,
,,
,,
,,
,,
,,
,,
,,
,,
,,
,,
,,
,,
,,
,,
,,
,,
,,
,,
,,
,,
,,
,,
,,
,,
,,
,,
,,
,,
,,
,,
,,
,,
,,
,,
,,
,,
,,
,,
,,
,,
,,
,,
,,
,,
,,
,,
,,
,,
,,
,,
,,
,,
,,
,,
,,
,,
,,
,,
,,
,,
,,
,,
,,
,,
,,
,,
,,
,,
,,
,,
,,
,,
,,
,,
,,
,,
,,
,,
,,
,,
,,
,,
,,
,,
,,
,,
,,
,,
,,
,,
,,
,,
,,
,,
,,
,,
,,
,,
,,
,,
,,
,,
,,
,,
,,
,,
,,
,,
,,
,,
,,
,,
,,
,,
,,
,,
,,
,,
,,
,,
,,
,,
,,
,,
,,
,,
,,
,,
,,
,,
,,
,,
,,
,,
,,
,,
,,
,,
,,
,,
,,
,,
,,
,,
,,
,,
,,
,,
,,
,,
,,
,,
,,
,,
,,
,,
,,
,,
,,
,,
,,
,,
,,
,,
,,
,,
,,
,,
,,
,,
,,
,,
,,
,,
,,
,,
,,
,,
,,
,,
,,
,,
,,
,,
,,
,,
,,
,,
,,
,,
,,
,,
,,
,,
,,
,,
,,
,,
,,
,,
,,
,,
,,
,,
,,
,,
,,
,,
,,
,,
,,
,,
,,
,,
,,
,,
,,
,,
,,
,,
,,
,,
,,
,,
,,
,,
,,
,,
,,
,,
,,
,,
,,
,,
,,
,,
,,
,,
,,
,,
,,
,,
,,
,,
,,
,,
,,
,,
,,
,,
,,
,,
,,
,,
,,
,,
,,
,,
,,
,,
,,
,,
,,
,,
,,
,,
,,
,,
,,
,,
,,
,,
,,
,,
,,
,,
,,
,,
,,
,,
,,
,,
,,
,,
,,
,,
,,
,,
,,
,,
,,
,,
,,
,,
,,
,,
,,
,,
,,
,,
,,
,,
,,
,,
,,
,,
,,
,,
,,
,,
,,
,,
,,
,,
,,
,,
,,
,,
,,
,,
,,
,,
,,
,,
,,
,,
,,
,,
,,
,,
,,
,,
,,
,,
,,
,,
,,
,,
,,
,,
,,
,,
,,
,,
,,
,,
,,
,,
,,
,,
,,
,,
,,
,,
,,
,,
,,
,,
,,
,,
,,
,,
,,
,,
,,
,,
,,
,,
,,
,,
,,
,,
,,
,,
,,
,,
,,
,,
,,
,,
,,
,,
,,
,,
,,
,,
,,
,,
,,
,,
,,
,,
,,
,,
,,
,,
,,
,,
,,
,,
,,
,,
,,
,,
,,
,,
,,
,,
,,
,,
,,
,,
,,
,,
,,
,,
,,
,,
,,
,,
,,
,,
,,
,,
,,
,,
,,
,,
,,
,,
,,
,,
,,
,,
,,
,,
,,
,,
,,
,,
,,
,,
,,
,,
,,
,,
,,
,,
,,
,,
,,
,,
,,
,,
,,
,,
,,
,,
,,
,,
,,
,,
,,
,,
,,
,,
,,
,,
,,
,,
,,
,,
,,
,,
,,
,,
,,
,,
,,
,,
,,
,,
,,
,,
,,
,,
,,
,,
,,
,,
,,
,,
,,
,,
,,
,,
,,
,,
,,
,,
,,
,,
,,
,,
,,
,,
,,
,,
,,
,,
,,
,,
,,
,,
,,
,,
,,
,,
,,
,,
,,
,,
,,
,,
,,
,,
,,
,,
,,
,,
,,
,,
,,
,,
,,
,,
,,
,,
,,
,,
,,
,,
,,
,,
,,
,,
,,
,,
,,
,,
,,
,,
,,
,,
,,
,,
,,
,,
,,
,,
,,
,,
,,
,,
,,
,,
,,
,,
,,
,,
,,
,,
,,
,,
,,
,,
,,
,,
,,
,,
,,
,,
,,
,,
,,
,,
,,
,,
,,
,,
,,
,,
,,
,,
,,
,,
,,
,,
,,
,,
,,
,,
,,
,,
,,
,,
,,
,,
,,
,,
,,
,,
,,
,,
,,
,,
,,
,,
,,
,,
,,
,,
,,
,,
,,
,,
,,
,,
,,
,,
,,
,,
,,
,,
,,
,,
,,
,,
,,
,,
,,
,,
,,
,,
,,
,,
,,
,,
,,
,,
,,
,,
,,
,,
,,
,,
,,
,,
,,
,,
,,
,,
,,
,,
,,
,,
,,
,,
,,
,,
,,
,,
,,
,,
,,
,,
,,
,,
,,
,,
,,
,,
,,
,,
,,
,,
,,
,,
,,
,,
,,
,,
,,
,,
,,
,,
,,
,,
,,
,,
,,
,,
,,
,,
,,
,,
,,
,,
,,
,,
,,
,,
,,
,,
,,
,,
,,
,,
,,
,,
,,
,,
,,
,,
,,
,,
,,
,,
,,
,,
,,
,,
,,
,,
,,
,,
,,
,,
,,
,,
,,
,,
,,
,,
,,
,,
,,
,,
,,
,,
,,
,,
,,
,,
,,
,,
,,
,,
,,
,,
,,
,,
,,
,,
,,
,,
,,
,,
,,
,,
,,
,,
,,
,,
,,
,,
,,
,,
,,
,,
,,
,,
,,
,,
,,
,,
,,
,,
,,
,,
,,
,,
,,
,,
,,
,,
,,
,,
,,
,,
,,
,,
,,
,,
,,
,,
,,
,,
,,
,,
,,
,,
,,
,,
,,
,,
,,
,,
,,
,,
,,
,,
,,
,,
,,
,,
,,
,,
,,
,,
,,
,,
,,
,,
,,
,,
,,
,,
,,
,,
,,
,,
,,
,,
,,
,,
,,
,,
,,
,,
,,
,,
,,
,,
,,
,,
,,
,,
,,
,,
,,
,,
,,
,,
,,
,,
,,
,,
,,
,,
,,
,,
,,
,,
,,
,,
,,
,,
,,
,,
,,
,,
,,
,,
,,
,,
,,
,,
,,
,,
,,
,,
,,
,,
,,
,,
,,
,,
,,
,,
,,
,,
,,
,,
,,
,,
,,
,,
,,
,,
,,
,,
,,
,,
,,
,,
,,
,,
,,
,,
,,
,,
,,
,,
,,
,,
,,
,,
,,
,,
,,
,,
,,
,,
,,
,,
,,
,,
,,
,,
,,
,,
,,
,,
,,
,,
,,
,,
,,
,,
,,
,,
,,
,,
,,
,,
,,
,,
,,
,,
,,
,,
,,
,,
,,
,,
,,
,,
,,
,,
,,
,,
,,
,,
,,
,,
,,
,,
,,
,,
,,
,,
,,
,,
,,
,,
,,
,,
,,
,,
,,
,,
,,
,,
,,
,,
,,
,,
,,
,,
,,
,,
,,
,,
,,
,,
,,
,,
,,
,,
,,
,,
,,
,,
,,
,,
,,
,,
,,
,,
,,
,,
,,
,,
,,
,,
,,
,,
,,
,,
,,
,,
,,
,,
,,
,,
,,
,,
,,
,,
,,
,,
,,
,,
,,
,,
,,
,,
,,
,,
,,
,,
,,
,,
,,
,,
,,
,,
,,
,,
,,
,,
,,
,,
,,
,,
,,
,,
,,
,,
,,
,,
,,
,,
,,
,,
,,
,,
,,
,,
,,
,,
,,
,,
,,
,,
,,
,,
,,
,,
,,
,,
,,
,,
,,
,,
,,
,,
,,
,,
,,
,,
,,
,,
,,
,,
,,
,,
,,
,,
,,
,,
,,
,,
,,
,,
,,
,,
,,
,,
,,
,,
,,
,,
,,
,,
,,
,,
,,
,,
,,
,,
,,
,,
,,
,,
,,
,,
,,
,,
,,
,,
,,
,,
,,
,,
,,
,,
,,
,,
,,
,,
,,
,,
,,
,,
,,
,,
,,
,,
,,
,,
,,
,,
,,
,,
,,
,,
,,
,,
,,
,,
,,
,,
,,
,,
,,
,,
,,
,,
,,
,,
,,
,,
,,
,,
,,
,,
,,
,,
,,
,,
,,
,,
,,
,,
,,
,,
,,
,,
,,
,,
,,
,,
,,
,,
,,
,,
,,
,,
,,
,,
,,
,,
,,
,,
,,
,,
,,
,,
,,
,,
,,
,,
,,
,,
,,
,,
,,
,,
,,
,,
,,
,,
,,
,,
,,
,,
,,
,,
,,
,,
,,
,,
,,
,,
,,
,,
,,
,,
,,
,,
,,
,,
,,
,,
,,
,,
,,
,,
,,
,,
,,
,,
,,
,,
,,
,,
,,
,,
,,
,,
,,
,,
,,
,,
,,
,,
,,
,,
,,
,,
,,
,,
,,
,,
,,
,,
,,
,,
,,
,,
,,
,,
,,
,,
,,
,,
,,
,,
,,
,,
,,
,,
,,
,,
,,
,,
,,
,,
,,
,,
,,
,,
,,
,,
,,
,,
,,
,,
,,
,,
,,
,,
,,
,,
,,
,,
,,
,,
,,
,,
,,
,,
,,
,,
,,
,,
,,
,,
,,
,,
,,
,,
,,
,,
,,
,,
,,
,,
,,
,,
,,
,,
,,
,,
,,
,,
,,
,,
,,
,,
,,
,,
,,
,,
,,
,,
,,
,,
,,
,,
,,
,,
,,
,,
,,
,,
,,
,,
,,
,,
,,
,,
,,
,,
,,
,,
,,
,,
,,
,,
,,
,,
,,
,,
,,
,,
,,
,,
,,
,,
,,
,,
,,
,,
,,
,,
,,
,,
,,
,,
,,
,,
,,
,,
,,
,,
,,
,,
,,
,,
,,
,,
,,
,,
,,
,,
,,
,,
,,
,,
,,
,,
,,
,,
,,
,,
,,
,,
,,
,,
,,
,,
,,
,,
,,
,,
,,
,,
,,
,,
,,
,,
,,
,,
,,
,,
,,
,,
,,
,,
,,
,,
,,
,,
,,
,,
,,
,,
,,
,,
,,
,,
,,
,,
,,
,,
,,
,,
,,
,,
,,
,,
,,
,,
,,
,,
,,
,,
,,
,,
,,
,,
,,
,,
,,
,,
,,
,,
,,
,,
,,
,,
,,
,,
,,
,,
,,
,,
,,
,,
,,
,,
,,
,,
,,
,,
,,
,,
,,
,,
,,
,,
,,
,,
,,
,,
,,
,,
,,
,,
,,
,,
,,
,,
,,
,,
,,
,,
,,
,,
,,
,,
,,
,,
,,
,,
,,
,,
,,
,,
,,
,,
,,
,,
,,
,,
,,
,,
,,
,,
,,
,,
,,
,,
,,
,,
,,
,,
,,
,,
,,
,,
,,
,,
,,
,,
,,
,,
,,
,,
,,
,,
,,
,,
,,
,,
,,
,,
,,
,,
,,
,,
,,
,,
,,
,,
,,
,,
,,
,,
,,
,,
,,
,,
,,
,,
,,
,,
,,
,,
,,
,,
,,
,,
,,
,,
,,
,,
,,
,,
,,
,,
,,
,,
,,
,,
,,
,,
,,
,,
,,
,,
,,
,,
,,
,,
,,
,,
,,
,,
,,
,,
,,
,,
,,
,,
,,
,,
,,
,,
,,
,,
,,
,,
,,
,,
,,
,,
,,
,,
,,
,,
,,
,,
,,
,,
,,
,,
,,
,,
,,
,,
,,
,,
,,
,,
,,
,,
,,
,,
,,
,,
,,
,,
,,
,,
,,
,,
,,
,,
,,
,,
,,
,,
,,
,,
,,
,,
,,
,,
,,
,,
,,
,,
,,
,,
,,
,,
,,
,,
,,
,,
,,
,,
,,
,,
,,
,,
,,
,,
,,
,,
,,
,,
,,
,,
,,
,,
,,
,,
,,
,,
,,
,,
,,
,,
,,
,,
,,
,,
,,
,,
,,
,,
,,
,,
,,
,,
,,
,,
,,
,,
,,
,,
,,
,,
,,
,,
,,
,,
,,
,,
,,
,,
,,
,,
,,
,,
,,
,,
,,
,,
,,
,,
,,
,,
,,
,,
,,
,,
,,
,,
,,
,,
,,
,,
,,
,,
,,
,,
,,
,,
,,
,,
,,
,,
,,
,,
,,
,,
,,
,,
,,
,,
,,
,,
,,
,,
,,
,,
,,
,,
,,
,,
,,
,,
,,
,,
,,
,,
,,
,,
,,
,,
,,
,,
,,
,,
,,
,,
,,
,,
,,
,,
,,
,,
,,
,,
,,
,,
,,
,,
,,
,,
,,
,,
,,
,,
,,
,,
,,
,,
,,
,,
,,
,,
,,
,,
,,
,,
,,
,,
,,
,,
,,
,,
,,
,,
,,
,,
,,
,,
,,
,,
,,
,,
,,
,,
,,
,,
,,
,,
,,
,,
,,
,,
,,
,,
,,
,,
,,
,,
,,
,,
,,
,,
,,
,,
,,
,,
,,
,,
,,
,,
,,
,,
,,
,,
,,
,,
,,
,,
,,
,,
,,
,,
,,
,,
,,
,,
,,
,,
,,
,,
,,
,,
,,
,,
,,
,,
,,
,,
,,
,,
,,
,,
,,
,,
,,
,,
,,
,,
,,
,,
,,
,,
,,
,,
,,
,,
,,
,,
,,
,,
,,
,,
,,
,,
,,
,,
,,
,,
,,
,,
,,
,,
,,
,,
,,
,,
,,
,,
,,
,,
,,
,,
,,
,,
,,
,,
,,
,,
,,
,,
,,
,,
,,
,,
,,
,,
,,
,,
,,
,,
,,
,,
,,
,,
,,
,,
,,
,,
,,
,,
,,
,,
,,
,,
,,
,,
,,
,,
,,
,,
,,
,,
,,
,,
,,
,,
,,
,,
,,
,,
,,
,,
,,
,,
,,
,,
,,
,,
,,
,,
,,
,,
,,
,,
,,
,,
,,
,,
,,
,,
,,
,,
,,
,,
,,
,,
,,
,,
,,
,,
,,
,,
,,
,,
,,
,,
,,
,,
,,
,,
,,
,,
,,
,,
,,
,,
,,
,,
,,
,,
,,
,,
,,
,,
,,
,,
,,
,,
,,
,,
,,
,,
,,
,,
,,
,,
,,
,,
,,
,,
,,
,,
,,
,,
,,
,,
,,
,,
,,
,,
,,
,,
,,
,,
,,
,,
,,
,,
,,
,,
,,
,,
,,
,,
,,
,,
,,
,,
,,
,,
,,
,,
,,
,,
,,
,,
,,
,,
,,
,,
,,
,,
,,
,,
,,
,,
,,
,,
,,
,,
,,
,,
,,
,,
,,
,,
,,
,,
,,
,,
,,
,,
,,
,,
,,
,,
,,
,,
,,
,,
,,
,,
,,
,,
,,
,,
,,
,,
,,
,,
,,
,,
,,
,,
,,
,,
,,
,,
,,
,,
,,
,,
,,
,,
,,
,,
,,
,,
,,
,,
,,
,,
,,
,,
,,
,,
,,
,,
,,
,,
,,
,,
,,
,,
,,
,,
,,
,,
,,
,,
,,
,,
,,
,,
,,
,,
,,
,,
,,
,,
,,
,,
,,
,,
,,
,,
,,
,,
,,
,,
,,
,,
,,
,,
,,
,,
,,
,,
,,
,,
,,
,,
,,
,,
,,
,,
,,
,,
,,
,,
,,
,,
,,
,,
,,
,,
,,
,,
,,
,,
,,
,,
,,
,,
,,
,,
,,
,,
,,
,,
,,
,,
,,
,,
,,
,,
,,
,,
,,
,,
,,
,,
,,
,,
,,
,,
,,
,,
,,
,,
,,
,,
,,
,,
,,
,,
,,
,,
,,
,,
,,
,,
,,
,,
,,
,,
,,
,,
,,
,,
,,
,,
,,
,,
,,
,,
,,
,,
,,
,,
,,
,,
,,
,,
,,
,,
,,
,,
,,
,,
,,
,,
,,
,,
,,
,,
,,
,,
,,
,,
,,
,,
,,
,,
,,
,,
,,
,,
,,
,,
,,
,,
,,
,,
,,
,,
,,
,,
,,
,,
,,
,,
,,
,,
,,
,,
,,
,,
,,
,,
,,
,,
,,
,,
,,
,,
,,
,,
,,
,,
,,
,,
,,
,,
,,
,,
,,
,,
,,
,,
,,
,,
,,
,,
,,
,,
,,
,,
,,
,,
,,
,,
,,
,,
,,
,,
,,
,,
,,
,,
,,
,,
,,
,,
,,
,,
,,
,,
,,
,,
,,
,,
,,
,,
,,
,,
,,
,,
,,
,,
,,
,,
,,
,,
,,
,,
,,
,,
,,
,,
,,
,,
,,
,,
,,
,,
,,
,,
,,
,,
,,
,,
,,
,,
,,
,,
,,
,,
,,
,,
,,
,,
,,
,,
,,
,,
,,
,,
,,
,,
,,
,,
,,
,,
,,
,,
,,
,,
,,
,,
,,
,,
,,
,,
,,
,,
,,
,,
,,
,,
,,
,,
,,
,,
,,
,,
,,
,,
,,
,,
,,
,,
,,
,,
,,
,,
,,
,,
,,
,,
,,
,,
,,
,,
,,
,,
,,
,,
,,
,,
,,
,,
,,
,,
,,
,,
,,
,,
,,
,,
,,
,,
,,
,,
,,
,,
,,
,,
,,
,,
,,
,,
,,
,,
,,
,,
,,
,,
,,
,,
,,
,,
,,
,,
,,
,,
,,
,,
,,
,,
,,
,,
,,
,,
,,
,,
,,
,,
,,
,,
,,
,,
,,
,,
,,
,,
,,
,,
,,
,,
,,
,,
,,
,,
,,
,,
,,
,,
,,
,,
,,
,,
,,
,,
,,
,,
,,
,,
,,
,,
,,
,,
,,
,,
,,
,,
,,
,,
,,
,,
,,
,,
,,
,,
,,
,,
,,
,,
,,
,,
,,
,,
,,
,,
,,
,,
,,
,,
,,
,,
,,
,,
,,
,,
,,
,,
,,
,,
,,
,,
,,
,,
,,
,,
,,
,,
,,
,,
,,
,,
,,
,,
,,
,,
,,
,,
,,
,,
,,
,,
,,
,,
,,
,,
,,
,,
,,
,,
,,
,,
,,
,,
,,
,,
,,
,,
,,
,,
,,
,,
,,
,,
,,
,,
,,
,,
,,
,,
,,
,,
,,
,,
,,
,,
,,
,,
,,
,,
,,
,,
,,
,,
,,
,,
,,
,,
,,
,,
,,
,,
,,
,,
,,
,,
,,
,,
,,
,,
,,
,,
,,
,,
,,
,,
,,
,,
,,
,,
,,
,,
,,
,,
,,
,,
,,
,,
,,
,,
,,
,,
,,
,,
,,
,,
,,
,,
,,
,,
,,
,,
,,
,,
,,
,,
,,
,,
,,
,,
,,
,,
,,
,,
,,
,,
,,
,,
,,
,,
,,
,,
,,
,,
,,
,,
,,
,,
,,
,,
,,
,,
,,
,,
,,
,,
,,
,,
,,
,,
,,
,,
,,
,,
,,
,,
,,
,,
,,
,,
,,
,,
,,
,,
,,
,,
,,
,,
,,
,,
,,
,,
,,
,,
,,
,,
,,
,,
,,
,,
,,
,,
,,
,,
,,
,,
,,
,,
,,
,,
,,
,,
,,
,,
,,
,,
,,
,,
,,
,,
,,
,,
,,
,,
,,
,,
,,
,,
,,
,,
,,
,,
,,
,,
,,
,,
,,
,,
,,
,,
,,
,,
,,
,,
,,
,,
,,
,,
,,
,,
,,
,,
,,
,,
,,
,,
,,
,,
,,
,,
,,
,,
,,
,,
,,
,,
,,
,,
,,
,,
,,
,,
,,
,,
,,
,,
,,
,,
,,
,,
,,
,,
,,
,,
,,
,,
,,
,,
,,
,,
,,
,,
,,
,,
,,
,,
,,
,,
,,
,,
,,
,,
,,
,,
,,
,,
,,
,,
,,
,,
,,
,,
,,
,,
,,
,,
,,
,,
,,
,,
,,
,,
,,
,,
,,
,,
,,
,,
,,
,,
,,
,,
,,
,,
,,
,,
,,
,,
,,
,,
,,
,,
,,
,,
,,
,,
,,
,,
,,
,,
,,
,,
,,
,,
,,
,,
,,
,,
,,
,,
,,
,,
,,
,,
,,
,,
,,
,,
,,
,,
,,
,,
,,
,,
,,
,,
,,
,,
,,
,,
,,
,,
,,
,,
,,
,,
,,
,,
,,
,,
,,
,,
,,
,,
,,
,,
,,
,,
,,
,,
,,
,,
,,
,,
,,
,,
,,
,,
,,
,,
,,
,,
,,
,,
,,
,,
,,
,,
,,
,,
,,
,,
,,
,,
,,
,,
,,
,,
,,
,,
,,
,,
,,
,,
,,
,,
,,
,,
,,
,,
,,
,,
,,
,,
,,
,,
,,
,,
,,
,,
,,
,,
,,
,,
,,
,,
,,
,,
,,
,,
,,
,,
,,
,,
,,
,,
,,
,,
,,
,,
,,
,,
,,
,,
,,
,,
,,
,,
,,
,,
,,
,,
,,
,,
,,
,,
,,
,,
,,
,,
,,
,,
,,
,,
,,
,,
,,
,,
,,
,,
,,
,,
,,
,,
,,
,,
,,
,,
,,
,,
,,
,,
,,
,,
,,
,,
,,
,,
,,
,,
,,
,,
,,
,,
,,
,,
,,
,,
,,
,,
,,
,,
,,
,,
,,
,,
,,
,,
,,
,,
,,
,,
,,
,,
,,
,,
,,
,,
,,
,,
,,
,,
,,
,,
,,
,,
,,
,,
,,
,,
,,
,,
,,
,,
,,
,,
,,
,,
,,
,,
,,
,,
,,
,,
,,
,,
,,
,,
,,
,,
,,
,,
,,
,,
,,
,,
,,
,,
,,
,,
,,
,,
,,
,,
,,
,,
,,
,,
,,
,,
,,
,,
,,
,,
,,
,,
,,
,,
,,
,,
,,
,,
,,
,,
,,
,,
,,
,,
,,
,,
,,
,,
,,
,,
,,
,,
,,
,,
,,
,,
,,
,,
,,
,,
,,
,,
,,
,,
,,
,,
,,
,,
,,
,,
,,
,,
,,
,,
,,
,,
,,
,,
,,
,,
,,
,,
,,
,,
,,
,,
,,
,,
,,
,,
,,
,,
,,
,,
,,
,,
,,
,,
,,
,,
,,
,,
,,
,,
,,
,,
,,
,,
,,
,,
,,
,,
,,
,,
,,
,,
,,
,,
,,
,,
,,
,,
,,
,,
,,
,,
,,
,,
,,
,,
,,
,,
,,
,,
,,
,,
,,
,,
,,
,,
,,
,,
,,
,,
,,
,,
,,
,,
,,
,,
,,
,,
,,
,,
,,
,,
,,
,,
,,
,,
,,
,,
,,
,,
,,
,,
,,
,,
,,
,,
,,
,,
,,
,,
,,
,,
,,
,,
,,
,,
,,
,,
,,
,,
,,
,,
,,
,,
,,
,,
,,
,,
,,
,,
,,
,,
,,
,,
,,
,,
,,
,,
,,
,,
,,
,,
,,
,,
,,
,,
,,
,,
,,
,,
,,
,,
,,
,,
,,
,,
,,
,,
,,
,,
,,
,,
,,
,,
,,
,,
,,
,,
,,
,,
,,
,,
,,
,,
,,
,,
,,
,,
,,
,,
,,
,,
,,
,,
,,
,,
,,
,,
,,
,,
,,
,,
,,
,,
,,
,,
,,
,,
,,
,,
,,
,,
,,
,,
,,
,,
,,
,,
,,
,,
,,
,,
,,
,,
,,
,,
,,
,,
,,
,,
,,
,,
,,
,,
,,
,,
,,
,,
,,
,,
,,
,,
,,
,,
,,
,,
,,
,,
,,
,,
,,
,,
,,
,,
,,
,,
,,
,,
,,
,,
,,
,,
,,
,,
,,
,,
,,
,,
,,
,,
,,
,,
,,
,,
,,
,,
,,
,,
,,
,,
,,
,,
,,
,,
,,
,,
,,
,,
,,
,,
,,
,,
,,
,,
,,
,,
,,
,,
,,
,,
,,
,,
,,
,,
,,
,,
,,
,,
,,
,,
,,
,,
,,
,,
,,
,,
,,
,,
,,
,,
,,
,,
,,
,,
,,
,,
,,
,,
,,
,,
,,
,,
,,
,,
,,
,,
,,
,,
,,
,,
,,
,,
,,
,,
,,
,,
,,
,,
,,
,,
,,
,,
,,
,,
,,
,,
,,
,,
,,
,,
,,
,,
,,
,,
,,
,,
,,
,,
,,
,,
,,
,,
,,
,,
,,
,,
,,
,,
,,
,,
,,
,,
,,
,,
,,
,,
,,
,,
,,
,,
,,
,,
,,
,,
,,
,,
,,
,,
,,
,,
,,
,,
,,
,,
,,
,,
,,
,,
,,
,,
,,
,,
,,
,,
,,
,,
,,
,,
,,
,,
,,
,,
,,
,,
,,
,,
,,
,,
,,
,,
,,
,,
,,
,,
,,
,,
,,
,,
,,
,,
,,
,,
,,
,,
,,
,,
,,
,,
,,
,,
,,
,,
,,
,,
,,
,,
,,
,,
,,
,,
,,
,,
,,
,,
,,
,,
,,
,,
,,
,,
,,
,,
,,
,,
,,
,,
,,
,,
,,
,,
,,
,,
,,
,,
,,
,,
,,
,,
,,
,,
,,
,,
,,
,,
,,
,,
,,
,,
,,
,,
,,
,,
,,
,,
,,
,,
,,
,,
,,
,,
,,
,,
,,
,,
,,
,,
,,
,,
,,
,,
,,
,,
,,
,,
,,
,,
,,
,,
,,
,,
,,
,,
,,
,,
,,
,,
,,
,,
,,
,,
,,
,,
,,
,,
,,
,,
,,
,,
,,
,,
,,
,,
,,
,,
,,
,,
,,
,,
,,
,,
,,
,,
,,
,,
,,
,,
,,
,,
,,
,,
,,
,,
,,
,,
,,
,,
,,
,,
,,
,,
,,
,,
,,
,,
,,
,,
,,
,,
,,
,,
,,
,,
,,
,,
,,
,,
,,
,,
,,
,,
,,
,,
,,
,,
,,
,,
,,
,,
,,
,,
,,
,,
,,
,,
,,
,,
,,
,,
,,
,,
,,
,,
,,
,,
,,
,,
,,
,,
,,
,,
,,
,,
,,
,,
,,
,,
,,
,,
,,
,,
,,
,,
,,
,,
,,
,,
,,
,,
,,
,,
,,
,,
,,
,,
,,
,,
,,
,,
,,
,,
,,
,,
,,
,,
,,
,,
,,
,,
,,
,,
,,
,,
,,
,,
,,
,,
,,
,,
,,
,,
,,
,,
,,
,,
,,
,,
,,
,,
,,
,,
,,
,,
,,
,,
,,
,,
,,
,,
,,
,,
,,
,,
,,
,,
,,
,,
,,
,,
,,
,,
,,
,,
,,
,,
,,
,,
,,
,,
,,
,,
,,
,,
,,
,,
,,
,,
,,
,,
,,
,,
,,
,,
,,
,,
,,
,,
,,
,,
,,
,,
,,
,,
,,
,,
,,
,,
,,
,,
,,
,,
,,
,,
,,
,,
,,
,,
,,
,,
,,
,,
,,
,,
,,
,,
,,
,,
,,
,,
,,
,,
,,
,,
,,
,,
,,
,,
,,
,,
,,
,,
,,
,,
,,
,,
,,
,,
,,
,,
,,
,,
,,
,,
,,
,,
,,
,,
,,
,,
,,
,,
,,
,,
,,
,,
,,
,,
,,
,,
,,
,,
,,
,,
,,
,,
,,
,,
,,
,,
,,
,,
,,
,,
,,
,,
,,
,,
,,
,,
,,
,,
,,
,,
,,
,,
,,
,,
,,
,,
,,
,,
,,
,,
,,
,,
,,
,,
,,
,,
,,
,,
,,
,,
,,
,,
,,
,,
,,
,,
,,
,,
,,
,,
,,
,,
,,
,,
,,
,,
,,
,,
,,
,,
,,
,,
,,
,,
,,
,,
,,
,,
,,
,,
,,
,,
,,
,,
,,
,,
,,
,,
,,
,,
,,
,,
,,
,,
,,
,,
,,
,,
,,
,,
,,
,,
,,
,,
,,
,,
,,
,,
,,
,,
,,
,,
,,
,,
,,
,,
,,
,,
,,
,,
,,
,,
,,
,,
,,
,,
,,
,,
,,
,,
,,
,,
,,
,,
,,
,,
,,
,,
,,
,,
,,
,,
,,
,,
,,
,,
,,
,,
,,
,,
,,
,,
,,
,,
,,
,,
,,
,,
,,
,,
,,
,,
,,
,,
,,
,,
,,
,,
,,
,,
,,
,,
,,
,,
,,
,,
,,
,,
,,
,,
,,
,,
,,
,,
,,
,,
,,
,,
,,
,,
,,
,,
,,
,,
,,
,,
,,
,,
,,
,,
,,
,,
,,
,,
,,
,,
,,
,,
,,
,,
,,
,,
,,
,,
,,
,,
,,
,,
,,
,,
,,
,,
,,
,,
,,
,,
,,
,,
,,
,,
,,
,,
,,
,,
,,
,,
,,
,,
,,
,,
,,
,,
,,
,,
,,
,,
,,
,,
,,
,,
,,
,,
,,
,,
,,
,,
,,
,,
,,
,,
,,
,,
,,
,,
,,
,,
,,
,,
,,
,,
,,
,,
,,
,,
,,
,,
,,
,,
,,
,,
,,
,,
,,
,,
,,
,,
,,
,,
,,
,,
,,
,,
,,
,,
,,
,,
,,
,,
,,
,,
,,
,,
,,
,,
,,
,,
,,
,,
,,
,,
,,
,,
,,
,,
,,
,,
,,
,,
,,
,,
,,
,,
,,
,,
,,
,,
,,
,,
,,
,,
,,
,,
,,
,,
,,
,,
,,
,,
,,
,,
,,
,,
,,
,,
,,
,,
,,
,,
,,
,,
,,
,,
,,
,,
,,
,,
,,
,,
,,
,,
,,
,,
,,
,,
,,
,,
,,
,,
,,
,,
,,
,,
,,
,,
,,
,,
,,
,,
,,
,,
,,
,,
,,
,,
,,
,,
,,
,,
,,
,,
,,
,,
,,
,,
,,
,,
,,
,,
,,
,,
,,
,,
,,
,,
,,
,,
,,
,,
,,
,,
,,
,,
,,
,,
,,
,,
,,
,,
,,
,,
,,
,,
,,
,,
,,
,,
,,
,,
,,
,,
,,
,,
,,
,,
,,
,,
,,
,,
,,
,,
,,
,,
,,
,,
,,
,,
,,
,,
,,
,,
,,
,,
,,
,,
,,
,,
,,
,,
,,
,,
,,
,,
,,
,,
,,
,,
,,
,,
,,
,,
,,
,,
,,
,,
,,
,,
,,
,,
,,
,,
,,
,,
,,
,,
,,
,,
,,
,,
,,
,,
,,
,,
,,
,,
,,
,,
,,
,,
,,
,,
,,
,,
,,
,,
,,
,,
,,
,,
,,
,,
,,
,,
,,
,,
,,
,,
,,
,,
,,
,,
,,
,,
,,
,,
,,
,,
,,
,,
,,
,,
,,
,,
,,
,,
,,
,,
,,
,,
,,
,,
,,
,,
,,
,,
,,
,,
,,
,,
,,
,,
,,
,,
,,
,,
,,
,,
,,
,,
,,
,,
,,
,,
,,
,,
,,
,,
,,
,,
,,
,,
,,
,,
,,
,,
,,
,,
,,
,,
,,
,,
,,
,,
,,
,,
,,
,,
,,
,,
,,
,,
,,
,,
,,
,,
,,
,,
,,
,,
,,
,,
,,
,,
,,
,,
,,
,,
,,
,,
,,
,,
,,
,,
,,
,,
,,
,,
,,
,,
,,
,,
,,
,,
,,
,,
,,
,,
,,
,,
,,
,,
,,
,,
,,
,,
,,
,,
,,
,,
,,
,,
,,
,,
,,
,,
,,
,,
,,
,,
,,
,,
,,
,,
,,
,,
,,
,,
,,
,,
,,
,,
,,
,,
,,
,,
,,
,,
,,
,,
,,
,,
,,
,,
,,
,,
,,
,,
,,
,,
,,
,,
,,
,,
,,
,,
,,
,,
,,
,,
,,
,,
,,
,,
,,
,,
,,
,,
,,
,,
,,
,,
,,
,,
,,
,,
,,
,,
,,
,,
,,
,,
,,
,,
,,
,,
,,
,,
,,
,,
,,
,,
,,
,,
,,
,,
,,
,,
,,
,,
,,
,,
,,
,,
,,
,,
,,
,,
,,
,,
,,
,,
,,
,,
,,
,,
,,
,,
,,
,,
,,
,,
,,
,,
,,
,,
,,
,,
,,
,,
,,
,,
,,
,,
,,
,,
,,
,,
,,
,,
,,
,,
,,
,,
,,
,,
,,
,,
,,
,,
,,
,,
,,
,,
,,
,,
,,
,,
,,
,,
,,
,,
,,
,,
,,
,,
,,
,,
,,
,,
,,
,,
,,
,,
,,
,,
,,
,,
,,
,,
,,
,,
,,
,,
,,
,,
,,
,,
,,
,,
,,
,,
,,
,,
,,
,,
,,
,,
,,
,,
,,
,,
,,
,,
,,
,,
,,
,,
,,
,,
,,
,,
,,
,,
,,
,,
,,
,,
,,
,,
,,
,,
,,
,,
,,
,,
,,
,,
,,
,,
,,
,,
,,
,,
,,
,,
,,
,,
,,
,,
,,
,,
,,
,,
,,
,,
,,
,,
,,
,,
,,
,,
,,
,,
,,
,,
,,
,,
,,
,,
,,
,,
,,
,,
,,
,,
,,
,,
,,
,,
,,
,,
,,
,,
,,
,,
,,
,,
,,
,,
,,
,,
,,
,,
,,
,,
,,
,,
,,
,,
,,
,,
,,
,,
,,
,,
,,
,,
,,
,,
,,
,,
,,
,,
,,
,,
,,
,,
,,
,,
,,
,,
,,
,,
,,
,,
,,
,,
,,
,,
,,
,,
,,
,,
,,
,,
,,
,,
,,
,,
,,
,,
,,
,,
,,
,,
,,
,,
,,
,,
,,
,,
,,
,,
,,
,,
,,
,,
,,
,,
,,
,,
,,
,,
,,
,,
,,
,,
,,
,,
,,
,,
,,
,,
,,
,,
,,
,,
,,
,,
,,
,,
,,
,,
,,
,,
,,
,,
,,
,,
,,
,,
,,
,,
,,
,,
,,
,,
,,
,,
,,
,,
,,
,,
,,
,,
,,
,,
,,
,,
,,
,,
,,
,,
,,
,,
,,
,,
,,
,,
,,
,,
,,
,,
,,
,,
,,
,,
,,
,,
,,
,,
,,
,,
,,
,,
,,
,,
,,
,,
,,
,,
,,
,,
,,
,,
,,
,,
,,
,,
,,
,,
,,
,,
,,
,,
,,
,,
,,
,,
,,
,,
,,
,,
,,
,,
,,
,,
,,
,,
,,
,,
,,
,,
,,
,,
,,
,,
,,
,,
,,
,,
,,
,,
,,
,,
,,
,,
,,
,,
,,
,,
,,
,,
,,
,,
,,
,,
,,
,,
,,
,,
,,
,,
,,
,,
,,
,,
,,
,,
,,
,,
,,
,,
,,
,,
,,
,,
,,
,,
,,
,,
,,
,,
,,
,,
,,
,,
,,
,,
,,
,,
,,
,,
,,
,,
,,
,,
,,
,,
,,
,,
,,
,,
,,
,,
,,
,,
,,
,,
,,
,,
,,
,,
,,
,,
,,
,,
,,
,,
,,
,,
,,
,,
,,
,,
,,
,,
,,
,,
,,
,,
,,
,,
,,
,,
,,
,,
,,
,,
,,
,,
,,
,,
,,
,,
,,
,,
,,
,,
,,
,,
,,
,,
,,
,,
,,
,,
,,
,,
,,
,,
,,
,,
,,
,,
,,
,,
,,
,,
,,
,,
,,
,,
,,
,,
,,
,,
,,
,,
,,
,,
,,
,,
,,
,,
,,
,,
,,
,,
,,
,,
,,
,,
,,
,,
,,
,,
,,
,,
,,
,,
,,
,,
,,
,,
,,
,,
,,
,,
,,
,,
,,
,,
,,
,,
,,
,,
,,
,,
,,
,,
,,
,,
,,
,,
,,
,,
,,
,,
,,
,,
,,
,,
,,
,,
,,
,,
,,
,,
,,
,,
,,
,,
,,
,,
,,
,,
,,
,,
,,
,,
,,
,,
,,
,,
,,
,,
,,
,,
,,
,,
,,
,,
,,
,,
,,
,,
,,
,,
,,
,,
,,
,,
,,
,,
,,
,,
,,
,,
,,
,,
,,
,,
,,
,,
,,
,,
,,
,,
,,
,,
,,
,,
,,
,,
,,
,,
,,
,,
,,
,,
,,
,,
,,
,,
,,
,,
,,
,,
,,
,,
,,
,,
,,
,,
,,
,,
,,
,,
,,
,,
,,
,,
,,
,,
,,
,,
,,
,,
,,
,,
,,
,,
,,
,,
,,
,,
,,
,,
,,
,,
,,
,,
,,
,,
,,
,,
,,
,,
,,
,,
,,
,,
,,
,,
,,
,,
,,
,,
,,
,,
,,
,,
,,
,,
,,
,,
,,
,,
,,
,,
,,
,,
,,
,,
,,
,,
,,
,,
,,
,,
,,
,,
,,
,,
,,
,,
,,
,,
,,
,,
,,
,,
,,
,,
,,
,,
,,
,,
,,
,,
,,
,,
,,
,,
,,
,,
,,
,,
,,
,,
,,
,,
,,
,,
,,
,,
,,
,,
,,
,,
,,
,,
,,
,,
,,
,,
,,
,,
,,
,,
,,
,,
,,
,,
,,
,,
,,
,,
,,
,,
,,
,,
,,
,,
,,
,,
,,
,,
,,
,,
,,
,,
,,
,,
,,
,,
,,
,,
,,
,,
,,
,,
,,
,,
,,
,,
,,
,,
,,
,,
,,
,,
,,
,,
,,
,,
,,
,,
,,
,,
,,
,,
,,
,,
,,
,,
,,
,,
,,
,,
,,
,,
,,
,,
,,
,,
,,
,,
,,
,,
,,
,,
,,
,,
,,
,,
,,
,,
,,
,,
,,
,,
,,
,,
,,
,,
,,
,,
,,
,,
,,
,,
,,
,,
,,
,,
,,
,,
,,
,,
,,
,,
,,
,,
,,
,,
,,
,,
,,
,,
,,
,,
,,
,,
,,
,,
,,
,,
,,
,,
,,
,,
,,
,,
,,
,,
,,
,,
,,
,,
,,
,,
,,
,,
,,
,,
,,
,,
,,
,,
,,
,,
,,
,,
,,
,,
,,
,,
,,
,,
,,
,,
,,
,,
,,
,,
,,
,,
,,
,,
,,
,,
,,
,,
,,
,,
,,
,,
,,
,,
,,
,,
,,
,,
,,
,,
,,
,,
,,
,,
,,
,,
,,
,,
,,
,,
,,
,,
,,
,,
,,
,,
,,
,,
,,
,,
,,
,,
,,
,,
,,
,,
,,
,,
,,
,,
,,
,,
,,
,,
,,
,,
,,
,,
,,
,,
,,
,,
,,
,,
,,
,,
,,
,,
,,
,,
,,
,,
,,
,,
,,
,,
,,
,,
,,
,,
,,
,,
,,
,,
,,
,,
,,
,,
,,
,,
,,
,,
,,
,,
,,
,,
,,
,,
,,
,,
,,
,,
,,
,,
,,
,,
,,
,,
,,
,,
,,
,,
,,
,,
,,
,,
,,
,,
,,
,,
,,
,,
,,
,,
,,
,,
,,
,,
,,
,,
,,
,,
,,
,,
,,
,,
,,
,,
,,
,,
,,
,,
,,
,,
,,
,,
,,
,,
,,
,,
,,
,,
,,
,,
,,
,,
,,
,,
,,
,,
,,
,,
,,
,,
,,
,,
,,
,,
,,
,,
,,
,,
,,
,,
,,
,,
,,
,,
,,
,,
,,
,,
,,
,,
,,
,,
,,
,,
,,
,,
,,
,,
,,
,,
,,
,,
,,
,,
,,
,,
,,
,,
,,
,,
,,
,,
,,
,,
,,
,,
,,
,,
,,
,,
,,
,,
,,
,,
,,
,,
,,
,,
,,
,,
,,
,,
,,
,,
,,
,,
,,
,,
,,
,,
,,
,,
,,
,,
,,
,,
,,
,,
,,
,,
,,
,,
,,
,,
,,
,,
,,
,,
,,
,,
,,
,,
,,
,,
,,
,,
,,
,,
,,
,,
,,
,,
,,
,,
,,
,,
,,
,,
,,
,,
,,
,,
,,
,,
,,
,,
,,
,,
,,
,,
,,
,,
,,
,,
,,
,,
,,
,,
,,
,,
,,
,,
,,
,,
,,
,,
,,
,,
,,
,,
,,
,,
,,
,,
,,
,,
,,
,,
,,
,,
,,
,,
,,
,,
,,
,,
,,
,,
,,
,,
,,
,,
,,
,,
,,
,,
,,
,,
,,
,,
,,
,,
,,
,,
,,
,,
,,
,,
,,
,,
,,
,,
,,
,,
,,
,,
,,
,,
,,
,,
,,
,,
,,
,,
,,
,,
,,
,,
,,
,,
,,
,,
,,
,,
,,
,,
,,
,,
,,
,,
,,
,,
,,
,,
,,
,,
,,
,,
,,
,,
,,
,,
,,
,,
,,
,,
,,
,,
,,
,,
,,
,,
,,
,,
,,
,,
,,
,,
,,
,,
,,
,,
,,
,,
,,
,,
,,
,,
,,
,,
,,
,,
,,
,,
,,
,,
,,
,,
,,
,,
,,
,,
,,
,,
,,
,,
,,
,,
,,
,,
,,
,,
,,
,,
,,
,,
,,
,,
,,
,,
,,
,,
,,
,,
,,
,,
,,
,,
,,
,,
,,
,,
,,
,,
,,
,,
,,
,,
,,
,,
,,
,,
,,
,,
,,
,,
,,
,,
,,
,,
,,
,,
,,
,,
,,
,,
,,
,,
,,
,,
,,
,,
,,
,,
,,
,,
,,
,,
,,
,,
,,
,,
,,
,,
,,
,,
,,
,,
,,
,,
,,
,,
,,
,,
,,
,,
,,
,,
,,
,,
,,
,,
,,
,,
,,
,,
,,
,,
,,
,,
,,
,,
,,
,,
,,
,,
,,
,,
,,
,,
,,
,,
,,
,,
,,
,,
,,
,,
,,
,,
,,
,,
,,
,,
,,
,,
,,
,,
,,
,,
,,
,,
,,
,,
,,
,,
,,
,,
,,
,,
,,
,,
,,
,,
,,
,,
,,
,,
,,
,,
,,
,,
,,
,,
,,
,,
,,
,,
,,
,,
,,
,,
,,
,,
,,
,,
,,
,,
,,
,,
,,
,,
,,
,,
,,
,,
,,
,,
,,
,,
,,
,,
,,
,,
,,
,,
,,
,,
,,
,,
,,
,,
,,
,,
,,
,,
,,
,,
,,
,,
,,
,,
,,
,,
,,
,,
,,
,,
,,
,,
,,
,,
,,
,,
,,
,,
,,
,,
,,
,,
,,
,,
,,
,,
,,
,,
,,
,,
,,
,,
,,
,,
,,
,,
,,
,,
,,
,,
,,
,,
,,
,,
,,
,,
,,
,,
,,
,,
,,
,,
,,
,,
,,
,,
,,
,,
,,
,,
,,
,,
,,
,,
,,
,,
,,
,,
,,
,,
,,
,,
,,
,,
,,
,,
,,
,,
,,
,,
,,
,,
,,
,,
,,
,,
,,
,,
,,
,,
,,
,,
,,
,,
,,
,,
,,
,,
,,
,,
,,
,,
,,
,,
,,
,,
,,
,,
,,
,,
,,
,,
,,
,,
,,
,,
,,
,,
,,
,,
,,
,,
,,
,,
,,
,,
,,
,,
,,
,,
,,
,,
,,
,,
,,
,,
,,
,,
,,
,,
,,
,,
,,
,,
,,
,,
,,
,,
,,
,,
,,
,,
,,
,,
,,
,,
,,
,,
,,
,,
,,
,,
,,
,,
,,
,,
,,
,,
,,
,,
,,
,,
,,
,,
,,
,,
,,
,,
,,
,,
,,
,,
,,
,,
,,
,,
,,
,,
,,
,,
,,
,,
,,
,,
,,
,,
,,
,,
,,
,,
,,
,,
,,
,,
,,
,,
,,
,,
,,
,,
,,
,,
,,
,,
,,
,,
,,
,,
,,
,,
,,
,,
,,
,,
,,
,,
,,
,,
,,
,,
,,
,,
,,
,,
,,
,,
,,
,,
,,
,,
,,
,,
,,
,,
,,
,,
,,
,,
,,
,,
,,
,,
,,
,,
,,
,,
,,
,,
,,
,,
,,
,,
,,
,,
,,
,,
,,
,,
,,
,,
,,
,,
,,
,,
,,
,,
,,
,,
,,
,,
,,
,,
,,
,,
,,
,,
,,
,,
,,
,,
,,
,,
,,
,,
,,
,,
,,
,,
,,
,,
,,
,,
,,
,,
,,
,,
,,
,,
,,
,,
,,
,,
,,
,,
,,
,,
,,
,,
,,
,,
,,
,,
,,
,,
,,
,,
,,
,,
,,
,,
,,
,,
,,
,,
,,
,,
,,
,,
,,
,,
,,
,,
,,
,,
,,
,,
,,
,,
,,
,,
,,
,,
,,
,,
,,
,,
,,
,,
,,
,,
,,
,,
,,
,,
,,
,,
,,
,,
,,
,,
,,
,,
,,
,,
,,
,,
,,
,,
,,
,,
,,
,,
,,
,,
,,
,,
,,
,,
,,
,,
,,
,,
,,
,,
,,
,,
,,
,,
,,
,,
,,
,,
,,
,,
,,
,,
,,
,,
,,
,,
,,
,,
,,
,,
,,
,,
,,
,,
,,
,,
,,
,,
,,
,,
,,
,,
,,
,,
,,
,,
,,
,,
,,
,,
,,
,,
,,
,,
,,
,,
,,
,,
,,
,,
,,
,,
,,
,,
,,
,,
,,
,,
,,
,,
,,
,,
,,
,,
,,
,,
,,
,,
,,
,,
,,
,,
,,
,,
,,
,,
,,
,,
,,
,,
,,
,,
,,
,,
,,
,,
,,
,,
,,
,,
,,
,,
,,
,,
,,
,,
,,
,,
,,
,,
,,
,,
,,
,,
,,
,,
,,
,,
,,
,,
,,
,,
,,
,,
,,
,,
,,
,,
,,
,,
,,
,,
,,
,,
,,
,,
,,
,,
,,
,,
,,
,,
,,
,,
,,
,,
,,
,,
,,
,,
,,
,,
,,
,,
,,
,,
,,
,,
,,
,,
,,
,,
,,
,,
,,
,,
,,
,,
,,
,,
,,
,,
,,
,,
,,
,,
,,
,,
,,
,,
,,
,,
,,
,,
,,
,,
,,
,,
,,
,,
,,
,,
,,
,,
,,
,,
,,
,,
,,
,,
,,
,,
,,
,,
,,
,,
,,
,,
,,
,,
,,
,,
,,
,,
,,
,,
,,
,,
,,
,,
,,
,,
,,
,,
,,
,,
,,
,,
,,
,,
,,
,,
,,
,,
,,
,,
,,
,,
,,
,,
,,
,,
,,
,,
,,
,,
,,
,,
,,
,,
,,
,,
,,
,,
,,
,,
,,
,,
,,
,,
,,
,,
,,
,,
,,
,,
,,
,,
,,
,,
,,
,,
,,
,,
,,
,,
,,
,,
,,
,,
,,
,,
,,
,,
,,
,,
,,
,,
,,
,,
,,
,,
,,
,,
,,
,,
,,
,,
,,
,,
,,
,,
,,
,,
,,
,,
,,
,,
,,
,,
,,
,,
,,
,,
,,
,,
,,
,,
,,
,,
,,
,,
,,
,,
,,
,,
,,
,,
,,
,,
,,
,,
,,
,,
,,
,,
,,
,,
,,
,,
,,
,,
,,
,,
,,
,,
,,
,,
,,
,,
,,
,,
,,
,,
,,
,,
,,
,,
,,
,,
,,
,,
,,
,,
,,
,,
,,
,,
,,
,,
,,
,,
,,
,,
,,
,,
,,
,,
,,
,,
,,
,,
,,
,,
,,
,,
,,
,,
,,
,,
,,
,,
,,
,,
,,
,,
,,
,,
,,
,,
,,
,,
,,
,,
,,
,,
,,
,,
,,
,,
,,
,,
,,
,,
,,
,,
,,
,,
,,
,,
,,
,,
,,
,,
,,
,,
,,
,,
,,
,,
,,
,,
,,
,,
,,
,,
,,
,,
,,
,,
,,
,,
,,
,,
,,
,,
,,
,,
,,
,,
,,
,,
,,
,,
,,
,,
,,
,,
,,
,,
,,
,,
,,
,,
,,
,,
,,
,,
,,
,,
,,
,,
,,
,,
,,
,,
,,
,,
,,
,,
,,
,,
,,
,,
,,
,,
,,
,,
,,
,,
,,
,,
,,
,,
,,
,,
,,
,,
,,
,,
,,
,,
,,
,,
,,
,,
,,
,,
,,
,,
,,
,,
,,
,,
,,
,,
,,
,,
,,
,,
,,
,,
,,
,,
,,
,,
,,
,,
,,
,,
,,
,,
,,
,,
,,
,,
,,
,,
,,
,,
,,
,,
,,
,,
,,
,,
,,
,,
,,
,,
,,
,,
,,
,,
,,
,,
,,
,,
,,
,,
,,
,,
,,
,,
,,
,,
,,
,,
,,
,,
,,
,,
,,
,,
,,
,,
,,
,,
,,
,,
,,
,,
,,
,,
,,
,,
,,
,,
,,
,,
,,
,,
,,
,,
,,
,,
,,
,,
,,
,,
,,
,,
,,
,,
,,
,,
,,
,,
,,
,,
,,
,,
,,
,,
,,
,,
,,
,,
,,
,,
,,
,,
,,
,,
,,
,,
,,
,,
,,
,,
,,
,,
,,
,,
,,
,,
,,
,,
,,
,,
,,
,,
,,
,,
,,
,,
,,
,,
,,
,,
,,
,,
,,
,,
,,
,,
,,
,,
,,
,,
,,
,,
,,
,,
,,
,,
,,
,,
,,
,,
,,
,,
,,
,,
,,
,,
,,
,,
,,
,,
,,
,,
,,
,,
,,
,,
,,
,,
,,
,,
,,
,,
,,
,,
,,
,,
,,
,,
,,
,,
,,
,,
,,
,,
,,
,,
,,
,,
,,
,,
,,
,,
,,
,,
,,
,,
,,
,,
,,
,,
,,
,,
,,
,,
,,
,,
,,
,,
,,
,,
,,
,,
,,
,,
,,
,,
,,
,,
,,
,,
,,
,,
,,
,,
,,
,,
,,
,,
,,
,,
,,
,,
,,
,,
,,
,,
,,
,,
,,
,,
,,
,,
,,
,,
,,
,,
,,
,,
,,
,,
,,
,,
,,
,,
,,
,,
,,
,,
,,
,,
,,
,,
,,
,,
,,
,,
,,
,,
,,
,,
,,
,,
,,
,,
,,
,,
,,
,,
,,
,,
,,
,,
,,
,,
,,
,,
,,
,,
,,
,,
,,
,,
,,
,,
,,
,,
,,
,,
,,
,,
,,
,,
,,
,,
,,
,,
,,
,,
,,
,,
,,
,,
,,
,,
,,
,,
,,
,,
,,
,,
,,
,,
,,
,,
,,
,,
,,
,,
,,
,,
,,
,,
,,
,,
,,
,,
,,
,,
,,
,,
,,
,,
,,
,,
,,
,,
,,
,,
,,
,,
,,
,,
,,
,,
,,
,,
,,
,,
,,
,,
,,
,,
,,
,,
,,
,,
,,
,,
,,
,,
,,
,,
,,
,,
,,
,,
,,
,,
,,
,,
,,
,,
,,
,,
,,
,,
,,
,,
,,
,,
,,
,,
,,
,,
,,
,,
,,
,,
,,
,,
,,
,,
,,
,,
,,
,,
,,
,,
,,
,,
,,
,,
,,
,,
,,
,,
,,
,,
,,
,,
,,
,,
,,
,,
,,
,,
,,
,,
,,
,,
,,
,,
,,
,,
,,
,,
,,
,,
,,
,,
,,
,,
,,
,,
,,
,,
,,
,,
,,
,,
,,
,,
,,
,,
,,
,,
,,
,,
,,
,,
,,
,,
,,
,,
,,
,,
,,
,,
,,
,,
,,
,,
,,
,,
,,
,,
,,
,,
,,
,,
,,
,,
,,
,,
,,
,,
,,
,,
,,
,,
,,
,,
,,
,,
,,
,,
,,
,,
,,
,,
,,
,,
,,
,,
,,
,,
,,
,,
,,
,,
,,
,,
,,
,,
,,
,,
,,
,,
,,
,,
,,
,,
,,
,,
,,
,,
,,
,,
,,
,,
,,
,,
,,
,,
,,
,,
,,
,,
,,
,,
,,
,,
,,
,,
,,
,,
,,
,,
,,
,,
,,
,,
,,
,,
,,
,,
,,
,,
,,
,,
,,
,,
,,
,,
,,
,,
,,
,,
,,
,,
,,
,,
,,
,,
,,
,,
,,
,,
,,
,,
,,
,,
,,
,,
,,
,,
,,
,,
,,
,,
,,
,,
,,
,,
,,
,,
,,
,,
,,
,,
,,
,,
,,
,,
,,
,,
,,
,,
,,
,,
,,
,,
,,
,,
,,
,,
,,
,,
,,
,,
,,
,,
,,
,,
,,
,,
,,
,,
,,
,,
,,
,,
,,
,,
,,
,,
,,
,,
,,
,,
,,
,,
,,
,,
,,
,,
,,
,,
,,
,,
,,
,,
,,
,,
,,
,,
,,
,,
,,
,,
,,
,,
,,
,,
,,
,,
,,
,,
,,
,,
,,
,,
,,
,,
,,
,,
,,
,,
,,
,,
,,
,,
,,
,,
,,
,,
,,
,,
,,
,,
,,
,,
,,
,,
,,
,,
,,
,,
,,
,,
,,
,,
,,
,,
,,
,,
,,
,,
,,
,,
,,
,,
,,
,,
,,
,,
,,
,,
,,
,,
,,
,,
,,
,,
,,
,,
,,
,,
,,
,,
,,
,,
,,
,,
,,
,,
,,
,,
,,
,,
,,
,,
,,
,,
,,
,,
,,
,,
,,
,,
,,
,,
,,
,,
,,
,,
,,
,,
,,
,,
,,
,,
,,
,,
,,
,,
,,
,,
,,
,,
,,
,,
,,
,,
,,
,,
,,
,,
,,
,,
,,
,,
,,
,,
,,
,,
,,
,,
,,
,,
,,
,,
,,
,,
,,
,,
,,
,,
,,
,,
,,
,,
,,
,,
,,
,,
,,
,,
,,
,,
,,
,,
,,
,,
,,
,,
,,
,,
,,
,,
,,
,,
,,
,,
,,
,,
,,
,,
,,
,,
,,
,,
,,
,,
,,
,,
,,
,,
,,
,,
,,
,,
,,
,,
,,
,,
,,
,,
,,
,,
,,
,,
,,
,,
,,
,,
,,
,,
,,
,,
,,
,,
,,
,,
,,
,,
,,
,,
,,
,,
,,
,,
,,
,,
,,
,,
,,
,,
,,
,,
,,
,,
,,
,,
,,
,,
,,
,,
,,
,,
,,
,,
,,
,,
,,
,,
,,
,,
,,
,,
,,
,,
,,
,,
,,
,,
,,
,,
,,
,,
,,
,,
,,
,,
,,
,,
,,
,,
,,
,,
,,
,,
,,
,,
,,
,,
,,
,,
,,
,,
,,
,,
,,
,,
,,
,,
,,
,,
,,
,,
,,
,,
,,
,,
,,
,,
,,
,,
,,
,,
,,
,,
,,
,,
,,
,,
,,
,,
,,
,,
,,
,,
,,
,,
,,
,,
,,
,,
,,
,,
,,
,,
,,
,,
,,
,,
,,
,,
,,
,,
,,
,,
,,
,,
,,
,,
,,
,,
,,
,,
,,
,,
,,
,,
,,
,,
,,
,,
,,
,,
,,
,,
,,
,,
,,
,,
,,
,,
,,
,,
,,
,,
,,
,,
,,
,,
,,
,,
,,
,,
,,
,,
,,
,,
,,
,,
,,
,,
,,
,,
,,
,,
,,
,,
,,
,,
,,
,,
,,
,,
,,
,,
,,
,,
,,
,,
,,
,,
,,
,,
,,
,,
,,
,,
,,
,,
,,
,,
,,
,,
,,
,,
,,
,,
,,
,,
,,
,,
,,
,,
,,
,,
,,
,,
,,
,,
,,
,,
,,
,,
,,
,,
,,
,,
,,
,,
,,
,,
,,
,,
,,
,,
,,
,,
,,
,,
,,
,,
,,
,,
,,
,,
,,
,,
,,
,,
,,
,,
,,
,,
,,
,,
,,
,,
,,
,,
,,
,,
,,
,,
,,
,,
,,
,,
,,
,,
,,
,,
,,
,,
,,
,,
,,
,,
,,
,,
,,
,,
,,
,,
,,
,,
,,
,,
,,
,,
,,
,,
,,
,,
,,
,,
,,
,,
,,
,,
,,
,,
,,
,,
,,
,,
,,
,,
,,
,,
,,
,,
,,
,,
,,
,,
,,
,,
,,
,,
,,
,,
,,
,,
,,
,,
,,
,,
,,
,,
,,
,,
,,
,,
,,
,,
,,
,,
,,
,,
,,
,,
,,
,,
,,
,,
,,
,,
,,
,,
,,
,,
,,
,,
,,
,,
,,
,,
,,
,,
,,
,,
,,
,,
,,
,,
,,
,,
,,
,,
,,
,,
,,
,,
,,
,,
,,
,,
,,
,,
,,
,,
,,
,,
,,
,,
,,
,,
,,
,,
,,
,,
,,
,,
,,
,,
,,
,,
,,
,,
,,
,,
,,
,,
,,
,,
,,
,,
,,
,,
,,
,,
,,
,,
,,
,,
,,
,,
,,
,,
,,
,,
,,
,,
,,
,,
,,
,,
,,
,,
,,
,,
,,
,,
,,
,,
,,
,,
,,
,,
,,
,,
,,
,,
,,
,,
,,
,,
,,
,,
,,
,,
,,
,,
,,
,,
,,
,,
,,
,,
,,
,,
,,
,,
,,
,,
,,
,,
,,
,,
,,
,,
,,
,,
,,
,,
,,
,,
,,
,,
,,
,,
,,
,,
,,
,,
,,
,,
,,
,,
,,
,,
,,
,,
,,
,,
,,
,,
,,
,,
,,
,,
,,
,,
,,
,,
,,
,,
,,
,,
,,
,,
,,
,,
,,
,,
,,
,,
,,
,,
,,
,,
,,
,,
,,
,,
,,
,,
,,
,,
,,
,,
,,
,,
,,
,,
,,
,,
,,
,,
,,
,,
,,
,,
,,
,,
,,
,,
,,
,,
,,
,,
,,
,,
,,
,,
,,
,,
,,
,,
,,
,,
,,
,,
,,
,,
,,
,,
,,
,,
,,
,,
,,
,,
,,
,,
,,
,,
,,
,,
,,
,,
,,
,,
,,
,,
,,
,,
,,
,,
,,
,,
,,
,,
,,
,,
,,
,,
,,
,,
,,
,,
,,
,,
,,
,,
,,
,,
,,
,,
,,
,,
,,
,,
,,
,,
,,
,,
,,
,,
,,
,,
,,
,,
,,
,,
,,
,,
,,
,,
,,
,,
,,
,,
,,
,,
,,
,,
,,
,,
,,
,,
,,
,,
,,
,,
,,
,,
,,
,,
,,
,,
,,
,,
,,
,,
,,
,,
,,
,,
,,
,,
,,
,,
,,
,,
,,
,,
,,
,,
,,
,,
,,
,,
,,
,,
,,
,,
,,
,,
,,
,,
,,
,,
,,
,,
,,
,,
,,
,,
,,
,,
,,
,,
,,
,,
,,
,,
,,
,,
,,
,,
,,
,,
,,
,,
,,
,,
,,
,,
,,
,,
,,
,,
,,
,,
,,
,,
,,
,,
,,
,,
,,
,,
,,
,,
,,
,,
,,
,,
,,
,,
,,
,,
,,
,,
,,
,,
,,
,,
,,
,,
,,
,,
,,
,,
,,
,,
,,
,,
,,
,,
,,
,,
,,
,,
,,
,,
,,
,,
,,
,,
,,
,,
,,
,,
,,
,,
,,
,,
,,
,,
,,
,,
,,
,,
,,
,,
,,
,,
,,
,,
,,
,,
,,
,,
,,
,,
,,
,,
,,
,,
,,
,,
,,
,,
,,
,,
,,
,,
,,
,,
,,
,,
,,
,,
,,
,,
,,
,,
,,
,,
,,
,,
,,
,,
,,
,,
,,
,,
,,
,,
,,
,,
,,
,,
,,
,,
,,
,,
,,
,,
,,
,,
,,
,,
,,
,,
,,
,,
,,
,,
,,
,,
,,
,,
,,
,,
,,
,,
,,
,,
,,
,,
,,
,,
,,
,,
,,
,,
,,
,,
,,
,,
,,
,,
,,
,,
,,
,,
,,
,,
,,
,,
,,
,,
,,
,,
,,
,,
,,
,,
,,
,,
,,
,,
,,
,,
,,
,,
,,
,,
,,
,,
,,
,,
,,
,,
,,
,,
,,
,,
,,
,,
,,
,,
,,
,,
,,
,,
,,
,,
,,
,,
,,
,,
,,
,,
,,
,,
,,
,,
,,
,,
,,
,,
,,
,,
,,
,,
,,
,,
,,
,,
,,
,,
,,
,,
,,
,,
,,
,,
,,
,,
,,
,,
,,
,,
,,
,,
,,
,,
,,
,,
,,
,,
,,
,,
,,
,,
,,
,,
,,
,,
,,
,,
,,
,,
,,
,,
,,
,,
,,
,,
,,
,,
,,
,,
,,
,,
,,
,,
,,
,,
,,
,,
,,
,,
,,
,,
,,
,,
,,
,,
,,
,,
,,
,,
,,
,,
,,
,,
,,
,,
,,
,,
,,
,,
,,
,,
,,
,,
,,
,,
,,
,,
,,
,,
,,
,,
,,
,,
,,
,,
,,
,,
,,
,,
,,
,,
,,
,,
,,
,,
,,
,,
,,
,,
,,
,,
,,
,,
,,
,,
,,
,,
,,
,,
,,
,,
,,
,,
,,
,,
,,
,,
,,
,,
,,
,,
,,
,,
,,
,,
,,
,,
,,
,,
,,
,,
,,
,,
,,
,,
,,
,,
,,
,,
,,
,,
,,
,,
,,
,,
,,
,,
,,
,,
,,
,,
,,
,,
,,
,,
,,
,,
,,
,,
,,
,,
,,
,,
,,
,,
,,
,,
,,
,,
,,
,,
,,
,,
,,
,,
,,
,,
,,
,,
,,
,,
,,
,,
,,
,,
,,
,,
,,
,,
,,
,,
,,
,,
,,
,,
,,
,,
,,
,,
,,
,,
,,
,,
,,
,,
,,
,,
,,
,,
,,
,,
,,
,,
,,
,,
,,
,,
,,
,,
,,
,,
,,
,,
,,
,,
,,
,,
,,
,,
,,
,,
,,
,,
,,
,,
,,
,,
,,
,,
,,
,,
,,
,,
,,
,,
,,
,,
,,
,,
,,
,,
,,
,,
,,
,,
,,
,,
,,
,,
,,
,,
,,
,,
,,
,,
,,
,,
,,
,,
,,
,,
,,
,,
,,
,,
,,
,,
,,
,,
,,
,,
,,
,,
,,
,,
,,
,,
,,
,,
,,
,,
,,
,,
,,
,,
,,
,,
,,
,,
,,
,,
,,
,,
,,
,,
,,
,,
,,
,,
,,
,,
,,
,,
,,
,,
,,
,,
,,
,,
,,
,,
,,
,,
,,
,,
,,
,,
,,
,,
,,
,,
,,
,,
,,
,,
,,
,,
,,
,,
,,
,,
,,
,,
,,
,,
,,
,,
,,
,,
,,
,,
,,
,,
,,
,,
,,
,,
,,
,,
,,
,,
,,
,,
,,
,,
,,
,,
,,
,,
,,
,,
,,
,,
,,
,,
,,
,,
,,
,,
,,
,,
,,
,,
,,
,,
,,
,,
,,
,,
,,
,,
,,
,,
,,
,,
,,
,,
,,
,,
,,
,,
,,
,,
,,
,,
,,
,,
,,
,,
,,
,,
,,
,,
,,
,,
,,
,,
,,
,,
,,
,,
,,
,,
,,
,,
,,
,,
,,
,,
,,
,,
,,
,,
,,
,,
,,
,,
,,
,,
,,
,,
,,
,,
,,
,,
,,
,,
,,
,,
,,
,,
,,
,,
,,
,,
,,
,,
,,
,,
,,
,,
,,
,,
,,
,,
,,
,,
,,
,,
,,
,,
,,
,,
,,
,,
,,
,,
,,
,,
,,
,,
,,
,,
,,
,,
,,
,,
,,
,,
,,
,,
,,
,,
,,
,,
,,
,,
,,
,,
,,
,,
,,
,,
,,
,,
,,
,,
,,
,,
,,
,,
,,
,,
,,
,,
,,
,,
,,
,,
,,
,,
,,
,,
,,
,,
,,
,,
,,
,,
,,
,,
,,
,,
,,
,,
,,
,,
,,
,,
,,
,,
,,
,,
,,
,,
,,
,,
,,
,,
,,
,,
,,
,,
,,
,,
,,
,,
,,
,,
,,
,,
,,
,,
,,
,,
,,
,,
,,
,,
,,
,,
,,
,,
,,
,,
,,
,,
,,
,,
,,
,,
,,
,,
,,
,,
,,
,,
,,
,,
,,
,,
,,
,,
,,
,,
,,
,,
,,
,,
,,
,,
,,
,,
,,
,,
,,
,,
,,
,,
,,
,,
,,
,,
,,
,,
,,
,,
,,
,,
,,
,,
,,
,,
,,
,,
,,
,,
,,
,,
,,
,,
,,
,,
,,
,,
,,
,,
,,
,,
,,
,,
,,
,,
,,
,,
,,
,,
,,
,,
,,
,,
,,
,,
,,
,,
,,
,,
,,
,,
,,
,,
,,
,,
,,
,,
,,
,,
,,
,,
,,
,,
,,
,,
,,
,,
,,
,,
,,
,,
,,
,,
,,
,,
,,
,,
,,
,,
,,
,,
,,
,,
,,
,,
,,
,,
,,
,,
,,
,,
,,
,,
,,
,,
,,
,,
,,
,,
,,
,,
,,
,,
,,
,,
,,
,,
,,
,,
,,
,,
,,
,,
,,
,,
,,
,,
,,
,,
,,
,,
,,
,,
,,
,,
,,
,,
,,
,,
,,
,,
,,
,,
,,
,,
,,
,,
,,
,,
,,
,,
,,
,,
,,
,,
,,
,,
,,
,,
,,
,,
,,
,,
,,
,,
,,
,,
,,
,,
,,
,,
,,
,,
,,
,,
,,
,,
,,
,,
,,
,,
,,
,,
,,
,,
,,
,,
,,
,,
,,
,,
,,
,,
,,
,,
,,
,,
,,
,,
,,
,,
,,
,,
,,
,,
,,
,,
,,
,,
,,
,,
,,
,,
,,
,,
,,
,,
,,
,,
,,
,,
,,
,,
,,
,,
,,
,,
,,
,,
,,
,,
,,
,,
,,
,,
,,
,,
,,
,,
,,
,,
,,
,,
,,
,,
,,
,,
,,
,,
,,
,,
,,
,,
,,
,,
,,
,,
,,
,,
,,
,,
,,
,,
,,
,,
,,
,,
,,
,,
,,
,,
,,
,,
,,
,,
,,
,,
,,
,,
,,
,,
,,
,,
,,
,,
,,
,,
,,
,,
,,
,,
,,
,,
,,
,,
,,
,,
,,
,,
,,
,,
,,
,,
,,
,,
,,
,,
,,
,,
,,
,,
,,
,,
,,
,,
,,
,,
,,
,,
,,
,,
,,
,,
,,
,,
,,
,,
,,
,,
,,
,,
,,
,,
,,
,,
,,
,,
,,
,,
,,
,,
,,
,,
,,
,,
,,
,,
,,
,,
,,
,,
,,
,,
,,
,,
,,
,,
,,
,,
,,
,,
,,
,,
,,
,,
,,
,,
,,
,,
,,
,,
,,
,,
,,
,,
,,
,,
,,
,,
,,
,,
,,
,,
,,
,,
,,
,,
,,
,,
,,
,,
,,
,,
,,
,,
,,
,,
,,
,,
,,
,,
,,
,,
,,
,,
,,
,,
,,
,,
,,
,,
,,
,,
,,
,,
,,
,,
,,
,,
,,
,,
,,
,,
,,
,,
,,
,,
,,
,,
,,
,,
,,
,,
,,
,,
,,
,,
,,
,,
,,
,,
,,
,,
,,
,,
,,
,,
,,
,,
,,
,,
,,
,,
,,
,,
,,
,,
,,
,,
,,
,,
,,
,,
,,
,,
,,
,,
,,
,,
,,
,,
,,
,,
,,
,,
,,
,,
,,
,,
,,
,,
,,
,,
,,
,,
,,
,,
,,
,,
,,
,,
,,
,,
,,
,,
,,
,,
,,
,,
,,
,,
,,
,,
,,
,,
,,
,,
,,
,,
,,
,,
,,
,,
,,
,,
,,
,,
,,
,,
,,
,,
,,
,,
,,
,,
,,
,,
,,
,,
,,
,,
,,
,,
,,
,,
,,
,,
,,
,,
,,
,,
,,
,,
,,
,,
,,
,,
,,
,,
,,
,,
,,
,,
,,
,,
,,
,,
,,
,,
,,
,,
,,
,,
,,
,,
,,
,,
,,
,,
,,
,,
,,
,,
,,
,,
,,
,,
,,
,,
,,
,,
,,
,,
,,
,,
,,
,,
,,
,,
,,
,,
,,
,,
,,
,,
,,
,,
,,
,,
,,
,,
,,
,,
,,
,,
,,
,,
,,
,,
,,
,,
,,
,,
,,
,,
,,
,,
,,
,,
,,
,,
,,
,,
,,
,,
,,
,,
,,
,,
,,
,,
,,
,,
,,
,,
,,
,,
,,
,,
,,
,,
,,
,,
,,
,,
,,
,,
,,
,,
,,
,,
,,
,,
,,
,,
,,
,,
,,
,,
,,
,,
,,
,,
,,
,,
,,
,,
,,
,,
,,
,,
,,
,,
,,
,,
,,
,,
,,
,,
,,
,,
,,
,,
,,
,,
,,
,,
,,
,,
,,
,,
,,
,,
,,
,,
,,
,,
,,
,,
,,
,,
,,
,,
,,
,,
,,
,,
,,
,,
,,
,,
,,
,,
,,
,,
,,
,,
,,
,,
,,
,,
,,
,,
,,
,,
,,
,,
,,
,,
,,
,,
,,
,,
,,
,,
,,
,,
,,
,,
,,
,,
,,
,,
,,
,,
,,
,,
,,
,,
,,
,,
,,
,,
,,
,,
,,
,,
,,
,,
,,
,,
,,
,,
,,
,,
,,
,,
,,
,,
,,
,,
,,
,,
,,
,,
,,
,,
,,
,,
,,
,,
,,
,,
,,
,,
,,
,,
,,
,,
,,
,,
,,
,,
,,
,,
,,
,,
,,
,,
,,
,,
,,
,,
,,
,,
,,
,,
,,
,,
,,
,,
,,
,,
,,
,,
,,
,,
,,
,,
,,
,,
,,
,,
,,
,,
,,
,,
,,
,,
,,
,,
,,
,,
,,
,,
,,
,,
,,
,,
,,
,,
,,
,,
,,
,,
,,
,,
,,
,,
,,
,,
,,
,,
,,
,,
,,
,,
,,
,,
,,
,,
,,
,,
,,
,,
,,
,,
,,
,,
,,
,,
,,
,,
,,
,,
,,
,,
,,
,,
,,
,,
,,
,,
,,
,,
,,
,,
,,
,,
,,
,,
,,
,,
,,
,,
,,
,,
,,
,,
,,
,,
,,
,,
,,
,,
,,
,,
,,
,,
,,
,,
,,
,,
,,
,,
,,
,,
,,
,,
,,
,,
,,
,,
,,
,,
,,
,,
,,
,,
,,
,,
,,
,,
,,
,,
,,
,,
,,
,,
,,
,,
,,
,,
,,
,,
,,
,,
,,
,,
,,
,,
,,
,,
,,
,,
,,
,,
,,
,,
,,
,,
,,
,,
,,
,,
,,
,,
,,
,,
,,
,,
,,
,,
,,
,,
,,
,,
,,
,,
,,
,,
,,
,,
,,
,,
,,
,,
,,
,,
,,
,,
,,
,,
,,
,,
,,
,,
,,
,,
,,
,,
,,
,,
,,
,,
,,
,,
,,
,,
,,
,,
,,
,,
,,
,,
,,
,,
,,
,,
,,
,,
,,
,,
,,
,,
,,
,,
,,
,,
,,
,,
,,
,,
,,
,,
,,
,,
,,
,,
,,
,,
,,
,,
,,
,,
,,
,,
,,
,,
,,
,,
,,
,,
,,
,,
,,
,,
,,
,,
,,
,,
,,
,,
,,
,,
,,
,,
,,
,,
,,
,,
,,
,,
,,
,,
,,
,,
,,
,,
,,
,,
,,
,,
,,
,,
,,
,,
,,
,,
,,
,,
,,
,,
,,
,,
,,
,,
,,
,,
,,
,,
,,
,,
,,
,,
,,
,,
,,
,,
,,
,,
,,
,,
,,
,,
,,
,,
,,
,,
,,
,,
,,
,,
,,
,,
,,
,,
,,
,,
,,
,,
,,
,,
,,
,,
,,
,,
,,
,,
,,
,,
,,
,,
,,
,,
,,
,,
,,
,,
,,
,,
,,
,,
,,
,,
,,
,,
,,
,,
,,
,,
,,
,,
,,
,,
,,
,,
,,
,,
,,
,,
,,
,,
,,
,,
,,
,,
,,
,,
,,
,,
,,
,,
,,
,,
,,
,,
,,
,,
,,
,,
,,
,,
,,
,,
,,
,,
,,
,,
,,
,,
,,
,,
,,
,,
,,
,,
,,
,,
,,
,,
,,
,,
,,
,,
,,
,,
,,
,,
,,
,,
,,
,,
,,
,,
,,
,,
,,
,,
,,
,,
,,
,,
,,
,,
,,
,,
,,
,,
,,
,,
,,
,,
,,
,,
,,
,,
,,
,,
,,
,,
,,
,,
,,
,,
,,
,,
,,
,,
,,
,,
,,
,,
,,
,,
,,
,,
,,
,,
,,
,,
,,
,,
,,
,,
,,
,,
,,
,,
,,
,,
,,
,,
,,
,,
,,
,,
,,
,,
,,
,,
,,
,,
,,
,,
,,
,,
,,
,,
,,
,,
,,
,,
,,
,,
,,
,,
,,
,,
,,
,,
,,
,,
,,
,,
,,
,,
,,
,,
,,
,,
,,
,,
,,
,,
,,
,,
,,
,,
,,
,,
,,
,,
,,
,,
,,
,,
,,
,,
,,
,,
,,
,,
,,
,,
,,
,,
,,
,,
,,
,,
,,
,,
,,
,,
,,
,,
,,
,,
,,
,,
,,
,,
,,
,,
,,
,,
,,
,,
,,
,,
,,
,,
,,
,,
,,
,,
,,
,,
,,
,,
,,
,,
,,
,,
,,
,,
,,
,,
,,
,,
,,
,,
,,
,,
,,
,,
,,
,,
,,
,,
,,
,,
,,
,,
,,
,,
,,
,,
,,
,,
,,
,,
,,
,,
,,
,,
,,
,,
,,
,,
,,
,,
,,
,,
,,
,,
,,
,,
,,
,,
,,
,,
,,
,,
,,
,,
,,
,,
,,
,,
,,
,,
,,
,,
,,
,,
,,
,,
,,
,,
,,
,,
,,
,,
,,
,,
,,
,,
,,
,,
,,
,,
,,
,,
,,
,,
,,
,,
,,
,,
,,
,,
,,
,,
,,
,,
,,
,,
,,
,,
,,
,,
,,
,,
,,
,,
,,
,,
,,
,,
,,
,,
,,
,,
,,
,,
,,
,,
,,
,,
,,
,,
,,
,,
,,
,,
,,
,,
,,
,,
,,
,,
,,
,,
,,
,,
,,
,,
,,
,,
,,
,,
,,
,,
,,
,,
,,
,,
,,
,,
,,
,,
,,
,,
,,
,,
,,
,,
,,
,,
,,
,,
,,
,,
,,
,,
,,
,,
,,
,,
,,
,,
,,
,,
,,
,,
,,
,,
,,
,,
,,
,,
,,
,,
,,
,,
,,
,,
,,
,,
,,
,,
,,
,,
,,
,,
,,
,,
,,
,,
,,
,,
,,
,,
,,
,,
,,
,,
,,
,,
,,
,,
,,
,,
,,
,,
,,
,,
,,
,,
,,
,,
,,
,,
,,
,,
,,
,,
,,
,,
,,
,,
,,
,,
,,
,,
,,
,,
,,
,,
,,
,,
,,
,,
,,
,,
,,
,,
,,
,,
,,
,,
,,
,,
,,
,,
,,
,,
,,
,,
,,
,,
,,
,,
,,
,,
,,
,,
,,
,,
,,
,,
,,
,,
,,
,,
,,
,,
,,
,,
,,
,,
,,
,,
,,
,,
,,
,,
,,
,,
,,
,,
,,
,,
,,
,,
,,
,,
,,
,,
,,
,,
,,
,,
,,
,,
,,
,,
,,
,,
,,
,,
,,
,,
,,
,,
,,
,,
,,
,,
,,
,,
,,
,,
,,
,,
,,
,,
,,
,,
,,
,,
,,
,,
,,
,,
,,
,,
,,
,,
,,
,,
,,
,,
,,
,,
,,
,,
,,
,,
,,
,,
,,
,,
,,
,,
,,
,,
,,
,,
,,
,,
,,
,,
,,
,,
,,
,,
,,
,,
,,
,,
,,
,,
,,
,,
,,
,,
,,
,,
,,
,,
,,
,,
,,
,,
,,
,,
,,
,,
,,
,,
,,
,,
,,
,,
,,
,,
,,
,,
,,
,,
,,
,,
,,
,,
,,
,,
,,
,,
,,
,,
,,
,,
,,
,,
,,
,,
,,
,,
,,
,,
,,
,,
,,
,,
,,
,,
,,
,,
,,
,,
,,
,,
,,
,,
,,
,,
,,
,,
,,
,,
,,
,,
,,
,,
,,
,,
,,
,,
,,
,,
,,
,,
,,
,,
,,
,,
,,
,,
,,
,,
,,
,,
,,
,,
,,
,,
,,
,,
,,
,,
,,
,,
,,
,,
,,
,,
,,
,,
,,
,,
,,
,,
,,
,,
,,
,,
,,
,,
,,
,,
,,
,,
,,
,,
,,
,,
,,
,,
,,
,,
,,
,,
,,
,,
,,
,,
,,
,,
,,
,,
,,
,,
,,
,,
,,
,,
,,
,,
,,
,,
,,
,,
,,
,,
,,
,,
,,
,,
,,
,,
,,
,,
,,
,,
,,
,,
,,
,,
,,
,,
,,
,,
,,
,,
,,
,,
,,
,,
,,
,,
,,
,,
,,
,,
,,
,,
,,
,,
,,
,,
,,
,,
,,
,,
,,
,,
,,
,,
,,
,,
,,
,,
,,
,,
,,
,,
,,
,,
,,
,,
,,
,,
,,
,,
,,
,,
,,
,,
,,
,,
,,
,,
,,
,,
,,
,,
,,
,,
,,
,,
,,
,,
,,
,,
,,
,,
,,
,,
,,
,,
,,
,,
,,
,,
,,
,,
,,
,,
,,
,,
,,
,,
,,
,,
,,
,,
,,
,,
,,
,,
,,
,,
,,
,,
,,
,,
,,
,,
,,
,,
,,
,,
,,
,,
,,
,,
,,
,,
,,
,,
,,
,,
,,
,,
,,
,,
,,
,,
,,
,,
,,
,,
,,
,,
,,
,,
,,
,,
,,
,,
,,
,,
,,
,,
,,
,,
,,
,,
,,
,,
,,
,,
,,
,,
,,
,,
,,
,,
,,
,,
,,
,,
,,
,,
,,
,,
,,
,,
,,
,,
,,
,,
,,
,,
,,
,,
,,
,,
,,
,,
,,
,,
,,
,,
,,
,,
,,
,,
,,
,,
,,
,,
,,
,,
,,
,,
,,
,,
,,
,,
,,
,,
,,
,,
,,
,,
,,
,,
,,
,,
,,
,,
,,
,,
,,
,,
,,
,,
,,
,,
,,
,,
,,
,,
,,
,,
,,
,,
,,
,,
,,
,,
,,
,,
,,
,,
,,
,,
,,
,,
,,
,,
,,
,,
,,
,,
,,
,,
,,
,,
,,
,,
,,
,,
,,
,,
,,
,,
,,
,,
,,
,,
,,
,,
,,
,,
,,
,,
,,
,,
,,
,,
,,
,,
,,
,,
,,
,,
,,
,,
,,
,,
,,
,,
,,
,,
,,
,,
,,
,,
,,
,,
,,
,,
,,
,,
,,
,,
,,
,,
,,
,,
,,
,,
,,
,,
,,
,,
,,
,,
,,
,,
,,
,,
,,
,,
,,
,,
,,
,,
,,
,,
,,
,,
,,
,,
,,
,,
,,
,,
,,
,,
,,
,,
,,
,,
,,
,,
,,
,,
,,
,,
,,
,,
,,
,,
,,
,,
,,
,,
,,
,,
,,
,,
,,
,,
,,
,,
,,
,,
,,
,,
,,
,,
,,
,,
,,
,,
,,
,,
,,
,,
,,
,,
,,
,,
,,
,,
,,
,,
,,
,,
,,
,,
,,
,,
,,
,,
,,
,,
,,
,,
,,
,,
,,
,,
,,
,,
,,
,,
,,
,,
,,
,,
,,
,,
,,
,,
,,
,,
,,
,,
,,
,,
,,
,,
,,
,,
,,
,,
,,
,,
,,
,,
,,
,,
,,
,,
,,
,,
,,
,,
,,
,,
,,
,,
,,
,,
,,
,,
,,
,,
,,
,,
,,
,,
,,
,,
,,
,,
,,
,,
,,
,,
,,
,,
,,
,,
,,
,,
,,
,,
,,
,,
,,
,,
,,
,,
,,
,,
,,
,,
,,
,,
,,
,,
,,
,,
,,
,,
,,
,,
,,
,,
,,
,,
,,
,,
,,
,,
,,
,,
,,
,,
,,
,,
,,
,,
,,
,,
,,
,,
,,
,,
,,
,,
,,
,,
,,
,,
,,
,,
,,
,,
,,
,,
,,
,,
,,
,,
,,
,,
,,
,,
,,
,,
,,
,,
,,
,,
,,
,,
,,
,,
,,
,,
,,
,,
,,
,,
,,
,,
,,
,,
,,
,,
,,
,,
,,
,,
,,
,,
,,
,,
,,
,,
,,
,,
,,
,,
,,
,,
,,
,,
,,
,,
,,
,,
,,
,,
,,
,,
,,
,,
,,
,,
,,
,,
,,
,,
,,
,,
,,
,,
,,
,,
,,
,,
,,
,,
,,
,,
,,
,,
,,
,,
,,
,,
,,
,,
,,
,,
,,
,,
,,
,,
,,
,,
,,
,,
,,
,,
,,
,,
,,
,,
,,
,,
,,
,,
,,
,,
,,
,,
,,
,,
,,
,,
,,
,,
,,
,,
,,
,,
,,
,,
,,
,,
,,
,,
,,
,,
,,
,,
,,
,,
,,
,,
,,
,,
,,
,,
,,
,,
,,
,,
,,
,,
,,
,,
,,
,,
,,
,,
,,
,,
,,
,,
,,
,,
,,
,,
,,
,,
,,
,,
,,
,,
,,
,,
,,
,,
,,
,,
,,
,,
,,
,,
,,
,,
,,
,,
,,
,,
,,
,,
,,
,,
,,
,,
,,
,,
,,
,,
,,
,,
,,
,,
,,
,,
,,
,,
,,
,,
,,
,,
,,
,,
,,
,,
,,
,,
,,
,,
,,
,,
,,
,,
,,
,,
,,
,,
,,
,,
,,
,,
,,
,,
,,
,,
,,
,,
,,
,,
,,
,,
,,
,,
,,
,,
,,
,,
,,
,,
,,
,,
,,
,,
,,
,,
,,
,,
,,
,,
,,
,,
,,
,,
,,
,,
,,
,,
,,
,,
,,
,,
,,
,,
,,
,,
,,
,,
,,
,,
,,
,,
,,
,,
,,
,,
,,
,,
,,
,,
,,
,,
,,
,,
,,
,,
,,
,,
,,
,,
,,
,,
,,
,,
,,
,,
,,
,,
,,
,,
,,
,,
,,
,,
,,
,,
,,
,,
,,
,,
,,
,,
,,
,,
,,
,,
,,
,,
,,
,,
,,
,,
,,
,,
,,
,,
,,
,,
,,
,,
,,
,,
,,
,,
,,
,,
,,
,,
,,
,,
,,
,,
,,
,,
,,
,,
,,
,,
,,
,,
,,
,,
,,
,,
,,
,,
,,
,,
,,
,,
,,
,,
,,
,,
,,
,,
,,
,,
,,
,,
,,
,,
,,
,,
,,
,,
,,
,,
,,
,,
,,
,,
,,
,,
,,
,,
,,
,,
,,
,,
,,
,,
,,
,,
,,
,,
,,
,,
,,
,,
,,
,,
,,
,,
,,
,,
,,
,,
,,
,,
,,
,,
,,
,,
,,
,,
,,
,,
,,
,,
,,
,,
,,
,,
,,
,,
,,
,,
,,
,,
,,
,,
,,
,,
,,
,,
,,
,,
,,
,,
,,
,,
,,
,,
,,
,,
,,
,,
,,
,,
,,
,,
,,
,,
,,
,,
,,
,,
,,
,,
,,
,,
,,
,,
,,
,,
,,
,,
,,
,,
,,
,,
,,
,,
,,
,,
,,
,,
,,
,,
,,
,,
,,
,,
,,
,,
,,
,,
,,
,,
,,
,,
,,
,,
,,
,,
,,
,,
,,
,,
,,
,,
,,
,,
,,
,,
,,
,,
,,
,,
,,
,,
,,
,,
,,
,,
,,
,,
,,
,,
,,
,,
,,
,,
,,
,,
,,
,,
,,
,,
,,
,,
,,
,,
,,
,,
,,
,,
,,
,,
,,
,,
,,
,,
,,
,,
,,
,,
,,
,,
,,
,,
,,
,,
,,
,,
,,
,,
,,
,,
,,
,,
,,
,,
,,
,,
,,
,,
,,
,,
,,
,,
,,
,,
,,
,,
,,
,,
,,
,,
,,
,,
,,
,,
,,
,,
,,
,,
,,
,,
,,
,,
,,
,,
,,
,,
,,
,,
,,
,,
,,
,,
,,
,,
,,
,,
,,
,,
,,
,,
,,
,,
,,
,,
,,
,,
,,
,,
,,
,,
,,
,,
,,
,,
,,
,,
,,
,,
,,
,,
,,
,,
,,
,,
,,
,,
,,
,,
,,
,,
,,
,,
,,
,,
,,
,,
,,
,,
,,
,,
,,
,,
,,
,,
,,
,,
,,
,,
,,
,,
,,
,,
,,
,,
,,
,,
,,
,,
,,
,,
,,
,,
,,
,,
,,
,,
,,
,,
,,
,,
,,
,,
,,
,,
,,
,,
,,
,,
,,
,,
,,
,,
,,
,,
,,
,,
,,
,,
,,
,,
,,
,,
,,
,,
,,
,,
,,
,,
,,
,,
,,
,,
,,
,,
,,
,,
,,
,,
,,
,,
,,
,,
,,
,,
,,
,,
,,
,,
,,
,,
,,
,,
,,
,,
,,
,,
,,
,,
,,
,,
,,
,,
,,
,,
,,
,,
,,
,,
,,
,,
,,
,,
,,
,,
,,
,,
,,
,,
,,
,,
,,
,,
,,
,,
,,
,,
,,
,,
,,
,,
,,
,,
,,
,,
,,
,,
,,
,,
,,
,,
,,
,,
,,
,,
,,
,,
,,
,,
,,
,,
,,
,,
,,
,,
,,
,,
,,
,,
,,
,,
,,
,,
,,
,,
,,
,,
,,
,,
,,
,,
,,
,,
,,
,,
,,
,,
,,
,,
,,
,,
,,
,,
,,
,,
,,
,,
,,
,,
,,
,,
,,
,,
,,
,,
,,
,,
,,
,,
,,
,,
,,
,,
,,
,,
,,
,,
,,
,,
,,
,,
,,
,,
,,
,,
,,
,,
,,
,,
,,
,,
,,
,,
,,
,,
,,
,,
,,
,,
,,
,,
,,
,,
,,
,,
,,
,,
,,
,,
,,
,,
,,
,,
,,
,,
,,
,,
,,
,,
,,
,,
,,
,,
,,
,,
,,
,,
,,
,,
,,
,,
,,
,,
,,
,,
,,
,,
,,
,,
,,
,,
,,
,,
,,
,,
,,
,,
,,
,,
,,
,,
,,
,,
,,
,,
,,
,,
,,
,,
,,
,,
,,
,,
,,
,,
,,
,,
,,
,,
,,
,,
,,
,,
,,
,,
,,
,,
,,
,,
,,
,,
,,
,,
,,
,,
,,
,,
,,
,,
,,
,,
,,
,,
,,
,,
,,
,,
,,
,,
,,
,,
,,
,,
,,
,,
,,
,,
,,
,,
,,
,,
,,
,,
,,
,,
,,
,,
,,
,,
,,
,,
,,
,,
,,
,,
,,
,,
,,
,,
,,
,,
,,
,,
,,
,,
,,
,,
,,
,,
,,
,,
,,
,,
,,
,,
,,
,,
,,
,,
,,
,,
,,
,,
,,
,,
,,
,,
,,
,,
,,
,,
,,
,,
,,
,,
,,
,,
,,
,,
,,
,,
,,
,,
,,
,,
,,
,,
,,
,,
,,
,,
,,
,,
,,
,,
,,
,,
,,
,,
,,
,,
,,
,,
,,
,,
,,
,,
,,
,,
,,
,,
,,
,,
,,
,,
,,
,,
,,
,,
,,
,,
,,
,,
,,
,,
,,
,,
,,
,,
,,
,,
,,
,,
,,
,,
,,
,,
,,
,,
,,
,,
,,
,,
,,
,,
,,
,,
,,
,,
,,
,,
,,
,,
,,
,,
,,
,,
,,
,,
,,
,,
,,
,,
,,
,,
,,
,,
,,
,,
,,
,,
,,
,,
,,
,,
,,
,,
,,
,,
,,
,,
,,
,,
,,
,,
,,
,,
,,
,,
,,
,,
,,
,,
,,
,,
,,
,,
,,
,,
,,
,,
,,
,,
,,
,,
,,
,,
,,
,,
,,
,,
,,
,,
,,
,,
,,
,,
,,
,,
,,
,,
,,
,,
,,
,,
,,
,,
,,
,,
,,
,,
,,
,,
,,
,,
,,
,,
,,
,,
,,
,,
,,
,,
,,
,,
,,
,,
,,
,,
,,
,,
,,
,,
,,
,,
,,
,,
,,
,,
,,
,,
,,
,,
,,
,,
,,
,,
,,
,,
,,
,,
,,
,,
,,
,,
,,
,,
,,
,,
,,
,,
,,
,,
,,
,,
,,
,,
,,
,,
,,
,,
,,
,,
,,
,,
,,
,,
,,
,,
,,
,,
,,
,,
,,
,,
,,
,,
,,
,,
,,
,,
,,
,,
,,
,,
,,
,,
,,
,,
,,
,,
,,
,,
,,
,,
,,
,,
,,
,,
,,
,,
,,
,,
,,
,,
,,
,,
,,
,,
,,
,,
,,
,,
,,
,,
,,
,,
,,
,,
,,
,,
,,
,,
,,
,,
,,
,,
,,
,,
,,
,,
,,
,,
,,
,,
,,
,,
,,
,,
,,
,,
,,
,,
,,
,,
,,
,,
,,
,,
,,
,,
,,
,,
,,
,,
,,
,,
,,
,,
,,
,,
,,
,,
,,
,,
,,
,,
,,
,,
,,
,,
,,
,,
,,
,,
,,
,,
,,
,,
,,
,,
,,
,,
,,
,,
,,
,,
,,
,,
,,
,,
,,
,,
,,
,,
,,
,,
,,
,,
,,
,,
,,
,,
,,
,,
,,
,,
,,
,,
,,
,,
,,
,,
,,
,,
,,
,,
,,
,,
,,
,,
,,
,,
,,
,,
,,
,,
,,
,,
,,
,,
,,
,,
,,
,,
,,
,,
,,
,,
,,
,,
,,
,,
,,
,,
,,
,,
,,
,,
,,
,,
,,
,,
,,
,,
,,
,,
,,
,,
,,
,,
,,
,,
,,
,,
,,
,,
,,
,,
,,
,,
,,
,,
,,
,,
,,
,,
,,
,,
,,
,,
,,
,,
,,
,,
,,
,,
,,
,,
,,
,,
,,
,,
,,
,,
,,
,,
,,
,,
,,
,,
,,
,,
,,
,,
,,
,,
,,
,,
,,
,,
,,
,,
,,
,,
,,
,,
,,
,,
,,
,,
,,
,,
,,
,,
,,
,,
,,
,,
,,
,,
,,
,,
,,
,,
,,
,,
,,
,,
,,
,,
,,
,,
,,
,,
,,
,,
,,
,,
,,
,,
,,
,,
,,
,,
,,
,,
,,
,,
,,
,,
,,
,,
,,
,,
,,
,,
,,
,,
,,
,,
,,
,,
,,
,,
,,
,,
,,
,,
,,
,,
,,
,,
,,
,,
,,
,,
,,
,,
,,
,,
,,
,,
,,
,,
,,
,,
,,
,,
,,
,,
,,
,,
,,
,,
,,
,,
,,
,,
,,
,,
,,
,,
,,
,,
,,
,,
,,
,,
,,
,,
,,
,,
,,
,,
,,
,,
,,
,,
,,
,,
,,
,,
,,
,,
,,
,,
,,
,,
,,
,,
,,
,,
,,
,,
,,
,,
,,
,,
,,
,,
,,
,,
,,
,,
,,
,,
,,
,,
,,
,,
,,
,,
,,
,,
,,
,,
,,
,,
,,
,,
,,
,,
,,
,,
,,
,,
,,
,,
,,
,,
,,
,,
,,
,,
,,
,,
,,
,,
,,
,,
,,
,,
,,
,,
,,
,,
,,
,,
,,
,,
,,
,,
,,
,,
,,
,,
,,
,,
,,
,,
,,
,,
,,
,,
,,
,,
,,
,,
,,
,,
,,
,,
,,
,,
,,
,,
,,
,,
,,
,,
,,
,,
,,
,,
,,
,,
,,
,,
,,
,,
,,
,,
,,
,,
,,
,,
,,
,,
,,
,,
,,
,,
,,
,,
,,
,,
,,
,,
,,
,,
,,
,,
,,
,,
,,
,,
,,
,,
,,
,,
,,
,,
,,
,,
,,
,,
,,
,,
,,
,,
,,
,,
,,
,,
,,
,,
,,
,,
,,
,,
,,
,,
,,
,,
,,
,,
,,
,,
,,
,,
,,
,,
,,
,,
,,
,,
,,
,,
,,
,,
,,
,,
,,
,,
,,
,,
,,
,,
,,
,,
,,
,,
,,
,,
,,
,,
,,
,,
,,
,,
,,
,,
,,
,,
,,
,,
,,
,,
,,
,,
,,
,,
,,
,,
,,
,,
,,
,,
,,
,,
,,
,,
,,
,,
,,
,,
,,
,,
,,
,,
,,
,,
,,
,,
,,
,,
,,
,,
,,
,,
,,
,,
,,
,,
,,
,,
,,
,,
,,
,,
,,
,,
,,
,,
,,
,,
,,
,,
,,
,,
,,
,,
,,
,,
,,
,,
,,
,,
,,
,,
,,
,,
,,
,,
,,
,,
,,
,,
,,
,,
,,
,,
,,
,,
,,
,,
,,
,,
,,
,,
,,
,,
,,
,,
,,
,,
,,
,,
,,
,,
,,
,,
,,
,,
,,
,,
,,
,,
,,
,,
,,
,,
,,
,,
,,
,,
,,
,,
,,
,,
,,
,,
,,
,,
,,
,,
,,
,,
,,
,,
,,
,,
,,
,,
,,
,,
,,
,,
,,
,,
,,
,,
,,
,,
,,
,,
,,
,,
,,
,,
,,
,,
,,
,,
,,
,,
,,
,,
,,
,,
,,
,,
,,
,,
,,
,,
,,
,,
,,
,,
,,
,,
,,
,,
,,
,,
,,
,,
,,
,,
,,
,,
,,
,,
,,
,,
,,
,,
,,
,,
,,
,,
,,
,,
,,
,,
,,
,,
,,
,,
,,
,,
,,
,,
,,
,,
,,
,,
,,
,,
,,
,,
,,
,,
,,
,,
,,
,,
,,
,,
,,
,,
,,
,,
,,
,,
,,
,,
,,
,,
,,
,,
,,
,,
,,
,,
,,
,,
,,
,,
,,
,,
,,
,,
,,
,,
,,
,,
,,
,,
,,
,,
,,
,,
,,
,,
,,
,,
,,
,,
,,
,,
,,
,,
,,
,,
,,
,,
,,
,,
,,
,,
,,
,,
,,
,,
,,
,,
,,
,,
,,
,,
,,
,,
,,
,,
,,
,,
,,
,,
,,
,,
,,
,,
,,
,,
,,
,,
,,
,,
,,
,,
,,
,,
,,
,,
,,
,,
,,
,,
,,
,,
,,
,,
,,
,,
,,
,,
,,
,,
,,
,,
,,
,,
,,
,,
,,
,,
,,
,,
,,
,,
,,
,,
,,
,,
,,
,,
,,
,,
,,
,,
,,
,,
,,
,,
,,
,,
,,
,,
,,
,,
,,
,,
,,
,,
,,
,,
,,
,,
,,
,,
,,
,,
,,
,,
,,
,,
,,
,,
,,
,,
,,
,,
,,
,,
,,
,,
,,
,,
,,
,,
,,
,,
,,
,,
,,
,,
,,
,,
,,
,,
,,
,,
,,
,,
,,
,,
,,
,,
,,
,,
,,
,,
,,
,,
,,
,,
,,
,,
,,
,,
,,
,,
,,
,,
,,
,,
,,
,,
,,
,,
,,
,,
,,
,,
,,
,,
,,
,,
,,
,,
,,
,,
,,
,,
,,
,,
,,
,,
,,
,,
,,
,,
,,
,,
,,
,,
,,
,,
,,
,,
,,
,,
,,
,,
,,
,,
,,
,,
,,
,,
,,
,,
,,
,,
,,
,,
,,
,,
,,
,,
,,
,,
,,
,,
,,
,,
,,
,,
,,
,,
,,
,,
,,
,,
,,
,,
,,
,,
,,
,,
,,
,,
,,
,,
,,
,,
,,
,,
,,
,,
,,
,,
,,
,,
,,
,,
,,
,,
,,
,,
,,
,,
,,
,,
,,
,,
,,
,,
,,
,,
,,
,,
,,
,,
,,
,,
,,
,,
,,
,,
,,
,,
,,
,,
,,
,,
,,
,,
,,
,,
,,
,,
,,
,,
,,
,,
,,
,,
,,
,,
,,
,,
,,
,,
,,
,,
,,
,,
,,
,,
,,
,,
,,
,,
,,
,,
,,
,,
,,
,,
,,
,,
,,
,,
,,
,,
,,
,,
,,
,,
,,
,,
,,
,,
,,
,,
,,
,,
,,
,,
,,
,,
,,
,,
,,
,,
,,
,,
,,
,,
,,
,,
,,
,,
,,
,,
,,
,,
,,
,,
,,
,,
,,
,,
,,
,,
,,
,,
,,
,,
,,
,,
,,
,,
,,
,,
,,
,,
,,
,,
,,
,,
,,
,,
,,
,,
,,
,,
,,
,,
,,
,,
,,
,,
,,
,,
,,
,,
,,
,,
,,
,,
,,
,,
,,
,,
,,
,,
,,
,,
,,
,,
,,
,,
,,
,,
,,
,,
,,
,,
,,
,,
,,
,,
,,
,,
,,
,,
,,
,,
,,
,,
,,
,,
,,
,,
,,
,,
,,
,,
,,
,,
,,
,,
,,
,,
,,
,,
,,
,,
,,
,,
,,
,,
,,
,,
,,
,,
,,
,,
,,
,,
,,
,,
,,
,,
,,
,,
,,
,,
,,
,,
,,
,,
,,
,,
,,
,,
,,
,,
,,
,,
,,
,,
,,
,,
,,
,,
,,
,,
,,
,,
,,
,,
,,
,,
,,
,,
,,
,,
,,
,,
,,
,,
,,
,,
,,
,,
,,
,,
,,
,,
,,
,,
,,
,,
,,
,,
,,
,,
,,
,,
,,
,,
,,
,,
,,
,,
,,
,,
,,
,,
,,
,,
,,
,,
,,
,,
,,
,,
,,
,,
,,
,,
,,
,,
,,
,,
,,
,,
,,
,,
,,
,,
,,
,,
,,
,,
,,
,,
,,
,,
,,
,,
,,
,,
,,
,,
,,
,,
,,
,,
,,
,,
,,
,,
,,
,,
,,
,,
,,
,,
,,
,,
,,
,,
,,
,,
,,
,,
,,
,,
,,
,,
,,
,,
,,
,,
,,
,,
,,
,,
,,
,,
,,
,,
,,
,,
,,
,,
,,
,,
,,
,,
,,
,,
,,
,,
,,
,,
,,
,,
,,
,,
,,
,,
,,
,,
,,
,,
,,
,,
,,
,,
,,
,,
,,
,,
,,
,,
,,
,,
,,
,,
,,
,,
,,
,,
,,
,,
,,
,,
,,
,,
,,
,,
,,
,,
,,
,,
,,
,,
,,
,,
,,
,,
,,
,,
,,
,,
,,
,,
,,
,,
,,
,,
,,
,,
,,
,,
,,
,,
,,
,,
,,
,,
,,
,,
,,
,,
,,
,,
,,
,,
,,
,,
,,
,,
,,
,,
,,
,,
,,
,,
,,
,,
,,
,,
,,
,,
,,
,,
,,
,,
,,
,,
,,
,,
,,
,,
,,
,,
,,
,,
,,
,,
,,
,,
,,
,,
,,
,,
,,
,,
,,
,,
,,
,,
,,
,,
,,
,,
,,
,,
,,
,,
,,
,,
,,
,,
,,
,,
,,
,,
,,
,,
,,
,,
,,
,,
,,
,,
,,
,,
,,
,,
,,
,,
,,
,,
,,
,,
,,
,,
,,
,,
,,
,,
,,
,,
,,
,,
,,
,,
,,
,,
,,
,,
,,
,,
,,
,,
,,
,,
,,
,,
,,
,,
,,
,,
,,
,,
,,
,,
,,
,,
,,
,,
,,
,,
,,
,,
,,
,,
,,
,,
,,
,,
,,
,,
,,
,,
,,
,,
,,
,,
,,
,,
,,
,,
,,
,,
,,
,,
,,
,,
,,
,,
,,
,,
,,
,,
,,
,,
,,
,,
,,
,,
,,
,,
,,
,,
,,
,,
,,
,,
,,
,,
,,
,,
,,
,,
,,
,,
,,
,,
,,
,,
,,
,,
,,
,,
,,
,,
,,
,,
,,
,,
,,
,,
,,
,,
,,
,,
,,
,,
,,
,,
,,
,,
,,
,,
,,
,,
,,
,,
,,
,,
,,
,,
,,
,,
,,
,,
,,
,,
,,
,,
,,
,,
,,
,,
,,
,,
,,
,,
,,
,,
,,
,,
,,
,,
,,
,,
,,
,,
,,
,,
,,
,,
,,
,,
,,
,,
,,
,,
,,
,,
,,
,,
,,
,,
,,
,,
,,
,,
,,
,,
,,
,,
,,
,,
,,
,,
,,
,,
,,
,,
,,
,,
,,
,,
,,
,,
,,
,,
,,
,,
,,
,,
,,
,,
,,
,,
,,
,,
,,
,,
,,
,,
,,
,,
,,
,,
,,
,,
,,
,,
,,
,,
,,
,,
,,
,,
,,
,,
,,
,,
,,
,,
,,
,,
,,
,,
,,
,,
,,
,,
,,
,,
,,
,,
,,
,,
,,
,,
,,
,,
,,
,,
,,
,,
,,
,,
,,
,,
,,
,,
,,
,,
,,
,,
,,
,,
,,
,,
,,
,,
,,
,,
,,
,,
,,
,,
,,
,,
,,
,,
,,
,,
,,
,,
,,
,,
,,
,,
,,
,,
,,
,,
,,
,,
,,
,,
,,
,,
,,
,,
,,
,,
,,
,,
,,
,,
,,
,,
,,
,,
,,
,,
,,
,,
,,
,,
,,
,,
,,
,,
,,
,,
,,
,,
,,
,,
,,
,,
,,
,,
,,
,,
,,
,,
,,
,,
,,
,,
,,
,,
,,
,,
,,
,,
,,
,,
,,
,,
,,
,,
,,
,,
,,
,,
,,
,,
,,
,,
,,
,,
,,
,,
,,
,,
,,
,,
,,
,,
,,
,,
,,
,,
,,
,,
,,
,,
,,
,,
,,
,,
,,
,,
,,
,,
,,
,,
,,
,,
,,
,,
,,
,,
,,
,,
,,
,,
,,
,,
,,
,,
,,
,,
,,
,,
,,
,,
,,
,,
,,
,,
,,
,,
,,
,,
,,
,,
,,
,,
,,
,,
,,
,,
,,
,,
,,
,,
,,
,,
,,
,,
,,
,,
,,
,,
,,
,,
,,
,,
,,
,,
,,
,,
,,
,,
,,
,,
,,
,,
,,
,,
,,
,,
,,
,,
,,
,,
,,
,,
,,
,,
,,
,,
,,
,,
,,
,,
,,
,,
,,
,,
,,
,,
,,
,,
,,
,,
,,
,,
,,
,,
,,
,,
,,
,,
,,
,,
,,
,,
,,
,,
,,
,,
,,
,,
,,
,,
,,
,,
,,
,,
,,
,,
,,
,,
,,
,,
,,
,,
,,
,,
,,
,,
,,
,,
,,
,,
,,
,,
,,
,,
,,
,,
,,
,,
,,
,,
,,
,,
,,
,,
,,
,,
,,
,,
,,
,,
,,
,,
,,
,,
,,
,,
,,
,,
,,
,,
,,
,,
,,
,,
,,
,,
,,
,,
,,
,,
,,
,,
,,
,,
,,
,,
,,
,,
,,
,,
,,
,,
,,
,,
,,
,,
,,
,,
,,
,,
,,
,,
,,
,,
,,
,,
,,
,,
,,
,,
,,
,,
,,
,,
,,
,,
,,
,,
,,
,,
,,
,,
,,
,,
,,
,,
,,
,,
,,
,,
,,
,,
,,
,,
,,
,,
,,
,,
,,
,,
,,
,,
,,
,,
,,
,,
,,
,,
,,
,,
,,
,,
,,
,,
,,
,,
,,
,,
,,
,,
,,
,,
,,
,,
,,
,,
,,
,,
,,
,,
,,
,,
,,
,,
,,
,,
,,
,,
,,
,,
,,
,,
,,
,,
,,
,,
,,
,,
,,
,,
,,
,,
,,
,,
,,
,,
,,
,,
,,
,,
,,
,,
,,
,,
,,
,,
,,
,,
,,
,,
,,
,,
,,
,,
,,
,,
,,
,,
,,
,,
,,
,,
,,
,,
,,
,,
,,
,,
,,
,,
,,
,,
,,
,,
,,
,,
,,
,,
,,
,,
,,
,,
,,
,,
,,
,,
,,
,,
,,
,,
,,
,,
,,
,,
,,
,,
,,
,,
,,
,,
,,
,,
,,
,,
,,
,,
,,
,,
,,
,,
,,
,,
,,
,,
,,
,,
,,
,,
,,
,,
,,
,,
,,
,,
,,
,,
,,
,,
,,
,,
,,
,,
,,
,,
,,
,,
,,
,,
,,
,,
,,
,,
,,
,,
,,
,,
,,
,,
,,
,,
,,
,,
,,
,,
,,
,,
,,
,,
,,
,,
,,
,,
,,
,,
,,
,,
,,
,,
,,
,,
,,
,,
,,
,,
,,
,,
,,
,,
,,
,,
,,
,,
,,
,,
,,
,,
,,
,,
,,
,,
,,
,,
,,
,,
,,
,,
,,
,,
,,
,,
,,
,,
,,
,,
,,
,,
,,
,,
,,
,,
,,
,,
,,
,,
,,
,,
,,
,,
,,
,,
,,
,,
,,
,,
,,
,,
,,
,,
,,
,,
,,
,,
,,
,,
,,
,,
,,
,,
,,
,,
,,
,,
,,
,,
,,
,,
,,
,,
,,
,,
,,
,,
,,
,,
,,
,,
,,
,,
,,
,,
,,
,,
,,
,,
,,
,,
,,
,,
,,
,,
,,
,,
,,
,,
,,
,,
,,
,,
,,
,,
,,
,,
,,
,,
,,
,,
,,
,,
,,
,,
,,
,,
,,
,,
,,
,,
,,
,,
,,
,,
,,
,,
,,
,,
,,
,,
,,
,,
,,
,,
,,
,,
,,
,,
,,
,,
,,
,,
,,
,,
,,
,,
,,
,,
,,
,,
,,
,,
,,
,,
,,
,,
,,
,,
,,
,,
,,
,,
,,
,,
,,
,,
,,
,,
,,
,,
,,
,,
,,
,,
,,
,,
,,
,,
,,
,,
,,
,,
,,
,,
,,
,,
,,
,,
,,
,,
,,
,,
,,
,,
,,
,,
,,
,,
,,
,,
,,
,,
,,
,,
,,
,,
,,
,,
,,
,,
,,
,,
,,
,,
,,
,,
,,
,,
,,
,,
,,
,,
,,
,,
,,
,,
,,
,,
,,
,,
,,
,,
,,
,,
,,
,,
,,
,,
,,
,,
,,
,,
,,
,,
,,
,,
,,
,,
,,
,,
,,
,,
,,
,,
,,
,,
,,
,,
,,
,,
,,
,,
,,
,,
,,
,,
,,
,,
,,
,,
,,
,,
,,
,,
,,
,,
,,
,,
,,
,,
,,
,,
,,
,,
,,
,,
,,
,,
,,
,,
,,
,,
,,
,,
,,
,,
,,
,,
,,
,,
,,
,,
,,
,,
,,
,,
,,
,,
,,
,,
,,
,,
,,
,,
,,
,,
,,
,,
,,
,,
,,
,,
,,
,,
,,
,,
,,
,,
,,
,,
,,
,,
,,
,,
,,
,,
,,
,,
,,
,,
,,
,,
,,
,,
,,
,,
,,
,,
,,
,,
,,
,,
,,
,,
,,
,,
,,
,,
,,
,,
,,
,,
,,
,,
,,
,,
,,
,,
,,
,,
,,
,,
,,
,,
,,
,,
,,
,,
,,
,,
,,
,,
,,
,,
,,
,,
,,
,,
,,
,,
,,
,,
,,
,,
,,
,,
,,
,,
,,
,,
,,
,,
,,
,,
,,
,,
,,
,,
,,
,,
,,
,,
,,
,,
,,
,,
,,
,,
,,
,,
,,
,,
,,
,,
,,
,,
,,
,,
,,
,,
,,
,,
,,
,,
,,
,,
,,
,,
,,
,,
,,
,,
,,
,,
,,
,,
,,
,,
,,
,,
,,
,,
,,
,,
,,
,,
,,
,,
,,
,,
,,
,,
,,
,,
,,
,,
,,
,,
,,
,,
,,
,,
,,
,,
,,
,,
,,
,,
,,
,,
,,
,,
,,
,,
,,
,,
,,
,,
,,
,,
,,
,,
,,
,,
,,
,,
,,
,,
,,
,,
,,
,,
,,
,,
,,
,,
,,
,,
,,
,,
,,
,,
,,
,,
,,
,,
,,
,,
,,
,,
,,
,,
,,
,,
,,
,,
,,
,,
,,
,,
,,
,,
,,
,,
,,
,,
,,
,,
,,
,,
,,
,,
,,
,,
,,
,,
,,
,,
,,
,,
,,
,,
,,
,,
,,
,,
,,
,,
,,
,,
,,
,,
,,
,,
,,
,,
,,
,,
,,
,,
,,
,,
,,
,,
,,
,,
,,
,,
,,
,,
,,
,,
,,
,,
,,
,,
,,
,,
,,
,,
,,
,,
,,
,,
,,
,,
,,
,,
,,
,,
,,
,,
,,
,,
,,
,,
,,
,,
,,
,,
,,
,,
,,
,,
,,
,,
,,
,,
,,
,,
,,
,,
,,
,,
,,
,,
,,
,,
,,
,,
,,
,,
,,
,,
,,
,,
,,
,,
,,
,,
,,
,,
,,
,,
,,
,,
,,
,,
,,
,,
,,
,,
,,
,,
,,
,,
,,
,,
,,
,,
,,
,,
,,
,,
,,
,,
,,
,,
,,
,,
,,
,,
,,
,,
,,
,,
,,
,,
,,
,,
,,
,,
,,
,,
,,
,,
,,
,,
,,
,,
,,
,,
,,
,,
,,
,,
,,
,,
,,
,,
,,
,,
,,
,,
,,
,,
,,
,,
,,
,,
,,
,,
,,
,,
,,
,,
,,
,,
,,
,,
,,
,,
,,
,,
,,
,,
,,
,,
,,
,,
,,
,,
,,
,,
,,
,,
,,
,,
,,
,,
,,
,,
,,
,,
,,
,,
,,
,,
,,
,,
,,
,,
,,
,,
,,
,,
,,
,,
,,
,,
,,
,,
,,
,,
,,
,,
,,
,,
,,
,,
,,
,,
,,
,,
,,
,,
,,
,,
,,
,,
,,
,,
,,
,,
,,
,,
,,
,,
,,
,,
,,
,,
,,
,,
,,
,,
,,
,,
,,
,,
,,
,,
,,
,,
,,
,,
,,
,,
,,
,,
,,
,,
,,
,,
,,
,,
,,
,,
,,
,,
,,
,,
,,
,,
,,
,,
,,
,,
,,
,,
,,
,,
,,
,,
,,
,,
,,
,,
,,
,,
,,
,,
,,
,,
,,
,,
,,
,,
,,
,,
,,
,,
,,
,,
,,
,,
,,
,,
,,
,,
,,
,,
,,
,,
,,
,,
,,
,,
,,
,,
,,
,,
,,
,,
,,
,,
,,
,,
,,
,,
,,
,,
,,
,,
,,
,,
,,
,,
,,
,,
,,
,,
,,
,,
,,
,,
,,
,,
,,
,,
,,
,,
,,
,,
,,
,,
,,
,,
,,
,,
,,
,,
,,
,,
,,
,,
,,
,,
,,
,,
,,
,,
,,
,,
,,
,,
,,
,,
,,
,,
,,
,,
,,
,,
,,
,,
,,
,,
,,
,,
,,
,,
,,
,,
,,
,,
,,
,,
,,
,,
,,
,,
,,
,,
,,
,,
,,
,,
,,
,,
,,
,,
,,
,,
,,
,,
,,
,,
,,
,,
,,
,,
,,
,,
,,
,,
,,
,,
,,
,,
,,
,,
,,
,,
,,
,,
,,
,,
,,
,,
,,
,,
,,
,,
,,
,,
,,
,,
,,
,,
,,
,,
,,
,,
,,
,,
,,
,,
,,
,,
,,
,,
,,
,,
,,
,,
,,
,,
,,
,,
,,
,,
,,
,,
,,
,,
,,
,,
,,
,,
,,
,,
,,
,,
,,
,,
,,
,,
,,
,,
,,
,,
,,
,,
,,
,,
,,
,,
,,
,,
,,
,,
,,
,,
,,
,,
,,
,,
,,
,,
,,
,,
,,
,,
,,
,,
,,
,,
,,
,,
,,
,,
,,
,,
,,
,,
,,
,,
,,
,,
,,
,,
,,
,,
,,
,,
,,
,,
,,
,,
,,
,,
,,
,,
,,
,,
,,
,,
,,
,,
,,
,,
,,
,,
,,
,,
,,
,,
,,
,,
,,
,,
,,
,,
,,
,,
,,
,,
,,
,,
,,
,,
,,
,,
,,
,,
,,
,,
,,
,,
,,
,,
,,
,,
,,
,,
,,
,,
,,
,,
,,
,,
,,
,,
,,
,,
,,
,,
,,
,,
,,
,,
,,
,,
,,
,,
,,
,,
,,
,,
,,
,,
,,
,,
,,
,,
,,
,,
,,
,,
,,
,,
,,
,,
,,
,,
,,
,,
,,
,,
,,
,,
,,
,,
,,
,,
,,
,,
,,
,,
,,
,,
,,
,,
,,
,,
,,
,,
,,
,,
,,
,,
,,
,,
,,
,,
,,
,,
,,
,,
,,
,,
,,
,,
,,
,,
,,
,,
,,
,,
,,
,,
,,
,,
,,
,,
,,
,,
,,
,,
,,
,,
,,
,,
,,
,,
,,
,,
,,
,,
,,
,,
,,
,,
,,
,,
,,
,,
,,
,,
,,
,,
,,
,,
,,
,,
,,
,,
,,
,,
,,
,,
,,
,,
,,
,,
,,
,,
,,
,,
,,
,,
,,
,,
,,
,,
,,
,,
,,
,,
,,
,,
,,
,,
,,
,,
,,
,,
,,
,,
,,
,,
,,
,,
,,
,,
,,
,,
,,
,,
,,
,,
,,
,,
,,
,,
,,
,,
,,
,,
,,
,,
,,
,,
,,
,,
,,
,,
,,
,,
,,
,,
,,
,,
,,
,,
,,
,,
,,
,,
,,
,,
,,
,,
,,
,,
,,
,,
,,
,,
,,
,,
,,
,,
,,
,,
,,
,,
,,
,,
,,
,,
,,
,,
,,
,,
,,
,,
,,
,,
,,
,,
,,
,,
,,
,,
,,
,,
,,
,,
,,
,,
,,
,,
,,
,,
,,
,,
,,
,,
,,
,,
,,
,,
,,
,,
,,
,,
,,
,,
,,
,,
,,
,,
,,
,,
,,
,,
,,
,,
,,
,,
,,
,,
,,
,,
,,
,,
,,
,,
,,
,,
,,
,,
,,
,,
,,
,,
,,
,,
,,
,,
,,
,,
,,
,,
,,
,,
,,
,,
,,
,,
,,
,,
,,
,,
,,
,,
,,
,,
,,
,,
,,
,,
,,
,,
,,
,,
,,
,,
,,
,,
,,
,,
,,
,,
,,
,,
,,
,,
,,
,,
,,
,,
,,
,,
,,
,,
,,
,,
,,
,,
,,
,,
,,
,,
,,
,,
,,
,,
,,
,,
,,
,,
,,
,,
,,
,,
,,
,,
,,
,,
,,
,,
,,
,,
,,
,,
,,
,,
,,
,,
,,
,,
,,
,,
,,
,,
,,
,,
,,
,,
,,
,,
,,
,,
,,
,,
,,
,,
,,
,,
,,
,,
,,
,,
,,
,,
,,
,,
,,
,,
,,
,,
,,
,,
,,
,,
,,
,,
,,
,,
,,
,,
,,
,,
,,
,,
,,
,,
,,
,,
,,
,,
,,
,,
,,
,,
,,
,,
,,
,,
,,
,,
,,
,,
,,
,,
,,
,,
,,
,,
,,
,,
,,
,,
,,
,,
,,
,,
,,
,,
,,
,,
,,
,,
,,
,,
,,
,,
,,
,,
,,
,,
,,
,,
,,
,,
,,
,,
,,
,,
,,
,,
,,
,,
,,
,,
,,
,,
,,
,,
,,
,,
,,
,,
,,
,,
,,
,,
,,
,,
,,
,,
,,
,,
,,
,,
,,
,,
,,
,,
,,
,,
,,
,,
,,
,,
,,
,,
,,
,,
,,
,,
,,
,,
,,
,,
,,
,,
,,
,,
,,
,,
,,
,,
,,
,,
,,
,,
,,
,,
,,
,,
,,
,,
,,
,,
,,
,,
,,
,,
,,
,,
,,
,,
,,
,,
,,
,,
,,
,,
,,
,,
,,
,,
,,
,,
,,
,,
,,
,,
,,
,,
,,
,,
,,
,,
,,
,,
,,
,,
,,
,,
,,
,,
,,
,,
,,
,,
,,
,,
,,
,,
,,
,,
,,
,,
,,
,,
,,
,,
,,
,,
,,
,,
,,
,,
,,
,,
,,
,,
,,
,,
,,
,,
,,
,,
,,
,,
,,
,,
,,
,,
,,
,,
,,
,,
,,
,,
,,
,,
,,
,,
,,
,,
,,
,,
,,
,,
,,
,,
,,
,,
,,
,,
,,
,,
,,
,,
,,
,,
,,
,,
,,
,,
,,
,,
,,
,,
,,
,,
,,
,,
,,
,,
,,
,,
,,
,,
,,
,,
,,
,,
,,
,,
,,
,,
,,
,,
,,
,,
,,
,,
,,
,,
,,
,,
,,
,,
,,
,,
,,
,,
,,
,,
,,
,,
,,
,,
,,
,,
,,
,,
,,
,,
,,
,,
,,
,,
,,
,,
,,
,,
,,
,,
,,
,,
,,
,,
,,
,,
,,
,,
,,
,,
,,
,,
,,
,,
,,
,,
,,
,,
,,
,,
,,
,,
,,
,,
,,
,,
,,
,,
,,
,,
,,
,,
,,
,,
,,
,,
,,
,,
,,
,,
,,
,,
,,
,,
,,
,,
,,
,,
,,
,,
,,
,,
,,
,,
,,
,,
,,
,,
,,
,,
,,
,,
,,
,,
,,
,,
,,
,,
,,
,,
,,
,,
,,
,,
,,
,,
,,
,,
,,
,,
,,
,,
,,
,,
,,
,,
,,
,,
,,
,,
,,
,,
,,
,,
,,
,,
,,
,,
,,
,,
,,
,,
,,
,,
,,
,,
,,
,,
,,
,,
,,
,,
,,
,,
,,
,,
,,
,,
,,
,,
,,
,,
,,
,,
,,
,,
,,
,,
,,
,,
,,
,,
,,
,,
,,
,,
,,
,,
,,
,,
,,
,,
,,
,,
,,
,,
,,
,,
,,
,,
,,
,,
,,
,,
,,
,,
,,
,,
,,
,,
,,
,,
,,
,,
,,
,,
,,
,,
,,
,,
,,
,,
,,
,,
,,
,,
,,
,,
,,
,,
,,
,,
,,
,,
,,
,,
,,
,,
,,
,,
,,
,,
,,
,,
,,
,,
,,
,,
,,
,,
,,
,,
,,
,,
,,
,,
,,
,,
,,
,,
,,
,,
,,
,,
,,
,,
,,
,,
,,
,,
,,
,,
,,
,,
,,
,,
,,
,,
,,
,,
,,
,,
,,
,,
,,
,,
,,
,,
,,
,,
,,
,,
,,
,,
,,
,,
,,
,,
,,
,,
,,
,,
,,
,,
,,
,,
,,
,,
,,
,,
,,
,,
,,
,,
,,
,,
,,
,,
,,
,,
,,
,,
,,
,,
,,
,,
,,
,,
,,
,,
,,
,,
,,
,,
,,
,,
,,
,,
,,
,,
,,
,,
,,
,,
,,
,,
,,
,,
,,
,,
,,
,,
,,
,,
,,
,,
,,
,,
,,
,,
,,
,,
,,
,,
,,
,,
,,
,,
,,
,,
,,
,,
,,
,,
,,
,,
,,
,,
,,
,,
,,
,,
,,
,,
,,
,,
,,
,,
,,
,,
,,
,,
,,
,,
,,
,,
,,
,,
,,
,,
,,
,,
,,
,,
,,
,,
,,
,,
,,
,,
,,
,,
,,
,,
,,
,,
,,
,,
,,
,,
,,
,,
,,
,,
,,
,,
,,
,,
,,
,,
,,
,,
,,
,,
,,
,,
,,
,,
,,
,,
,,
,,
,,
,,
,,
,,
,,
,,
,,
,,
,,
,,
,,
,,
,,
,,
,,
,,
,,
,,
,,
,,
,,
,,
,,
,,
,,
,,
,,
,,
,,
,,
,,
,,
,,
,,
,,
,,
,,
,,
,,
,,
,,
,,
,,
,,
,,
,,
,,
,,
,,
,,
,,
,,
,,
,,
,,
,,
,,
,,
,,
,,
,,
,,
,,
,,
,,
,,
,,
,,
,,
,,
,,
,,
,,
,,
,,
,,
,,
,,
,,
,,
,,
,,
,,
,,
,,
,,
,,
,,
,,
,,
,,
,,
,,
,,
,,
,,
,,
,,
,,
,,
,,
,,
,,
,,
,,
,,
,,
,,
,,
,,
,,
,,
,,
,,
,,
,,
,,
,,
,,
,,
,,
,,
,,
,,
,,
,,
,,
,,
,,
,,
,,
,,
,,
,,
,,
,,
,,
,,
,,
,,
,,
,,
,,
,,
,,
,,
,,
,,
,,
,,
,,
,,
,,
,,
,,
,,
,,
,,
,,
,,
,,
,,
,,
,,
,,
,,
,,
,,
,,
,,
,,
,,
,,
,,
,,
,,
,,
,,
,,
,,
,,
,,
,,
,,
,,
,,
,,
,,
,,
,,
,,
,,
,,
,,
,,
,,
,,
,,
,,
,,
,,
,,
,,
,,
,,
,,
,,
,,
,,
,,
,,
,,
,,
,,
,,
,,
,,
,,
,,
,,
,,
,,
,,
,,
,,
,,
,,
,,
,,
,,
,,
,,
,,
,,
,,
,,
,,
,,
,,
,,
,,
,,
,,
,,
,,
,,
,,
,,
,,
,,
,,
,,
,,
,,
,,
,,
,,
,,
,,
,,
,,
,,
,,
,,
,,
,,
,,
,,
,,
,,
,,
,,
,,
,,
,,
,,
,,
,,
,,
,,
,,
,,
,,
,,
,,
,,
,,
,,
,,
,,
,,
,,
,,
,,
,,
,,
,,
,,
,,
,,
,,
,,
,,
,,
,,
,,
,,
,,
,,
,,
,,
,,
,,
,,
,,
,,
,,
,,
,,
,,
,,
,,
,,
,,
,,
,,
,,
,,
,,
,,
,,
,,
,,
,,
,,
,,
,,
,,
,,
,,
,,
,,
,,
,,
,,
,,
,,
,,
,,
,,
,,
,,
,,
,,
,,
,,
,,
,,
,,
,,
,,
,,
,,
,,
,,
,,
,,
,,
,,
,,
,,
,,
,,
,,
,,
,,
,,
,,
,,
,,
,,
,,
,,
,,
,,
,,
,,
,,
,,
,,
,,
,,
,,
,,
,,
,,
,,
,,
,,
,,
,,
,,
,,
,,
,,
,,
,,
,,
,,
,,
,,
,,
,,
,,
,,
,,
,,
,,
,,
,,
,,
,,
,,
,,
,,
,,
,,
,,
,,
,,
,,
,,
,,
,,
,,
,,
,,
,,
,,
,,
,,
,,
,,
,,
,,
,,
,,
,,
,,
,,
,,
,,
,,
,,
,,
,,
,,
,,
,,
,,
,,
,,
,,
,,
,,
,,
,,
,,
,,
,,
,,
,,
,,
,,
,,
,,
,,
,,
,,
,,
,,
,,
,,
,,
,,
,,
,,
,,
,,
,,
,,
,,
,,
,,
,,
,,
,,
,,
,,
,,
,,
,,
,,
,,
,,
,,
,,
,,
,,
,,
,,
,,
,,
,,
,,
,,
,,
,,
,,
,,
,,
,,
,,
,,
,,
,,
,,
,,
,,
,,
,,
,,
,,
,,
,,
,,
,,
,,
,,
,,
,,
,,
,,
,,
,,
,,
,,
,,
,,
,,
,,
,,
,,
,,
,,
,,
,,
,,
,,
,,
,,
,,
,,
,,
,,
,,
,,
,,
,,
,,
,,
,,
,,
,,
,,
,,
,,
,,
,,
,,
,,
,,
,,
,,
,,
,,
,,
,,
,,
,,
,,
,,
,,
,,
,,
,,
,,
,,
,,
,,
,,
,,
,,
,,
,,
,,
,,
,,
,,
,,
,,
,,
,,
,,
,,
,,
,,
,,
,,
,,
,,
,,
,,
,,
,,
,,
,,
,,
,,
,,
,,
,,
,,
,,
,,
,,
,,
,,
,,
,,
,,
,,
,,
,,
,,
,,
,,
,,
,,
,,
,,
,,
,,
,,
,,
,,
,,
,,
,,
,,
,,
,,
,,
,,
,,
,,
,,
,,
,,
,,
,,
,,
,,
,,
,,
,,
,,
,,
,,
,,
,,
,,
,,
,,
,,
,,
,,
,,
,,
,,
,,
,,
,,
,,
,,
,,
,,
,,
,,
,,
,,
,,
,,
,,
,,
,,
,,
,,
,,
,,
,,
,,
,,
,,
,,
,,
,,
,,
,,
,,
,,
,,
,,
,,
,,
,,
,,
,,
,,
,,
,,
,,
,,
,,
,,
,,
,,
,,
,,
,,
,,
,,
,,
,,
,,
,,
,,
,,
,,
,,
,,
,,
,,
,,
,,
,,
,,
,,
,,
,,
,,
,,
,,
,,
,,
,,
,,
,,
,,
,,
,,
,,
,,
,,
,,
,,
,,
,,
,,
,,
,,
,,
,,
,,
,,
,,
,,
,,
,,
,,
,,
,,
,,
,,
,,
,,
,,
,,
,,
,,
,,
,,
,,
,,
,,
,,
,,
,,
,,
,,
,,
,,
,,
,,
,,
,,
,,
,,
,,
,,
,,
,,
,,
,,
,,
,,
,,
,,
,,
,,
,,
,,
,,
,,
,,
,,
,,
,,
,,
,,
,,
,,
,,
,,
,,
,,
,,
,,
,,
,,
,,
,,
,,
,,
,,
,,
,,
,,
,,
,,
,,
,,
,,
,,
,,
,,
,,
,,
,,
,,
,,
,,
,,
,,
,,
,,
,,
,,
,,
,,
,,
,,
,,
,,
,,
,,
,,
,,
,,
,,
,,
,,
,,
,,
,,
,,
,,
,,
,,
,,
,,
,,
,,
,,
,,
,,
,,
,,
,,
,,
,,
,,
,,
,,
,,
,,
,,
,,
,,
,,
,,
,,
,,
,,
,,
,,
,,
,,
,,
,,
,,
,,
,,
,,
,,
,,
,,
,,
,,
,,
,,
,,
,,
,,
,,
,,
,,
,,
,,
,,
,,
,,
,,
,,
,,
,,
,,
,,
,,
,,
,,
,,
,,
,,
,,
,,
,,
,,
,,
,,
,,
,,
,,
,,
,,
,,
,,
,,
,,
,,
,,
,,
,,
,,
,,
,,
,,
,,
,,
,,
,,
,,
,,
,,
,,
,,
,,
,,
,,
,,
,,
,,
,,
,,
,,
,,
,,
,,
,,
,,
,,
,,
,,
,,
,,
,,
,,
,,
,,
,,
,,
,,
,,
,,
,,
,,
,,
,,
,,
,,
,,
,,
,,
,,
,,
,,
,,
,,
,,
,,
,,
,,
,,
,,
,,
,,
,,
,,
,,
,,
,,
,,
,,
,,
,,
,,
,,
,,
,,
,,
,,
,,
,,
,,
,,
,,
,,
,,
,,
,,
,,
,,
,,
,,
,,
,,
,,
,,
,,
,,
,,
,,
,,
,,
,,
,,
,,
,,
,,
,,
,,
,,
,,
,,
,,
,,
,,
,,
,,
,,
,,
,,
,,
,,
,,
,,
,,
,,
,,
,,
,,
,,
,,
,,
,,
,,
,,
,,
,,
,,
,,
,,
,,
,,
,,
,,
,,
,,
,,
,,
,,
,,
,,
,,
,,
,,
,,
,,
,,
,,
,,
,,
,,
,,
,,
,,
,,
,,
,,
,,
,,
,,
,,
,,
,,
,,
,,
,,
,,
,,
,,
,,
,,
,,
,,
,,
,,
,,
,,
,,
,,
,,
,,
,,
,,
,,
,,
,,
,,
,,
,,
,,
,,
,,
,,
,,
,,
,,
,,
,,
,,
,,
,,
,,
,,
,,
,,
,,
,,
,,
,,
,,
,,
,,
,,
,,
,,
,,
,,
,,
,,
,,
,,
,,
,,
,,
,,
,,
,,
,,
,,
,,
,,
,,
,,
,,
,,
,,
,,
,,
,,
,,
,,
,,
,,
,,
,,
,,
,,
,,
,,
,,
,,
,,
,,
,,
,,
,,
,,
,,
,,
,,
,,
,,
,,
,,
,,
,,
,,
,,
,,
,,
,,
,,
,,
,,
,,
,,
,,
,,
,,
,,
,,
,,
,,
,,
,,
,,
,,
,,
,,
,,
,,
,,
,,
,,
,,
,,
,,
,,
,,
,,
,,
,,
,,
,,
,,
,,
,,
,,
,,
,,
,,
,,
,,
,,
,,
,,
,,
,,
,,
,,
,,
,,
,,
,,
,,
,,
,,
,,
,,
,,
,,
,,
,,
,,
,,
,,
,,
,,
,,
,,
,,
,,
,,
,,
,,
,,
,,
,,
,,
,,
,,
,,
,,
,,
,,
,,
,,
,,
,,
,,
,,
,,
,,
,,
,,
,,
,,
,,
,,
,,
,,
,,
,,
,,
,,
,,
,,
,,
,,
,,
,,
,,
,,
,,
,,
,,
,,
,,
,,
,,
,,
,,
,,
,,
,,
,,
,,
,,
,,
,,
,,
,,
,,
,,
,,
,,
,,
,,
,,
,,
,,
,,
,,
,,
,,
,,
,,
,,
,,
,,
,,
,,
,,
,,
,,
,,
,,
,,
,,
,,
,,
,,
,,
,,
,,
,,
,,
,,
,,
,,
,,
,,
,,
,,
,,
,,
,,
,,
,,
,,
,,
,,
,,
,,
,,
,,
,,
,,
,,
,,
,,
,,
,,
,,
,,
,,
,,
,,
,,
,,
,,
,,
,,
,,
,,
,,
,,
,,
,,
,,
,,
,,
,,
,,
,,
,,
,,
,,
,,
,,
,,
,,
,,
,,
,,
,,
,,
,,
,,
,,
,,
,,
,,
,,
,,
,,
,,
,,
,,
,,
,,
,,
,,
,,
,,
,,
,,
,,
,,
,,
,,
,,
,,
,,
,,
,,
,,
,,
,,
,,
,,
,,
,,
,,
,,
,,
,,
,,
,,
,,
,,
,,
,,
,,
,,
,,
,,
,,
,,
,,
,,
,,
,,
,,
,,
,,
,,
,,
,,
,,
,,
,,
,,
,,
,,
,,
,,
,,
,,
,,
,,
,,
,,
,,
,,
,,
,,
,,
,,
,,
,,
,,
,,
,,
,,
,,
,,
,,
,,
,,
,,
,,
,,
,,
,,
,,
,,
,,
,,
,,
,,
,,
,,
,,
,,
,,
,,
,,
,,
,,
,,
,,
,,
,,
,,
,,
,,
,,
,,
,,
,,
,,
,,
,,
,,
,,
,,
,,
,,
,,
,,
,,
,,
,,
,,
,,
,,
,,
,,
,,
,,
,,
,,
,,
,,
,,
,,
,,
,,
,,
,,
,,
,,
,,
,,
,,
,,
,,
,,
,,
,,
,,
,,
,,
,,
,,
,,
,,
,,
,,
,,
,,
,,
,,
,,
,,
,,
,,
,,
,,
,,
,,
,,
,,
,,
,,
,,
,,
,,
,,
,,
,,
,,
,,
,,
,,
,,
,,
,,
,,
,,
,,
,,
,,
,,
,,
,,
,,
,,
,,
,,
,,
,,
,,
,,
,,
,,
,,
,,
,,
,,
,,
,,
,,
,,
,,
,,
,,
,,
,,
,,
,,
,,
,,
,,
,,
,,
,,
,,
,,
,,
,,
,,
,,
,,
,,
,,
,,
,,
,,
,,
,,
,,
,,
,,
,,
,,
,,
,,
,,
,,
,,
,,
,,
,,
,,
,,
,,
,,
,,
,,
,,
,,
,,
,,
,,
,,
,,
,,
,,
,,
,,
,,
,,
,,
,,
,,
,,
,,
,,
,,
,,
,,
,,
,,
,,
,,
,,
,,
,,
,,
,,
,,
,,
,,
,,
,,
,,
,,
,,
,,
,,
,,
,,
,,
,,
,,
,,
,,
,,
,,
,,
,,
,,
,,
,,
,,
,,
,,
,,
,,
,,
,,
,,
,,
,,
,,
,,
,,
,,
,,
,,
,,
,,
,,
,,
,,
,,
,,
,,
,,
,,
,,
,,
,,
,,
,,
,,
,,
,,
,,
,,
,,
,,
,,
,,
,,
,,
,,
,,
,,
,,
,,
,,
,,
,,
,,
,,
,,
,,
,,
,,
,,
,,
,,
,,
,,
,,
,,
,,
,,
,,
,,
,,
,,
,,
,,
,,
,,
,,
,,
,,
,,
,,
,,
,,
,,
,,
,,
,,
,,
,,
,,
,,
,,
,,
,,
,,
,,
,,
,,
,,
,,
,,
,,
,,
,,
,,
,,
,,
,,
,,
,,
,,
,,
,,
,,
,,
,,
,,
,,
,,
,,
,,
,,
,,
,,
,,
,,
,,
,,
,,
,,
,,
,,
,,
,,
,,
,,
,,
,,
,,
,,
,,
,,
,,
,,
,,
,,
,,
,,
,,
,,
,,
,,
,,
,,
,,
,,
,,
,,
,,
,,
,,
,,
,,
,,
,,
,,
,,
,,
,,
,,
,,
,,
,,
,,
,,
,,
,,
,,
,,
,,
,,
,,
,,
,,
,,
,,
,,
,,
,,
,,
,,
,,
,,
,,
,,
,,
,,
,,
,,
,,
,,
,,
,,
,,
,,
,,
,,
,,
,,
,,
,,
,,
,,
,,
,,
,,
,,
,,
,,
,,
,,
,,
,,
,,
,,
,,
,,
,,
,,
,,
,,
,,
,,
,,
,,
,,
,,
,,
,,
,,
,,
,,
,,
,,
,,
,,
,,
,,
,,
,,
,,
,,
,,
,,
,,
,,
,,
,,
,,
,,
,,
,,
,,
,,
,,
,,
,,
,,
,,
,,
,,
,,
,,
,,
,,
,,
,,
,,
,,
,,
,,
,,
,,
,,
,,
,,
,,
,,
,,
,,
,,
,,
,,
,,
,,
,,
,,
,,
,,
,,
,,
,,
,,
,,
,,
,,
,,
,,
,,
,,
,,
,,
,,
,,
,,
,,
,,
,,
,,
,,
,,
,,
,,
,,
,,
,,
,,
,,
,,
,,
,,
,,
,,
,,
,,
,,
,,
,,
,,
,,
,,
,,
,,
,,
,,
,,
,,
,,
,,
,,
,,
,,
,,
,,
,,
,,
,,
,,
,,
,,
,,
,,
,,
,,
,,
,,
,,
,,
,,
,,
,,
,,
,,
,,
,,
,,
,,
,,
,,
,,
,,
,,
,,
,,
,,
,,
,,
,,
,,
,,
,,
,,
,,
,,
,,
,,
,,
,,
,,
,,
,,
,,
,,
,,
,,
,,
,,
,,
,,
,,
,,
,,
,,
,,
,,
,,
,,
,,
,,
,,
,,
,,
,,
,,
,,
,,
,,
,,
,,
,,
,,
,,
,,
,,
,,
,,
,,
,,
,,
,,
,,
,,
,,
,,
,,
,,
,,
,,
,,
,,
,,
,,
,,
,,
,,
,,
,,
,,
,,
,,
,,
,,
,,
,,
,,
,,
,,
,,
,,
,,
,,
,,
,,
,,
,,
,,
,,
,,
,,
,,
,,
,,
,,
,,
,,
,,
,,
,,
,,
,,
,,
,,
,,
,,
,,
,,
,,
,,
,,
,,
,,
,,
,,
,,
,,
,,
,,
,,
,,
,,
,,
,,
,,
,,
,,
,,
,,
,,
,,
,,
,,
,,
,,
,,
,,
,,
,,
,,
,,
,,
,,
,,
,,
,,
,,
,,
,,
,,
,,
,,
,,
,,
,,
,,
,,
,,
,,
,,
,,
,,
,,
,,
,,
,,
,,
,,
,,
,,
,,
,,
,,
,,
,,
,,
,,
,,
,,
,,
,,
,,
,,
,,
,,
,,
,,
,,
,,
,,
,,
,,
,,
,,
,,
,,
,,
,,
,,
,,
,,
,,
,,
,,
,,
,,
,,
,,
,,
,,
,,
,,
,,
,,
,,
,,
,,
,,
,,
,,
,,
,,
,,
,,
,,
,,
,,
,,
,,
,,
,,
,,
,,
,,
,,
,,
,,
,,
,,
,,
,,
,,
,,
,,
,,
,,
,,
,,
,,
,,
,,
,,
,,
,,
,,
,,
,,
,,
,,
,,
,,
,,
,,
,,
,,
,,
,,
,,
,,
,,
,,
,,
,,
,,
,,
,,
,,
,,
,,
,,
,,
,,
,,
,,
,,
,,
,,
,,
,,
,,
,,
,,
,,
,,
,,
,,
,,
,,
,,
,,
,,
,,
,,
,,
,,
,,
,,
,,
,,
,,
,,
,,
,,
,,
,,
,,
,,
,,
,,
,,
,,
,,
,,
,,
,,
,,
,,
,,
,,
,,
,,
,,
,,
,,
,,
,,
,,
,,
,,
,,
,,
,,
,,
,,
,,
,,
,,
,,
,,
,,
,,
,,
,,
,,
,,
,,
,,
,,
,,
,,
,,
,,
,,
,,
,,
,,
,,
,,
,,
,,
,,
,,
,,
,,
,,
,,
,,
,,
,,
,,
,,
,,
,,
,,
,,
,,
,,
,,
,,
,,
,,
,,
,,
,,
,,
,,
,,
,,
,,
,,
,,
,,
,,
,,
,,
,,
,,
,,
,,
,,
,,
,,
,,
,,
,,
,,
,,
,,
,,
,,
,,
,,
,,
,,
,,
,,
,,
,,
,,
,,
,,
,,
,,
,,
,,
,,
,,
,,
,,
,,
,,
,,
,,
,,
,,
,,
,,
,,
,,
,,
,,
,,
,,
,,
,,
,,
,,
,,
,,
,,
,,
,,
,,
,,
,,
,,
,,
,,
,,
,,
,,
,,
,,
,,
,,
,,
,,
,,
,,
,,
,,
,,
,,
,,
,,
,,
,,
,,
,,
,,
,,
,,
,,
,,
,,
,,
,,
,,
,,
,,
,,
,,
,,
,,
,,
,,
,,
,,
,,
,,
,,
,,
,,
,,
,,
,,
,,
,,
,,
,,
,,
,,
,,
,,
,,
,,
,,
,,
,,
,,
,,
,,
,,
,,
,,
,,
,,
,,
,,
,,
,,
,,
,,
,,
,,
,,
,,
,,
,,
,,
,,
,,
,,
,,
,,
,,
,,
,,
,,
,,
,,
,,
,,
,,
,,
,,
,,
,,
,,
,,
,,
,,
,,
,,
,,
,,
,,
,,
,,
,,
,,
,,
,,
,,
,,
,,
,,
,,
,,
,,
,,
,,
,,
,,
,,
,,
,,
,,
,,
,,
,,
,,
,,
,,
,,
,,
,,
,,
,,
,,
,,
,,
,,
,,
,,
,,
,,
,,
,,
,,
,,
,,
,,
,,
,,
,,
,,
,,
,,
,,
,,
,,
,,
,,
,,
,,
,,
,,
,,
,,
,,
,,
,,
,,
,,
,,
,,
,,
,,
,,
,,
,,
,,
,,
,,
,,
,,
,,
,,
,,
,,
,,
,,
,,
,,
,,
,,
,,
,,
,,
,,
,,
,,
,,
,,
,,
,,
,,
,,
,,
,,
,,
,,
,,
,,
,,
,,
,,
,,
,,
,,
,,
,,
,,
,,
,,
,,
,,
,,
,,
,,
,,
,,
,,
,,
,,
,,
,,
,,
,,
,,
,,
,,
,,
,,
,,
,,
,,
,,
,,
,,
,,
,,
,,
,,
,,
,,
,,
,,
,,
,,
,,
,,
,,
,,
,,
,,
,,
,,
,,
,,
,,
,,
,,
,,
,,
,,
,,
,,
,,
,,
,,
,,
,,
,,
,,
,,
,,
,,
,,
,,
,,
,,
,,
,,
,,
,,
,,
,,
,,
,,
,,
,,
,,
,,
,,
,,
,,
,,
,,
,,
,,
,,
,,
,,
,,
,,
,,
,,
,,
,,
,,
,,
,,
,,
,,
,,
,,
,,
,,
,,
,,
,,
,,
,,
,,
,,
,,
,,
,,
,,
,,
,,
,,
,,
,,
,,
,,
,,
,,
,,
,,
,,
,,
,,
,,
,,
,,
,,
,,
,,
,,
,,
,,
,,
,,
,,
,,
,,
,,
,,
,,
,,
,,
,,
,,
,,
,,
,,
,,
,,
,,
,,
,,
,,
,,
,,
,,
,,
,,
,,
,,
,,
,,
,,
,,
,,
,,
,,
,,
,,
,,
,,
,,
,,
,,
,,
,,
,,
,,
,,
,,
,,
,,
,,
,,
,,
,,
,,
,,
,,
,,
,,
,,
,,
,,
,,
,,
,,
,,
,,
,,
,,
,,
,,
,,
,,
,,
,,
,,
,,
,,
,,
,,
,,
,,
,,
,,
,,
,,
,,
,,
,,
,,
,,
,,
,,
,,
,,
,,
,,
,,
,,
,,
,,
,,
,,
,,
,,
,,
,,
,,
,,
,,
,,
,,
,,
,,
,,
,,
,,
,,
,,
,,
,,
,,
,,
,,
,,
,,
,,
,,
,,
,,
,,
,,
,,
,,
,,
,,
,,
,,
,,
,,
,,
,,
,,
,,
,,
,,
,,
,,
,,
,,
,,
,,
,,
,,
,,
,,
,,
,,
,,
,,
,,
,,
,,
,,
,,
,,
,,
,,
,,
,,
,,
,,
,,
,,
,,
,,
,,
,,
,,
,,
,,
,,
,,
,,
,,
,,
,,
,,
,,
,,
,,
,,
,,
,,
,,
,,
,,
,,
,,
,,
,,
,,
,,
,,
,,
,,
,,
,,
,,
,,
,,
,,
,,
,,
,,
,,
,,
,,
,,
,,
,,
,,
,,
,,
,,
,,
,,
,,
,,
,,
,,
,,
,,
,,
,,
,,
,,
,,
,,
,,
,,
,,
,,
,,
,,
,,
,,
,,
,,
,,
,,
,,
,,
,,
,,
,,
,,
,,
,,
,,
,,
,,
,,
,,
,,
,,
,,
,,
,,
,,
,,
,,
,,
,,
,,
,,
,,
,,
,,
,,
,,
,,
,,
,,
,,
,,
,,
,,
,,
,,
,,
,,
,,
,,
,,
,,
,,
,,
,,
,,
,,
,,
,,
,,
,,
,,
,,
,,
,,
,,
,,
,,
,,
,,
,,
,,
,,
,,
,,
,,
,,
,,
,,
,,
,,
,,
,,
,,
,,
,,
,,
,,
,,
,,
,,
,,
,,
,,
,,
,,
,,
,,
,,
,,
,,
,,
,,
,,
,,
,,
,,
,,
,,
,,
,,
,,
,,
,,
,,
,,
,,
,,
,,
,,
,,
,,
,,
,,
,,
,,
,,
,,
,,
,,
,,
,,
,,
,,
,,
,,
,,
,,
,,
,,
,,
,,
,,
,,
,,
,,
,,
,,
,,
,,
,,
,,
,,
,,
,,
,,
,,
,,
,,
,,
,,
,,
,,
,,
,,
,,
,,
,,
,,
,,
,,
,,
,,
,,
,,
,,
,,
,,
,,
,,
,,
,,
,,
,,
,,
,,
,,
,,
,,
,,
,,
,,
,,
,,
,,
,,
,,
,,
,,
,,
,,
,,
,,
,,
,,
,,
,,
,,
,,
,,
,,
,,
,,
,,
,,
,,
,,
,,
,,
,,
,,
,,
,,
,,
,,
,,
,,
,,
,,
,,
,,
,,
,,
,,
,,
,,
,,
,,
,,
,,
,,
,,
,,
,,
,,
,,
,,
,,
,,
,,
,,
,,
,,
,,
,,
,,
,,
,,
,,
,,
,,
,,
,,
,,
,,
,,
,,
,,
,,
,,
,,
,,
,,
,,
,,
,,
,,
,,
,,
,,
,,
,,
,,
,,
,,
,,
,,
,,
,,
,,
,,
,,
,,
,,
,,
,,
,,
,,
,,
,,
,,
,,
,,
,,
,,
,,
,,
,,
,,
,,
,,
,,
,,
,,
,,
,,
,,
,,
,,
,,
,,
,,
,,
,,
,,
,,
,,
,,
,,
,,
,,
,,
,,
,,
,,
,,
,,
,,
,,
,,
,,
,,
,,
,,
,,
,,
,,
,,
,,
,,
,,
,,
,,
,,
,,
,,
,,
,,
,,
,,
,,
,,
,,
,,
,,
,,
,,
,,
,,
,,
,,
,,
,,
,,
,,
,,
,,
,,
,,
,,
,,
,,
,,
,,
,,
,,
,,
,,
,,
,,
,,
,,
,,
,,
,,
,,
,,
,,
,,
,,
,,
,,
,,
,,
,,
,,
,,
,,
,,
,,
,,
,,
,,
,,
,,
,,
,,
,,
,,
,,
,,
,,
,,
,,
,,
,,
,,
,,
,,
,,
,,
,,
,,
,,
,,
,,
,,
,,
,,
,,
,,
,,
,,
,,
,,
,,
,,
,,
,,
,,
,,
,,
,,
,,
,,
,,
,,
,,
,,
,,
,,
,,
,,
,,
,,
,,
,,
,,
,,
,,
,,
,,
,,
,,
,,
,,
,,
,,
,,
,,
,,
,,
,,
,,
,,
,,
,,
,,
,,
,,
,,
,,
,,
,,
,,
,,
,,
,,
,,
,,
,,
,,
,,
,,
,,
,,
,,
,,
,,
,,
,,
,,
,,
,,
,,
,,
,,
,,
,,
,,
,,
,,
,,
,,
,,
,,
,,
,,
,,
,,
,,
,,
,,
,,
,,
,,
,,
,,
,,
,,
,,
,,
,,
,,
,,
,,
,,
,,
,,
,,
,,
,,
,,
,,
,,
,,
,,
,,
,,
,,
,,
,,
,,
,,
,,
,,
,,
,,
,,
,,
,,
,,
,,
,,
,,
,,
,,
,,
,,
,,
,,
,,
,,
,,
,,
,,
,,
,,
,,
,,
,,
,,
,,
,,
,,
,,
,,
,,
,,
,,
,,
,,
,,
,,
,,
,,
,,
,,
,,
,,
,,
,,
,,
,,
,,
,,
,,
,,
,,
,,
,,
,,
,,
,,
,,
,,
,,
,,
,,
,,
,,
,,
,,
,,
,,
,,
,,
,,
,,
,,
,,
,,
,,
,,
,,
,,
,,
,,
,,
,,
,,
,,
,,
,,
,,
,,
,,
,,
,,
,,
,,
,,
,,
,,
,,
,,
,,
,,
,,
,,
,,
,,
,,
,,
,,
,,
,,
,,
,,
,,
,,
,,
,,
,,
,,
,,
,,
,,
,,
,,
,,
,,
,,
,,
,,
,,
,,
,,
,,
,,
,,
,,
,,
,,
,,
,,
,,
,,
,,
,,
,,
,,
,,
,,
,,
,,
,,
,,
,,
,,
,,
,,
,,
,,
,,
,,
,,
,,
,,
,,
,,
,,
,,
,,
,,
,,
,,
,,
,,
,,
,,
,,
,,
,,
,,
,,
,,
,,
,,
,,
,,
,,
,,
,,
,,
,,
,,
,,
,,
,,
,,
,,
,,
,,
,,
,,
,,
,,
,,
,,
,,
,,
,,
,,
,,
,,
,,
,,
,,
,,
,,
,,
,,
,,
,,
,,
,,
,,
,,
,,
,,
,,
,,
,,
,,
,,
,,
,,
,,
,,
,,
,,
,,
,,
,,
,,
,,
,,
,,
,,
,,
,,
,,
,,
,,
,,
,,
,,
,,
,,
,,
,,
,,
,,
,,
,,
,,
,,
,,
,,
,,
,,
,,
,,
,,
,,
,,
,,
,,
,,
,,
,,
,,
,,
,,
,,
,,
,,
,,
,,
,,
,,
,,
,,
,,
,,
,,
,,
,,
,,
,,
,,
,,
,,
,,
,,
,,
,,
,,
,,
,,
,,
,,
,,
,,
,,
,,
,,
,,
,,
,,
,,
,,
,,
,,
,,
,,
,,
,,
,,
,,
,,
,,
,,
,,
,,
,,
,,
,,
,,
,,
,,
,,
,,
,,
,,
,,
,,
,,
,,
,,
,,
,,
,,
,,
,,
,,
,,
,,
,,
,,
,,
,,
,,
,,
,,
,,
,,
,,
,,
,,
,,
,,
,,
,,
,,
,,
,,
,,
,,
,,
,,
,,
,,
,,
,,
,,
,,
,,
,,
,,
,,
,,
,,
,,
,,
,,
,,
,,
,,
,,
,,
,,
,,
,,
,,
,,
,,
,,
,,
,,
,,
,,
,,
,,
,,
,,
,,
,,
,,
,,
,,
,,
,,
,,
,,
,,
,,
,,
,,
,,
,,
,,
,,
,,
,,
,,
,,
,,
,,
,,
,,
,,
,,
,,
,,
,,
,,
,,
,,
,,
,,
,,
,,
,,
,,
,,
,,
,,
,,
,,
,,
,,
,,
,,
,,
,,
,,
,,
,,
,,
,,
,,
,,
,,
,,
,,
,,
,,
,,
,,
,,
,,
,,
,,
,,
,,
,,
,,
,,
,,
,,
,,
,,
,,
,,
,,
,,
,,
,,
,,
,,
,,
,,
,,
,,
,,
,,
,,
,,
,,
,,
,,
,,
,,
,,
,,
,,
,,
,,
,,
,,
,,
,,
,,
,,
,,
,,
,,
,,
,,
,,
,,
,,
,,
,,
,,
,,
,,
,,
,,
,,
,,
,,
,,
,,
,,
,,
,,
,,
,,
,,
,,
,,
,,
,,
,,
,,
,,
,,
,,
,,
,,
,,
,,
,,
,,
,,
,,
,,
,,
,,
,,
,,
,,
,,
,,
,,
,,
,,
,,
,,
,,
,,
,,
,,
,,
,,
,,
,,
,,
,,
,,
,,
,,
,,
,,
,,
,,
,,
,,
,,
,,
,,
,,
,,
,,
,,
,,
,,
,,
,,
,,
,,
,,
,,
,,
,,
,,
,,
,,
,,
,,
,,
,,
,,
,,
,,
,,
,,
,,
,,
,,
,,
,,
,,
,,
,,
,,
,,
,,
,,
,,
,,
,,
,,
,,
,,
,,
,,
,,
,,
,,
,,
,,
,,
,,
,,
,,
,,
,,
,,
,,
,,
,,
,,
,,
,,
,,
,,
,,
,,
,,
,,
,,
,,
,,
,,
,,
,,
,,
,,
,,
,,
,,
,,
,,
,,
,,
,,
,,
,,
,,
,,
,,
,,
,,
,,
,,
,,
,,
,,
,,
,,
,,
,,
,,
,,
,,
,,
,,
,,
,,
,,
,,
,,
,,
,,
,,
,,
,,
,,
,,
,,
,,
,,
,,
,,
,,
,,
,,
,,
,,
,,
,,
,,
,,
,,
,,
,,
,,
,,
,,
,,
,,
,,
,,
,,
,,
,,
,,
,,
,,
,,
,,
,,
,,
,,
,,
,,
,,
,,
,,
,,
,,
,,
,,
,,
,,
,,
,,
,,
,,
,,
,,
,,
,,
,,
,,
,,
,,
,,
,,
,,
,,
,,
,,
,,
,,
,,
,,
,,
,,
,,
,,
,,
,,
,,
,,
,,
,,
,,
,,
,,
,,
,,
,,
,,
,,
,,
,,
,,
,,
,,
,,
,,
,,
,,
,,
,,
,,
,,
,,
,,
,,
,,
,,
,,
,,
,,
,,
,,
,,
,,
,,
,,
,,
,,
,,
,,
,,
,,
,,
,,
,,
,,
,,
,,
,,
,,
,,
,,
,,
,,
,,
,,
,,
,,
,,
,,
,,
,,
,,
,,
,,
,,
,,
,,
,,
,,
,,
,,
,,
,,
,,
,,
,,
,,
,,
,,
,,
,,
,,
,,
,,
,,
,,
,,
,,
,,
,,
,,
,,
,,
,,
,,
,,
,,
,,
,,
,,
,,
,,
,,
,,
,,
,,
,,
,,
,,
,,
,,
,,
,,
,,
,,
,,
,,
,,
,,
,,
,,
,,
,,
,,
,,
,,
,,
,,
,,
,,
,,
,,
,,
,,
,,
,,
,,
,,
,,
,,
,,
,,
,,
,,
,,
,,
,,
,,
,,
,,
,,
,,
,,
,,
,,
,,
,,
,,
,,
,,
,,
,,
,,
,,
,,
,,
,,
,,
,,
,,
,,
,,
,,
,,
,,
,,
,,
,,
,,
,,
,,
,,
,,
,,
,,
,,
,,
,,
,,
,,
,,
,,
,,
,,
,,
,,
,,
,,
,,
,,
,,
,,
,,
,,
,,
,,
,,
,,
,,
,,
,,
,,
,,
,,
,,
,,
,,
,,
,,
,,
,,
,,
,,
,,
,,
,,
,,
,,
,,
,,
,,
,,
,,
,,
,,
,,
,,
,,
,,
,,
,,
,,
,,
,,
,,
,,
,,
,,
,,
,,
,,
,,
,,
,,
,,
,,
,,
,,
,,
,,
,,
,,
,,
,,
,,
,,
,,
,,
,,
,,
,,
,,
,,
,,
,,
,,
,,
,,
,,
,,
,,
,,
,,
,,
,,
,,
,,
,,
,,
,,
,,
,,
,,
,,
,,
,,
,,
,,
,,
,,
,,
,,
,,
,,
,,
,,
,,
,,
,,
,,
,,
,,
,,
,,
,,
,,
,,
,,
,,
,,
,,
,,
,,
,,
,,
,,
,,
,,
,,
,,
,,
,,
,,
,,
,,
,,
,,
,,
,,
,,
,,
,,
,,
,,
,,
,,
,,
,,
,,
,,
,,
,,
,,
,,
,,
,,
,,
,,
,,
,,
,,
,,
,,
,,
,,
,,
,,
,,
,,
,,
,,
,,
,,
,,
,,
,,
,,
,,
,,
,,
,,
,,
,,
,,
,,
,,
,,
,,
,,
,,
,,
,,
,,
,,
,,
,,
,,
,,
,,
,,
,,
,,
,,
,,
,,
,,
,,
,,
,,
,,
,,
,,
,,
,,
,,
,,
,,
,,
,,
,,
,,
,,
,,
,,
,,
,,
,,
,,
,,
,,
,,
,,
,,
,,
,,
,,
,,
,,
,,
,,
,,
,,
,,
,,
,,
,,
,,
,,
,,
,,
,,
,,
,,
,,
,,
,,
,,
,,
,,
,,
,,
,,
,,
,,
,,
,,
,,
,,
,,
,,
,,
,,
,,
,,
,,
,,
,,
,,
,,
,,
,,
,,
,,
,,
,,
,,
,,
,,
,,
,,
,,
,,
,,
,,
,,
,,
,,
,,
,,
,,
,,
,,
,,
,,
,,
,,
,,
,,
,,
,,
,,
,,
,,
,,
,,
,,
,,
,,
,,
,,
,,
,,
,,
,,
,,
,,
,,
,,
,,
,,
,,
,,
,,
,,
,,
,,
,,
,,
,,
,,
,,
,,
,,
,,
,,
,,
,,
,,
,,
,,
,,
,,
,,
,,
,,
,,
,,
,,
,,
,,
,,
,,
,,
,,
,,
,,
,,
,,
,,
,,
,,
,,
,,
,,
,,
,,
,,
,,
,,
,,
,,
,,
,,
,,
,,
,,
,,
,,
,,
,,
,,
,,
,,
,,
,,
,,
,,
,,
,,
,,
,,
,,
,,
,,
,,
,,
,,
,,
,,
,,
,,
,,
,,
,,
,,
,,
,,
,,
,,
,,
,,
,,
,,
,,
,,
,,
,,
,,
,,
,,
,,
,,
,,
,,
,,
,,
,,
,,
,,
,,
,,
,,
,,
,,
,,
,,
,,
,,
,,
,,
,,
,,
,,
,,
,,
,,
,,
,,
,,
,,
,,
,,
,,
,,
,,
,,
,,
,,
,,
,,
,,
,,
,,
,,
,,
,,
,,
,,
,,
,,
,,
,,
,,
,,
,,
,,
,,
,,
,,
,,
,,
,,
,,
,,
,,
,,
,,
,,
,,
,,
,,
,,
,,
,,
,,
,,
,,
,,
,,
,,
,,
,,
,,
,,
,,
,,
,,
,,
,,
,,
,,
,,
,,
,,
,,
,,
,,
,,
,,
,,
,,
,,
,,
,,
,,
,,
,,
,,
,,
,,
,,
,,
,,
,,
,,
,,
,,
,,
,,
,,
,,
,,
,,
,,
,,
,,
,,
,,
,,
,,
,,
,,
,,
,,
,,
,,
,,
,,
,,
,,
,,
,,
,,
,,
,,
,,
,,
,,
,,
,,
,,
,,
,,
,,
,,
,,
,,
,,
,,
,,
,,
,,
,,
,,
,,
,,
,,
,,
,,
,,
,,
,,
,,
,,
,,
,,
,,
,,
,,
,,
,,
,,
,,
,,
,,
,,
,,
,,
,,
,,
,,
,,
,,
,,
,,
,,
,,
,,
,,
,,
,,
,,
,,
,,
,,
,,
,,
,,
,,
,,
,,
,,
,,
,,
,,
,,
,,
,,
,,
,,
,,
,,
,,
,,
,,
,,
,,
,,
,,
,,
,,
,,
,,
,,
,,
,,
,,
,,
,,
,,
,,
,,
,,
,,
,,
,,
,,
,,
,,
,,
,,
,,
,,
,,
,,
,,
,,
,,
,,
,,
,,
,,
,,
,,
,,
,,
,,
,,
,,
,,
,,
,,
,,
,,
,,
,,
,,
,,
,,
,,
,,
,,
,,
,,
,,
,,
,,
,,
,,
,,
,,
,,
,,
,,
,,
,,
,,
,,
,,
,,
,,
,,
,,
,,
,,
,,
,,
,,
,,
,,
,,
,,
,,
,,
,,
,,
,,
,,
,,
,,
,,
,,
,,
,,
,,
,,
,,
,,
,,
,,
,,
,,
,,
,,
,,
,,
,,
,,
,,
,,
,,
,,
,,
,,
,,
,,
,,
,,
,,
,,
,,
,,
,,
,,
,,
,,
,,
,,
,,
,,
,,
,,
,,
,,
,,
,,
,,
,,
,,
,,
,,
,,
,,
,,
,,
,,
,,
,,
,,
,,
,,
,,
,,
,,
,,
,,
,,
,,
,,
,,
,,
,,
,,
,,
,,
,,
,,
,,
,,
,,
,,
,,
,,
,,
,,
,,
,,
,,
,,
,,
,,
,,
,,
,,
,,
,,
,,
,,
,,
,,
,,
,,
,,
,,
,,
,,
,,
,,
,,
,,
,,
,,
,,
,,
,,
,,
,,
,,
,,
,,
,,
,,
,,
,,
,,
,,
,,
,,
,,
,,
,,
,,
,,
,,
,,
,,
,,
,,
,,
,,
,,
,,
,,
,,
,,
,,
,,
,,
,,
,,
,,
,,
,,
,,
,,
,,
,,
,,
,,
,,
,,
,,
,,
,,
,,
,,
,,
,,
,,
,,
,,
,,
,,
,,
,,
,,
,,
,,
,,
,,
,,
,,
,,
,,
,,
,,
,,
,,
,,
,,
,,
,,
,,
,,
,,
,,
,,
,,
,,
,,
,,
,,
,,
,,
,,
,,
,,
,,
,,
,,
,,
,,
,,
,,
,,
,,
,,
,,
,,
,,
,,
,,
,,
,,
,,
,,
,,
,,
,,
,,
,,
,,
,,
,,
,,
,,
,,
,,
,,
,,
,,
,,
,,
,,
,,
,,
,,
,,
,,
,,
,,
,,
,,
,,
,,
,,
,,
,,
,,
,,
,,
,,
,,
,,
,,
,,
,,
,,
,,
,,
,,
,,
,,
,,
,,
,,
,,
,,
,,
,,
,,
,,
,,
,,
,,
,,
,,
,,
,,
,,
,,
,,
,,
,,
,,
,,
,,
,,
,,
,,
,,
,,
,,
,,
,,
,,
,,
,,
,,
,,
,,
,,
,,
,,
,,
,,
,,
,,
,,
,,
,,
,,
,,
,,
,,
,,
,,
,,
,,
,,
,,
,,
,,
,,
,,
,,
,,
,,
,,
,,
,,
,,
,,
,,
,,
,,
,,
,,
,,
,,
,,
,,
,,
,,
,,
,,
,,
,,
,,
,,
,,
,,
,,
,,
,,
,,
,,
,,
,,
,,
,,
,,
,,
,,
,,
,,
,,
,,
,,
,,
,,
,,
,,
,,
,,
,,
,,
,,
,,
,,
,,
,,
,,
,,
,,
,,
,,
,,
,,
,,
,,
,,
,,
,,
,,
,,
,,
,,
,,
,,
,,
,,
,,
,,
,,
,,
,,
,,
,,
,,
,,
,,
,,
,,
,,
,,
,,
,,
,,
,,
,,
,,
,,
,,
,,
,,
,,
,,
,,
,,
,,
,,
,,
,,
,,
,,
,,
,,
,,
,,
,,
,,
,,
,,
,,
,,
,,
,,
,,
,,
,,
,,
,,
,,
,,
,,
,,
,,
,,
,,
,,
,,
,,
,,
,,
,,
,,
,,
,,
,,
,,
,,
,,
,,
,,
,,
,,
,,
,,
,,
,,
,,
,,
,,
,,
,,
,,
,,
,,
,,
,,
,,
,,
,,
,,
,,
,,
,,
,,
,,
,,
,,
,,
,,
,,
,,
,,
,,
,,
,,
,,
,,
,,
,,
,,
,,
,,
,,
,,
,,
,,
,,
,,
,,
,,
,,
,,
,,
,,
,,
,,
,,
,,
,,
,,
,,
,,
,,
,,
,,
,,
,,
,,
,,
,,
,,
,,
,,
,,
,,
,,
,,
,,
,,
,,
,,
,,
,,
,,
,,
,,
,,
,,
,,
,,
,,
,,
,,
,,
,,
,,
,,
,,
,,
,,
,,
,,
,,
,,
,,
,,
,,
,,
,,
,,
,,
,,
,,
,,
,,
,,
,,
,,
,,
,,
,,
,,
,,
,,
,,
,,
,,
,,
,,
,,
,,
,,
,,
,,
,,
,,
,,
,,
,,
,,
,,
,,
,,
,,
,,
,,
,,
,,
,,
,,
,,
,,
,,
,,
,,
,,
,,
,,
,,
,,
,,
,,
,,
,,
,,
,,
,,
,,
,,
,,
,,
,,
,,
,,
,,
,,
,,
,,
,,
,,
,,
,,
,,
,,
,,
,,
,,
,,
,,
,,
,,
,,
,,
,,
,,
,,
,,
,,
,,
,,
,,
,,
,,
,,
,,
,,
,,
,,
,,
,,
,,
,,
,,
,,
,,
,,
,,
,,
,,
,,
,,
,,
,,
,,
,,
,,
,,
,,
,,
,,
,,
,,
,,
,,
,,
,,
,,
,,
,,
,,
,,
,,
,,
,,
,,
,,
,,
,,
,,
,,
,,
,,
,,
,,
,,
,,
,,
,,
,,
,,
,,
,,
,,
,,
,,
,,
,,
,,
,,
,,
,,
,,
,,
,,
,,
,,
,,
,,
,,
,,
,,
,,
,,
,,
,,
,,
,,
,,
,,
,,
,,
,,
,,
,,
,,
,,
,,
,,
,,
,,
,,
,,
,,
,,
,,
,,
,,
,,
,,
,,
,,
,,
,,
,,
,,
,,
,,
,,
,,
,,
,,
,,
,,
,,
,,
,,
,,
,,
,,
,,
,,
,,
,,
,,
,,
,,
,,
,,
,,
,,
,,
,,
,,
,,
,,
,,
,,
,,
,,
,,
,,
,,
,,
,,
,,
,,
,,
,,
,,
,,
,,
,,
,,
,,
,,
,,
,,
,,
,,
,,
,,
,,
,,
,,
,,
,,
,,
,,
,,
,,
,,
,,
,,
,,
,,
,,
,,
,,
,,
,,
,,
,,
,,
,,
,,
,,
,,
,,
,,
,,
,,
,,
,,
,,
,,
,,
,,
,,
,,
,,
,,
,,
,,
,,
,,
,,
,,
,,
,,
,,
,,
,,
,,
,,
,,
,,
,,
,,
,,
,,
,,
,,
,,
,,
,,
,,
,,
,,
,,
,,
,,
,,
,,
,,
,,
,,
,,
,,
,,
,,
,,
,,
,,
,,
,,
,,
,,
,,
,,
,,
,,
,,
,,
,,
,,
,,
,,
,,
,,
,,
,,
,,
,,
,,
,,
,,
,,
,,
,,
,,
,,
,,
,,
,,
,,
,,
,,
,,
,,
,,
,,
,,
,,
,,
,,
,,
,,
,,
,,
,,
,,
,,
,,
,,
,,
,,
,,
,,
,,
,,
,,
,,
,,
,,
,,
,,
,,
,,
,,
,,
,,
,,
,,
,,
,,
,,
,,
,,
,,
,,
,,
,,
,,
,,
,,
,,
,,
,,
,,
,,
,,
,,
,,
,,
,,
,,
,,
,,
,,
,,
,,
,,
,,
,,
,,
,,
,,
,,
,,
,,
,,
,,
,,
,,
,,
,,
,,
,,
,,
,,
,,
,,
,,
,,
,,
,,
,,
,,
,,
,,
,,
,,
,,
,,
,,
,,
,,
,,
,,
,,
,,
,,
,,
,,
,,
,,
,,
,,
,,
,,
,,
,,
,,
,,
,,
,,
,,
,,
,,
,,
,,
,,
,,
,,
,,
,,
,,
,,
,,
,,
,,
,,
,,
,,
,,
,,
,,
,,
,,
,,
,,
,,
,,
,,
,,
,,
,,
,,
,,
,,
,,
,,
,,
,,
,,
,,
,,
,,
,,
,,
,,
,,
,,
,,
,,
,,
,,
,,
,,
,,
,,
,,
,,
,,
,,
,,
,,
,,
,,
,,
,,
,,
,,
,,
,,
,,
,,
,,
,,
,,
,,
,,
,,
,,
,,
,,
,,
,,
,,
,,
,,
,,
,,
,,
,,
,,
,,
,,
,,
,,
,,
,,
,,
,,
,,
,,
,,
,,
,,
,,
,,
,,
,,
,,
,,
,,
,,
,,
,,
,,
,,
,,
,,
,,
,,
,,
,,
,,
,,
,,
,,
,,
,,
,,
,,
,,
,,
,,
,,
,,
,,
,,
,,
,,
,,
,,
,,
,,
,,
,,
,,
,,
,,
,,
,,
,,
,,
,,
,,
,,
,,
,,
,,
,,
,,
,,
,,
,,
,,
,,
,,
,,
,,
,,
,,
,,
,,
,,
,,
,,
,,
,,
,,
,,
,,
,,
,,
,,
,,
,,
,,
,,
,,
,,
,,
,,
,,
,,
,,
,,
,,
,,
,,
,,
,,
,,
,,
,,
,,
,,
,,
,,
,,
,,
,,
,,
,,
,,
,,
,,
,,
,,
,,
,,
,,
,,
,,
,,
,,
,,
,,
,,
,,
,,
,,
,,
,,
,,
,,
,,
,,
,,
,,
,,
,,
,,
,,
,,
,,
,,
,,
,,
,,
,,
,,
,,
,,
,,
,,
,,
,,
,,
,,
,,
,,
,,
,,
,,
,,
,,
,,
,,
,,
,,
,,
,,
,,
,,
,,
,,
,,
,,
,,
,,
,,
,,
,,
,,
,,
,,
,,
,,
,,
,,
,,
,,
,,
,,
,,
,,
,,
,,
,,
,,
,,
,,
,,
,,
,,
,,
,,
,,
,,
,,
,,
,,
,,
,,
,,
,,
,,
,,
,,
,,
,,
,,
,,
,,
,,
,,
,,
,,
,,
,,
,,
,,
,,
,,
,,
,,
,,
,,
,,
,,
,,
,,
,,
,,
,,
,,
,,
,,
,,
,,
,,
,,
,,
,,
,,
,,
,,
,,
,,
,,
,,
,,
,,
,,
,,
,,
,,
,,
,,
,,
,,
,,
,,
,,
,,
,,
,,
,,
,,
,,
,,
,,
,,
,,
,,
,,
,,
,,
,,
,,
,,
,,
,,
,,
,,
,,
,,
,,
,,
,,
,,
,,
,,
,,
,,
,,
,,
,,
,,
,,
,,
,,
,,
,,
,,
,,
,,
,,
,,
,,
,,
,,
,,
,,
,,
,,
,,
,,
,,
,,
,,
,,
,,
,,
,,
,,
,,
,,
,,
,,
,,
,,
,,
,,
,,
,,
,,
,,
,,
,,
,,
,,
,,
,,
,,
,,
,,
,,
,,
,,
,,
,,
,,
,,
,,
,,
,,
,,
,,
,,
,,
,,
,,
,,
,,
,,
,,
,,
,,
,,
,,
,,
,,
,,
,,
,,
,,
,,
,,
,,
,,
,,
,,
,,
,,
,,
,,
,,
,,
,,
,,
,,
,,
,,
,,
,,
,,
,,
,,
,,
,,
,,
,,
,,
,,
,,
,,
,,
,,
,,
,,
,,
,,
,,
,,
,,
,,
,,
,,
,,
,,
,,
,,
,,
,,
,,
,,
,,
,,
,,
,,
,,
,,
,,
,,
,,
,,
,,
,,
,,
,,
,,
,,
,,
,,
,,
,,
,,
,,
,,
,,
,,
,,
,,
,,
,,
,,
,,
,,
,,
,,
,,
,,
,,
,,
,,
,,
,,
,,
,,
,,
,,
,,
,,
,,
,,
,,
,,
,,
,,
,,
,,
,,
,,
,,
,,
,,
,,
,,
,,
,,
,,
,,
,,
,,
,,
,,
,,
,,
,,
,,
,,
,,
,,
,,
,,
,,
,,
,,
,,
,,
,,
,,
,,
,,
,,
,,
,,
,,
,,
,,
,,
,,
,,
,,
,,
,,
,,
,,
,,
,,
,,
,,
,,
,,
,,
,,
,,
,,
,,
,,
,,
,,
,,
,,
,,
,,
,,
,,
,,
,,
,,
,,
,,
,,
,,
,,
,,
,,
,,
,,
,,
,,
,,
,,
,,
,,
,,
,,
,,
,,
,,
,,
,,
,,
,,
,,
,,
,,
,,
,,
,,
,,
,,
,,
,,
,,
,,
,,
,,
,,
,,
,,
,,
,,
,,
,,
,,
,,
,,
,,
,,
,,
,,
,,
,,
,,
,,
,,
,,
,,
,,
,,
,,
,,
,,
,,
,,
,,
,,
,,
,,
,,
,,
,,
,,
,,
,,
,,
,,
,,
,,
,,
,,
,,
,,
,,
,,
,,
,,
,,
,,
,,
,,
,,
,,
,,
,,
,,
,,
,,
,,
,,
,,
,,
,,
,,
,,
,,
,,
,,
,,
,,
,,
,,
,,
,,
,,
,,
,,
,,
,,
,,
,,
,,
,,
,,
,,
,,
,,
,,
,,
,,
,,
,,
,,
,,
,,
,,
,,
,,
,,
,,
,,
,,
,,
,,
,,
,,
,,
,,
,,
,,
,,
,,
,,
,,
,,
,,
,,
,,
,,
,,
,,
,,
,,
,,
,,
,,
,,
,,
,,
,,
,,
,,
,,
,,
,,
,,
,,
,,
,,
,,
,,
,,
,,
,,
,,
,,
,,
,,
,,
,,
,,
,,
,,
,,
,,
,,
,,
,,
,,
,,
,,
,,
,,
,,
,,
,,
,,
,,
,,
,,
,,
,,
,,
,,
,,
,,
,,
,,
,,
,,
,,
,,
,,
,,
,,
,,
,,
,,
,,
,,
,,
,,
,,
,,
,,
,,
,,
,,
,,
,,
,,
,,
,,
,,
,,
,,
,,
,,
,,
,,
,,
,,
,,
,,
,,
,,
,,
,,
,,
,,
,,
,,
,,
,,
,,
,,
,,
,,
,,
,,
,,
,,
,,
,,
,,
,,
,,
,,
,,
,,
,,
,,
,,
,,
,,
,,
,,
,,
,,
,,
,,
,,
,,
,,
,,
,,
,,
,,
,,
,,
,,
,,
,,
,,
,,
,,
,,
,,
,,
,,
,,
,,
,,
,,
,,
,,
,,
,,
,,
,,
,,
,,
,,
,,
,,
,,
,,
,,
,,
,,
,,
,,
,,
,,
,,
,,
,,
,,
,,
,,
,,
,,
,,
,,
,,
,,
,,
,,
,,
,,
,,
,,
,,
,,
,,
,,
,,
,,
,,
,,
,,
,,
,,
,,
,,
,,
,,
,,
,,
,,
,,
,,
,,
,,
,,
,,
,,
,,
,,
,,
,,
,,
,,
,,
,,
,,
,,
,,
,,
,,
,,
,,
,,
,,
,,
,,
,,
,,
,,
,,
,,
,,
,,
,,
,,
,,
,,
,,
,,
,,
,,
,,
,,
,,
,,
,,
,,
,,
,,
,,
,,
,,
,,
,,
,,
,,
,,
,,
,,
,,
,,
,,
,,
,,
,,
,,
,,
,,
,,
,,
,,
,,
,,
,,
,,
,,
,,
,,
,,
,,
,,
,,
,,
,,
,,
,,
,,
,,
,,
,,
,,
,,
,,
,,
,,
,,
,,
,,
,,
,,
,,
,,
,,
,,
,,
,,
,,
,,
,,
,,
,,
,,
,,
,,
,,
,,
,,
,,
,,
,,
,,
,,
,,
,,
,,
,,
,,
,,
,,
,,
,,
,,
,,
,,
,,
,,
,,
,,
,,
,,
,,
,,
,,
,,
,,
,,
,,
,,
,,
,,
,,
,,
,,
,,
,,
,,
,,
,,
,,
,,
,,
,,
,,
,,
,,
,,
,,
,,
,,
,,
,,
,,
,,
,,
,,
,,
,,
,,
,,
,,
,,
,,
,,
,,
,,
,,
,,
,,
,,
,,
,,
,,
,,
,,
,,
,,
,,
,,
,,
,,
,,
,,
,,
,,
,,
,,
,,
,,
,,
,,
,,
,,
,,
,,
,,
,,
,,
,,
,,
,,
,,
,,
,,
,,
,,
,,
,,
,,
,,
,,
,,
,,
,,
,,
,,
,,
,,
,,
,,
,,
,,
,,
,,
,,
,,
,,
,,
,,
,,
,,
,,
,,
,,
,,
,,
,,
,,
,,
,,
,,
,,
,,
,,
,,
,,
,,
,,
,,
,,
,,
,,
,,
,,
,,
,,
,,
,,
,,
,,
,,
,,
,,
,,
,,
,,
,,
,,
,,
,,
,,
,,
,,
,,
,,
,,
,,
,,
,,
,,
,,
,,
,,
,,
,,
,,
,,
,,
,,
,,
,,
,,
,,
,,
,,
,,
,,
,,
,,
,,
,,
,,
,,
,,
,,
,,
,,
,,
,,
,,
,,
,,
,,
,,
,,
,,
,,
,,
,,
,,
,,
,,
,,
,,
,,
,,
,,
,,
,,
,,
,,
,,
,,
,,
,,
,,
,,
,,
,,
,,
,,
,,
,,
,,
,,
,,
,,
,,
,,
,,
,,
,,
,,
,,
,,
,,
,,
,,
,,
,,
,,
,,
,,
,,
,,
,,
,,
,,
,,
,,
,,
,,
,,
,,
,,
,,
,,
,,
,,
,,
,,
,,
,,
,,
,,
,,
,,
,,
,,
,,
,,
,,
,,
,,
,,
,,
,,
,,
,,
,,
,,
,,
,,
,,
,,
,,
,,
,,
,,
,,
,,
,,
,,
,,
,,
,,
,,
,,
,,
,,
,,
,,
,,
,,
,,
,,
,,
,,
,,
,,
,,
,,
,,
,,
,,
,,
,,
,,
,,
,,
,,
,,
,,
,,
,,
,,
,,
,,
,,
,,
,,
,,
,,
,,
,,
,,
,,
,,
,,
,,
,,
,,
,,
,,
,,
,,
,,
,,
,,
,,
,,
,,
,,
,,
,,
,,
,,
,,
,,
,,
,,
,,
,,
,,
,,
,,
,,
,,
,,
,,
,,
,,
,,
,,
,,
,,
,,
,,
,,
,,
,,
,,
,,
,,
,,
,,
,,
,,
,,
,,
,,
,,
,,
,,
,,
,,
,,
,,
,,
,,
,,
,,
,,
,,
,,
,,
,,
,,
,,
,,
,,
,,
,,
,,
,,
,,
,,
,,
,,
,,
,,
,,
,,
,,
,,
,,
,,
,,
,,
,,
,,
,,
,,
,,
,,
,,
,,
,,
,,
,,
,,
,,
,,
,,
,,
,,
,,
,,
,,
,,
,,
,,
,,
,,
,,
,,
,,
,,
,,
,,
,,
,,
,,
,,
,,
,,
,,
,,
,,
,,
,,
,,
,,
,,
,,
,,
,,
,,
,,
,,
,,
,,
,,
,,
,,
,,
,,
,,
,,
,,
,,
,,
,,
,,
,,
,,
,,
,,
,,
,,
,,
,,
,,
,,
,,
,,
,,
,,
,,
,,
,,
,,
,,
,,
,,
,,
,,
,,
,,
,,
,,
,,
,,
,,
,,
,,
,,
,,
,,
,,
,,
,,
,,
,,
,,
,,
,,
,,
,,
,,
,,
,,
,,
,,
,,
,,
,,
,,
,,
,,
,,
,,
,,
,,
,,
,,
,,
,,
,,
,,
,,
,,
,,
,,
,,
,,
,,
,,
,,
,,
,,
,,
,,
,,
,,
,,
,,
,,
,,
,,
,,
,,
,,
,,
,,
,,
,,
,,
,,
,,
,,
,,
,,
,,
,,
,,
,,
,,
,,
,,
,,
,,
,,
,,
,,
,,
,,
,,
,,
,,
,,
,,
,,
,,
,,
,,
,,
,,
,,
,,
,,
,,
,,
,,
,,
,,
,,
,,
,,
,,
,,
,,
,,
,,
,,
,,
,,
,,
,,
,,
,,
,,
,,
,,
,,
,,
,,
,,
,,
,,
,,
,,
,,
,,
,,
,,
,,
,,
,,
,,
,,
,,
,,
,,
,,
,,
,,
,,
,,
,,
,,
,,
,,
,,
,,
,,
,,
,,
,,
,,
,,
,,
,,
,,
,,
,,
,,
,,
,,
,,
,,
,,
,,
,,
,,
,,
,,
,,
,,
,,
,,
,,
,,
,,
,,
,,
,,
,,
,,
,,
,,
,,
,,
,,
,,
,,
,,
,,
,,
,,
,,
,,
,,
,,
,,
,,
,,
,,
,,
,,
,,
,,
,,
,,
,,
,,
,,
,,
,,
,,
,,
,,
,,
,,
,,
,,
,,
,,
,,
,,
,,
,,
,,
,,
,,
,,
,,
,,
,,
,,
,,
,,
,,
,,
,,
,,
,,
,,
,,
,,
,,
,,
,,
,,
,,
,,
,,
,,
,,
,,
,,
,,
,,
,,
,,
,,
,,
,,
,,
,,
,,
,,
,,
,,
,,
,,
,,
,,
,,
,,
,,
,,
,,
,,
,,
,,
,,
,,
,,
,,
,,
,,
,,
,,
,,
,,
,,
,,
,,
,,
,,
,,
,,
,,
,,
,,
,,
,,
,,
,,
,,
,,
,,
,,
,,
,,
,,
,,
,,
,,
,,
,,
,,
,,
,,
,,
,,
,,
,,
,,
,,
,,
,,
,,
,,
,,
,,
,,
,,
,,
,,
,,
,,
,,
,,
,,
,,
,,
,,
,,
,,
,,
,,
,,
,,
,,
,,
,,
,,
,,
,,
,,
,,
,,
,,
,,
,,
,,
,,
,,
,,
,,
,,
,,
,,
,,
,,
,,
,,
,,
,,
,,
,,
,,
,,
,,
,,
,,
,,
,,
,,
,,
,,
,,
,,
,,
,,
,,
,,
,,
,,
,,
,,
,,
,,
,,
,,
,,
,,
,,
,,
,,
,,
,,
,,
,,
,,
,,
,,
,,
,,
,,
,,
,,
,,
,,
,,
,,
,,
,,
,,
,,
,,
,,
,,
,,
,,
,,
,,
,,
,,
,,
,,
,,
,,
,,
,,
,,
,,
,,
,,
,,
,,
,,
,,
,,
,,
,,
,,
,,
,,
,,
,,
,,
,,
,,
,,
,,
,,
,,
,,
,,
,,
,,
,,
,,
,,
,,
,,
,,
,,
,,
,,
,,
,,
,,
,,
,,
,,
,,
,,
,,
,,
,,
,,
,,
,,
,,
,,
,,
,,
,,
,,
,,
,,
,,
,,
,,
,,
,,
,,
,,
,,
,,
,,
,,
,,
,,
,,
,,
,,
,,
,,
,,
,,
,,
,,
,,
,,
,,
,,
,,
,,
,,
,,
,,
,,
,,
,,
,,
,,
,,
,,
,,
,,
,,
,,
,,
,,
,,
,,
,,
,,
,,
,,
,,
,,
,,
,,
,,
,,
,,
,,
,,
,,
,,
,,
,,
,,
,,
,,
,,
,,
,,
,,
,,
,,
,,
,,
,,
,,
,,
,,
,,
,,
,,
,,
,,
,,
,,
,,
,,
,,
,,
,,
,,
,,
,,
,,
,,
,,
,,
,,
,,
,,
,,
,,
,,
,,
,,
,,
,,
,,
,,
,,
,,
,,
,,
,,
,,
,,
,,
,,
,,
,,
,,
,,
,,
,,
,,
,,
,,
,,
,,
,,
,,
,,
,,
,,
,,
,,
,,
,,
,,
,,
,,
,,
,,
,,
,,
,,
,,
,,
,,
,,
,,
,,
,,
,,
,,
,,
,,
,,
,,
,,
,,
,,
,,
,,
,,
,,
,,
,,
,,
,,
,,
,,
,,
,,
,,
,,
,,
,,
,,
,,
,,
,,
,,
,,
,,
,,
,,
,,
,,
,,
,,
,,
,,
,,
,,
,,
,,
,,
,,
,,
,,
,,
,,
,,
,,
,,
,,
,,
,,
,,
,,
,,
,,
,,
,,
,,
,,
,,
,,
,,
,,
,,
,,
,,
,,
,,
,,
,,
,,
,,
,,
,,
,,
,,
,,
,,
,,
,,
,,
,,
,,
,,
,,
,,
,,
,,
,,
,,
,,
,,
,,
,,
,,
,,
,,
,,
,,
,,
,,
,,
,,
,,
,,
,,
,,
,,
,,
,,
,,
,,
,,
,,
,,
,,
,,
,,
,,
,,
,,
,,
,,
,,
,,
,,
,,
,,
,,
,,
,,
,,
,,
,,
,,
,,
,,
,,
,,
,,
,,
,,
,,
,,
,,
,,
,,
,,
,,
,,
,,
,,
,,
,,
,,
,,
,,
,,
,,
,,
,,
,,
,,
,,
,,
,,
,,
,,
,,
,,
,,
,,
,,
,,
,,
,,
,,
,,
,,
,,
,,
,,
,,
,,
,,
,,
,,
,,
,,
,,
,,
,,
,,
,,
,,
,,
,,
,,
,,
,,
,,
,,
,,
,,
,,
,,
,,
,,
,,
,,
,,
,,
,,
,,
,,
,,
,,
,,
,,
,,
,,
,,
,,
,,
,,
,,
,,
,,
,,
,,
,,
,,
,,
,,
,,
,,
,,
,,
,,
,,
,,
,,
,,
,,
,,
,,
,,
,,
,,
,,
,,
,,
,,
,,
,,
,,
,,
,,
,,
,,
,,
,,
,,
,,
,,
,,
,,
,,
,,
,,
,,
,,
,,
,,
,,
,,
,,
,,
,,
,,
,,
,,
,,
,,
,,
,,
,,
,,
,,
,,
,,
,,
,,
,,
,,
,,
,,
,,
,,
,,
,,
,,
,,
,,
,,
,,
,,
,,
,,
,,
,,
,,
,,
,,
,,
,,
,,
,,
,,
,,
,,
,,
,,
,,
,,
,,
,,
,,
,,
,,
,,
,,
,,
,,
,,
,,
,,
,,
,,
,,
,,
,,
,,
,,
,,
,,
,,
,,
,,
,,
,,
,,
,,
,,
,,
,,
,,
,,
,,
,,
,,
,,
,,
,,
,,
,,
,,
,,
,,
,,
,,
,,
,,
,,
,,
,,
,,
,,
,,
,,
,,
,,
,,
,,
,,
,,
,,
,,
,,
,,
,,
,,
,,
,,
,,
,,
,,
,,
,,
,,
,,
,,
,,
,,
,,
,,
,,
,,
,,
,,
,,
,,
,,
,,
,,
,,
,,
,,
,,
,,
,,
,,
,,
,,
,,
,,
,,
,,
,,
,,
,,
,,
,,
,,
,,
,,
,,
,,
,,
,,
,,
,,
,,
,,
,,
,,
,,
,,
,,
,,
,,
,,
,,
,,
,,
,,
,,
,,
,,
,,
,,
,,
,,
,,
,,
,,
,,
,,
,,
,,
,,
,,
,,
,,
,,
,,
,,
,,
,,
,,
,,
,,
,,
,,
,,
,,
,,
,,
,,
,,
,,
,,
,,
,,
,,
,,
,,
,,
,,
,,
,,
,,
,,
,,
,,
,,
,,
,,
,,
,,
,,
,,
,,
,,
,,
,,
,,
,,
,,
,,
,,
,,
,,
,,
,,
,,
,,
,,
,,
,,
,,
,,
,,
,,
,,
,,
,,
,,
,,
,,
,,
,,
,,
,,
,,
,,
,,
,,
,,
,,
,,
,,
,,
,,
,,
,,
,,
,,
,,
,,
,,
,,
,,
,,
,,
,,
,,
,,
,,
,,
,,
,,
,,
,,
,,
,,
,,
,,
,,
,,
,,
,,
,,
,,
,,
,,
,,
,,
,,
,,
,,
,,
,,
,,
,,
,,
,,
,,
,,
,,
,,
,,
,,
,,
,,
,,
,,
,,
,,
,,
,,
,,
,,
,,
,,
,,
,,
,,
,,
,,
,,
,,
,,
,,
,,
,,
,,
,,
,,
,,
,,
,,
,,
,,
,,
,,
,,
,,
,,
,,
,,
,,
,,
,,
,,
,,
,,
,,
,,
,,
,,
,,
,,
,,
,,
,,
,,
,,
,,
,,
,,
,,
,,
,,
,,
,,
,,
,,
,,
,,
,,
,,
,,
,,
,,
,,
,,
,,
,,
,,
,,
,,
,,
,,
,,
,,
,,
,,
,,
,,
,,
,,
,,
,,
,,
,,
,,
,,
,,
,,
,,
,,
,,
,,
,,
,,
,,
,,
,,
,,
,,
,,
,,
,,
,,
,,
,,
,,
,,
,,
,,
,,
,,
,,
,,
,,
,,
,,
,,
,,
,,
,,
,,
,,
,,
,,
,,
,,
,,
,,
,,
,,
,,
,,
,,
,,
,,
,,
,,
,,
,,
,,
,,
,,
,,
,,
,,
,,
,,
,,
,,
,,
,,
,,
,,
,,
,,
,,
,,
,,
,,
,,
,,
,,
,,
,,
,,
,,
,,
,,
,,
,,
,,
,,
,,
,,
,,
,,
,,
,,
,,
,,
,,
,,
,,
,,
,,
,,
,,
,,
,,
,,
,,
,,
,,
,,
,,
,,
,,
,,
,,
,,
,,
,,
,,
,,
,,
,,
,,
,,
,,
,,
,,
,,
,,
,,
,,
,,
,,
,,
,,
,,
,,
,,
,,
,,
,,
,,
,,
,,
,,
,,
,,
,,
,,
,,
,,
,,
,,
,,
,,
,,
,,
,,
,,
,,
,,
,,
,,
,,
,,
,,
,,
,,
,,
,,
,,
,,
,,
,,
,,
,,
,,
,,
,,
,,
,,
,,
,,
,,
,,
,,
,,
,,
,,
,,
,,
,,
,,
,,
,,
,,
,,
,,
,,
,,
,,
,,
,,
,,
,,
,,
,,
,,
,,
,,
,,
,,
,,
,,
,,
,,
,,
,,
,,
,,
,,
,,
,,
,,
,,
,,
,,
,,
,,
,,
,,
,,
,,
,,
,,
,,
,,
,,
,,
,,
,,
,,
,,
,,
,,
,,
,,
,,
,,
,,
,,
,,
,,
,,
,,
,,
,,
,,
,,
,,
,,
,,
,,
,,
,,
,,
,,
,,
,,
,,
,,
,,
,,
,,
,,
,,
,,
,,
,,
,,
,,
,,
,,
,,
,,
,,
,,
,,
,,
,,
,,
,,
,,
,,
,,
,,
,,
,,
,,
,,
,,
,,
,,
,,
,,
,,
,,
,,
,,
,,
,,
,,
,,
,,
,,
,,
,,
,,
,,
,,
,,
,,
,,
,,
,,
,,
,,
,,
,,
,,
,,
,,
,,
,,
,,
,,
,,
,,
,,
,,
,,
,,
,,
,,
,,
,,
,,
,,
,,
,,
,,
,,
,,
,,
,,
,,
,,
,,
,,
,,
,,
,,
,,
,,
,,
,,
,,
,,
,,
,,
,,
,,
,,
,,
,,
,,
,,
,,
,,
,,
,,
,,
,,
,,
,,
,,
,,
,,
,,
,,
,,
,,
,,
,,
,,
,,
,,
,,
,,
,,
,,
,,
,,
,,
,,
,,
,,
,,
,,
,,
,,
,,
,,
,,
,,
,,
,,
,,
,,
,,
,,
,,
,,
,,
,,
,,
,,
,,
,,
,,
,,
,,
,,
,,
,,
,,
,,
,,
,,
,,
,,
,,
,,
,,
,,
,,
,,
,,
,,
,,
,,
,,
,,
,,
,,
,,
,,
,,
,,
,,
,,
,,
,,
,,
,,
,,
,,
,,
,,
,,
,,
,,
,,
,,
,,
,,
,,
,,
,,
,,
,,
,,
,,
,,
,,
,,
,,
,,
,,
,,
,,
,,
,,
,,
,,
,,
,,
,,
,,
,,
,,
,,
,,
,,
,,
,,
,,
,,
,,
,,
,,
,,
,,
,,
,,
,,
,,
,,
,,
,,
,,
,,
,,
,,
,,
,,
,,
,,
,,
,,
,,
,,
,,
,,
,,
,,
,,
,,
,,
,,
,,
,,
,,
,,
,,
,,
,,
,,
,,
,,
,,
,,
,,
,,
,,
,,
,,
,,
,,
,,
,,
,,
,,
,,
,,
,,
,,
,,
,,
,,
,,
,,
,,
,,
,,
,,
,,
,,
,,
,,
,,
,,
,,
,,
,,
,,
,,
,,
,,
,,
,,
,,
,,
,,
,,
,,
,,
,,
,,
,,
,,
,,
,,
,,
,,
,,
,,
,,
,,
,,
,,
,,
,,
,,
,,
,,
,,
,,
,,
,,
,,
,,
,,
,,
,,
,,
,,
,,
,,
,,
,,
,,
,,
,,
,,
,,
,,
,,
,,
,,
,,
,,
,,
,,
,,
,,
,,
,,
,,
,,
,,
,,
,,
,,
,,
,,
,,
,,
,,
,,
,,
,,
,,
,,
,,
,,
,,
,,
,,
,,
,,
,,
,,
,,
,,
,,
,,
,,
,,
,,
,,
,,
,,
,,
,,
,,
,,
,,
,,
,,
,,
,,
,,
,,
,,
,,
,,
,,
,,
,,
,,
,,
,,
,,
,,
,,
,,
,,
,,
,,
,,
,,
,,
,,
,,
,,
,,
,,
,,
,,
,,
,,
,,
,,
,,
,,
,,
,,
,,
,,
,,
,,
,,
,,
,,
,,
,,
,,
,,
,,
,,
,,
,,
,,
,,
,,
,,
,,
,,
,,
,,
,,
,,
,,
,,
,,
,,
,,
,,
,,
,,
,,
,,
,,
,,
,,
,,
,,
,,
,,
,,
,,
,,
,,
,,
,,
,,
,,
,,
,,
,,
,,
,,
,,
,,
,,
,,
,,
,,
,,
,,
,,
,,
,,
,,
,,
,,
,,
,,
,,
,,
,,
,,
,,
,,
,,
,,
,,
,,
,,
,,
,,
,,
,,
,,
,,
,,
,,
,,
,,
,,
,,
,,
,,
,,
,,
,,
,,
,,
,,
,,
,,
,,
,,
,,
,,
,,
,,
,,
,,
,,
,,
,,
,,
,,
,,
,,
,,
,,
,,
,,
,,
,,
,,
,,
,,
,,
,,
,,
,,
,,
,,
,,
,,
,,
,,
,,
,,
,,
,,
,,
,,
,,
,,
,,
,,
,,
,,
,,
,,
,,
,,
,,
,,
,,
,,
,,
,,
,,
,,
,,
,,
,,
,,
,,
,,
,,
,,
,,
,,
,,
,,
,,
,,
,,
,,
,,
,,
,,
,,
,,
,,
,,
,,
,,
,,
,,
,,
,,
,,
,,
,,
,,
,,
,,
,,
,,
,,
,,
,,
,,
,,
,,
,,
,,
,,
,,
,,
,,
,,
,,
,,
,,
,,
,,
,,
,,
,,
,,
,,
,,
,,
,,
,,
,,
,,
,,
,,
,,
,,
,,
,,
,,
,,
,,
,,
,,
,,
,,
,,
,,
,,
,,
,,
,,
,,
,,
,,
,,
,,
,,
,,
,,
,,
,,
,,
,,
,,
,,
,,
,,
,,
,,
,,
,,
,,
,,
,,
,,
,,
,,
,,
,,
,,
,,
,,
,,
,,
,,
,,
,,
,,
,,
,,
,,
,,
,,
,,
,,
,,
,,
,,
,,
,,
,,
,,
,,
,,
,,
,,
,,
,,
,,
,,
,,
,,
,,
,,
,,
,,
,,
,,
,,
,,
,,
,,
,,
,,
,,
,,
,,
,,
,,
,,
,,
,,
,,
,,
,,
,,
,,
,,
,,
,,
,,
,,
,,
,,
,,
,,
,,
,,
,,
,,
,,
,,
,,
,,
,,
,,
,,
,,
,,
,,
,,
,,
,,
,,
,,
,,
,,
,,
,,
,,
,,
,,
,,
,,
,,
,,
,,
,,
,,
,,
,,
,,
,,
,,
,,
,,
,,
,,
,,
,,
,,
,,
,,
,,
,,
,,
,,
,,
,,
,,
,,
,,
,,
,,
,,
,,
,,
,,
,,
,,
,,
,,
,,
,,
,,
,,
,,
,,
,,
,,
,,
,,
,,
,,
,,
,,
,,
,,
,,
,,
,,
,,
,,
,,
,,
,,
,,
,,
,,
,,
,,
,,
,,
,,
,,
,,
,,
,,
,,
,,
,,
,,
,,
,,
,,
,,
,,
,,
,,
,,
,,
,,
,,
,,
,,
,,
,,
,,
,,
,,
,,
,,
,,
,,
,,
,,
,,
,,
,,
,,
,,
,,
,,
,,
,,
,,
,,
,,
,,
,,
,,
,,
,,
,,
,,
,,
,,
,,
,,
,,
,,
,,
,,
,,
,,
,,
,,
,,
,,
,,
,,
,,
,,
,,
,,
,,
,,
,,
,,
,,
,,
,,
,,
,,
,,
,,
,,
,,
,,
,,
,,
,,
,,
,,
,,
,,
,,
,,
,,
,,
,,
,,
,,
,,
,,
,,
,,
,,
,,
,,
,,
,,
,,
,,
,,
,,
,,
,,
,,
,,
,,
,,
,,
,,
,,
,,
,,
,,
,,
,,
,,
,,
,,
,,
,,
,,
,,
,,
,,
,,
,,
,,
,,
,,
,,
,,
,,
,,
,,
,,
,,
,,
,,
,,
,,
,,
,,
,,
,,
,,
,,
,,
,,
,,
,,
,,
,,
,,
,,
,,
,,
,,
,,
,,
,,
,,
,,
,,
,,
,,
,,
,,
,,
,,
,,
,,
,,
,,
,,
,,
,,
,,
,,
,,
,,
,,
,,
,,
,,
,,
,,
,,
,,
,,
,,
,,
,,
,,
,,
,,
,,
,,
,,
,,
,,
,,
,,
,,
,,
,,
,,
,,
,,
,,
,,
,,
,,
,,
,,
,,
,,
,,
,,
,,
,,
,,
,,
,,
,,
,,
,,
,,
,,
,,
,,
,,
,,
,,
,,
,,
,,
,,
,,
,,
,,
,,
,,
,,
,,
,,
,,
,,
,,
,,
,,
,,
,,
,,
,,
,,
,,
,,
,,
,,
,,
,,
,,
,,
,,
,,
,,
,,
,,
,,
,,
,,
,,
,,
,,
,,
,,
,,
,,
,,
,,
,,
,,
,,
,,
,,
,,
,,
,,
,,
,,
,,
,,
,,
,,
,,
,,
,,
,,
,,
,,
,,
,,
,,
,,
,,
,,
,,
,,
,,
,,
,,
,,
,,
,,
,,
,,
,,
,,
,,
,,
,,
,,
,,
,,
,,
,,
,,
,,
,,
,,
,,
,,
,,
,,
,,
,,
,,
,,
,,
,,
,,
,,
,,
,,
,,
,,
,,
,,
,,
,,
,,
,,
,,
,,
,,
,,
,,
,,
,,
,,
,,
,,
,,
,,
,,
,,
,,
,,
,,
,,
,,
,,
,,
,,
,,
,,
,,
,,
,,
,,
,,
,,
,,
,,
,,
,,
,,
,,
,,
,,
,,
,,
,,
,,
,,
,,
,,
,,
,,
,,
,,
,,
,,
,,
,,
,,
,,
,,
,,
,,
,,
,,
,,
,,
,,
,,
,,
,,
,,
,,
,,
,,
,,
,,
,,
,,
,,
,,
,,
,,
,,
,,
,,
,,
,,
,,
,,
,,
,,
,,
,,
,,
,,
,,
,,
,,
,,
,,
,,
,,
,,
,,
,,
,,
,,
,,
,,
,,
,,
,,
,,
,,
,,
,,
,,
,,
,,
,,
,,
,,
,,
,,
,,
,,
,,
,,
,,
,,
,,
,,
,,
,,
,,
,,
,,
,,
,,
,,
,,
,,
,,
,,
,,
,,
,,
,,
,,
,,
,,
,,
,,
,,
,,
,,
,,
,,
,,
,,
,,
,,
,,
,,
,,
,,
,,
,,
,,
,,
,,
,,
,,
,,
,,
,,
,,
,,
,,
,,
,,
,,
,,
,,
,,
,,
,,
,,
,,
,,
,,
,,
,,
,,
,,
,,
,,
,,
,,
,,
,,
,,
,,
,,
,,
,,
,,
,,
,,
,,
,,
,,
,,
,,
,,
,,
,,
,,
,,
,,
,,
,,
,,
,,
,,
,,
,,
,,
,,
,,
,,
,,
,,
,,
,,
,,
,,
,,
,,
,,
,,
,,
,,
,,
,,
,,
,,
,,
,,
,,
,,
,,
,,
,,
,,
,,
,,
,,
,,
,,
,,
,,
,,
,,
,,
,,
,,
,,
,,
,,
,,
,,
,,
,,
,,
,,
,,
,,
,,
,,
,,
,,
,,
,,
,,
,,
,,
,,
,,
,,
,,
,,
,,
,,
,,
,,
,,
,,
,,
,,
,,
,,
,,
,,
,,
,,
,,
,,
,,
,,
,,
,,
,,
,,
,,
,,
,,
,,
,,
,,
,,
,,
,,
,,
,,
,,
,,
,,
,,
,,
,,
,,
,,
,,
,,
,,
,,
,,
,,
,,
,,
,,
,,
,,
,,
,,
,,
,,
,,
,,
,,
,,
,,
,,
,,
,,
,,
,,
,,
,,
,,
,,
,,
,,
,,
,,
,,
,,
,,
,,
,,
,,
,,
,,
,,
,,
,,
,,
,,
,,
,,
,,
,,
,,
,,
,,
,,
,,
,,
,,
,,
,,
,,
,,
,,
,,
,,
,,
,,
,,
,,
,,
,,
,,
,,
,,
,,
,,
,,
,,
,,
,,
,,
,,
,,
,,
,,
,,
,,
,,
,,
,,
,,
,,
,,
,,
,,
,,
,,
,,
,,
,,
,,
,,
,,
,,
,,
,,
,,
,,
,,
,,
,,
,,
,,
,,
,,
,,
,,
,,
,,
,,
,,
,,
,,
,,
,,
,,
,,
,,
,,
,,
,,
,,
,,
,,
,,
,,
,,
,,
,,
,,
,,
,,
,,
,,
,,
,,
,,
,,
,,
,,
,,
,,
,,
,,
,,
,,
,,
,,
,,
,,
,,
,,
,,
,,
,,
,,
,,
,,
,,
,,
,,
,,
,,
,,
,,
,,
,,
,,
,,
,,
,,
,,
,,
,,
,,
,,
,,
,,
,,
,,
,,
,,
,,
,,
,,
,,
,,
,,
,,
,,
,,
,,
,,
,,
,,
,,
,,
,,
,,
,,
,,
,,
,,
,,
,,
,,
,,
,,
,,
,,
,,
,,
,,
,,
,,
,,
,,
,,
,,
,,
,,
,,
,,
,,
,,
,,
,,
,,
,,
,,
,,
,,
,,
,,
,,
,,
,,
,,
,,
,,
,,
,,
,,
,,
,,
,,
,,
,,
,,
,,
,,
,,
,,
,,
,,
,,
,,
,,
,,
,,
,,
,,
,,
,,
,,
,,
,,
,,
,,
,,
,,
,,
,,
,,
,,
,,
,,
,,
,,
,,
,,
,,
,,
,,
,,
,,
,,
,,
,,
,,
,,
,,
,,
,,
,,
,,
,,
,,
,,
,,
,,
,,
,,
,,
,,
,,
,,
,,
,,
,,
,,
,,
,,
,,
,,
,,
,,
,,
,,
,,
,,
,,
,,
,,
,,
,,
,,
,,
,,
,,
,,
,,
,,
,,
,,
,,
,,
,,
,,
,,
,,
,,
,,
,,
,,
,,
,,
,,
,,
,,
,,
,,
,,
,,
,,
,,
,,
,,
,,
,,
,,
,,
,,
,,
,,
,,
,,
,,
,,
,,
,,
,,
,,
,,
,,
,,
,,
,,
,,
,,
,,
,,
,,
,,
,,
,,
,,
,,
,,
,,
,,
,,
,,
,,
,,
,,
,,
,,
,,
,,
,,
,,
,,
,,
,,
,,
,,
,,
,,
,,
,,
,,
,,
,,
,,
,,
,,
,,
,,
,,
,,
,,
,,
,,
,,
,,
,,
,,
,,
,,
,,
,,
,,
,,
,,
,,
,,
,,
,,
,,
,,
,,
,,
,,
,,
,,
,,
,,
,,
,,
,,
,,
,,
,,
,,
,,
,,
,,
,,
,,
,,
,,
,,
,,
,,
,,
,,
,,
,,
,,
,,
,,
,,
,,
,,
,,
,,
,,
,,
,,
,,
,,
,,
,,
,,
,,
,,
,,
,,
,,
,,
,,
,,
,,
,,
,,
,,
,,
,,
,,
,,
,,
,,
,,
,,
,,
,,
,,
,,
,,
,,
,,
,,
,,
,,
,,
,,
,,
,,
,,
,,
,,
,,
,,
,,
,,
,,
,,
,,
,,
,,
,,
,,
,,
,,
,,
,,
,,
,,
,,
,,
,,
,,
,,
,,
,,
,,
,,
,,
,,
,,
,,
,,
,,
,,
,,
,,
,,
,,
,,
,,
,,
,,
,,
,,
,,
,,
,,
,,
,,
,,
,,
,,
,,
,,
,,
,,
,,
,,
,,
,,
,,
,,
,,
,,
,,
,,
,,
,,
,,
,,
,,
,,
,,
,,
,,
,,
,,
,,
,,
,,
,,
,,
,,
,,
,,
,,
,,
,,
,,
,,
,,
,,
,,
,,
,,
,,
,,
,,
,,
,,
,,
,,
,,
,,
,,
,,
,,
,,
,,
,,
,,
,,
,,
,,
,,
,,
,,
,,
,,
,,
,,
,,
,,
,,
,,
,,
,,
,,
,,
,,
,,
,,
,,
,,
,,
,,
,,
,,
,,
,,
,,
,,
,,
,,
,,
,,
,,
,,
,,
,,
,,
,,
,,
,,
,,
,,
,,
,,
,,
,,
,,
,,
,,
,,
,,
,,
,,
,,
,,
,,
,,
,,
,,
,,
,,
,,
,,
,,
,,
,,
,,
,,
,,
,,
,,
,,
,,
,,
,,
,,
,,
,,
,,
,,
,,
,,
,,
,,
,,
,,
,,
,,
,,
,,
,,
,,
,,
,,
,,
,,
,,
,,
,,
,,
,,
,,
,,
,,
,,
,,
,,
,,
,,
,,
,,
,,
,,
,,
,,
,,
,,
,,
,,
,,
,,
,,
,,
,,
,,
,,
,,
,,
,,
,,
,,
,,
,,
,,
,,
,,
,,
,,
,,
,,
,,
,,
,,
,,
,,
,,
,,
,,
,,
,,
,,
,,
,,
,,
,,
,,
,,
,,
,,
,,
,,
,,
,,
,,
,,
,,
,,
,,
,,
,,
,,
,,
,,
,,
,,
,,
,,
,,
,,
,,
,,
,,
,,
,,
,,
,,
,,
,,
,,
,,
,,
,,
,,
,,
,,
,,
,,
,,
,,
,,
,,
,,
,,
,,
,,
,,
,,
,,
,,
,,
,,
,,
,,
,,
,,
,,
,,
,,
,,
,,
,,
,,
,,
,,
,,
,,
,,
,,
,,
,,
,,
,,
,,
,,
,,
,,
,,
,,
,,
,,
,,
,,
,,
,,
,,
,,
,,
,,
,,
,,
,,
,,
,,
,,
,,
,,
,,
,,
,,
,,
,,
,,
,,
,,
,,
,,
,,
,,
,,
,,
,,
,,
,,
,,
,,
,,
,,
,,
,,
,,
,,
,,
,,
,,
,,
,,
,,
,,
,,
,,
,,
,,
,,
,,
,,
,,
,,
,,
,,
,,
,,
,,
,,
,,
,,
,,
,,
,,
,,
,,
,,
,,
,,
,,
,,
,,
,,
,,
,,
,,
,,
,,
,,
,,
,,
,,
,,
,,
,,
,,
,,
,,
,,
,,
,,
,,
,,
,,
,,
,,
,,
,,
,,
,,
,,
,,
,,
,,
,,
,,
,,
,,
,,
,,
,,
,,
,,
,,
,,
,,
,,
,,
,,
,,
,,
,,
,,
,,
,,
,,
,,
,,
,,
,,
,,
,,
,,
,,
,,
,,
,,
,,
,,
,,
,,
,,
,,
,,
,,
,,
,,
,,
,,
,,
,,
,,
,,
,,
,,
,,
,,
,,
,,
,,
,,
,,
,,
,,
,,
,,
,,
,,
,,
,,
,,
,,
,,
,,
,,
,,
,,
,,
,,
,,
,,
,,
,,
,,
,,
,,
,,
,,
,,
,,
,,
,,
,,
,,
,,
,,
,,
,,
,,
,,
,,
,,
,,
,,
,,
,,
,,
,,
,,
,,
,,
,,
,,
,,
,,
,,
,,
,,
,,
,,
,,
,,
,,
,,
,,
,,
,,
,,
,,
,,
,,
,,
,,
,,
,,
,,
,,
,,
,,
,,
,,
,,
,,
,,
,,
,,
,,
,,
,,
,,
,,
,,
,,
,,
,,
,,
,,
,,
,,
,,
,,
,,
,,
,,
,,
,,
,,
,,
,,
,,
,,
,,
,,
,,
,,
,,
,,
,,
,,
,,
,,
,,
,,
,,
,,
,,
,,
,,
,,
,,
,,
,,
,,
,,
,,
,,
,,
,,
,,
,,
,,
,,
,,
,,
,,
,,
,,
,,
,,
,,
,,
,,
,,
,,
,,
,,
,,
,,
,,
,,
,,
,,
,,
,,
,,
,,
,,
,,
,,
,,
,,
,,
,,
,,
,,
,,
,,
,,
,,
,,
,,
,,
,,
,,
,,
,,
,,
,,
,,
,,
,,
,,
,,
,,
,,
,,
,,
,,
,,
,,
,,
,,
,,
,,
,,
,,
,,
,,
,,
,,
,,
,,
,,
,,
,,
,,
,,
,,
,,
,,
,,
,,
,,
,,
,,
,,
,,
,,
,,
,,
,,
,,
,,
,,
,,
,,
,,
,,
,,
,,
,,
,,
,,
,,
,,
,,
,,
,,
,,
,,
,,
,,
,,
,,
,,
,,
,,
,,
,,
,,
,,
,,
,,
,,
,,
,,
,,
,,
,,
,,
,,
,,
,,
,,
,,
,,
,,
,,
,,
,,
,,
,,
,,
,,
,,
,,
,,
,,
,,
,,
,,
,,
,,
,,
,,
,,
,,
,,
,,
,,
,,
,,
,,
,,
,,
,,
,,
,,
,,
,,
,,
,,
,,
,,
,,
,,
,,
,,
,,
,,
,,
,,
,,
,,
,,
,,
,,
,,
,,
,,
,,
,,
,,
,,
,,
,,
,,
,,
,,
,,
,,
,,
,,
,,
,,
,,
,,
,,
,,
,,
,,
,,
,,
,,
,,
,,
,,
,,
,,
,,
,,
,,
,,
,,
,,
,,
,,
,,
,,
,,
,,
,,
,,
,,
,,
,,
,,
,,
,,
,,
,,
,,
,,
,,
,,
,,
,,
,,
,,
,,
,,
,,
,,
,,
,,
,,
,,
,,
,,
,,
,,
,,
,,
,,
,,
,,
,,
,,
,,
,,
,,
,,
,,
,,
,,
,,
,,
,,
,,
,,
,,
,,
,,
,,
,,
,,
,,
,,
,,
,,
,,
,,
,,
,,
,,
,,
,,
,,
,,
,,
,,
,,
,,
,,
,,
,,
,,
,,
,,
,,
,,
,,
,,
,,
,,
,,
,,
,,
,,
,,
,,
,,
,,
,,
,,
,,
,,
,,
,,
,,
,,
,,
,,
,,
,,
,,
,,
,,
,,
,,
,,
,,
,,
,,
,,
,,
,,
,,
,,
,,
,,
,,
,,
,,
,,
,,
,,
,,
,,
,,
,,
,,
,,
,,
,,
,,
,,
,,
,,
,,
,,
,,
,,
,,
,,
,,
,,
,,
,,
,,
,,
,,
,,
,,
,,
,,
,,
,,
,,
,,
,,
,,
,,
,,
,,
,,
,,
,,
,,
,,
,,
,,
,,
,,
,,
,,
,,
,,
,,
,,
,,
,,
,,
,,
,,
,,
,,
,,
,,
,,
,,
,,
,,
,,
,,
,,
,,
,,
,,
,,
,,
,,
,,
,,
,,
,,
,,
,,
,,
,,
,,
,,
,,
,,
,,
,,
,,
,,
,,
,,
,,
,,
,,
,,
,,
,,
,,
,,
,,
,,
,,
,,
,,
,,
,,
,,
,,
,,
,,
,,
,,
,,
,,
,,
,,
,,
,,
,,
,,
,,
,,
,,
,,
,,
,,
,,
,,
,,
,,
,,
,,
,,
,,
,,
,,
,,
,,
,,
,,
,,
,,
,,
,,
,,
,,
,,
,,
,,
,,
,,
,,
,,
,,
,,
,,
,,
,,
,,
,,
,,
,,
,,
,,
,,
,,
,,
,,
,,
,,
,,
,,
,,
,,
,,
,,
,,
,,
,,
,,
,,
,,
,,
,,
,,
,,
,,
,,
,,
,,
,,
,,
,,
,,
,,
,,
,,
,,
,,
,,
,,
,,
,,
,,
,,
,,
,,
,,
,,
,,
,,
,,
,,
,,
,,
,,
,,
,,
,,
,,
,,
,,
,,
,,
,,
,,
,,
,,
,,
,,
,,
,,
,,
,,
,,
,,
,,
,,
,,
,,
,,
,,
,,
,,
,,
,,
,,
,,
,,
,,
,,
,,
,,
,,
,,
,,
,,
,,
,,
,,
,,
,,
,,
,,
,,
,,
,,
,,
,,
,,
,,
,,
,,
,,
,,
,,
,,
,,
,,
,,
,,
,,
,,
,,
,,
,,
,,
,,
,,
,,
,,
,,
,,
,,
,,
,,
,,
,,
,,
,,
,,
,,
,,
,,
,,
,,
,,
,,
,,
,,
,,
,,
,,
,,
,,
,,
,,
,,
,,
,,
,,
,,
,,
,,
,,
,,
,,
,,
,,
,,
,,
,,
,,
,,
,,
,,
,,
,,
,,
,,
,,
,,
,,
,,
,,
,,
,,
,,
,,
,,
,,
,,
,,
,,
,,
,,
,,
,,
,,
,,
,,
,,
,,
,,
,,
,,
,,
,,
,,
,,
,,
,,
,,
,,
,,
,,
,,
,,
,,
,,
,,
,,
,,
,,
,,
,,
,,
,,
,,
,,
,,
,,
,,
,,
,,
,,
,,
,,
,,
,,
,,
,,
,,
,,
,,
,,
,,
,,
,,
,,
,,
,,
,,
,,
,,
,,
,,
,,
,,
,,
,,
,,
,,
,,
,,
,,
,,
,,
,,
,,
,,
,,
,,
,,
,,
,,
,,
,,
,,
,,
,,
,,
,,
,,
,,
,,
,,
,,
,,
,,
,,
,,
,,
,,
,,
,,
,,
,,
,,
,,
,,
,,
,,
,,
,,
,,
,,
,,
,,
,,
,,
,,
,,
,,
,,
,,
,,
,,
,,
,,
,,
,,
,,
,,
,,
,,
,,
,,
,,
,,
,,
,,
,,
,,
,,
,,
,,
,,
,,
,,
,,
,,
,,
,,
,,
,,
,,
,,
,,
,,
,,
,,
,,
,,
,,
,,
,,
,,
,,
,,
,,
,,
,,
,,
,,
,,
,,
,,
,,
,,
,,
,,
,,
,,
,,
,,
,,
,,
,,
,,
,,
,,
,,
,,
,,
,,
,,
,,
,,
,,
,,
,,
,,
,,
,,
,,
,,
,,
,,
,,
,,
,,
,,
,,
,,
,,
,,
,,
,,
,,
,,
,,
,,
,,
,,
,,
,,
,,
,,
,,
,,
,,
,,
,,
,,
,,
,,
,,
,,
,,
,,
,,
,,
,,
,,
,,
,,
,,
,,
,,
,,
,,
,,
,,
,,
,,
,,
,,
,,
,,
,,
,,
,,
,,
,,
,,
,,
,,
,,
,,
,,
,,
,,
,,
,,
,,
,,
,,
,,
,,
,,
,,
,,
,,
,,
,,
,,
,,
,,
,,
,,
,,
,,
,,
,,
,,
,,
,,
,,
,,
,,
,,
,,
,,
,,
,,
,,
,,
,,
,,
,,
,,
,,
,,
,,
,,
,,
,,
,,
,,
,,
,,
,,
,,
,,
,,
,,
,,
,,
,,
,,
,,
,,
,,
,,
,,
,,
,,
,,
,,
,,
,,
,,
,,
,,
,,
,,
,,
,,
,,
,,
,,
,,
,,
,,
,,
,,
,,
,,
,,
,,
,,
,,
,,
,,
,,
,,
,,
,,
,,
,,
,,
,,
,,
,,
,,
,,
,,
,,
,,
,,
,,
,,
,,
,,
,,
,,
,,
,,
,,
,,
,,
,,
,,
,,
,,
,,
,,
,,
,,
,,
,,
,,
,,
,,
,,
,,
,,
,,
,,
,,
,,
,,
,,
,,
,,
,,
,,
,,
,,
,,
,,
,,
,,
,,
,,
,,
,,
,,
,,
,,
,,
,,
,,
,,
,,
,,
,,
,,
,,
,,
,,
,,
,,
,,
,,
,,
,,
,,
,,
,,
,,
,,
,,
,,
,,
,,
,,
,,
,,
,,
,,
,,
,,
,,
,,
,,
,,
,,
,,
,,
,,
,,
,,
,,
,,
,,
,,
,,
,,
,,
,,
,,
,,
,,
,,
,,
,,
,,
,,
,,
,,
,,
,,
,,
,,
,,
,,
,,
,,
,,
,,
,,
,,
,,
,,
,,
,,
,,
,,
,,
,,
,,
,,
,,
,,
,,
,,
,,
,,
,,
,,
,,
,,
,,
,,
,,
,,
,,
,,
,,
,,
,,
,,
,,
,,
,,
,,
,,
,,
,,
,,
,,
,,
,,
,,
,,
,,
,,
,,
,,
,,
,,
,,
,,
,,
,,
,,
,,
,,
,,
,,
,,
,,
,,
,,
,,
,,
,,
,,
,,
,,
,,
,,
,,
,,
,,
,,
,,
,,
,,
,,
,,
,,
,,
,,
,,
,,
,,
,,
,,
,,
,,
,,
,,
,,
,,
,,
,,
,,
,,
,,
,,
,,
,,
,,
,,
,,
,,
,,
,,
,,
,,
,,
,,
,,
,,
,,
,,
,,
,,
,,
,,
,,
,,
,,
,,
,,
,,
,,
,,
,,
,,
,,
,,
,,
,,
,,
,,
,,
,,
,,
,,
,,
,,
,,
,,
,,
,,
,,
,,
,,
,,
,,
,,
,,
,,
,,
,,
,,
,,
,,
,,
,,
,,
,,
,,
,,
,,
,,
,,
,,
,,
,,
,,
,,
,,
,,
,,
,,
,,
,,
,,
,,
,,
,,
,,
,,
,,
,,
,,
,,
,,
,,
,,
,,
,,
,,
,,
,,
,,
,,
,,
,,
,,
,,
,,
,,
,,
,,
,,
,,
,,
,,
,,
,,
,,
,,
,,
,,
,,
,,
,,
,,
,,
,,
,,
,,
,,
,,
,,
,,
,,
,,
,,
,,
,,
,,
,,
,,
,,
,,
,,
,,
,,
,,
,,
,,
,,
,,
,,
,,
,,
,,
,,
,,
,,
,,
,,
,,
,,
,,
,,
,,
,,
,,
,,
,,
,,
,,
,,
,,
,,
,,
,,
,,
,,
,,
,,
,,
,,
,,
,,
,,
,,
,,
,,
,,
,,
,,
,,
,,
,,
,,
,,
,,
,,
,,
,,
,,
,,
,,
,,
,,
,,
,,
,,
,,
,,
,,
,,
,,
,,
,,
,,
,,
,,
,,
,,
,,
,,
,,
,,
,,
,,
,,
,,
,,
,,
,,
,,
,,
,,
,,
,,
,,
,,
,,
,,
,,
,,
,,
,,
,,
,,
,,
,,
,,
,,
,,
,,
,,
,,
,,
,,
,,
,,
,,
,,
,,
,,
,,
,,
,,
,,
,,
,,
,,
,,
,,
,,
,,
,,
,,
,,
,,
,,
,,
,,
,,
,,
,,
,,
,,
,,
,,
,,
,,
,,
,,
,,
,,
,,
,,
,,
,,
,,
,,
,,
,,
,,
,,
,,
,,
,,
,,
,,
,,
,,
,,
,,
,,
,,
,,
,,
,,
,,
,,
,,
,,
,,
,,
,,
,,
,,
,,
,,
,,
,,
,,
,,
,,
,,
,,
,,
,,
,,
,,
,,
,,
,,
,,
,,
,,
,,
,,
,,
,,
,,
,,
,,
,,
,,
,,
,,
,,
,,
,,
,,
,,
,,
,,
,,
,,
,,
,,
,,
,,
,,
,,
,,
,,
,,
,,
,,
,,
,,
,,
,,
,,
,,
,,
,,
,,
,,
,,
,,
,,
,,
,,
,,
,,
,,
,,
,,
,,
,,
,,
,,
,,
,,
,,
,,
,,
,,
,,
,,
,,
,,
,,
,,
,,
,,
,,
,,
,,
,,
,,
,,
,,
,,
,,
,,
,,
,,
,,
,,
,,
,,
,,
,,
,,
,,
,,
,,
,,
,,
,,
,,
,,
,,
,,
,,
,,
,,
,,
,,
,,
,,
,,
,,
,,
,,
,,
,,
,,
,,
,,
,,
,,
,,
,,
,,
,,
,,
,,
,,
,,
,,
,,
,,
,,
,,
,,
,,
,,
,,
,,
,,
,,
,,
,,
,,
,,
,,
,,
,,
,,
,,
,,
,,
,,
,,
,,
,,
,,
,,
,,
,,
,,
,,
,,
,,
,,
,,
,,
,,
,,
,,
,,
,,
,,
,,
,,
,,
,,
,,
,,
,,
,,
,,
,,
,,
,,
,,
,,
,,
,,
,,
,,
,,
,,
,,
,,
,,
,,
,,
,,
,,
,,
,,
,,
,,
,,
,,
,,
,,
,,
,,
,,
,,
,,
,,
,,
,,
,,
,,
,,
,,
,,
,,
,,
,,
,,
,,
,,
,,
,,
,,
,,
,,
,,
,,
,,
,,
,,
,,
,,
,,
,,
,,
,,
,,
,,
,,
,,
,,
,,
,,
,,
,,
,,
,,
,,
,,
,,
,,
,,
,,
,,
,,
,,
,,
,,
,,
,,
,,
,,
,,
,,
,,
,,
,,
,,
,,
,,
,,
,,
,,
,,
,,
,,
,,
,,
,,
,,
,,
,,
,,
,,
,,
,,
,,
,,
,,
,,
,,
,,
,,
,,
,,
,,
,,
,,
,,
,,
,,
,,
,,
,,
,,
,,
,,
,,
,,
,,
,,
,,
,,
,,
,,
,,
,,
,,
,,
,,
,,
,,
,,
,,
,,
,,
,,
,,
,,
,,
,,
,,
,,
,,
,,
,,
,,
,,
,,
,,
,,
,,
,,
,,
,,
,,
,,
,,
,,
,,
,,
,,
,,
,,
,,
,,
,,
,,
,,
,,
,,
,,
,,
,,
,,
,,
,,
,,
,,
,,
,,
,,
,,
,,
,,
,,
,,
,,
,,
,,
,,
,,
,,
,,
,,
,,
,,
,,
,,
,,
,,
,,
,,
,,
,,
,,
,,
,,
,,
,,
,,
,,
,,
,,
,,
,,
,,
,,
,,
,,
,,
,,
,,
,,
,,
,,
,,
,,
,,
,,
,,
,,
,,
,,
,,
,,
,,
,,
,,
,,
,,
,,
,,
,,
,,
,,
,,
,,
,,
,,
,,
,,
,,
,,
,,
,,
,,
,,
,,
,,
,,
,,
,,
,,
,,
,,
,,
,,
,,
,,
,,
,,
,,
,,
,,
,,
,,
,,
,,
,,
,,
,,
,,
,,
,,
,,
,,
,,
,,
,,
,,
,,
,,
,,
,,
,,
,,
,,
,,
,,
,,
,,
,,
,,
,,
,,
,,
,,
,,
,,
,,
,,
,,
,,
,,
,,
,,
,,
,,
,,
,,
,,
,,
,,
,,
,,
,,
,,
,,
,,
,,
,,
,,
,,
,,
,,
,,
,,
,,
,,
,,
,,
,,
,,
,,
,,
,,
,,
,,
,,
,,
,,
,,
,,
,,
,,
,,
,,
,,
,,
,,
,,
,,
,,
,,
,,
,,
,,
,,
,,
,,
,,
,,
,,
,,
,,
,,
,,
,,
,,
,,
,,
,,
,,
,,
,,
,,
,,
,,
,,
,,
,,
,,
,,
,,
,,
,,
,,
,,
,,
,,
,,
,,
,,
,,
,,
,,
,,
,,
,,
,,
,,
,,
,,
,,
,,
,,
,,
,,
,,
,,
,,
,,
,,
,,
,,
,,
,,
,,
,,
,,
,,
,,
,,
,,
,,
,,
,,
,,
,,
,,
,,
,,
,,
,,
,,
,,
,,
,,
,,
,,
,,
,,
,,
,,
,,
,,
,,
,,
,,
,,
,,
,,
,,
,,
,,
,,
,,
,,
,,
,,
,,
,,
,,
,,
,,
,,
,,
,,
,,
,,
,,
,,
,,
,,
,,
,,
,,
,,
,,
,,
,,
,,
,,
,,
,,
,,
,,
,,
,,
,,
,,
,,
,,
,,
,,
,,
,,
,,
,,
,,
,,
,,
,,
,,
,,
,,
,,
,,
,,
,,
,,
,,
,,
,,
,,
,,
,,
,,
,,
,,
,,
,,
,,
,,
,,
,,
,,
,,
,,
,,
,,
,,
,,
,,
,,
,,
,,
,,
,,
,,
,,
,,
,,
,,
,,
,,
,,
,,
,,
,,
,,
,,
,,
,,
,,
,,
,,
,,
,,
,,
,,
,,
,,
,,
,,
,,
,,
,,
,,
,,
,,
,,
,,
,,
,,
,,
,,
,,
,,
,,
,,
,,
,,
,,
,,
,,
,,
,,
,,
,,
,,
,,
,,
,,
,,
,,
,,
,,
,,
,,
,,
,,
,,
,,
,,
,,
,,
,,
,,
