Section rank,Number of disrupted edges,Disrupted edges,Flow trains,Gauge,Trips analysed,Intact Trips,Rerouted Trips,Blocked Trips,Avg Detour (mi),Avg Delay (min)
1,3,"[((-0.2504121, 51.525913), (-0.2471227, 51.5260701)), ((-0.2471227, 51.5260701), (-0.2420364, 51.5256158)), ((-0.2420364, 51.5256158), (np.float64(-0.2402322), np.float64(51.525672)))]",474,Gauge 6,5211,4643 (89.1%),568 (10.9%),0 (0.0%),1.52,1.9
1,3,"[((-0.2504121, 51.525913), (-0.2471227, 51.5260701)), ((-0.2471227, 51.5260701), (-0.2420364, 51.5256158)), ((-0.2420364, 51.5256158), (np.float64(-0.2402322), np.float64(51.525672)))]",474,Gauge 10,864,864 (100.0%),0 (0.0%),0 (0.0%),0,0
2,1,"[((-0.3937549, 51.6621272), (-0.2504121, 51.525913))]",449,Gauge 6,5211,4645 (89.1%),566 (10.9%),0 (0.0%),1.26,5.4
2,1,"[((-0.3937549, 51.6621272), (-0.2504121, 51.525913))]",449,Gauge 10,864,864 (100.0%),0 (0.0%),0 (0.0%),0,0
3,1,"[((-2.2191308, 53.4736627), (-2.2185405, 53.4733947))]",395,Gauge 6,5211,5188 (99.6%),23 (0.4%),0 (0.0%),0.00,1.0
3,1,"[((-2.2191308, 53.4736627), (-2.2185405, 53.4733947))]",395,Gauge 10,864,864 (100.0%),0 (0.0%),0 (0.0%),0,0
4,54,"[((-0.6592976, 51.8506239), (-0.6583311, 51.8479323)), ((-0.6593479, 51.8507653), (-0.6592976, 51.8506239)), ((-0.6583311, 51.8479323), (-0.6582323, 51.8476395)), ((-0.66159, 51.857063), (-0.6593479, 51.8507653)), ((-0.6582323, 51.8476395), (-0.6556637, 51.8404842)), ((-0.667826, 51.8745519), (-0.66159, 51.857063)), ((-0.6556637, 51.8404842), (-0.6555781, 51.8402522)), ((-0.6555781, 51.8402522), (-0.6548599, 51.8382612)), ((-0.6548599, 51.8382612), (-0.6545496, 51.8373678)), ((-0.6545496, 51.8373678), (-0.6538096, 51.8353446)), ((-0.6538096, 51.8353446), (-0.6537424, 51.8351528)), ((-0.6537424, 51.8351528), (-0.6248038, 51.8028656)), ((-0.6248038, 51.8028656), (-0.6217799, 51.8001278)), ((-0.6217799, 51.8001278), (-0.5981004, 51.7780418)), ((-0.5981004, 51.7780418), (-0.5979979, 51.7779998)), ((-0.5979979, 51.7779998), (-0.5867641, 51.772306)), ((-0.5867641, 51.772306), (-0.5834187, 51.770309)), ((-0.5834187, 51.770309), (-0.5613426, 51.7632918)), ((-0.5613426, 51.7632918), (-0.561151, 51.7632384)), ((-0.561151, 51.7632384), (-0.5590146, 51.7624655)), ((-0.5590146, 51.7624655), (-0.558855, 51.7624043)), ((-0.558855, 51.7624043), (-0.5137689, 51.747531)), ((-0.5137689, 51.747531), (-0.513627, 51.7474941)), ((-0.513627, 51.7474941), (-0.5080191, 51.7460705)), ((-0.5080191, 51.7460705), (-0.5074677, 51.7459321)), ((-0.5074677, 51.7459321), (-0.4971332, 51.7436276)), ((-0.4971332, 51.7436276), (-0.4967783, 51.74355)), ((-0.4967783, 51.74355), (-0.4935544, 51.7428426)), ((-0.4935544, 51.7428426), (-0.4931238, 51.7427529)), ((-0.4931238, 51.7427529), (-0.4650089, 51.7334921)), ((-0.4650089, 51.7334921), (-0.4613061, 51.7314106)), ((-0.4613061, 51.7314106), (-0.4544843, 51.7273279)), ((-0.4544843, 51.7273279), (-0.4539209, 51.7269966)), ((-0.4539209, 51.7269966), (-0.4501575, 51.7247296)), ((-0.4501575, 51.7247296), (-0.4494977, 51.7243287)), ((-0.4494977, 51.7243287), (-0.447973, 51.723341)), ((-0.447973, 51.723341), (-0.4478115, 51.7232243)), ((-0.4478115, 51.7232243), (-0.4431856, 51.7188578)), ((-0.4431856, 51.7188578), (-0.4430789, 51.7187233)), ((-0.4430789, 51.7187233), (-0.4405254, 51.7143859)), ((-0.4405254, 51.7143859), (-0.4404345, 51.7141608)), ((-0.4404345, 51.7141608), (-0.4390073, 51.7097077)), ((-0.4390073, 51.7097077), (-0.4389731, 51.70959)), ((-0.4389731, 51.70959), (-0.438302, 51.7075995)), ((-0.438302, 51.7075995), (-0.4382693, 51.7075006)), ((-0.4382693, 51.7075006), (-0.4368014, 51.7024722)), ((-0.4368014, 51.7024722), (-0.4367536, 51.7023309)), ((-0.4367536, 51.7023309), (-0.4332818, 51.6938611)), ((-0.4332818, 51.6938611), (-0.4331685, 51.693697)), ((-0.4331685, 51.693697), (-0.4262194, 51.687969)), ((-0.4262194, 51.687969), (-0.4095794, 51.67537)), ((-0.4095794, 51.67537), (-0.3934836, 51.661862)), ((-0.3939264, 51.662151), (-0.3934836, 51.661862)), ((-0.3939264, 51.662151), (-0.3937549, 51.6621272))]",351,Gauge 6,5211,4778 (91.7%),425 (8.2%),8 (0.2%),14.03,41.2
4,54,"[((-0.6592976, 51.8506239), (-0.6583311, 51.8479323)), ((-0.6593479, 51.8507653), (-0.6592976, 51.8506239)), ((-0.6583311, 51.8479323), (-0.6582323, 51.8476395)), ((-0.66159, 51.857063), (-0.6593479, 51.8507653)), ((-0.6582323, 51.8476395), (-0.6556637, 51.8404842)), ((-0.667826, 51.8745519), (-0.66159, 51.857063)), ((-0.6556637, 51.8404842), (-0.6555781, 51.8402522)), ((-0.6555781, 51.8402522), (-0.6548599, 51.8382612)), ((-0.6548599, 51.8382612), (-0.6545496, 51.8373678)), ((-0.6545496, 51.8373678), (-0.6538096, 51.8353446)), ((-0.6538096, 51.8353446), (-0.6537424, 51.8351528)), ((-0.6537424, 51.8351528), (-0.6248038, 51.8028656)), ((-0.6248038, 51.8028656), (-0.6217799, 51.8001278)), ((-0.6217799, 51.8001278), (-0.5981004, 51.7780418)), ((-0.5981004, 51.7780418), (-0.5979979, 51.7779998)), ((-0.5979979, 51.7779998), (-0.5867641, 51.772306)), ((-0.5867641, 51.772306), (-0.5834187, 51.770309)), ((-0.5834187, 51.770309), (-0.5613426, 51.7632918)), ((-0.5613426, 51.7632918), (-0.561151, 51.7632384)), ((-0.561151, 51.7632384), (-0.5590146, 51.7624655)), ((-0.5590146, 51.7624655), (-0.558855, 51.7624043)), ((-0.558855, 51.7624043), (-0.5137689, 51.747531)), ((-0.5137689, 51.747531), (-0.513627, 51.7474941)), ((-0.513627, 51.7474941), (-0.5080191, 51.7460705)), ((-0.5080191, 51.7460705), (-0.5074677, 51.7459321)), ((-0.5074677, 51.7459321), (-0.4971332, 51.7436276)), ((-0.4971332, 51.7436276), (-0.4967783, 51.74355)), ((-0.4967783, 51.74355), (-0.4935544, 51.7428426)), ((-0.4935544, 51.7428426), (-0.4931238, 51.7427529)), ((-0.4931238, 51.7427529), (-0.4650089, 51.7334921)), ((-0.4650089, 51.7334921), (-0.4613061, 51.7314106)), ((-0.4613061, 51.7314106), (-0.4544843, 51.7273279)), ((-0.4544843, 51.7273279), (-0.4539209, 51.7269966)), ((-0.4539209, 51.7269966), (-0.4501575, 51.7247296)), ((-0.4501575, 51.7247296), (-0.4494977, 51.7243287)), ((-0.4494977, 51.7243287), (-0.447973, 51.723341)), ((-0.447973, 51.723341), (-0.4478115, 51.7232243)), ((-0.4478115, 51.7232243), (-0.4431856, 51.7188578)), ((-0.4431856, 51.7188578), (-0.4430789, 51.7187233)), ((-0.4430789, 51.7187233), (-0.4405254, 51.7143859)), ((-0.4405254, 51.7143859), (-0.4404345, 51.7141608)), ((-0.4404345, 51.7141608), (-0.4390073, 51.7097077)), ((-0.4390073, 51.7097077), (-0.4389731, 51.70959)), ((-0.4389731, 51.70959), (-0.438302, 51.7075995)), ((-0.438302, 51.7075995), (-0.4382693, 51.7075006)), ((-0.4382693, 51.7075006), (-0.4368014, 51.7024722)), ((-0.4368014, 51.7024722), (-0.4367536, 51.7023309)), ((-0.4367536, 51.7023309), (-0.4332818, 51.6938611)), ((-0.4332818, 51.6938611), (-0.4331685, 51.693697)), ((-0.4331685, 51.693697), (-0.4262194, 51.687969)), ((-0.4262194, 51.687969), (-0.4095794, 51.67537)), ((-0.4095794, 51.67537), (-0.3934836, 51.661862)), ((-0.3939264, 51.662151), (-0.3934836, 51.661862)), ((-0.3939264, 51.662151), (-0.3937549, 51.6621272))]",351,Gauge 10,864,863 (99.9%),0 (0.0%),1 (0.1%),0,0
5,15,"[((-2.2300135, 53.4760891), (-2.2263409, 53.4761881)), ((-2.230347, 53.4760507), (-2.2300135, 53.4760891)), ((-2.2263409, 53.4761881), (-2.2261071, 53.47616)), ((-2.230547, 53.4760232), (-2.230347, 53.4760507)), ((-2.2261071, 53.47616), (-2.2247763, 53.4757831)), ((-2.2307342, 53.4759882), (-2.230547, 53.4760232)), ((-2.2247763, 53.4757831), (-2.2230089, 53.4751107)), ((-2.2314979, 53.4758161), (-2.2307342, 53.4759882)), ((-2.2230089, 53.4751107), (-2.2227201, 53.4750066)), ((-2.2401529, 53.4738556), (-2.2314979, 53.4758161)), ((-2.2227201, 53.4750066), (-2.2198745, 53.4739393)), ((-2.2405988, 53.4737795), (-2.2401529, 53.4738556)), ((-2.2198745, 53.4739393), (-2.2195999, 53.4738232)), ((-2.2413269, 53.4736977), (-2.2405988, 53.4737795)), ((-2.2195999, 53.4738232), (-2.2191308, 53.4736627))]",346,Gauge 6,5211,5042 (96.8%),169 (3.2%),0 (0.0%),1.07,1.5
5,15,"[((-2.2300135, 53.4760891), (-2.2263409, 53.4761881)), ((-2.230347, 53.4760507), (-2.2300135, 53.4760891)), ((-2.2263409, 53.4761881), (-2.2261071, 53.47616)), ((-2.230547, 53.4760232), (-2.230347, 53.4760507)), ((-2.2261071, 53.47616), (-2.2247763, 53.4757831)), ((-2.2307342, 53.4759882), (-2.230547, 53.4760232)), ((-2.2247763, 53.4757831), (-2.2230089, 53.4751107)), ((-2.2314979, 53.4758161), (-2.2307342, 53.4759882)), ((-2.2230089, 53.4751107), (-2.2227201, 53.4750066)), ((-2.2401529, 53.4738556), (-2.2314979, 53.4758161)), ((-2.2227201, 53.4750066), (-2.2198745, 53.4739393)), ((-2.2405988, 53.4737795), (-2.2401529, 53.4738556)), ((-2.2198745, 53.4739393), (-2.2195999, 53.4738232)), ((-2.2413269, 53.4736977), (-2.2405988, 53.4737795)), ((-2.2195999, 53.4738232), (-2.2191308, 53.4736627))]",346,Gauge 10,864,810 (93.8%),54 (6.2%),0 (0.0%),1.07,2.6
6,22,"[((1.1708473, 52.0808408), (1.1711365, 52.0807443)), ((1.1711365, 52.0807443), (1.1724135, 52.080181)), ((1.1683617, 52.0812299), (1.1708473, 52.0808408)), ((1.1724135, 52.080181), (1.1747751, 52.0578333)), ((1.1747751, 52.0578333), (1.1751886, 52.057432)), ((1.1751886, 52.057432), (1.1770594, 52.0558808)), ((1.1770594, 52.0558808), (1.1775588, 52.0555138)), ((1.1775588, 52.0555138), (1.1802536, 52.0536389)), ((1.1802536, 52.0536389), (1.1885833, 52.0474985)), ((1.1885833, 52.0474985), (1.2036339, 52.0364897)), ((1.2036339, 52.0364897), (1.2072916, 52.0354055)), ((1.2072916, 52.0354055), (1.2076989, 52.0353255)), ((1.2076989, 52.0353255), (1.2300117, 52.027547)), ((1.2300117, 52.027547), (1.2362799, 52.0254657)), ((1.2362799, 52.0254657), (1.2367305, 52.0252996)), ((1.2367305, 52.0252996), (1.2400735, 52.0239624)), ((1.2400735, 52.0239624), (1.2404886, 52.0238028)), ((1.2404886, 52.0238028), (1.2488434, 52.0210351)), ((1.2488434, 52.0210351), (1.3099336, 51.9819262)), ((1.3099336, 51.9819262), (1.3107793, 51.9814586)), ((1.3107793, 51.9814586), (1.3179359, 51.9774792)), ((1.3179359, 51.9774792), (1.3187255, 51.9770499))]",329,Gauge 6,5211,4882 (93.7%),0 (0.0%),329 (6.3%),0,0
6,22,"[((1.1708473, 52.0808408), (1.1711365, 52.0807443)), ((1.1711365, 52.0807443), (1.1724135, 52.080181)), ((1.1683617, 52.0812299), (1.1708473, 52.0808408)), ((1.1724135, 52.080181), (1.1747751, 52.0578333)), ((1.1747751, 52.0578333), (1.1751886, 52.057432)), ((1.1751886, 52.057432), (1.1770594, 52.0558808)), ((1.1770594, 52.0558808), (1.1775588, 52.0555138)), ((1.1775588, 52.0555138), (1.1802536, 52.0536389)), ((1.1802536, 52.0536389), (1.1885833, 52.0474985)), ((1.1885833, 52.0474985), (1.2036339, 52.0364897)), ((1.2036339, 52.0364897), (1.2072916, 52.0354055)), ((1.2072916, 52.0354055), (1.2076989, 52.0353255)), ((1.2076989, 52.0353255), (1.2300117, 52.027547)), ((1.2300117, 52.027547), (1.2362799, 52.0254657)), ((1.2362799, 52.0254657), (1.2367305, 52.0252996)), ((1.2367305, 52.0252996), (1.2400735, 52.0239624)), ((1.2400735, 52.0239624), (1.2404886, 52.0238028)), ((1.2404886, 52.0238028), (1.2488434, 52.0210351)), ((1.2488434, 52.0210351), (1.3099336, 51.9819262)), ((1.3099336, 51.9819262), (1.3107793, 51.9814586)), ((1.3107793, 51.9814586), (1.3179359, 51.9774792)), ((1.3179359, 51.9774792), (1.3187255, 51.9770499))]",329,Gauge 10,864,864 (100.0%),0 (0.0%),0 (0.0%),0,0
7,1,"[((-0.9893203, 51.4568761), (-0.9892651, 51.457367))]",319,Gauge 6,5211,4953 (95.0%),258 (5.0%),0 (0.0%),0.54,2.7
7,1,"[((-0.9893203, 51.4568761), (-0.9892651, 51.457367))]",319,Gauge 10,864,864 (100.0%),0 (0.0%),0 (0.0%),0,0
8,5,"[((-0.3011758, 53.6198941), (-0.300481, 53.618478)), ((-0.300481, 53.618478), (-0.3002432, 53.6155395)), ((-0.3002671, 53.6153213), (-0.3002432, 53.6155395)), ((-0.3083924, 53.607339), (-0.3002671, 53.6153213)), ((-0.3114298, 53.6062873), (-0.3083924, 53.607339))]",318,Gauge 6,5211,5210 (100.0%),1 (0.0%),0 (0.0%),0.00,1.0
8,5,"[((-0.3011758, 53.6198941), (-0.300481, 53.618478)), ((-0.300481, 53.618478), (-0.3002432, 53.6155395)), ((-0.3002671, 53.6153213), (-0.3002432, 53.6155395)), ((-0.3083924, 53.607339), (-0.3002671, 53.6153213)), ((-0.3114298, 53.6062873), (-0.3083924, 53.607339))]",318,Gauge 10,864,864 (100.0%),0 (0.0%),0 (0.0%),0,0
9,17,"[((1.1300574, 52.0692341), (1.1325923, 52.0710144)), ((1.1325923, 52.0710144), (1.1334921, 52.0715843)), ((1.1295538, 52.0688034), (1.1300574, 52.0692341)), ((1.1334921, 52.0715843), (1.1343568, 52.0721207)), ((1.127634, 52.0669173), (1.1295538, 52.0688034)), ((1.1343568, 52.0721207), (1.1347131, 52.0723361)), ((1.1273403, 52.0665288), (1.127634, 52.0669173)), ((1.1347131, 52.0723361), (1.1388642, 52.0743725)), ((1.1261824, 52.0642142), (1.1273403, 52.0665288)), ((1.1388642, 52.0743725), (1.1417702, 52.075541)), ((1.1261015, 52.0639324), (1.1261824, 52.0642142)), ((1.1417702, 52.075541), (1.1464569, 52.0771456)), ((1.1464569, 52.0771456), (1.1517724, 52.0785802)), ((1.1517724, 52.0785802), (1.1598871, 52.0801821)), ((1.1598871, 52.0801821), (1.1643595, 52.0808772)), ((1.1643595, 52.0808772), (1.1648912, 52.0809431)), ((1.1648912, 52.0809431), (1.1683617, 52.0812299))]",315,Gauge 6,5211,4899 (94.0%),312 (6.0%),0 (0.0%),14.28,53.5
9,17,"[((1.1300574, 52.0692341), (1.1325923, 52.0710144)), ((1.1325923, 52.0710144), (1.1334921, 52.0715843)), ((1.1295538, 52.0688034), (1.1300574, 52.0692341)), ((1.1334921, 52.0715843), (1.1343568, 52.0721207)), ((1.127634, 52.0669173), (1.1295538, 52.0688034)), ((1.1343568, 52.0721207), (1.1347131, 52.0723361)), ((1.1273403, 52.0665288), (1.127634, 52.0669173)), ((1.1347131, 52.0723361), (1.1388642, 52.0743725)), ((1.1261824, 52.0642142), (1.1273403, 52.0665288)), ((1.1388642, 52.0743725), (1.1417702, 52.075541)), ((1.1261015, 52.0639324), (1.1261824, 52.0642142)), ((1.1417702, 52.075541), (1.1464569, 52.0771456)), ((1.1464569, 52.0771456), (1.1517724, 52.0785802)), ((1.1517724, 52.0785802), (1.1598871, 52.0801821)), ((1.1598871, 52.0801821), (1.1643595, 52.0808772)), ((1.1643595, 52.0808772), (1.1648912, 52.0809431)), ((1.1648912, 52.0809431), (1.1683617, 52.0812299))]",315,Gauge 10,864,864 (100.0%),0 (0.0%),0 (0.0%),0,0
10,25,"[((-1.4441389, 52.4931993), (-1.4441109, 52.4933914)), ((-1.4441109, 52.4933914), (-1.4438673, 52.4960358)), ((-1.4443991, 52.4915038), (-1.4441389, 52.4931993)), ((-1.4438673, 52.4960358), (-1.4438592, 52.4962384)), ((-1.4444179, 52.4913927), (-1.4443991, 52.4915038)), ((-1.4439738, 52.4993959), (-1.4438592, 52.4962384)), ((-1.444605, 52.4899105), (-1.4444179, 52.4913927)), ((-1.444334, 52.5017657), (-1.4439738, 52.4993959)), ((-1.4446089, 52.4897886), (-1.444605, 52.4899105)), ((-1.447261, 52.5100078), (-1.444334, 52.5017657)), ((-1.4446089, 52.4897886), (-1.438747, 52.4754161)), ((-1.4564953, 52.5211568), (-1.447261, 52.5100078)), ((-1.438747, 52.4754161), (-1.4386558, 52.4753215)), ((-1.4567883, 52.5214046), (-1.4564953, 52.5211568)), ((-1.4386558, 52.4753215), (-1.4345123, 52.4717145)), ((-1.4575505, 52.5220271), (-1.4567883, 52.5214046)), ((-1.4345123, 52.4717145), (-1.4339975, 52.4713405)), ((-1.4339975, 52.4713405), (-1.3925502, 52.4458126)), ((-1.3925502, 52.4458126), (-1.3918756, 52.4453864)), ((-1.3918756, 52.4453864), (-1.3723611, 52.4286601)), ((-1.3723611, 52.4286601), (-1.3587557, 52.4239675)), ((-1.3587557, 52.4239675), (-1.3585222, 52.423901)), ((-1.3585222, 52.423901), (-1.3550993, 52.4230054)), ((-1.3550993, 52.4230054), (-1.3549335, 52.4229635)), ((-1.3549335, 52.4229635), (-1.3494324, 52.4213745))]",302,Gauge 6,5211,4747 (91.1%),464 (8.9%),0 (0.0%),6.81,23.4
10,25,"[((-1.4441389, 52.4931993), (-1.4441109, 52.4933914)), ((-1.4441109, 52.4933914), (-1.4438673, 52.4960358)), ((-1.4443991, 52.4915038), (-1.4441389, 52.4931993)), ((-1.4438673, 52.4960358), (-1.4438592, 52.4962384)), ((-1.4444179, 52.4913927), (-1.4443991, 52.4915038)), ((-1.4439738, 52.4993959), (-1.4438592, 52.4962384)), ((-1.444605, 52.4899105), (-1.4444179, 52.4913927)), ((-1.444334, 52.5017657), (-1.4439738, 52.4993959)), ((-1.4446089, 52.4897886), (-1.444605, 52.4899105)), ((-1.447261, 52.5100078), (-1.444334, 52.5017657)), ((-1.4446089, 52.4897886), (-1.438747, 52.4754161)), ((-1.4564953, 52.5211568), (-1.447261, 52.5100078)), ((-1.438747, 52.4754161), (-1.4386558, 52.4753215)), ((-1.4567883, 52.5214046), (-1.4564953, 52.5211568)), ((-1.4386558, 52.4753215), (-1.4345123, 52.4717145)), ((-1.4575505, 52.5220271), (-1.4567883, 52.5214046)), ((-1.4345123, 52.4717145), (-1.4339975, 52.4713405)), ((-1.4339975, 52.4713405), (-1.3925502, 52.4458126)), ((-1.3925502, 52.4458126), (-1.3918756, 52.4453864)), ((-1.3918756, 52.4453864), (-1.3723611, 52.4286601)), ((-1.3723611, 52.4286601), (-1.3587557, 52.4239675)), ((-1.3587557, 52.4239675), (-1.3585222, 52.423901)), ((-1.3585222, 52.423901), (-1.3550993, 52.4230054)), ((-1.3550993, 52.4230054), (-1.3549335, 52.4229635)), ((-1.3549335, 52.4229635), (-1.3494324, 52.4213745))]",302,Gauge 10,864,765 (88.5%),99 (11.5%),0 (0.0%),10.35,37.9
11,8,"[((-0.2263869, 51.5256785), (-0.2243493, 51.5255041)), ((-0.2276391, 51.526072), (-0.2263869, 51.5256785)), ((-0.2243493, 51.5255041), (-0.2194208, 51.5251896)), ((-0.2291706, 51.5262129), (-0.2276391, 51.526072)), ((-0.2194208, 51.5251896), (np.float64(-0.2184178), np.float64(51.5251111))), ((-0.2344349, 51.5258148), (-0.2291706, 51.5262129)), ((-0.2363388, 51.5257611), (-0.2344349, 51.5258148)), ((-0.2402322, 51.525672), (-0.2363388, 51.5257611))]",289,Gauge 6,5211,4944 (94.9%),267 (5.1%),0 (0.0%),1.32,0.0
11,8,"[((-0.2263869, 51.5256785), (-0.2243493, 51.5255041)), ((-0.2276391, 51.526072), (-0.2263869, 51.5256785)), ((-0.2243493, 51.5255041), (-0.2194208, 51.5251896)), ((-0.2291706, 51.5262129), (-0.2276391, 51.526072)), ((-0.2194208, 51.5251896), (np.float64(-0.2184178), np.float64(51.5251111))), ((-0.2344349, 51.5258148), (-0.2291706, 51.5262129)), ((-0.2363388, 51.5257611), (-0.2344349, 51.5258148)), ((-0.2402322, 51.525672), (-0.2363388, 51.5257611))]",289,Gauge 10,864,864 (100.0%),0 (0.0%),0 (0.0%),0,0
12,98,"[((-1.1658391, 52.3331253), (-1.165655, 52.3329817)), ((-1.1725143, 52.3383301), (-1.1658391, 52.3331253)), ((-1.165655, 52.3329817), (-1.1591324, 52.3279183)), ((-1.1984942, 52.3565501), (-1.1725143, 52.3383301)), ((-1.1591324, 52.3279183), (-1.1589336, 52.3277718)), ((-1.1996608, 52.3571099), (-1.1984942, 52.3565501)), ((-1.1589336, 52.3277718), (-1.1523667, 52.3226449)), ((-1.2066341, 52.3604993), (-1.1996608, 52.3571099)), ((-1.1523667, 52.3226449), (-1.1242668, 52.3062712)), ((-1.20705, 52.3607021), (-1.2066341, 52.3604993)), ((-1.1242668, 52.3062712), (-1.1237544, 52.3059367)), ((-1.2225268, 52.3681777), (-1.20705, 52.3607021)), ((-1.1237544, 52.3059367), (-1.1017396, 52.2841671)), ((-1.2231328, 52.3684798), (-1.2225268, 52.3681777)), ((-1.1017396, 52.2841671), (-1.1016069, 52.2840065)), ((-1.2288568, 52.3712483), (-1.2231328, 52.3684798)), ((-1.1016069, 52.2840065), (-1.0999928, 52.281382)), ((-1.0999928, 52.281382), (-1.0998656, 52.2810234)), ((-1.0998656, 52.2810234), (-1.0990684, 52.2788304)), ((-1.0990684, 52.2788304), (-1.0990053, 52.2786337)), ((-1.0990053, 52.2786337), (-1.0976147, 52.2747209)), ((-1.0976147, 52.2747209), (-1.0975251, 52.2744577)), ((-1.0975251, 52.2744577), (-1.0919416, 52.2632707)), ((-1.0919416, 52.2632707), (-1.0916745, 52.2629656)), ((-1.0916745, 52.2629656), (-1.0772229, 52.2311193)), ((-1.0772229, 52.2311193), (-1.0771178, 52.2309642)), ((-1.0771178, 52.2309642), (-1.0754121, 52.2284278)), ((-1.0754121, 52.2284278), (-1.0744954, 52.2273806)), ((-1.0744954, 52.2273806), (-1.0610822, 52.2209819)), ((-1.0610822, 52.2209819), (-1.0555169, 52.218783)), ((-1.0555169, 52.218783), (-1.0451925, 52.214687)), ((-1.0451925, 52.214687), (-1.0448045, 52.2145317)), ((-1.0448045, 52.2145317), (-1.0237059, 52.2061772)), ((-1.0237059, 52.2061772), (-1.0232108, 52.2059831)), ((-1.0232108, 52.2059831), (-1.0203511, 52.2048472)), ((-1.0203511, 52.2048472), (-1.0198791, 52.2046602)), ((-1.0198791, 52.2046602), (-1.017271, 52.2036526)), ((-1.017271, 52.2036526), (-1.0169451, 52.2035373)), ((-1.0169451, 52.2035373), (-0.9597934, 52.1903083)), ((-0.9597934, 52.1903083), (-0.9480042, 52.1853231)), ((-0.9480042, 52.1853231), (-0.9440276, 52.1836208)), ((-0.9440276, 52.1836208), (-0.9433704, 52.1833379)), ((-0.9433704, 52.1833379), (-0.9364379, 52.1808808)), ((-0.9364379, 52.1808808), (-0.9359238, 52.1807361)), ((-0.9359238, 52.1807361), (-0.908707, 52.1699881)), ((-0.908707, 52.1699881), (-0.8806015, 52.1436303)), ((-0.8806015, 52.1436303), (-0.8804064, 52.1434395)), ((-0.8804064, 52.1434395), (-0.8785135, 52.1416279)), ((-0.8785135, 52.1416279), (-0.8783587, 52.1414572)), ((-0.8783587, 52.1414572), (-0.8736205, 52.1367588)), ((-0.8736205, 52.1367588), (-0.873165, 52.136284)), ((-0.873165, 52.136284), (-0.8578129, 52.1145697)), ((-0.8578129, 52.1145697), (-0.8577196, 52.1144335)), ((-0.8577196, 52.1144335), (-0.8566117, 52.1128107)), ((-0.8566117, 52.1128107), (-0.8125662, 52.0731686)), ((-0.8125662, 52.0731686), (-0.8112481, 52.0716653)), ((-0.8112481, 52.0716653), (-0.8067194, 52.0678193)), ((-0.8067194, 52.0678193), (-0.8063073, 52.0674609)), ((-0.8063073, 52.0674609), (-0.8028783, 52.0619439)), ((-0.8028783, 52.0619439), (-0.8027668, 52.0614969)), ((-0.8027668, 52.0614969), (-0.801175, 52.0561713)), ((-0.801175, 52.0561713), (-0.8010205, 52.0558583)), ((-0.8010205, 52.0558583), (-0.7961034, 52.0504255)), ((-0.7961034, 52.0504255), (-0.795827, 52.0501729)), ((-0.795827, 52.0501729), (-0.7950698, 52.049555)), ((-0.7950698, 52.049555), (-0.7949161, 52.0494311)), ((-0.7949161, 52.0494311), (-0.7926991, 52.0477182)), ((-0.7926991, 52.0477182), (-0.7777911, 52.0363859)), ((-0.7777911, 52.0363859), (-0.7467141, 52.0125375)), ((-0.7467141, 52.0125375), (-0.7462316, 52.0121039)), ((-0.7462316, 52.0121039), (-0.7454634, 52.0113843)), ((-0.7454634, 52.0113843), (-0.7451013, 52.0110298)), ((-0.7451013, 52.0110298), (-0.743874, 52.0097524)), ((-0.743874, 52.0097524), (-0.7435233, 52.009359)), ((-0.7435233, 52.009359), (-0.7369415, 51.9973254)), ((-0.7369415, 51.9973254), (-0.7359088, 51.9940169)), ((-0.7359088, 51.9940169), (-0.7358375, 51.9937499)), ((-0.7358375, 51.9937499), (-0.7351138, 51.9912928)), ((-0.7351138, 51.9912928), (-0.7350805, 51.9911501)), ((-0.7350805, 51.9911501), (-0.7334168, 51.985795)), ((-0.7334168, 51.985795), (-0.733395, 51.9857322)), ((-0.733395, 51.9857322), (-0.7325036, 51.9829321)), ((-0.7325036, 51.9829321), (-0.7324674, 51.9828225)), ((-0.7324674, 51.9828225), (-0.6804951, 51.931966)), ((-0.6804951, 51.931966), (-0.6803858, 51.9318201)), ((-0.6803858, 51.9318201), (-0.6767479, 51.9264555)), ((-0.6767479, 51.9264555), (-0.6758, 51.9241957)), ((-0.678248, 51.9117606), (-0.6758, 51.9241957)), ((-0.6782554, 51.911637), (-0.678248, 51.9117606)), ((-0.6782554, 51.911637), (-0.6768243, 51.899508)), ((-0.6768243, 51.899508), (-0.6767624, 51.8993276)), ((-0.6767624, 51.8993276), (-0.6754684, 51.895751)), ((-0.6754684, 51.895751), (-0.6753255, 51.895361)), ((-0.6753255, 51.895361), (-0.6705594, 51.8821204)), ((-0.6705594, 51.8821204), (-0.6694807, 51.8791313)), ((-0.6694807, 51.8791313), (-0.6694478, 51.8790168)), ((-0.6694478, 51.8790168), (-0.6675995, 51.873787)), ((-0.667826, 51.8745519), (-0.6675995, 51.873787))]",284,Gauge 6,5211,4848 (93.0%),363 (7.0%),0 (0.0%),1.62,28.0
12,98,"[((-1.1658391, 52.3331253), (-1.165655, 52.3329817)), ((-1.1725143, 52.3383301), (-1.1658391, 52.3331253)), ((-1.165655, 52.3329817), (-1.1591324, 52.3279183)), ((-1.1984942, 52.3565501), (-1.1725143, 52.3383301)), ((-1.1591324, 52.3279183), (-1.1589336, 52.3277718)), ((-1.1996608, 52.3571099), (-1.1984942, 52.3565501)), ((-1.1589336, 52.3277718), (-1.1523667, 52.3226449)), ((-1.2066341, 52.3604993), (-1.1996608, 52.3571099)), ((-1.1523667, 52.3226449), (-1.1242668, 52.3062712)), ((-1.20705, 52.3607021), (-1.2066341, 52.3604993)), ((-1.1242668, 52.3062712), (-1.1237544, 52.3059367)), ((-1.2225268, 52.3681777), (-1.20705, 52.3607021)), ((-1.1237544, 52.3059367), (-1.1017396, 52.2841671)), ((-1.2231328, 52.3684798), (-1.2225268, 52.3681777)), ((-1.1017396, 52.2841671), (-1.1016069, 52.2840065)), ((-1.2288568, 52.3712483), (-1.2231328, 52.3684798)), ((-1.1016069, 52.2840065), (-1.0999928, 52.281382)), ((-1.0999928, 52.281382), (-1.0998656, 52.2810234)), ((-1.0998656, 52.2810234), (-1.0990684, 52.2788304)), ((-1.0990684, 52.2788304), (-1.0990053, 52.2786337)), ((-1.0990053, 52.2786337), (-1.0976147, 52.2747209)), ((-1.0976147, 52.2747209), (-1.0975251, 52.2744577)), ((-1.0975251, 52.2744577), (-1.0919416, 52.2632707)), ((-1.0919416, 52.2632707), (-1.0916745, 52.2629656)), ((-1.0916745, 52.2629656), (-1.0772229, 52.2311193)), ((-1.0772229, 52.2311193), (-1.0771178, 52.2309642)), ((-1.0771178, 52.2309642), (-1.0754121, 52.2284278)), ((-1.0754121, 52.2284278), (-1.0744954, 52.2273806)), ((-1.0744954, 52.2273806), (-1.0610822, 52.2209819)), ((-1.0610822, 52.2209819), (-1.0555169, 52.218783)), ((-1.0555169, 52.218783), (-1.0451925, 52.214687)), ((-1.0451925, 52.214687), (-1.0448045, 52.2145317)), ((-1.0448045, 52.2145317), (-1.0237059, 52.2061772)), ((-1.0237059, 52.2061772), (-1.0232108, 52.2059831)), ((-1.0232108, 52.2059831), (-1.0203511, 52.2048472)), ((-1.0203511, 52.2048472), (-1.0198791, 52.2046602)), ((-1.0198791, 52.2046602), (-1.017271, 52.2036526)), ((-1.017271, 52.2036526), (-1.0169451, 52.2035373)), ((-1.0169451, 52.2035373), (-0.9597934, 52.1903083)), ((-0.9597934, 52.1903083), (-0.9480042, 52.1853231)), ((-0.9480042, 52.1853231), (-0.9440276, 52.1836208)), ((-0.9440276, 52.1836208), (-0.9433704, 52.1833379)), ((-0.9433704, 52.1833379), (-0.9364379, 52.1808808)), ((-0.9364379, 52.1808808), (-0.9359238, 52.1807361)), ((-0.9359238, 52.1807361), (-0.908707, 52.1699881)), ((-0.908707, 52.1699881), (-0.8806015, 52.1436303)), ((-0.8806015, 52.1436303), (-0.8804064, 52.1434395)), ((-0.8804064, 52.1434395), (-0.8785135, 52.1416279)), ((-0.8785135, 52.1416279), (-0.8783587, 52.1414572)), ((-0.8783587, 52.1414572), (-0.8736205, 52.1367588)), ((-0.8736205, 52.1367588), (-0.873165, 52.136284)), ((-0.873165, 52.136284), (-0.8578129, 52.1145697)), ((-0.8578129, 52.1145697), (-0.8577196, 52.1144335)), ((-0.8577196, 52.1144335), (-0.8566117, 52.1128107)), ((-0.8566117, 52.1128107), (-0.8125662, 52.0731686)), ((-0.8125662, 52.0731686), (-0.8112481, 52.0716653)), ((-0.8112481, 52.0716653), (-0.8067194, 52.0678193)), ((-0.8067194, 52.0678193), (-0.8063073, 52.0674609)), ((-0.8063073, 52.0674609), (-0.8028783, 52.0619439)), ((-0.8028783, 52.0619439), (-0.8027668, 52.0614969)), ((-0.8027668, 52.0614969), (-0.801175, 52.0561713)), ((-0.801175, 52.0561713), (-0.8010205, 52.0558583)), ((-0.8010205, 52.0558583), (-0.7961034, 52.0504255)), ((-0.7961034, 52.0504255), (-0.795827, 52.0501729)), ((-0.795827, 52.0501729), (-0.7950698, 52.049555)), ((-0.7950698, 52.049555), (-0.7949161, 52.0494311)), ((-0.7949161, 52.0494311), (-0.7926991, 52.0477182)), ((-0.7926991, 52.0477182), (-0.7777911, 52.0363859)), ((-0.7777911, 52.0363859), (-0.7467141, 52.0125375)), ((-0.7467141, 52.0125375), (-0.7462316, 52.0121039)), ((-0.7462316, 52.0121039), (-0.7454634, 52.0113843)), ((-0.7454634, 52.0113843), (-0.7451013, 52.0110298)), ((-0.7451013, 52.0110298), (-0.743874, 52.0097524)), ((-0.743874, 52.0097524), (-0.7435233, 52.009359)), ((-0.7435233, 52.009359), (-0.7369415, 51.9973254)), ((-0.7369415, 51.9973254), (-0.7359088, 51.9940169)), ((-0.7359088, 51.9940169), (-0.7358375, 51.9937499)), ((-0.7358375, 51.9937499), (-0.7351138, 51.9912928)), ((-0.7351138, 51.9912928), (-0.7350805, 51.9911501)), ((-0.7350805, 51.9911501), (-0.7334168, 51.985795)), ((-0.7334168, 51.985795), (-0.733395, 51.9857322)), ((-0.733395, 51.9857322), (-0.7325036, 51.9829321)), ((-0.7325036, 51.9829321), (-0.7324674, 51.9828225)), ((-0.7324674, 51.9828225), (-0.6804951, 51.931966)), ((-0.6804951, 51.931966), (-0.6803858, 51.9318201)), ((-0.6803858, 51.9318201), (-0.6767479, 51.9264555)), ((-0.6767479, 51.9264555), (-0.6758, 51.9241957)), ((-0.678248, 51.9117606), (-0.6758, 51.9241957)), ((-0.6782554, 51.911637), (-0.678248, 51.9117606)), ((-0.6782554, 51.911637), (-0.6768243, 51.899508)), ((-0.6768243, 51.899508), (-0.6767624, 51.8993276)), ((-0.6767624, 51.8993276), (-0.6754684, 51.895751)), ((-0.6754684, 51.895751), (-0.6753255, 51.895361)), ((-0.6753255, 51.895361), (-0.6705594, 51.8821204)), ((-0.6705594, 51.8821204), (-0.6694807, 51.8791313)), ((-0.6694807, 51.8791313), (-0.6694478, 51.8790168)), ((-0.6694478, 51.8790168), (-0.6675995, 51.873787)), ((-0.667826, 51.8745519), (-0.6675995, 51.873787))]",284,Gauge 10,864,863 (99.9%),1 (0.1%),0 (0.0%),0.00,28.0
13,1,"[((np.float64(-0.2184178), np.float64(51.5251111)), (-0.0255654, 51.5611339))]",277,Gauge 6,5211,4738 (90.9%),473 (9.1%),0 (0.0%),0.85,4.9
13,1,"[((np.float64(-0.2184178), np.float64(51.5251111)), (-0.0255654, 51.5611339))]",277,Gauge 10,864,864 (100.0%),0 (0.0%),0 (0.0%),0,0
14,2,"[((-1.4630896, 52.5257771), (-1.4588948, 52.5230209)), ((-1.4588948, 52.5230209), (-1.4575505, 52.5220271))]",275,Gauge 6,5211,4747 (91.1%),464 (8.9%),0 (0.0%),6.43,20.7
14,2,"[((-1.4630896, 52.5257771), (-1.4588948, 52.5230209)), ((-1.4588948, 52.5230209), (-1.4575505, 52.5220271))]",275,Gauge 10,864,765 (88.5%),99 (11.5%),0 (0.0%),8.40,23.1
15,20,"[((-1.134765, 51.5470392), (-1.1347216, 51.5469405)), ((-1.1420557, 51.5577623), (-1.134765, 51.5470392)), ((-1.1347216, 51.5469405), (-1.1340167, 51.5450587)), ((-1.1432259, 51.5589204), (-1.1420557, 51.5577623)), ((-1.1340167, 51.5450587), (-1.1339875, 51.5449726)), ((-1.1573905, 51.5695218), (-1.1432259, 51.5589204)), ((-1.1339875, 51.5449726), (-1.1337985, 51.5292373)), ((-1.1575139, 51.5696226), (-1.1573905, 51.5695218)), ((-1.1338215, 51.5290798), (-1.1337985, 51.5292373)), ((-1.1582151, 51.5701313), (-1.1575139, 51.5696226)), ((-1.1338215, 51.5290798), (-1.1298746, 51.5143095)), ((-1.1298746, 51.5143095), (-1.1298184, 51.5142269)), ((-1.1298184, 51.5142269), (-1.1281762, 51.5120651)), ((-1.1281762, 51.5120651), (-1.1275356, 51.5113077)), ((-1.1275356, 51.5113077), (-1.0890998, 51.4851264)), ((-1.0890998, 51.4851264), (-1.0888121, 51.4850796)), ((-1.0888121, 51.4850796), (-1.0863482, 51.4847454)), ((-1.0863482, 51.4847454), (-1.0861675, 51.4847265)), ((-1.0861675, 51.4847265), (-1.0290028, 51.4713729)), ((-1.0290028, 51.4713729), (-1.024436, 51.4690606))]",268,Gauge 6,5211,5204 (99.9%),7 (0.1%),0 (0.0%),2.15,3.3
15,20,"[((-1.134765, 51.5470392), (-1.1347216, 51.5469405)), ((-1.1420557, 51.5577623), (-1.134765, 51.5470392)), ((-1.1347216, 51.5469405), (-1.1340167, 51.5450587)), ((-1.1432259, 51.5589204), (-1.1420557, 51.5577623)), ((-1.1340167, 51.5450587), (-1.1339875, 51.5449726)), ((-1.1573905, 51.5695218), (-1.1432259, 51.5589204)), ((-1.1339875, 51.5449726), (-1.1337985, 51.5292373)), ((-1.1575139, 51.5696226), (-1.1573905, 51.5695218)), ((-1.1338215, 51.5290798), (-1.1337985, 51.5292373)), ((-1.1582151, 51.5701313), (-1.1575139, 51.5696226)), ((-1.1338215, 51.5290798), (-1.1298746, 51.5143095)), ((-1.1298746, 51.5143095), (-1.1298184, 51.5142269)), ((-1.1298184, 51.5142269), (-1.1281762, 51.5120651)), ((-1.1281762, 51.5120651), (-1.1275356, 51.5113077)), ((-1.1275356, 51.5113077), (-1.0890998, 51.4851264)), ((-1.0890998, 51.4851264), (-1.0888121, 51.4850796)), ((-1.0888121, 51.4850796), (-1.0863482, 51.4847454)), ((-1.0863482, 51.4847454), (-1.0861675, 51.4847265)), ((-1.0861675, 51.4847265), (-1.0290028, 51.4713729)), ((-1.0290028, 51.4713729), (-1.024436, 51.4690606))]",268,Gauge 10,864,854 (98.8%),10 (1.2%),0 (0.0%),0.07,1.0
16,2,"[((-2.2164961, 53.4724694), (-2.216012, 53.4722695)), ((-2.216012, 53.4722695), (-2.215172, 53.4718723))]",267,Gauge 6,5211,4937 (94.7%),274 (5.3%),0 (0.0%),0.31,1.6
16,2,"[((-2.2164961, 53.4724694), (-2.216012, 53.4722695)), ((-2.216012, 53.4722695), (-2.215172, 53.4718723))]",267,Gauge 10,864,831 (96.2%),33 (3.8%),0 (0.0%),0.47,5.2
17,4,"[((-1.2192928, 51.6035783), (-1.183443, 51.5889949)), ((-1.2209565, 51.6041293), (-1.2192928, 51.6035783)), ((-1.183443, 51.5889949), (-1.1833166, 51.5889161)), ((-1.1833166, 51.5889161), (-1.1582151, 51.5701313))]",266,Gauge 6,5211,5206 (99.9%),5 (0.1%),0 (0.0%),0.07,1.0
17,4,"[((-1.2192928, 51.6035783), (-1.183443, 51.5889949)), ((-1.2209565, 51.6041293), (-1.2192928, 51.6035783)), ((-1.183443, 51.5889949), (-1.1833166, 51.5889161)), ((-1.1833166, 51.5889161), (-1.1582151, 51.5701313))]",266,Gauge 10,864,854 (98.8%),10 (1.2%),0 (0.0%),0.07,1.0
18,73,"[((-1.2951081, 51.1257402), (-1.2902212, 51.1338308)), ((-1.2902212, 51.1338308), (-1.2893173, 51.1353924)), ((-1.2973815, 51.1219388), (-1.2951081, 51.1257402)), ((-1.2893173, 51.1353924), (-1.2892744, 51.1354672)), ((-1.3003425, 51.1168712), (-1.2973815, 51.1219388)), ((-1.2892744, 51.1354672), (-1.2863154, 51.1405194)), ((-1.3097514, 51.1008626), (-1.3003425, 51.1168712)), ((-1.2863154, 51.1405194), (-1.2862434, 51.1406427)), ((-1.3098542, 51.1005628), (-1.3097514, 51.1008626)), ((-1.2862434, 51.1406427), (-1.2827612, 51.1465411)), ((-1.3118452, 51.094358), (-1.3098542, 51.1005628)), ((-1.2827612, 51.1465411), (-1.2826512, 51.1467348)), ((-1.3119756, 51.0939198), (-1.3118452, 51.094358)), ((-1.2826512, 51.1467348), (-1.2792978, 51.1523384)), ((-1.312627, 51.0917484), (-1.3119756, 51.0939198)), ((-1.2792978, 51.1523384), (-1.2792558, 51.1524084)), ((-1.3126574, 51.0916467), (-1.312627, 51.0917484)), ((-1.2792558, 51.1524084), (-1.2603064, 51.1861078)), ((-1.3143735, 51.0858978), (-1.3126574, 51.0916467)), ((-1.2603064, 51.1861078), (-1.2597666, 51.1899516)), ((-1.314403, 51.0857975), (-1.3143735, 51.0858978)), ((-1.2597666, 51.1899516), (-1.2593578, 51.1914003)), ((-1.314503, 51.08541), (-1.314403, 51.0857975)), ((-1.2593578, 51.1914003), (-1.2590539, 51.1926281)), ((-1.31503, 51.0834608), (-1.314503, 51.08541)), ((-1.2590539, 51.1926281), (-1.2585617, 51.1947845)), ((-1.3163746, 51.0790419), (-1.31503, 51.0834608)), ((-1.2585617, 51.1947845), (-1.2534808, 51.2061086)), ((-1.3163971, 51.078956), (-1.3163746, 51.0790419)), ((-1.2534808, 51.2061086), (-1.2507405, 51.2088603)), ((-1.3169278, 51.0771134), (-1.3163971, 51.078956)), ((-1.2507405, 51.2088603), (-1.2462268, 51.2129813)), ((-1.3190902, 51.0700979), (-1.3169278, 51.0771134)), ((-1.2462268, 51.2129813), (-1.2448696, 51.2142542)), ((-1.3201163, 51.0668916), (-1.3190902, 51.0700979)), ((-1.2448696, 51.2142542), (-1.2386948, 51.2198025)), ((-1.2386948, 51.2198025), (-1.2333575, 51.2244556)), ((-1.2333575, 51.2244556), (-1.2331081, 51.2246488)), ((-1.2331081, 51.2246488), (-1.2261012, 51.2287745)), ((-1.2261012, 51.2287745), (-1.2260192, 51.228811)), ((-1.2260192, 51.228811), (-1.218051, 51.2316711)), ((-1.218051, 51.2316711), (-1.2178422, 51.2317315)), ((-1.2178422, 51.2317315), (-1.2156432, 51.232352)), ((-1.2156432, 51.232352), (-1.2063017, 51.2350356)), ((-1.2063017, 51.2350356), (-1.2016553, 51.2363812)), ((-1.2016553, 51.2363812), (-1.2014429, 51.2364458)), ((-1.2014429, 51.2364458), (-1.1994698, 51.2370209)), ((-1.1994698, 51.2370209), (-1.1914789, 51.2393091)), ((-1.1914789, 51.2393091), (-1.1864824, 51.2407397)), ((-1.1864824, 51.2407397), (-1.1862678, 51.2408009)), ((-1.1862678, 51.2408009), (-1.1840896, 51.2414322)), ((-1.1840896, 51.2414322), (-1.1574116, 51.2523281)), ((-1.1574116, 51.2523281), (-1.1543809, 51.253623)), ((-1.1543809, 51.253623), (-1.1537447, 51.2539008)), ((-1.1537447, 51.2539008), (-1.1536364, 51.2539498)), ((-1.1536364, 51.2539498), (-1.1470336, 51.2569323)), ((-1.1470336, 51.2569323), (-1.1389089, 51.2605571)), ((-1.1389089, 51.2605571), (-1.1356352, 51.2620167)), ((-1.1356352, 51.2620167), (-1.1353489, 51.2621404)), ((-1.1353489, 51.2621404), (-1.1349014, 51.2623459)), ((-1.1349014, 51.2623459), (-1.1347497, 51.2624049)), ((-1.1347497, 51.2624049), (-1.1231792, 51.2657317)), ((-1.1231792, 51.2657317), (-1.1230554, 51.2657553)), ((-1.1230554, 51.2657553), (-1.112947, 51.2669352)), ((-1.112947, 51.2669352), (-1.1128181, 51.2669426)), ((-1.1128181, 51.2669426), (-1.1096699, 51.2671222)), ((-1.1096699, 51.2671222), (-1.1088211, 51.2671758)), ((-1.1088211, 51.2671758), (-1.106988, 51.2672891)), ((-1.106988, 51.2672891), (-1.1067581, 51.267304)), ((-1.1067581, 51.267304), (-1.1059397, 51.2673554)), ((-1.1059397, 51.2673554), (-1.1001119, 51.267721)), ((-1.1001119, 51.267721), (-1.0938121, 51.2681057)), ((-1.0938121, 51.2681057), (-1.0921635, 51.2681657))]",265,Gauge 6,5211,5100 (97.9%),111 (2.1%),0 (0.0%),7.52,44.5
18,73,"[((-1.2951081, 51.1257402), (-1.2902212, 51.1338308)), ((-1.2902212, 51.1338308), (-1.2893173, 51.1353924)), ((-1.2973815, 51.1219388), (-1.2951081, 51.1257402)), ((-1.2893173, 51.1353924), (-1.2892744, 51.1354672)), ((-1.3003425, 51.1168712), (-1.2973815, 51.1219388)), ((-1.2892744, 51.1354672), (-1.2863154, 51.1405194)), ((-1.3097514, 51.1008626), (-1.3003425, 51.1168712)), ((-1.2863154, 51.1405194), (-1.2862434, 51.1406427)), ((-1.3098542, 51.1005628), (-1.3097514, 51.1008626)), ((-1.2862434, 51.1406427), (-1.2827612, 51.1465411)), ((-1.3118452, 51.094358), (-1.3098542, 51.1005628)), ((-1.2827612, 51.1465411), (-1.2826512, 51.1467348)), ((-1.3119756, 51.0939198), (-1.3118452, 51.094358)), ((-1.2826512, 51.1467348), (-1.2792978, 51.1523384)), ((-1.312627, 51.0917484), (-1.3119756, 51.0939198)), ((-1.2792978, 51.1523384), (-1.2792558, 51.1524084)), ((-1.3126574, 51.0916467), (-1.312627, 51.0917484)), ((-1.2792558, 51.1524084), (-1.2603064, 51.1861078)), ((-1.3143735, 51.0858978), (-1.3126574, 51.0916467)), ((-1.2603064, 51.1861078), (-1.2597666, 51.1899516)), ((-1.314403, 51.0857975), (-1.3143735, 51.0858978)), ((-1.2597666, 51.1899516), (-1.2593578, 51.1914003)), ((-1.314503, 51.08541), (-1.314403, 51.0857975)), ((-1.2593578, 51.1914003), (-1.2590539, 51.1926281)), ((-1.31503, 51.0834608), (-1.314503, 51.08541)), ((-1.2590539, 51.1926281), (-1.2585617, 51.1947845)), ((-1.3163746, 51.0790419), (-1.31503, 51.0834608)), ((-1.2585617, 51.1947845), (-1.2534808, 51.2061086)), ((-1.3163971, 51.078956), (-1.3163746, 51.0790419)), ((-1.2534808, 51.2061086), (-1.2507405, 51.2088603)), ((-1.3169278, 51.0771134), (-1.3163971, 51.078956)), ((-1.2507405, 51.2088603), (-1.2462268, 51.2129813)), ((-1.3190902, 51.0700979), (-1.3169278, 51.0771134)), ((-1.2462268, 51.2129813), (-1.2448696, 51.2142542)), ((-1.3201163, 51.0668916), (-1.3190902, 51.0700979)), ((-1.2448696, 51.2142542), (-1.2386948, 51.2198025)), ((-1.2386948, 51.2198025), (-1.2333575, 51.2244556)), ((-1.2333575, 51.2244556), (-1.2331081, 51.2246488)), ((-1.2331081, 51.2246488), (-1.2261012, 51.2287745)), ((-1.2261012, 51.2287745), (-1.2260192, 51.228811)), ((-1.2260192, 51.228811), (-1.218051, 51.2316711)), ((-1.218051, 51.2316711), (-1.2178422, 51.2317315)), ((-1.2178422, 51.2317315), (-1.2156432, 51.232352)), ((-1.2156432, 51.232352), (-1.2063017, 51.2350356)), ((-1.2063017, 51.2350356), (-1.2016553, 51.2363812)), ((-1.2016553, 51.2363812), (-1.2014429, 51.2364458)), ((-1.2014429, 51.2364458), (-1.1994698, 51.2370209)), ((-1.1994698, 51.2370209), (-1.1914789, 51.2393091)), ((-1.1914789, 51.2393091), (-1.1864824, 51.2407397)), ((-1.1864824, 51.2407397), (-1.1862678, 51.2408009)), ((-1.1862678, 51.2408009), (-1.1840896, 51.2414322)), ((-1.1840896, 51.2414322), (-1.1574116, 51.2523281)), ((-1.1574116, 51.2523281), (-1.1543809, 51.253623)), ((-1.1543809, 51.253623), (-1.1537447, 51.2539008)), ((-1.1537447, 51.2539008), (-1.1536364, 51.2539498)), ((-1.1536364, 51.2539498), (-1.1470336, 51.2569323)), ((-1.1470336, 51.2569323), (-1.1389089, 51.2605571)), ((-1.1389089, 51.2605571), (-1.1356352, 51.2620167)), ((-1.1356352, 51.2620167), (-1.1353489, 51.2621404)), ((-1.1353489, 51.2621404), (-1.1349014, 51.2623459)), ((-1.1349014, 51.2623459), (-1.1347497, 51.2624049)), ((-1.1347497, 51.2624049), (-1.1231792, 51.2657317)), ((-1.1231792, 51.2657317), (-1.1230554, 51.2657553)), ((-1.1230554, 51.2657553), (-1.112947, 51.2669352)), ((-1.112947, 51.2669352), (-1.1128181, 51.2669426)), ((-1.1128181, 51.2669426), (-1.1096699, 51.2671222)), ((-1.1096699, 51.2671222), (-1.1088211, 51.2671758)), ((-1.1088211, 51.2671758), (-1.106988, 51.2672891)), ((-1.106988, 51.2672891), (-1.1067581, 51.267304)), ((-1.1067581, 51.267304), (-1.1059397, 51.2673554)), ((-1.1059397, 51.2673554), (-1.1001119, 51.267721)), ((-1.1001119, 51.267721), (-1.0938121, 51.2681057)), ((-1.0938121, 51.2681057), (-1.0921635, 51.2681657))]",265,Gauge 10,864,805 (93.2%),59 (6.8%),0 (0.0%),4.13,26.7
19,3,"[((-1.0120751, 51.4644672), (-1.0005829, 51.4625042)), ((-1.0234254, 51.4686057), (-1.0120751, 51.4644672)), ((-1.024436, 51.4690606), (-1.0234254, 51.4686057))]",265,Gauge 6,5211,5060 (97.1%),151 (2.9%),0 (0.0%),0.00,1.3
19,3,"[((-1.0120751, 51.4644672), (-1.0005829, 51.4625042)), ((-1.0234254, 51.4686057), (-1.0120751, 51.4644672)), ((-1.024436, 51.4690606), (-1.0234254, 51.4686057))]",265,Gauge 10,864,840 (97.2%),24 (2.8%),0 (0.0%),0.00,1.5
20,2,"[((-1.0005829, 51.4625042), (-0.9997501, 51.4623804)), ((-0.9997501, 51.4623804), (-0.9988866, 51.4622834))]",263,Gauge 6,5211,5211 (100.0%),0 (0.0%),0 (0.0%),0,0
20,2,"[((-1.0005829, 51.4625042), (-0.9997501, 51.4623804)), ((-0.9997501, 51.4623804), (-0.9988866, 51.4622834))]",263,Gauge 10,864,864 (100.0%),0 (0.0%),0 (0.0%),0,0
21,4,"[((-1.2725929, 51.7622065), (-1.2725722, 51.7619637)), ((-1.2732712, 51.766866), (-1.2725929, 51.7622065)), ((-1.2725722, 51.7619637), (-1.2710257, 51.756048)), ((-1.273495, 51.7677731), (-1.2732712, 51.766866))]",261,Gauge 6,5211,5069 (97.3%),142 (2.7%),0 (0.0%),1.78,10.0
21,4,"[((-1.2725929, 51.7622065), (-1.2725722, 51.7619637)), ((-1.2732712, 51.766866), (-1.2725929, 51.7622065)), ((-1.2725722, 51.7619637), (-1.2710257, 51.756048)), ((-1.273495, 51.7677731), (-1.2732712, 51.766866))]",261,Gauge 10,864,861 (99.7%),3 (0.3%),0 (0.0%),0.11,2.7
22,1,"[((0.2616157, 52.3852365), (0.2625705, 52.386568))]",261,Gauge 6,5211,4882 (93.7%),329 (6.3%),0 (0.0%),0.09,2.0
22,1,"[((0.2616157, 52.3852365), (0.2625705, 52.386568))]",261,Gauge 10,864,864 (100.0%),0 (0.0%),0 (0.0%),0,0
23,4,"[((-0.2365021, 51.5255598), (-0.2350211, 51.5257352)), ((-0.237405, 51.525667), (-0.2350211, 51.5257352)), ((-0.2401352, 51.5256753), (-0.237405, 51.525667)), ((np.float64(-0.2402322), np.float64(51.525672)), (-0.2401352, 51.5256753))]",259,Gauge 6,5211,4864 (93.3%),347 (6.7%),0 (0.0%),2.18,10.2
23,4,"[((-0.2365021, 51.5255598), (-0.2350211, 51.5257352)), ((-0.237405, 51.525667), (-0.2350211, 51.5257352)), ((-0.2401352, 51.5256753), (-0.237405, 51.525667)), ((np.float64(-0.2402322), np.float64(51.525672)), (-0.2401352, 51.5256753))]",259,Gauge 10,864,864 (100.0%),0 (0.0%),0 (0.0%),0,0
24,8,"[((-0.0097162, 51.5532294), (-0.0070822, 51.5514637)), ((-0.014857, 51.5563235), (-0.0097162, 51.5532294)), ((-0.0070822, 51.5514637), (-0.0062535, 51.5507511)), ((-0.0161325, 51.5568338), (-0.014857, 51.5563235)), ((-0.0062535, 51.5507511), (-0.0041058, 51.5479077)), ((-0.0165029, 51.5570008), (-0.0161325, 51.5568338)), ((-0.020377, 51.5588432), (-0.0165029, 51.5570008)), ((-0.0255654, 51.5611339), (-0.020377, 51.5588432))]",251,Gauge 6,5211,4960 (95.2%),251 (4.8%),0 (0.0%),1.54,0.0
24,8,"[((-0.0097162, 51.5532294), (-0.0070822, 51.5514637)), ((-0.014857, 51.5563235), (-0.0097162, 51.5532294)), ((-0.0070822, 51.5514637), (-0.0062535, 51.5507511)), ((-0.0161325, 51.5568338), (-0.014857, 51.5563235)), ((-0.0062535, 51.5507511), (-0.0041058, 51.5479077)), ((-0.0165029, 51.5570008), (-0.0161325, 51.5568338)), ((-0.020377, 51.5588432), (-0.0165029, 51.5570008)), ((-0.0255654, 51.5611339), (-0.020377, 51.5588432))]",251,Gauge 10,864,864 (100.0%),0 (0.0%),0 (0.0%),0,0
25,53,"[((-1.7008249, 52.3067919), (-1.6859334, 52.2995172)), ((-1.7009335, 52.3068304), (-1.7008249, 52.3067919)), ((-1.6859334, 52.2995172), (-1.6840523, 52.2984129)), ((-1.7065085, 52.3091969), (-1.7009335, 52.3068304)), ((-1.7066252, 52.3092568), (-1.7065085, 52.3091969)), ((-1.722139, 52.3237425), (-1.7066252, 52.3092568)), ((-1.7221779, 52.3238212), (-1.722139, 52.3237425)), ((-1.7225887, 52.3247809), (-1.7221779, 52.3238212)), ((-1.7226757, 52.3250102), (-1.7225887, 52.3247809)), ((-1.7262388, 52.3345425), (-1.7226757, 52.3250102)), ((-1.7262648, 52.3347514), (-1.7262388, 52.3345425)), ((-1.7263462, 52.3373615), (-1.7262648, 52.3347514)), ((-1.7263462, 52.3373615), (-1.7263328, 52.337486)), ((-1.7263328, 52.337486), (-1.7258325, 52.3418214)), ((-1.7395238, 52.3647383), (-1.7258325, 52.3418214)), ((-1.7397196, 52.3648382), (-1.7395238, 52.3647383)), ((-1.7535826, 52.3724633), (-1.7397196, 52.3648382)), ((-1.7537663, 52.372614), (-1.7535826, 52.3724633)), ((-1.7693272, 52.3878513), (-1.7537663, 52.372614)), ((-1.7693943, 52.387947), (-1.7693272, 52.3878513)), ((-1.7718632, 52.3915409), (-1.7693943, 52.387947)), ((-1.7721596, 52.3919935), (-1.7718632, 52.3915409)), ((-1.7737958, 52.394974), (-1.7721596, 52.3919935)), ((-1.7738387, 52.3950567), (-1.7737958, 52.394974)), ((-1.7745526, 52.3967018), (-1.7738387, 52.3950567)), ((-1.7746243, 52.3968561), (-1.7745526, 52.3967018)), ((-1.7783325, 52.4050171), (-1.7746243, 52.3968561)), ((-1.7784635, 52.4052297), (-1.7783325, 52.4050171)), ((-1.7802978, 52.4078423), (-1.7784635, 52.4052297)), ((-1.7804003, 52.4079653), (-1.7802978, 52.4078423)), ((-1.7831742, 52.4105815), (-1.7804003, 52.4079653)), ((-1.783551, 52.4108908), (-1.7831742, 52.4105815)), ((-1.784542, 52.4117383), (-1.783551, 52.4108908)), ((-1.7846507, 52.4118274), (-1.784542, 52.4117383)), ((-1.7874308, 52.4137333), (-1.7846507, 52.4118274)), ((-1.7875855, 52.413824), (-1.7874308, 52.4137333)), ((-1.8024342, 52.4349396), (-1.7875855, 52.413824)), ((-1.8024849, 52.435053), (-1.8024342, 52.4349396)), ((-1.8025104, 52.4351158), (-1.8024849, 52.435053)), ((-1.8027198, 52.4356097), (-1.8025104, 52.4351158)), ((-1.8037859, 52.4373748), (-1.8027198, 52.4356097)), ((-1.803881, 52.4375212), (-1.8037859, 52.4373748)), ((-1.8052012, 52.4394683), (-1.803881, 52.4375212)), ((-1.805301, 52.4396097), (-1.8052012, 52.4394683)), ((-1.8100041, 52.444289), (-1.805301, 52.4396097)), ((-1.8101796, 52.4444246), (-1.8100041, 52.444289)), ((-1.8166715, 52.4482558), (-1.8101796, 52.4444246)), ((-1.8170612, 52.4484454), (-1.8166715, 52.4482558)), ((-1.8173294, 52.4485755), (-1.8170612, 52.4484454)), ((-1.8207283, 52.4500913), (-1.8173294, 52.4485755)), ((-1.8316412, 52.4524281), (-1.8207283, 52.4500913)), ((-1.8363852, 52.4532367), (-1.8316412, 52.4524281)), ((-1.8370695, 52.4534437), (-1.8363852, 52.4532367))]",249,Gauge 6,5211,5190 (99.6%),21 (0.4%),0 (0.0%),0.92,7.3
25,53,"[((-1.7008249, 52.3067919), (-1.6859334, 52.2995172)), ((-1.7009335, 52.3068304), (-1.7008249, 52.3067919)), ((-1.6859334, 52.2995172), (-1.6840523, 52.2984129)), ((-1.7065085, 52.3091969), (-1.7009335, 52.3068304)), ((-1.7066252, 52.3092568), (-1.7065085, 52.3091969)), ((-1.722139, 52.3237425), (-1.7066252, 52.3092568)), ((-1.7221779, 52.3238212), (-1.722139, 52.3237425)), ((-1.7225887, 52.3247809), (-1.7221779, 52.3238212)), ((-1.7226757, 52.3250102), (-1.7225887, 52.3247809)), ((-1.7262388, 52.3345425), (-1.7226757, 52.3250102)), ((-1.7262648, 52.3347514), (-1.7262388, 52.3345425)), ((-1.7263462, 52.3373615), (-1.7262648, 52.3347514)), ((-1.7263462, 52.3373615), (-1.7263328, 52.337486)), ((-1.7263328, 52.337486), (-1.7258325, 52.3418214)), ((-1.7395238, 52.3647383), (-1.7258325, 52.3418214)), ((-1.7397196, 52.3648382), (-1.7395238, 52.3647383)), ((-1.7535826, 52.3724633), (-1.7397196, 52.3648382)), ((-1.7537663, 52.372614), (-1.7535826, 52.3724633)), ((-1.7693272, 52.3878513), (-1.7537663, 52.372614)), ((-1.7693943, 52.387947), (-1.7693272, 52.3878513)), ((-1.7718632, 52.3915409), (-1.7693943, 52.387947)), ((-1.7721596, 52.3919935), (-1.7718632, 52.3915409)), ((-1.7737958, 52.394974), (-1.7721596, 52.3919935)), ((-1.7738387, 52.3950567), (-1.7737958, 52.394974)), ((-1.7745526, 52.3967018), (-1.7738387, 52.3950567)), ((-1.7746243, 52.3968561), (-1.7745526, 52.3967018)), ((-1.7783325, 52.4050171), (-1.7746243, 52.3968561)), ((-1.7784635, 52.4052297), (-1.7783325, 52.4050171)), ((-1.7802978, 52.4078423), (-1.7784635, 52.4052297)), ((-1.7804003, 52.4079653), (-1.7802978, 52.4078423)), ((-1.7831742, 52.4105815), (-1.7804003, 52.4079653)), ((-1.783551, 52.4108908), (-1.7831742, 52.4105815)), ((-1.784542, 52.4117383), (-1.783551, 52.4108908)), ((-1.7846507, 52.4118274), (-1.784542, 52.4117383)), ((-1.7874308, 52.4137333), (-1.7846507, 52.4118274)), ((-1.7875855, 52.413824), (-1.7874308, 52.4137333)), ((-1.8024342, 52.4349396), (-1.7875855, 52.413824)), ((-1.8024849, 52.435053), (-1.8024342, 52.4349396)), ((-1.8025104, 52.4351158), (-1.8024849, 52.435053)), ((-1.8027198, 52.4356097), (-1.8025104, 52.4351158)), ((-1.8037859, 52.4373748), (-1.8027198, 52.4356097)), ((-1.803881, 52.4375212), (-1.8037859, 52.4373748)), ((-1.8052012, 52.4394683), (-1.803881, 52.4375212)), ((-1.805301, 52.4396097), (-1.8052012, 52.4394683)), ((-1.8100041, 52.444289), (-1.805301, 52.4396097)), ((-1.8101796, 52.4444246), (-1.8100041, 52.444289)), ((-1.8166715, 52.4482558), (-1.8101796, 52.4444246)), ((-1.8170612, 52.4484454), (-1.8166715, 52.4482558)), ((-1.8173294, 52.4485755), (-1.8170612, 52.4484454)), ((-1.8207283, 52.4500913), (-1.8173294, 52.4485755)), ((-1.8316412, 52.4524281), (-1.8207283, 52.4500913)), ((-1.8363852, 52.4532367), (-1.8316412, 52.4524281)), ((-1.8370695, 52.4534437), (-1.8363852, 52.4532367))]",249,Gauge 10,864,864 (100.0%),0 (0.0%),0 (0.0%),0,0
26,3,"[((0.251844, 51.5591727), (np.float64(0.2524203), np.float64(51.5591582))), ((np.float64(0.2524203), np.float64(51.5591582)), (0.3317495, 51.6320893)), ((0.3317495, 51.6320893), (0.3350962, 51.6348915))]",248,Gauge 6,5211,4739 (90.9%),472 (9.1%),0 (0.0%),2.39,6.5
26,3,"[((0.251844, 51.5591727), (np.float64(0.2524203), np.float64(51.5591582))), ((np.float64(0.2524203), np.float64(51.5591582)), (0.3317495, 51.6320893)), ((0.3317495, 51.6320893), (0.3350962, 51.6348915))]",248,Gauge 10,864,864 (100.0%),0 (0.0%),0 (0.0%),0,0
27,1,"[((-1.6690412, 52.2952371), (-1.6686671, 52.2952687))]",247,Gauge 6,5211,5192 (99.6%),19 (0.4%),0 (0.0%),2.46,13.6
27,1,"[((-1.6690412, 52.2952371), (-1.6686671, 52.2952687))]",247,Gauge 10,864,864 (100.0%),0 (0.0%),0 (0.0%),0,0
28,1,"[((-1.6840523, 52.2984129), (-1.6690412, 52.2952371))]",246,Gauge 6,5211,5190 (99.6%),21 (0.4%),0 (0.0%),0.26,4.7
28,1,"[((-1.6840523, 52.2984129), (-1.6690412, 52.2952371))]",246,Gauge 10,864,864 (100.0%),0 (0.0%),0 (0.0%),0,0
29,13,"[((0.1960854, 51.5774356), (0.2010699, 51.5746173)), ((0.1887793, 51.576361), (0.1960854, 51.5774356)), ((0.2010699, 51.5746173), (0.2022466, 51.5739332)), ((0.1884747, 51.5762573), (0.1887793, 51.576361)), ((0.2022466, 51.5739332), (np.float64(0.2085711), np.float64(51.5715))), ((0.187458, 51.5759237), (0.1884747, 51.5762573)), ((np.float64(0.2085711), np.float64(51.5715)), (0.2347221, 51.5618213)), ((0.1871007, 51.5758199), (0.187458, 51.5759237)), ((0.2347221, 51.5618213), (0.2497898, 51.5592307)), ((0.1842341, 51.5749768), (0.1871007, 51.5758199)), ((0.2497898, 51.5592307), (0.251844, 51.5591727)), ((0.1841162, 51.5749456), (0.1842341, 51.5749768)), ((-0.0041058, 51.5479077), (0.1841162, 51.5749456))]",242,Gauge 6,5211,4745 (91.1%),466 (8.9%),0 (0.0%),4.88,49.1
29,13,"[((0.1960854, 51.5774356), (0.2010699, 51.5746173)), ((0.1887793, 51.576361), (0.1960854, 51.5774356)), ((0.2010699, 51.5746173), (0.2022466, 51.5739332)), ((0.1884747, 51.5762573), (0.1887793, 51.576361)), ((0.2022466, 51.5739332), (np.float64(0.2085711), np.float64(51.5715))), ((0.187458, 51.5759237), (0.1884747, 51.5762573)), ((np.float64(0.2085711), np.float64(51.5715)), (0.2347221, 51.5618213)), ((0.1871007, 51.5758199), (0.187458, 51.5759237)), ((0.2347221, 51.5618213), (0.2497898, 51.5592307)), ((0.1842341, 51.5749768), (0.1871007, 51.5758199)), ((0.2497898, 51.5592307), (0.251844, 51.5591727)), ((0.1841162, 51.5749456), (0.1842341, 51.5749768)), ((-0.0041058, 51.5479077), (0.1841162, 51.5749456))]",242,Gauge 10,864,864 (100.0%),0 (0.0%),0 (0.0%),0,0
30,8,"[((0.3095123, 52.3488125), (0.3279895, 52.3341008)), ((0.281412, 52.3704493), (0.3095123, 52.3488125)), ((0.2719575, 52.3761791), (0.281412, 52.3704493)), ((0.2716971, 52.3763305), (0.2719575, 52.3761791)), ((0.2653442, 52.37976), (0.2716971, 52.3763305)), ((0.2644527, 52.3802296), (0.2653442, 52.37976)), ((0.2614398, 52.3848102), (0.2644527, 52.3802296)), ((0.2614398, 52.3848102), (0.2616157, 52.3852365))]",242,Gauge 6,5211,4883 (93.7%),328 (6.3%),0 (0.0%),11.67,15.4
30,8,"[((0.3095123, 52.3488125), (0.3279895, 52.3341008)), ((0.281412, 52.3704493), (0.3095123, 52.3488125)), ((0.2719575, 52.3761791), (0.281412, 52.3704493)), ((0.2716971, 52.3763305), (0.2719575, 52.3761791)), ((0.2653442, 52.37976), (0.2716971, 52.3763305)), ((0.2644527, 52.3802296), (0.2653442, 52.37976)), ((0.2614398, 52.3848102), (0.2644527, 52.3802296)), ((0.2614398, 52.3848102), (0.2616157, 52.3852365))]",242,Gauge 10,864,864 (100.0%),0 (0.0%),0 (0.0%),0,0
31,2,"[((-1.0911824, 51.268216), (-1.0869516, 51.2685334)), ((-1.0869516, 51.2685334), (-1.0854409, 51.2687628))]",241,Gauge 6,5211,5131 (98.5%),80 (1.5%),0 (0.0%),8.34,46.1
31,2,"[((-1.0911824, 51.268216), (-1.0869516, 51.2685334)), ((-1.0869516, 51.2685334), (-1.0854409, 51.2687628))]",241,Gauge 10,864,847 (98.0%),17 (2.0%),0 (0.0%),5.61,33.5
32,1,"[((-1.3494762, 50.9706056), (-1.3494452, 50.9707337))]",241,Gauge 6,5211,5186 (99.5%),25 (0.5%),0 (0.0%),6.05,12.0
32,1,"[((-1.3494762, 50.9706056), (-1.3494452, 50.9707337))]",241,Gauge 10,864,864 (100.0%),0 (0.0%),0 (0.0%),0,0
33,2,"[((-1.2934462, 51.7910904), (-1.2929661, 51.7906101)), ((-1.2929661, 51.7906101), (-1.2743476, 51.7706214))]",238,Gauge 6,5211,5092 (97.7%),119 (2.3%),0 (0.0%),1.43,13.4
33,2,"[((-1.2934462, 51.7910904), (-1.2929661, 51.7906101)), ((-1.2929661, 51.7906101), (-1.2743476, 51.7706214))]",238,Gauge 10,864,861 (99.7%),3 (0.3%),0 (0.0%),0.11,2.7
34,5,"[((0.9872442, 52.2218873), (0.9895468, 52.2157707)), ((0.9895468, 52.2157707), (0.9896525, 52.2156066)), ((0.9896525, 52.2156066), (0.9931359, 52.2024981)), ((0.9931311, 52.2023221), (0.9931359, 52.2024981)), ((0.9931311, 52.2023221), (1.0002629, 52.1898272))]",236,Gauge 6,5211,4888 (93.8%),323 (6.2%),0 (0.0%),22.53,59.5
34,5,"[((0.9872442, 52.2218873), (0.9895468, 52.2157707)), ((0.9895468, 52.2157707), (0.9896525, 52.2156066)), ((0.9896525, 52.2156066), (0.9931359, 52.2024981)), ((0.9931311, 52.2023221), (0.9931359, 52.2024981)), ((0.9931311, 52.2023221), (1.0002629, 52.1898272))]",236,Gauge 10,864,864 (100.0%),0 (0.0%),0 (0.0%),0,0
35,1,"[((-1.0921635, 51.2681657), (-1.0911824, 51.268216))]",235,Gauge 6,5211,5193 (99.7%),18 (0.3%),0 (0.0%),1.77,22.9
35,1,"[((-1.0921635, 51.2681657), (-1.0911824, 51.268216))]",235,Gauge 10,864,864 (100.0%),0 (0.0%),0 (0.0%),0,0
36,2,"[((0.9870984, 52.2224301), (0.9871204, 52.2222738)), ((0.9871204, 52.2222738), (0.9872442, 52.2218873))]",234,Gauge 6,5211,4893 (93.9%),318 (6.1%),0 (0.0%),24.48,40.7
36,2,"[((0.9870984, 52.2224301), (0.9871204, 52.2222738)), ((0.9871204, 52.2222738), (0.9872442, 52.2218873))]",234,Gauge 10,864,864 (100.0%),0 (0.0%),0 (0.0%),0,0
37,2,"[((-1.0827936, 51.2695755), (-1.0819299, 51.2697899)), ((-1.0854409, 51.2687628), (-1.0827936, 51.2695755))]",233,Gauge 6,5211,5118 (98.2%),93 (1.8%),0 (0.0%),7.66,42.0
37,2,"[((-1.0827936, 51.2695755), (-1.0819299, 51.2697899)), ((-1.0854409, 51.2687628), (-1.0827936, 51.2695755))]",233,Gauge 10,864,847 (98.0%),17 (2.0%),0 (0.0%),5.61,33.5
38,1,"[((-1.8448418, 52.4567703), (-1.8370695, 52.4534437))]",232,Gauge 6,5211,5210 (100.0%),1 (0.0%),0 (0.0%),0.11,0.0
38,1,"[((-1.8448418, 52.4567703), (-1.8370695, 52.4534437))]",232,Gauge 10,864,864 (100.0%),0 (0.0%),0 (0.0%),0,0
39,1,"[((-1.8459611, 52.457363), (-1.8448418, 52.4567703))]",231,Gauge 6,5211,5211 (100.0%),0 (0.0%),0 (0.0%),0,0
39,1,"[((-1.8459611, 52.457363), (-1.8448418, 52.4567703))]",231,Gauge 10,864,864 (100.0%),0 (0.0%),0 (0.0%),0,0
40,57,"[((-0.9991384, 51.4386646), (-0.997879, 51.4410043)), ((-0.997879, 51.4410043), (-0.9977503, 51.4411151)), ((-0.9991763, 51.4385037), (-0.9991384, 51.4386646)), ((-0.9977503, 51.4411151), (-0.9960876, 51.4429284)), ((-0.9994847, 51.4367535), (-0.9991763, 51.4385037)), ((-0.9960876, 51.4429284), (-0.9930771, 51.4497549)), ((-0.9995395, 51.436466), (-0.9994847, 51.4367535)), ((-0.9930771, 51.4497549), (-0.9912061, 51.4538549)), ((-1.0014495, 51.4259921), (-0.9995395, 51.436466)), ((-0.9912061, 51.4538549), (-0.9899664, 51.4556497)), ((-1.0047907, 51.4076872), (-1.0014495, 51.4259921)), ((-0.9899664, 51.4556497), (-0.9897963, 51.4558658)), ((-1.0048122, 51.407561), (-1.0047907, 51.4076872)), ((-0.9897963, 51.4558658), (-0.9897169, 51.4559755)), ((-1.0061128, 51.4010999), (-1.0048122, 51.407561)), ((-0.9897169, 51.4559755), (-0.9893203, 51.4568761)), ((-1.0061504, 51.4009266), (-1.0061128, 51.4010999)), ((-1.0072098, 51.3972092), (-1.0061504, 51.4009266)), ((-1.0072608, 51.3970426), (-1.0072098, 51.3972092)), ((-1.0213705, 51.3810565), (-1.0072608, 51.3970426)), ((-1.0216026, 51.3809585), (-1.0213705, 51.3810565)), ((-1.0221886, 51.3807368), (-1.0216026, 51.3809585)), ((-1.0229919, 51.3804479), (-1.0221886, 51.3807368)), ((-1.0436222, 51.3664429), (-1.0229919, 51.3804479)), ((-1.043724, 51.366356), (-1.0436222, 51.3664429)), ((-1.061896, 51.35024), (-1.043724, 51.366356)), ((-1.0619214, 51.3501235), (-1.061896, 51.35024)), ((-1.0619214, 51.3501235), (-1.0596457, 51.3281089)), ((-1.0596457, 51.3281089), (-1.056692, 51.3233395)), ((-1.056692, 51.3233395), (-1.0562695, 51.3223465)), ((-1.0562695, 51.3223465), (-1.0558797, 51.321217)), ((-1.0558797, 51.321217), (-1.0558626, 51.3211485)), ((-1.0558626, 51.3211485), (-1.0554923, 51.3195933)), ((-1.0554923, 51.3195933), (-1.0554804, 51.3194958)), ((-1.0554804, 51.3194958), (-1.0553428, 51.3145206)), ((-1.0553522, 51.3144173), (-1.0553428, 51.3145206)), ((-1.0553522, 51.3144173), (-1.0552894, 51.3068463)), ((-1.0552916, 51.3067768), (-1.0552894, 51.3068463)), ((-1.0555118, 51.3039256), (-1.0552916, 51.3067768)), ((-1.0555299, 51.3038078), (-1.0555118, 51.3039256)), ((-1.0556795, 51.3031011), (-1.0555299, 51.3038078)), ((-1.0581041, 51.2985182), (-1.0556795, 51.3031011)), ((-1.058894, 51.2976679), (-1.0581041, 51.2985182)), ((-1.0629896, 51.2945252), (-1.058894, 51.2976679)), ((-1.0630933, 51.2944482), (-1.0629896, 51.2945252)), ((-1.0686922, 51.2852432), (-1.0630933, 51.2944482)), ((-1.0686922, 51.2852432), (-1.0686911, 51.2851388)), ((-1.0686911, 51.2851388), (-1.0686783, 51.2847672)), ((-1.0686783, 51.2847672), (-1.068667, 51.2845375)), ((-1.068667, 51.2845375), (-1.0685775, 51.2832298)), ((-1.0685775, 51.2832298), (-1.0685718, 51.2831592)), ((-1.0685944, 51.2801888), (-1.0685718, 51.2831592)), ((-1.0685991, 51.2801333), (-1.0685944, 51.2801888)), ((-1.0691601, 51.2763262), (-1.0685991, 51.2801333)), ((-1.0691854, 51.2762535), (-1.0691601, 51.2763262)), ((-1.0799478, 51.2702149), (-1.0691854, 51.2762535)), ((-1.0819299, 51.2697899), (-1.0799478, 51.2702149))]",230,Gauge 6,5211,4971 (95.4%),240 (4.6%),0 (0.0%),0.02,2.9
40,57,"[((-0.9991384, 51.4386646), (-0.997879, 51.4410043)), ((-0.997879, 51.4410043), (-0.9977503, 51.4411151)), ((-0.9991763, 51.4385037), (-0.9991384, 51.4386646)), ((-0.9977503, 51.4411151), (-0.9960876, 51.4429284)), ((-0.9994847, 51.4367535), (-0.9991763, 51.4385037)), ((-0.9960876, 51.4429284), (-0.9930771, 51.4497549)), ((-0.9995395, 51.436466), (-0.9994847, 51.4367535)), ((-0.9930771, 51.4497549), (-0.9912061, 51.4538549)), ((-1.0014495, 51.4259921), (-0.9995395, 51.436466)), ((-0.9912061, 51.4538549), (-0.9899664, 51.4556497)), ((-1.0047907, 51.4076872), (-1.0014495, 51.4259921)), ((-0.9899664, 51.4556497), (-0.9897963, 51.4558658)), ((-1.0048122, 51.407561), (-1.0047907, 51.4076872)), ((-0.9897963, 51.4558658), (-0.9897169, 51.4559755)), ((-1.0061128, 51.4010999), (-1.0048122, 51.407561)), ((-0.9897169, 51.4559755), (-0.9893203, 51.4568761)), ((-1.0061504, 51.4009266), (-1.0061128, 51.4010999)), ((-1.0072098, 51.3972092), (-1.0061504, 51.4009266)), ((-1.0072608, 51.3970426), (-1.0072098, 51.3972092)), ((-1.0213705, 51.3810565), (-1.0072608, 51.3970426)), ((-1.0216026, 51.3809585), (-1.0213705, 51.3810565)), ((-1.0221886, 51.3807368), (-1.0216026, 51.3809585)), ((-1.0229919, 51.3804479), (-1.0221886, 51.3807368)), ((-1.0436222, 51.3664429), (-1.0229919, 51.3804479)), ((-1.043724, 51.366356), (-1.0436222, 51.3664429)), ((-1.061896, 51.35024), (-1.043724, 51.366356)), ((-1.0619214, 51.3501235), (-1.061896, 51.35024)), ((-1.0619214, 51.3501235), (-1.0596457, 51.3281089)), ((-1.0596457, 51.3281089), (-1.056692, 51.3233395)), ((-1.056692, 51.3233395), (-1.0562695, 51.3223465)), ((-1.0562695, 51.3223465), (-1.0558797, 51.321217)), ((-1.0558797, 51.321217), (-1.0558626, 51.3211485)), ((-1.0558626, 51.3211485), (-1.0554923, 51.3195933)), ((-1.0554923, 51.3195933), (-1.0554804, 51.3194958)), ((-1.0554804, 51.3194958), (-1.0553428, 51.3145206)), ((-1.0553522, 51.3144173), (-1.0553428, 51.3145206)), ((-1.0553522, 51.3144173), (-1.0552894, 51.3068463)), ((-1.0552916, 51.3067768), (-1.0552894, 51.3068463)), ((-1.0555118, 51.3039256), (-1.0552916, 51.3067768)), ((-1.0555299, 51.3038078), (-1.0555118, 51.3039256)), ((-1.0556795, 51.3031011), (-1.0555299, 51.3038078)), ((-1.0581041, 51.2985182), (-1.0556795, 51.3031011)), ((-1.058894, 51.2976679), (-1.0581041, 51.2985182)), ((-1.0629896, 51.2945252), (-1.058894, 51.2976679)), ((-1.0630933, 51.2944482), (-1.0629896, 51.2945252)), ((-1.0686922, 51.2852432), (-1.0630933, 51.2944482)), ((-1.0686922, 51.2852432), (-1.0686911, 51.2851388)), ((-1.0686911, 51.2851388), (-1.0686783, 51.2847672)), ((-1.0686783, 51.2847672), (-1.068667, 51.2845375)), ((-1.068667, 51.2845375), (-1.0685775, 51.2832298)), ((-1.0685775, 51.2832298), (-1.0685718, 51.2831592)), ((-1.0685944, 51.2801888), (-1.0685718, 51.2831592)), ((-1.0685991, 51.2801333), (-1.0685944, 51.2801888)), ((-1.0691601, 51.2763262), (-1.0685991, 51.2801333)), ((-1.0691854, 51.2762535), (-1.0691601, 51.2763262)), ((-1.0799478, 51.2702149), (-1.0691854, 51.2762535)), ((-1.0819299, 51.2697899), (-1.0799478, 51.2702149))]",230,Gauge 10,864,837 (96.9%),0 (0.0%),27 (3.1%),0,0
41,56,"[((0.7142737, 52.2535488), (0.7146612, 52.2535358)), ((0.7096436, 52.253743), (0.7142737, 52.2535488)), ((0.7146612, 52.2535358), (0.7166078, 52.2534676)), ((0.6992949, 52.2536575), (0.7096436, 52.253743)), ((0.7166078, 52.2534676), (0.7168418, 52.2534614)), ((0.6983836, 52.2535178), (0.6992949, 52.2536575)), ((0.7168418, 52.2534614), (0.7176757, 52.25343)), ((0.6382088, 52.2573961), (0.6983836, 52.2535178)), ((0.7176757, 52.25343), (0.7180183, 52.2534149)), ((0.638059, 52.2574198), (0.6382088, 52.2573961)), ((0.7180183, 52.2534149), (0.7202675, 52.253331)), ((0.5999346, 52.2631779), (0.638059, 52.2574198)), ((0.7202675, 52.253331), (0.7212795, 52.2532892)), ((0.5997049, 52.2631863), (0.5999346, 52.2631779)), ((0.7212795, 52.2532892), (0.7400666, 52.2525759)), ((0.5913814, 52.2635662), (0.5997049, 52.2631863)), ((0.7400666, 52.2525759), (0.7404877, 52.25256)), ((0.5911248, 52.2635772), (0.5913814, 52.2635662)), ((0.7404877, 52.25256), (0.7546584, 52.252008)), ((0.5841513, 52.2639074), (0.5911248, 52.2635772)), ((0.7546584, 52.252008), (0.7548241, 52.252002)), ((0.5303435, 52.2709174), (0.5841513, 52.2639074)), ((0.7548241, 52.252002), (0.807705, 52.2499337)), ((0.5298603, 52.2710265), (0.5303435, 52.2709174)), ((0.807705, 52.2499337), (0.8079075, 52.2499256)), ((0.5230838, 52.2726523), (0.5298603, 52.2710265)), ((0.8079075, 52.2499256), (0.8238159, 52.2489742)), ((0.5226928, 52.2727473), (0.5230838, 52.2726523)), ((0.8238159, 52.2489742), (0.8240673, 52.2489462)), ((0.5029275, 52.2761322), (0.5226928, 52.2727473)), ((0.8240673, 52.2489462), (0.8625311, 52.244554)), ((0.4961537, 52.2767338), (0.5029275, 52.2761322)), ((0.8625311, 52.244554), (0.8629697, 52.244506)), ((0.4955582, 52.2767855), (0.4961537, 52.2767338)), ((0.8629697, 52.244506), (0.8708733, 52.2436083)), ((0.4283059, 52.2644425), (0.4955582, 52.2767855)), ((0.8708733, 52.2436083), (0.8710223, 52.2435913)), ((0.8710223, 52.2435913), (0.8758801, 52.2430242)), ((0.8758801, 52.2430242), (0.8762998, 52.2429781)), ((0.8762998, 52.2429781), (0.9032212, 52.2398811)), ((0.9032212, 52.2398811), (0.9033892, 52.239857)), ((0.9033892, 52.239857), (0.9034685, 52.2398467)), ((0.9034685, 52.2398467), (0.9133447, 52.237955)), ((0.9133447, 52.237955), (0.9350727, 52.2349411)), ((0.9350727, 52.2349411), (0.9352727, 52.2349195)), ((0.9352727, 52.2349195), (0.9393914, 52.2344415)), ((0.9393914, 52.2344415), (0.9398016, 52.2343946)), ((0.9398016, 52.2343946), (0.9809643, 52.2291605)), ((0.9809643, 52.2291605), (0.9833185, 52.2280624)), ((0.9833185, 52.2280624), (0.9835029, 52.2279481)), ((0.9835029, 52.2279481), (0.9846151, 52.2271317)), ((0.9846151, 52.2271317), (0.9862026, 52.2252856)), ((0.9862026, 52.2252856), (0.9862979, 52.2251)), ((0.9862979, 52.2251), (0.9865865, 52.2245558)), ((0.9865865, 52.2245558), (0.986797, 52.223731)), ((0.986797, 52.223731), (0.9870984, 52.2224301))]",230,Gauge 6,5211,4895 (93.9%),316 (6.1%),0 (0.0%),24.64,40.9
41,56,"[((0.7142737, 52.2535488), (0.7146612, 52.2535358)), ((0.7096436, 52.253743), (0.7142737, 52.2535488)), ((0.7146612, 52.2535358), (0.7166078, 52.2534676)), ((0.6992949, 52.2536575), (0.7096436, 52.253743)), ((0.7166078, 52.2534676), (0.7168418, 52.2534614)), ((0.6983836, 52.2535178), (0.6992949, 52.2536575)), ((0.7168418, 52.2534614), (0.7176757, 52.25343)), ((0.6382088, 52.2573961), (0.6983836, 52.2535178)), ((0.7176757, 52.25343), (0.7180183, 52.2534149)), ((0.638059, 52.2574198), (0.6382088, 52.2573961)), ((0.7180183, 52.2534149), (0.7202675, 52.253331)), ((0.5999346, 52.2631779), (0.638059, 52.2574198)), ((0.7202675, 52.253331), (0.7212795, 52.2532892)), ((0.5997049, 52.2631863), (0.5999346, 52.2631779)), ((0.7212795, 52.2532892), (0.7400666, 52.2525759)), ((0.5913814, 52.2635662), (0.5997049, 52.2631863)), ((0.7400666, 52.2525759), (0.7404877, 52.25256)), ((0.5911248, 52.2635772), (0.5913814, 52.2635662)), ((0.7404877, 52.25256), (0.7546584, 52.252008)), ((0.5841513, 52.2639074), (0.5911248, 52.2635772)), ((0.7546584, 52.252008), (0.7548241, 52.252002)), ((0.5303435, 52.2709174), (0.5841513, 52.2639074)), ((0.7548241, 52.252002), (0.807705, 52.2499337)), ((0.5298603, 52.2710265), (0.5303435, 52.2709174)), ((0.807705, 52.2499337), (0.8079075, 52.2499256)), ((0.5230838, 52.2726523), (0.5298603, 52.2710265)), ((0.8079075, 52.2499256), (0.8238159, 52.2489742)), ((0.5226928, 52.2727473), (0.5230838, 52.2726523)), ((0.8238159, 52.2489742), (0.8240673, 52.2489462)), ((0.5029275, 52.2761322), (0.5226928, 52.2727473)), ((0.8240673, 52.2489462), (0.8625311, 52.244554)), ((0.4961537, 52.2767338), (0.5029275, 52.2761322)), ((0.8625311, 52.244554), (0.8629697, 52.244506)), ((0.4955582, 52.2767855), (0.4961537, 52.2767338)), ((0.8629697, 52.244506), (0.8708733, 52.2436083)), ((0.4283059, 52.2644425), (0.4955582, 52.2767855)), ((0.8708733, 52.2436083), (0.8710223, 52.2435913)), ((0.8710223, 52.2435913), (0.8758801, 52.2430242)), ((0.8758801, 52.2430242), (0.8762998, 52.2429781)), ((0.8762998, 52.2429781), (0.9032212, 52.2398811)), ((0.9032212, 52.2398811), (0.9033892, 52.239857)), ((0.9033892, 52.239857), (0.9034685, 52.2398467)), ((0.9034685, 52.2398467), (0.9133447, 52.237955)), ((0.9133447, 52.237955), (0.9350727, 52.2349411)), ((0.9350727, 52.2349411), (0.9352727, 52.2349195)), ((0.9352727, 52.2349195), (0.9393914, 52.2344415)), ((0.9393914, 52.2344415), (0.9398016, 52.2343946)), ((0.9398016, 52.2343946), (0.9809643, 52.2291605)), ((0.9809643, 52.2291605), (0.9833185, 52.2280624)), ((0.9833185, 52.2280624), (0.9835029, 52.2279481)), ((0.9835029, 52.2279481), (0.9846151, 52.2271317)), ((0.9846151, 52.2271317), (0.9862026, 52.2252856)), ((0.9862026, 52.2252856), (0.9862979, 52.2251)), ((0.9862979, 52.2251), (0.9865865, 52.2245558)), ((0.9865865, 52.2245558), (0.986797, 52.223731)), ((0.986797, 52.223731), (0.9870984, 52.2224301))]",230,Gauge 10,864,864 (100.0%),0 (0.0%),0 (0.0%),0,0
42,9,"[((0.3741116, 52.3011544), (0.4114692, 52.2671316)), ((0.3291842, 52.3295482), (0.3741116, 52.3011544)), ((0.4114692, 52.2671316), (0.411787, 52.2668408)), ((0.3278931, 52.3327878), (0.3291842, 52.3295482)), ((0.411787, 52.2668408), (0.4125728, 52.2661492)), ((0.3278931, 52.3327878), (0.3279, 52.3330635)), ((0.4125728, 52.2661492), (0.4264314, 52.2638842)), ((0.3279, 52.3330635), (0.3279895, 52.3341008)), ((0.4264314, 52.2638842), (0.4283059, 52.2644425))]",229,Gauge 6,5211,4904 (94.1%),307 (5.9%),0 (0.0%),0.00,1.0
42,9,"[((0.3741116, 52.3011544), (0.4114692, 52.2671316)), ((0.3291842, 52.3295482), (0.3741116, 52.3011544)), ((0.4114692, 52.2671316), (0.411787, 52.2668408)), ((0.3278931, 52.3327878), (0.3291842, 52.3295482)), ((0.411787, 52.2668408), (0.4125728, 52.2661492)), ((0.3278931, 52.3327878), (0.3279, 52.3330635)), ((0.4125728, 52.2661492), (0.4264314, 52.2638842)), ((0.3279, 52.3330635), (0.3279895, 52.3341008)), ((0.4264314, 52.2638842), (0.4283059, 52.2644425))]",229,Gauge 10,864,864 (100.0%),0 (0.0%),0 (0.0%),0,0
43,9,"[((0.2625705, 52.386568), (0.2632191, 52.3874202)), ((0.2632191, 52.3874202), (0.2648261, 52.3889842)), ((0.2648261, 52.3889842), (0.2673354, 52.391301)), ((0.2673354, 52.391301), (0.2674202, 52.3913864)), ((0.2674202, 52.3913864), (0.2679262, 52.3918751)), ((0.2679262, 52.3918751), (0.2684202, 52.3922752)), ((0.2684202, 52.3922752), (0.2684704, 52.392318)), ((0.2684704, 52.392318), (0.2688627, 52.392624)), ((0.2688627, 52.392624), (0.2690468, 52.3927608))]",229,Gauge 6,5211,5179 (99.4%),32 (0.6%),0 (0.0%),0.00,1.0
43,9,"[((0.2625705, 52.386568), (0.2632191, 52.3874202)), ((0.2632191, 52.3874202), (0.2648261, 52.3889842)), ((0.2648261, 52.3889842), (0.2673354, 52.391301)), ((0.2673354, 52.391301), (0.2674202, 52.3913864)), ((0.2674202, 52.3913864), (0.2679262, 52.3918751)), ((0.2679262, 52.3918751), (0.2684202, 52.3922752)), ((0.2684202, 52.3922752), (0.2684704, 52.392318)), ((0.2684704, 52.392318), (0.2688627, 52.392624)), ((0.2688627, 52.392624), (0.2690468, 52.3927608))]",229,Gauge 10,864,864 (100.0%),0 (0.0%),0 (0.0%),0,0
44,1,"[((-1.2743476, 51.7706214), (-1.273495, 51.7677731))]",228,Gauge 6,5211,5102 (97.9%),109 (2.1%),0 (0.0%),0.94,10.2
44,1,"[((-1.2743476, 51.7706214), (-1.273495, 51.7677731))]",228,Gauge 10,864,861 (99.7%),3 (0.3%),0 (0.0%),0.11,2.7
45,1,"[((-1.100982, 53.9526449), (-1.0997487, 53.9534389))]",226,Gauge 6,5211,4972 (95.4%),239 (4.6%),0 (0.0%),0.33,8.7
45,1,"[((-1.100982, 53.9526449), (-1.0997487, 53.9534389))]",226,Gauge 10,864,818 (94.7%),46 (5.3%),0 (0.0%),0.46,6.4
46,6,"[((-1.1195449, 53.9699145), (-1.1135516, 53.9635815)), ((-1.1196833, 53.9700579), (-1.1195449, 53.9699145)), ((-1.1135516, 53.9635815), (-1.0992401, 53.9538455)), ((-1.1199887, 53.9703166), (-1.1196833, 53.9700579)), ((-1.1005124, 53.9530174), (-1.0992401, 53.9538455)), ((-1.1211932, 53.9715692), (-1.1199887, 53.9703166))]",224,Gauge 6,5211,4978 (95.5%),233 (4.5%),0 (0.0%),0.34,8.9
46,6,"[((-1.1195449, 53.9699145), (-1.1135516, 53.9635815)), ((-1.1196833, 53.9700579), (-1.1195449, 53.9699145)), ((-1.1135516, 53.9635815), (-1.0992401, 53.9538455)), ((-1.1199887, 53.9703166), (-1.1196833, 53.9700579)), ((-1.1005124, 53.9530174), (-1.0992401, 53.9538455)), ((-1.1211932, 53.9715692), (-1.1199887, 53.9703166))]",224,Gauge 10,864,823 (95.3%),41 (4.7%),0 (0.0%),0.33,6.4
47,2,"[((-1.1401583, 53.5212302), (-1.1401583, 53.5212769)), ((-1.1401583, 53.5212302), (-1.1401088, 53.5203548))]",224,Gauge 6,5211,4987 (95.7%),0 (0.0%),224 (4.3%),0,0
47,2,"[((-1.1401583, 53.5212302), (-1.1401583, 53.5212769)), ((-1.1401583, 53.5212302), (-1.1401088, 53.5203548))]",224,Gauge 10,864,816 (94.4%),0 (0.0%),48 (5.6%),0,0
48,43,"[((-1.2964954, 54.1572202), (-1.2452055, 54.1085034)), ((-1.296675, 54.1574055), (-1.2964954, 54.1572202)), ((-1.2452055, 54.1085034), (-1.2448422, 54.108107)), ((-1.3410449, 54.1996247), (-1.296675, 54.1574055)), ((-1.2448422, 54.108107), (-1.2394512, 54.1021586)), ((-1.341322, 54.1998705), (-1.3410449, 54.1996247)), ((-1.2394512, 54.1021586), (-1.239363, 54.1020608)), ((-1.3427887, 54.2011934), (-1.341322, 54.1998705)), ((-1.239363, 54.1020608), (-1.1963759, 54.0543091)), ((-1.3705015, 54.2260555), (-1.3427887, 54.2011934)), ((-1.1963759, 54.0543091), (-1.1962745, 54.0541981)), ((-1.3757064, 54.2307235), (-1.3705015, 54.2260555)), ((-1.1962745, 54.0541981), (-1.1434372, 53.9957279)), ((-1.38174, 54.2361372), (-1.3757064, 54.2307235)), ((-1.1434372, 53.9957279), (-1.1433353, 53.9956153)), ((-1.3823029, 54.2367051), (-1.38174, 54.2361372)), ((-1.1433353, 53.9956153), (-1.1402207, 53.9921404)), ((-1.3831139, 54.2374341), (-1.3823029, 54.2367051)), ((-1.1402207, 53.9921404), (-1.1394671, 53.9911026)), ((-1.3831956, 54.237508), (-1.3831139, 54.2374341)), ((-1.1394671, 53.9911026), (-1.1387884, 53.9903479)), ((-1.3843103, 54.2384975), (-1.3831956, 54.237508)), ((-1.1387884, 53.9903479), (-1.1372525, 53.9887965)), ((-1.3844332, 54.2386081), (-1.3843103, 54.2384975)), ((-1.1372525, 53.9887965), (-1.1337301, 53.9848884)), ((-1.3873315, 54.241227), (-1.3844332, 54.2386081)), ((-1.1337301, 53.9848884), (-1.1336379, 53.9847861)), ((-1.3874357, 54.2413189), (-1.3873315, 54.241227)), ((-1.1336379, 53.9847861), (-1.1211932, 53.9715692)), ((-1.4276099, 54.3070443), (-1.3874357, 54.2413189)), ((-1.4327287, 54.317505), (-1.4276099, 54.3070443)), ((-1.4340178, 54.3200373), (-1.4327287, 54.317505)), ((-1.4355092, 54.322606), (-1.4340178, 54.3200373)), ((-1.4396988, 54.3296246), (-1.4355092, 54.322606)), ((-1.4401763, 54.3304081), (-1.4396988, 54.3296246)), ((-1.4411838, 54.3321107), (-1.4401763, 54.3304081)), ((-1.4413414, 54.3323732), (-1.4411838, 54.3321107)), ((-1.4423201, 54.3340156), (-1.4413414, 54.3323732)), ((-1.4424535, 54.3342398), (-1.4423201, 54.3340156)), ((-1.442955, 54.3350843), (-1.4424535, 54.3342398)), ((-1.4429881, 54.3351519), (-1.442955, 54.3350843)), ((-1.4430477, 54.3352737), (-1.4429881, 54.3351519)), ((-1.4431787, 54.3355364), (-1.4430477, 54.3352737))]",222,Gauge 6,5211,4984 (95.6%),227 (4.4%),0 (0.0%),0.28,9.8
48,43,"[((-1.2964954, 54.1572202), (-1.2452055, 54.1085034)), ((-1.296675, 54.1574055), (-1.2964954, 54.1572202)), ((-1.2452055, 54.1085034), (-1.2448422, 54.108107)), ((-1.3410449, 54.1996247), (-1.296675, 54.1574055)), ((-1.2448422, 54.108107), (-1.2394512, 54.1021586)), ((-1.341322, 54.1998705), (-1.3410449, 54.1996247)), ((-1.2394512, 54.1021586), (-1.239363, 54.1020608)), ((-1.3427887, 54.2011934), (-1.341322, 54.1998705)), ((-1.239363, 54.1020608), (-1.1963759, 54.0543091)), ((-1.3705015, 54.2260555), (-1.3427887, 54.2011934)), ((-1.1963759, 54.0543091), (-1.1962745, 54.0541981)), ((-1.3757064, 54.2307235), (-1.3705015, 54.2260555)), ((-1.1962745, 54.0541981), (-1.1434372, 53.9957279)), ((-1.38174, 54.2361372), (-1.3757064, 54.2307235)), ((-1.1434372, 53.9957279), (-1.1433353, 53.9956153)), ((-1.3823029, 54.2367051), (-1.38174, 54.2361372)), ((-1.1433353, 53.9956153), (-1.1402207, 53.9921404)), ((-1.3831139, 54.2374341), (-1.3823029, 54.2367051)), ((-1.1402207, 53.9921404), (-1.1394671, 53.9911026)), ((-1.3831956, 54.237508), (-1.3831139, 54.2374341)), ((-1.1394671, 53.9911026), (-1.1387884, 53.9903479)), ((-1.3843103, 54.2384975), (-1.3831956, 54.237508)), ((-1.1387884, 53.9903479), (-1.1372525, 53.9887965)), ((-1.3844332, 54.2386081), (-1.3843103, 54.2384975)), ((-1.1372525, 53.9887965), (-1.1337301, 53.9848884)), ((-1.3873315, 54.241227), (-1.3844332, 54.2386081)), ((-1.1337301, 53.9848884), (-1.1336379, 53.9847861)), ((-1.3874357, 54.2413189), (-1.3873315, 54.241227)), ((-1.1336379, 53.9847861), (-1.1211932, 53.9715692)), ((-1.4276099, 54.3070443), (-1.3874357, 54.2413189)), ((-1.4327287, 54.317505), (-1.4276099, 54.3070443)), ((-1.4340178, 54.3200373), (-1.4327287, 54.317505)), ((-1.4355092, 54.322606), (-1.4340178, 54.3200373)), ((-1.4396988, 54.3296246), (-1.4355092, 54.322606)), ((-1.4401763, 54.3304081), (-1.4396988, 54.3296246)), ((-1.4411838, 54.3321107), (-1.4401763, 54.3304081)), ((-1.4413414, 54.3323732), (-1.4411838, 54.3321107)), ((-1.4423201, 54.3340156), (-1.4413414, 54.3323732)), ((-1.4424535, 54.3342398), (-1.4423201, 54.3340156)), ((-1.442955, 54.3350843), (-1.4424535, 54.3342398)), ((-1.4429881, 54.3351519), (-1.442955, 54.3350843)), ((-1.4430477, 54.3352737), (-1.4429881, 54.3351519)), ((-1.4431787, 54.3355364), (-1.4430477, 54.3352737))]",222,Gauge 10,864,823 (95.3%),41 (4.7%),0 (0.0%),0.33,6.5
49,2,"[((-1.7534757, 52.5185859), (-1.7518032, 52.5186451)), ((-1.7518032, 52.5186451), (-1.7406017, 52.5185831))]",220,Gauge 6,5211,5076 (97.4%),135 (2.6%),0 (0.0%),6.75,12.1
49,2,"[((-1.7534757, 52.5185859), (-1.7518032, 52.5186451)), ((-1.7518032, 52.5186451), (-1.7406017, 52.5185831))]",220,Gauge 10,864,864 (100.0%),0 (0.0%),0 (0.0%),0,0
50,9,"[((-1.2700215, 51.7525972), (-1.2699914, 51.7524811)), ((-1.2700801, 51.7528082), (-1.2700215, 51.7525972)), ((-1.2699914, 51.7524811), (-1.267192, 51.7473639)), ((-1.2708387, 51.7554502), (-1.2700801, 51.7528082)), ((-1.267192, 51.7473639), (-1.2667414, 51.7468794)), ((-1.2708906, 51.7556394), (-1.2708387, 51.7554502)), ((-1.2667414, 51.7468794), (-1.2635874, 51.7434242)), ((-1.2710257, 51.756048), (-1.2708906, 51.7556394)), ((-1.2635874, 51.7434242), (-1.2633377, 51.7431365))]",218,Gauge 6,5211,5112 (98.1%),99 (1.9%),0 (0.0%),1.88,5.2
50,9,"[((-1.2700215, 51.7525972), (-1.2699914, 51.7524811)), ((-1.2700801, 51.7528082), (-1.2700215, 51.7525972)), ((-1.2699914, 51.7524811), (-1.267192, 51.7473639)), ((-1.2708387, 51.7554502), (-1.2700801, 51.7528082)), ((-1.267192, 51.7473639), (-1.2667414, 51.7468794)), ((-1.2708906, 51.7556394), (-1.2708387, 51.7554502)), ((-1.2667414, 51.7468794), (-1.2635874, 51.7434242)), ((-1.2710257, 51.756048), (-1.2708906, 51.7556394)), ((-1.2635874, 51.7434242), (-1.2633377, 51.7431365))]",218,Gauge 10,864,861 (99.7%),3 (0.3%),0 (0.0%),0.11,2.7
51,24,"[((-0.7464121, 53.5889781), (-0.746305, 53.5889041)), ((-0.746305, 53.5889041), (-0.7368611, 53.58544)), ((-0.7467314, 53.5892023), (-0.7464121, 53.5889781)), ((-0.7368611, 53.58544), (-0.7366022, 53.5854285)), ((-0.7476758, 53.5898611), (-0.7467314, 53.5892023)), ((-0.7366022, 53.5854285), (-0.7322121, 53.5856301)), ((-0.7533768, 53.5932999), (-0.7476758, 53.5898611)), ((-0.7322121, 53.5856301), (-0.7295426, 53.5858325)), ((-0.7536416, 53.5934068), (-0.7533768, 53.5932999)), ((-0.7295426, 53.5858325), (-0.7290669, 53.5858724)), ((-0.8185405, 53.5898856), (-0.7536416, 53.5934068)), ((-0.7290669, 53.5858724), (-0.7287846, 53.5858955)), ((-0.7287846, 53.5858955), (-0.7247437, 53.5859471)), ((-0.7247437, 53.5859471), (-0.7018474, 53.5857072)), ((-0.7018474, 53.5857072), (-0.6991618, 53.5855801)), ((-0.6991618, 53.5855801), (-0.6986413, 53.5855531)), ((-0.6986413, 53.5855531), (-0.692406, 53.5852529)), ((-0.692406, 53.5852529), (-0.6919523, 53.5852333)), ((-0.6919523, 53.5852333), (-0.6846422, 53.5848729)), ((-0.6846422, 53.5848729), (-0.6837582, 53.5848288)), ((-0.6837582, 53.5848288), (-0.6598818, 53.5848458)), ((-0.6598818, 53.5848458), (-0.6542927, 53.5854009)), ((-0.6542927, 53.5854009), (-0.6512555, 53.5862166)), ((-0.6512555, 53.5862166), (-0.6491542, 53.5868373))]",218,Gauge 6,5211,5013 (96.2%),198 (3.8%),0 (0.0%),0.07,1.8
51,24,"[((-0.7464121, 53.5889781), (-0.746305, 53.5889041)), ((-0.746305, 53.5889041), (-0.7368611, 53.58544)), ((-0.7467314, 53.5892023), (-0.7464121, 53.5889781)), ((-0.7368611, 53.58544), (-0.7366022, 53.5854285)), ((-0.7476758, 53.5898611), (-0.7467314, 53.5892023)), ((-0.7366022, 53.5854285), (-0.7322121, 53.5856301)), ((-0.7533768, 53.5932999), (-0.7476758, 53.5898611)), ((-0.7322121, 53.5856301), (-0.7295426, 53.5858325)), ((-0.7536416, 53.5934068), (-0.7533768, 53.5932999)), ((-0.7295426, 53.5858325), (-0.7290669, 53.5858724)), ((-0.8185405, 53.5898856), (-0.7536416, 53.5934068)), ((-0.7290669, 53.5858724), (-0.7287846, 53.5858955)), ((-0.7287846, 53.5858955), (-0.7247437, 53.5859471)), ((-0.7247437, 53.5859471), (-0.7018474, 53.5857072)), ((-0.7018474, 53.5857072), (-0.6991618, 53.5855801)), ((-0.6991618, 53.5855801), (-0.6986413, 53.5855531)), ((-0.6986413, 53.5855531), (-0.692406, 53.5852529)), ((-0.692406, 53.5852529), (-0.6919523, 53.5852333)), ((-0.6919523, 53.5852333), (-0.6846422, 53.5848729)), ((-0.6846422, 53.5848729), (-0.6837582, 53.5848288)), ((-0.6837582, 53.5848288), (-0.6598818, 53.5848458)), ((-0.6598818, 53.5848458), (-0.6542927, 53.5854009)), ((-0.6542927, 53.5854009), (-0.6512555, 53.5862166)), ((-0.6512555, 53.5862166), (-0.6491542, 53.5868373))]",218,Gauge 10,864,864 (100.0%),0 (0.0%),0 (0.0%),0,0
52,17,"[((-0.9343587, 53.6036669), (-0.9341728, 53.6036593)), ((-0.9577512, 53.6033006), (-0.9343587, 53.6036669)), ((-0.9341728, 53.6036593), (-0.9154379, 53.6019676)), ((-0.9581297, 53.6032935), (-0.9577512, 53.6033006)), ((-0.9154379, 53.6019676), (-0.9148858, 53.6019374)), ((-0.9613557, 53.6032207), (-0.9581297, 53.6032935)), ((-0.9148858, 53.6019374), (-0.8717133, 53.6016956)), ((-0.9623537, 53.6031983), (-0.9613557, 53.6032207)), ((-0.8717133, 53.6016956), (-0.871429, 53.6017112)), ((-0.9647408, 53.6031423), (-0.9623537, 53.6031983)), ((-0.871429, 53.6017112), (-0.860498, 53.6011188)), ((-0.965063, 53.603136), (-0.9647408, 53.6031423)), ((-0.860498, 53.6011188), (-0.8603948, 53.6010899)), ((-0.9802701, 53.6028019), (-0.965063, 53.603136)), ((-0.8603948, 53.6010899), (-0.8557955, 53.5990782)), ((-0.8557955, 53.5990782), (-0.8555521, 53.5989189)), ((-0.8555521, 53.5989189), (-0.8185405, 53.5898856))]",217,Gauge 6,5211,5049 (96.9%),162 (3.1%),0 (0.0%),0.26,2.7
52,17,"[((-0.9343587, 53.6036669), (-0.9341728, 53.6036593)), ((-0.9577512, 53.6033006), (-0.9343587, 53.6036669)), ((-0.9341728, 53.6036593), (-0.9154379, 53.6019676)), ((-0.9581297, 53.6032935), (-0.9577512, 53.6033006)), ((-0.9154379, 53.6019676), (-0.9148858, 53.6019374)), ((-0.9613557, 53.6032207), (-0.9581297, 53.6032935)), ((-0.9148858, 53.6019374), (-0.8717133, 53.6016956)), ((-0.9623537, 53.6031983), (-0.9613557, 53.6032207)), ((-0.8717133, 53.6016956), (-0.871429, 53.6017112)), ((-0.9647408, 53.6031423), (-0.9623537, 53.6031983)), ((-0.871429, 53.6017112), (-0.860498, 53.6011188)), ((-0.965063, 53.603136), (-0.9647408, 53.6031423)), ((-0.860498, 53.6011188), (-0.8603948, 53.6010899)), ((-0.9802701, 53.6028019), (-0.965063, 53.603136)), ((-0.8603948, 53.6010899), (-0.8557955, 53.5990782)), ((-0.8557955, 53.5990782), (-0.8555521, 53.5989189)), ((-0.8555521, 53.5989189), (-0.8185405, 53.5898856))]",217,Gauge 10,864,864 (100.0%),0 (0.0%),0 (0.0%),0,0
53,2,"[((-2.2175621, 53.4729546), (-2.2169989, 53.4727165)), ((-2.2169989, 53.4727165), (-2.2164961, 53.4724694))]",217,Gauge 6,5211,5194 (99.7%),17 (0.3%),0 (0.0%),0.12,0.0
53,2,"[((-2.2175621, 53.4729546), (-2.2169989, 53.4727165)), ((-2.2169989, 53.4727165), (-2.2164961, 53.4724694))]",217,Gauge 10,864,862 (99.8%),2 (0.2%),0 (0.0%),0.12,0.0
54,50,"[((0.2033909, 52.4794622), (0.2089289, 52.4755192)), ((0.2089289, 52.4755192), (0.2109334, 52.4741272)), ((0.2005067, 52.4815429), (0.2033909, 52.4794622)), ((0.2109334, 52.4741272), (0.2111573, 52.473978)), ((0.1494842, 52.5182028), (0.2005067, 52.4815429)), ((0.2111573, 52.473978), (0.2114846, 52.4737515)), ((0.1493818, 52.5182729), (0.1494842, 52.5182028)), ((0.2114846, 52.4737515), (0.2186641, 52.4687737)), ((0.1492804, 52.5183461), (0.1493818, 52.5182729)), ((0.2186641, 52.4687737), (0.218786, 52.4686853)), ((0.149027, 52.5185299), (0.1492804, 52.5183461)), ((0.218786, 52.4686853), (0.2691164, 52.4337473)), ((0.1117341, 52.545294), (0.149027, 52.5185299)), ((0.2691164, 52.4337473), (0.2692015, 52.4336892)), ((0.1115902, 52.5453978), (0.1117341, 52.545294)), ((0.2692015, 52.4336892), (0.2828956, 52.4242168)), ((0.1097504, 52.5467027), (0.1115902, 52.5453978)), ((0.2828956, 52.4242168), (0.2919204, 52.4053261)), ((0.1034015, 52.5552679), (0.1097504, 52.5467027)), ((0.2908157, 52.4046445), (0.2919204, 52.4053261)), ((0.1032549, 52.55542), (0.1034015, 52.5552679)), ((0.093808, 52.5594948), (0.1032549, 52.55542)), ((0.081949, 52.5609457), (0.093808, 52.5594948)), ((-0.0392358, 52.5528151), (0.081949, 52.5609457)), ((-0.0393222, 52.5528085), (-0.0392358, 52.5528151)), ((-0.0491059, 52.5523164), (-0.0393222, 52.5528085)), ((-0.0494335, 52.5523046), (-0.0491059, 52.5523164)), ((-0.0498437, 52.5522935), (-0.0494335, 52.5523046)), ((-0.050298, 52.552278), (-0.0498437, 52.5522935)), ((-0.0507974, 52.5522626), (-0.050298, 52.552278)), ((-0.0509155, 52.552259), (-0.0507974, 52.5522626)), ((-0.1123269, 52.5498229), (-0.0509155, 52.552259)), ((-0.1220565, 52.5494388), (-0.1123269, 52.5498229)), ((-0.1224239, 52.5494242), (-0.1220565, 52.5494388)), ((-0.1441965, 52.5538863), (-0.1224239, 52.5494242)), ((-0.1447239, 52.5540075), (-0.1441965, 52.5538863)), ((-0.2079678, 52.5622533), (-0.1447239, 52.5540075)), ((-0.2083756, 52.5623045), (-0.2079678, 52.5622533)), ((-0.2088703, 52.5623709), (-0.2083756, 52.5623045)), ((-0.2101644, 52.5625183), (-0.2088703, 52.5623709)), ((-0.2193832, 52.5636237), (-0.2101644, 52.5625183)), ((-0.2298556, 52.5649286), (-0.2193832, 52.5636237)), ((-0.2314096, 52.5651091), (-0.2298556, 52.5649286)), ((-0.2384367, 52.5660381), (-0.2314096, 52.5651091)), ((-0.2417736, 52.5667874), (-0.2384367, 52.5660381)), ((-0.2421099, 52.5668687), (-0.2417736, 52.5667874)), ((-0.2440553, 52.5672887), (-0.2421099, 52.5668687)), ((-0.246476, 52.5680787), (-0.2440553, 52.5672887)), ((-0.2473943, 52.5687506), (-0.246476, 52.5680787)), ((-0.2476572, 52.5690169), (-0.2473943, 52.5687506))]",217,Gauge 6,5211,5105 (98.0%),106 (2.0%),0 (0.0%),0.73,2.6
54,50,"[((0.2033909, 52.4794622), (0.2089289, 52.4755192)), ((0.2089289, 52.4755192), (0.2109334, 52.4741272)), ((0.2005067, 52.4815429), (0.2033909, 52.4794622)), ((0.2109334, 52.4741272), (0.2111573, 52.473978)), ((0.1494842, 52.5182028), (0.2005067, 52.4815429)), ((0.2111573, 52.473978), (0.2114846, 52.4737515)), ((0.1493818, 52.5182729), (0.1494842, 52.5182028)), ((0.2114846, 52.4737515), (0.2186641, 52.4687737)), ((0.1492804, 52.5183461), (0.1493818, 52.5182729)), ((0.2186641, 52.4687737), (0.218786, 52.4686853)), ((0.149027, 52.5185299), (0.1492804, 52.5183461)), ((0.218786, 52.4686853), (0.2691164, 52.4337473)), ((0.1117341, 52.545294), (0.149027, 52.5185299)), ((0.2691164, 52.4337473), (0.2692015, 52.4336892)), ((0.1115902, 52.5453978), (0.1117341, 52.545294)), ((0.2692015, 52.4336892), (0.2828956, 52.4242168)), ((0.1097504, 52.5467027), (0.1115902, 52.5453978)), ((0.2828956, 52.4242168), (0.2919204, 52.4053261)), ((0.1034015, 52.5552679), (0.1097504, 52.5467027)), ((0.2908157, 52.4046445), (0.2919204, 52.4053261)), ((0.1032549, 52.55542), (0.1034015, 52.5552679)), ((0.093808, 52.5594948), (0.1032549, 52.55542)), ((0.081949, 52.5609457), (0.093808, 52.5594948)), ((-0.0392358, 52.5528151), (0.081949, 52.5609457)), ((-0.0393222, 52.5528085), (-0.0392358, 52.5528151)), ((-0.0491059, 52.5523164), (-0.0393222, 52.5528085)), ((-0.0494335, 52.5523046), (-0.0491059, 52.5523164)), ((-0.0498437, 52.5522935), (-0.0494335, 52.5523046)), ((-0.050298, 52.552278), (-0.0498437, 52.5522935)), ((-0.0507974, 52.5522626), (-0.050298, 52.552278)), ((-0.0509155, 52.552259), (-0.0507974, 52.5522626)), ((-0.1123269, 52.5498229), (-0.0509155, 52.552259)), ((-0.1220565, 52.5494388), (-0.1123269, 52.5498229)), ((-0.1224239, 52.5494242), (-0.1220565, 52.5494388)), ((-0.1441965, 52.5538863), (-0.1224239, 52.5494242)), ((-0.1447239, 52.5540075), (-0.1441965, 52.5538863)), ((-0.2079678, 52.5622533), (-0.1447239, 52.5540075)), ((-0.2083756, 52.5623045), (-0.2079678, 52.5622533)), ((-0.2088703, 52.5623709), (-0.2083756, 52.5623045)), ((-0.2101644, 52.5625183), (-0.2088703, 52.5623709)), ((-0.2193832, 52.5636237), (-0.2101644, 52.5625183)), ((-0.2298556, 52.5649286), (-0.2193832, 52.5636237)), ((-0.2314096, 52.5651091), (-0.2298556, 52.5649286)), ((-0.2384367, 52.5660381), (-0.2314096, 52.5651091)), ((-0.2417736, 52.5667874), (-0.2384367, 52.5660381)), ((-0.2421099, 52.5668687), (-0.2417736, 52.5667874)), ((-0.2440553, 52.5672887), (-0.2421099, 52.5668687)), ((-0.246476, 52.5680787), (-0.2440553, 52.5672887)), ((-0.2473943, 52.5687506), (-0.246476, 52.5680787)), ((-0.2476572, 52.5690169), (-0.2473943, 52.5687506))]",217,Gauge 10,864,864 (100.0%),0 (0.0%),0 (0.0%),0,0
55,50,"[((-1.2988751, 51.8460835), (-1.2988417, 51.8457483)), ((-1.2990382, 51.8472598), (-1.2988751, 51.8460835)), ((-1.2989889, 51.8402166), (-1.2988417, 51.8457483)), ((-1.2991179, 51.8476789), (-1.2990382, 51.8472598)), ((-1.2990294, 51.8398416), (-1.2989889, 51.8402166)), ((-1.3014511, 51.8551952), (-1.2991179, 51.8476789)), ((-1.2990794, 51.8393873), (-1.2990294, 51.8398416)), ((-1.301501, 51.8555678), (-1.3014511, 51.8551952)), ((-1.2990936, 51.8392925), (-1.2990794, 51.8393873)), ((-1.301501, 51.8555678), (-1.3010486, 51.8609327)), ((-1.2991351, 51.8388916), (-1.2990936, 51.8392925)), ((-1.3010486, 51.8609327), (-1.3009081, 51.8615765)), ((-1.2991351, 51.8388916), (-1.2986913, 51.8221003)), ((-1.3009081, 51.8615765), (-1.2997649, 51.8664016)), ((-1.2986913, 51.8221003), (-1.2984806, 51.8212745)), ((-1.2997649, 51.8664016), (-1.2996526, 51.8669141)), ((-1.2984806, 51.8212745), (-1.2976139, 51.8165887)), ((-1.2996526, 51.8669141), (-1.2991483, 51.8689924)), ((-1.2976139, 51.8165887), (-1.2949773, 51.7927189)), ((-1.2991483, 51.8689924), (-1.299129, 51.8690756)), ((-1.2949773, 51.7927189), (-1.2947548, 51.7924188)), ((-1.299129, 51.8690756), (-1.2986345, 51.8712419)), ((-1.2947548, 51.7924188), (-1.2946419, 51.7922948)), ((-1.2986345, 51.8712419), (-1.2985301, 51.8716903)), ((-1.2946419, 51.7922948), (-1.294382, 51.7920218)), ((-1.2985301, 51.8716903), (-1.2982674, 51.8727553)), ((-1.294382, 51.7920218), (-1.2941344, 51.7917417)), ((-1.2982674, 51.8727553), (-1.2981535, 51.8731581)), ((-1.2981535, 51.8731581), (-1.2975385, 51.8814639)), ((-1.2980905, 51.8973321), (-1.2975385, 51.8814639)), ((-1.2982164, 51.8979946), (-1.2980905, 51.8973321)), ((-1.2994263, 51.9081579), (-1.2982164, 51.8979946)), ((-1.2994468, 51.9185846), (-1.2994263, 51.9081579)), ((-1.2994468, 51.9185846), (-1.2982338, 51.9205824)), ((-1.2982338, 51.9205824), (-1.2980492, 51.9208053)), ((-1.2980492, 51.9208053), (-1.2898726, 51.9333344)), ((-1.2898937, 51.9335656), (-1.2898726, 51.9333344)), ((-1.2899192, 51.9339288), (-1.2898937, 51.9335656)), ((-1.2899504, 51.9343578), (-1.2899192, 51.9339288)), ((-1.2899504, 51.9343578), (-1.2898832, 51.9374258)), ((-1.2898832, 51.9374258), (-1.2898523, 51.9376881)), ((-1.2898523, 51.9376881), (-1.2880574, 51.9463023)), ((-1.2880574, 51.9463023), (-1.2878781, 51.9470701)), ((-1.2878781, 51.9470701), (-1.2827385, 51.9542962)), ((-1.2827385, 51.9542962), (-1.2826187, 51.9543767)), ((-1.2826187, 51.9543767), (-1.2787416, 51.9568296)), ((-1.2787416, 51.9568296), (-1.27855, 51.9569731)), ((-1.27855, 51.9569731), (-1.2754081, 51.9630781)), ((-1.2754081, 51.9630781), (-1.2747723, 51.9867656)), ((-1.2802299, 51.9995578), (-1.2747723, 51.9867656))]",216,Gauge 6,5211,5211 (100.0%),0 (0.0%),0 (0.0%),0,0
55,50,"[((-1.2988751, 51.8460835), (-1.2988417, 51.8457483)), ((-1.2990382, 51.8472598), (-1.2988751, 51.8460835)), ((-1.2989889, 51.8402166), (-1.2988417, 51.8457483)), ((-1.2991179, 51.8476789), (-1.2990382, 51.8472598)), ((-1.2990294, 51.8398416), (-1.2989889, 51.8402166)), ((-1.3014511, 51.8551952), (-1.2991179, 51.8476789)), ((-1.2990794, 51.8393873), (-1.2990294, 51.8398416)), ((-1.301501, 51.8555678), (-1.3014511, 51.8551952)), ((-1.2990936, 51.8392925), (-1.2990794, 51.8393873)), ((-1.301501, 51.8555678), (-1.3010486, 51.8609327)), ((-1.2991351, 51.8388916), (-1.2990936, 51.8392925)), ((-1.3010486, 51.8609327), (-1.3009081, 51.8615765)), ((-1.2991351, 51.8388916), (-1.2986913, 51.8221003)), ((-1.3009081, 51.8615765), (-1.2997649, 51.8664016)), ((-1.2986913, 51.8221003), (-1.2984806, 51.8212745)), ((-1.2997649, 51.8664016), (-1.2996526, 51.8669141)), ((-1.2984806, 51.8212745), (-1.2976139, 51.8165887)), ((-1.2996526, 51.8669141), (-1.2991483, 51.8689924)), ((-1.2976139, 51.8165887), (-1.2949773, 51.7927189)), ((-1.2991483, 51.8689924), (-1.299129, 51.8690756)), ((-1.2949773, 51.7927189), (-1.2947548, 51.7924188)), ((-1.299129, 51.8690756), (-1.2986345, 51.8712419)), ((-1.2947548, 51.7924188), (-1.2946419, 51.7922948)), ((-1.2986345, 51.8712419), (-1.2985301, 51.8716903)), ((-1.2946419, 51.7922948), (-1.294382, 51.7920218)), ((-1.2985301, 51.8716903), (-1.2982674, 51.8727553)), ((-1.294382, 51.7920218), (-1.2941344, 51.7917417)), ((-1.2982674, 51.8727553), (-1.2981535, 51.8731581)), ((-1.2981535, 51.8731581), (-1.2975385, 51.8814639)), ((-1.2980905, 51.8973321), (-1.2975385, 51.8814639)), ((-1.2982164, 51.8979946), (-1.2980905, 51.8973321)), ((-1.2994263, 51.9081579), (-1.2982164, 51.8979946)), ((-1.2994468, 51.9185846), (-1.2994263, 51.9081579)), ((-1.2994468, 51.9185846), (-1.2982338, 51.9205824)), ((-1.2982338, 51.9205824), (-1.2980492, 51.9208053)), ((-1.2980492, 51.9208053), (-1.2898726, 51.9333344)), ((-1.2898937, 51.9335656), (-1.2898726, 51.9333344)), ((-1.2899192, 51.9339288), (-1.2898937, 51.9335656)), ((-1.2899504, 51.9343578), (-1.2899192, 51.9339288)), ((-1.2899504, 51.9343578), (-1.2898832, 51.9374258)), ((-1.2898832, 51.9374258), (-1.2898523, 51.9376881)), ((-1.2898523, 51.9376881), (-1.2880574, 51.9463023)), ((-1.2880574, 51.9463023), (-1.2878781, 51.9470701)), ((-1.2878781, 51.9470701), (-1.2827385, 51.9542962)), ((-1.2827385, 51.9542962), (-1.2826187, 51.9543767)), ((-1.2826187, 51.9543767), (-1.2787416, 51.9568296)), ((-1.2787416, 51.9568296), (-1.27855, 51.9569731)), ((-1.27855, 51.9569731), (-1.2754081, 51.9630781)), ((-1.2754081, 51.9630781), (-1.2747723, 51.9867656)), ((-1.2802299, 51.9995578), (-1.2747723, 51.9867656))]",216,Gauge 10,864,864 (100.0%),0 (0.0%),0 (0.0%),0,0
56,2,"[((0.2897193, 52.4040794), (0.2904883, 52.4044796)), ((0.2904883, 52.4044796), (0.2908157, 52.4046445))]",216,Gauge 6,5211,5106 (98.0%),105 (2.0%),0 (0.0%),6.30,12.0
56,2,"[((0.2897193, 52.4040794), (0.2904883, 52.4044796)), ((0.2904883, 52.4044796), (0.2908157, 52.4046445))]",216,Gauge 10,864,864 (100.0%),0 (0.0%),0 (0.0%),0,0
57,1,"[((-1.3494452, 50.9707337), (-1.3493134, 50.9712603))]",216,Gauge 6,5211,5211 (100.0%),0 (0.0%),0 (0.0%),0,0
57,1,"[((-1.3494452, 50.9707337), (-1.3493134, 50.9712603))]",216,Gauge 10,864,864 (100.0%),0 (0.0%),0 (0.0%),0,0
58,38,"[((-1.3368552, 51.0003557), (-1.3350367, 51.0032926)), ((-1.3350367, 51.0032926), (-1.3349911, 51.0033724)), ((-1.3369348, 51.0002239), (-1.3368552, 51.0003557)), ((-1.3349911, 51.0033724), (-1.3337111, 51.0055766)), ((-1.3446826, 50.9875003), (-1.3369348, 51.0002239)), ((-1.3337111, 51.0055766), (-1.3336706, 51.0056555)), ((-1.3447376, 50.9873884), (-1.3446826, 50.9875003)), ((-1.3336706, 51.0056555), (-1.3326523, 51.0077276)), ((-1.3449876, 50.9868815), (-1.3447376, 50.9873884)), ((-1.3326523, 51.0077276), (-1.3287977, 51.0193921)), ((-1.3450365, 50.9867697), (-1.3449876, 50.9868815)), ((-1.3287977, 51.0193921), (-1.3284086, 51.0203726)), ((-1.3451976, 50.9863936), (-1.3450365, 50.9867697)), ((-1.3284086, 51.0203726), (-1.3283864, 51.0204284)), ((-1.3452448, 50.9862739), (-1.3451976, 50.9863936)), ((-1.3283864, 51.0204284), (-1.3276271, 51.0223418)), ((-1.3457214, 50.9850885), (-1.3452448, 50.9862739)), ((-1.3276271, 51.0223418), (-1.3275988, 51.0224155)), ((-1.3457555, 50.9849904), (-1.3457214, 50.9850885)), ((-1.3275988, 51.0224155), (-1.3271976, 51.0234093)), ((-1.3466007, 50.9819982), (-1.3457555, 50.9849904)), ((-1.3271976, 51.0234093), (-1.3263014, 51.0261188)), ((-1.3466384, 50.9818585), (-1.3466007, 50.9819982)), ((-1.3263014, 51.0261188), (-1.3259953, 51.0281731)), ((-1.3467028, 50.9816111), (-1.3466384, 50.9818585)), ((-1.3259953, 51.0281731), (-1.3259699, 51.0284486)), ((-1.3467531, 50.9814112), (-1.3467028, 50.9816111)), ((-1.3261156, 51.0319846), (-1.3259699, 51.0284486)), ((-1.3493134, 50.9712603), (-1.3467531, 50.9814112)), ((-1.3263024, 51.03416), (-1.3261156, 51.0319846)), ((-1.3269747, 51.0394786), (-1.3263024, 51.03416)), ((-1.3270276, 51.0400156), (-1.3269747, 51.0394786)), ((-1.3270276, 51.0400156), (-1.3268513, 51.047609)), ((-1.3268513, 51.047609), (-1.3260525, 51.0505713)), ((-1.3260525, 51.0505713), (-1.3227979, 51.0594859)), ((-1.3227979, 51.0594859), (-1.3225085, 51.0602684)), ((-1.3225085, 51.0602684), (-1.3202624, 51.0664351)), ((-1.3202624, 51.0664351), (-1.3201163, 51.0668916))]",215,Gauge 6,5211,5150 (98.8%),61 (1.2%),0 (0.0%),6.16,29.2
58,38,"[((-1.3368552, 51.0003557), (-1.3350367, 51.0032926)), ((-1.3350367, 51.0032926), (-1.3349911, 51.0033724)), ((-1.3369348, 51.0002239), (-1.3368552, 51.0003557)), ((-1.3349911, 51.0033724), (-1.3337111, 51.0055766)), ((-1.3446826, 50.9875003), (-1.3369348, 51.0002239)), ((-1.3337111, 51.0055766), (-1.3336706, 51.0056555)), ((-1.3447376, 50.9873884), (-1.3446826, 50.9875003)), ((-1.3336706, 51.0056555), (-1.3326523, 51.0077276)), ((-1.3449876, 50.9868815), (-1.3447376, 50.9873884)), ((-1.3326523, 51.0077276), (-1.3287977, 51.0193921)), ((-1.3450365, 50.9867697), (-1.3449876, 50.9868815)), ((-1.3287977, 51.0193921), (-1.3284086, 51.0203726)), ((-1.3451976, 50.9863936), (-1.3450365, 50.9867697)), ((-1.3284086, 51.0203726), (-1.3283864, 51.0204284)), ((-1.3452448, 50.9862739), (-1.3451976, 50.9863936)), ((-1.3283864, 51.0204284), (-1.3276271, 51.0223418)), ((-1.3457214, 50.9850885), (-1.3452448, 50.9862739)), ((-1.3276271, 51.0223418), (-1.3275988, 51.0224155)), ((-1.3457555, 50.9849904), (-1.3457214, 50.9850885)), ((-1.3275988, 51.0224155), (-1.3271976, 51.0234093)), ((-1.3466007, 50.9819982), (-1.3457555, 50.9849904)), ((-1.3271976, 51.0234093), (-1.3263014, 51.0261188)), ((-1.3466384, 50.9818585), (-1.3466007, 50.9819982)), ((-1.3263014, 51.0261188), (-1.3259953, 51.0281731)), ((-1.3467028, 50.9816111), (-1.3466384, 50.9818585)), ((-1.3259953, 51.0281731), (-1.3259699, 51.0284486)), ((-1.3467531, 50.9814112), (-1.3467028, 50.9816111)), ((-1.3261156, 51.0319846), (-1.3259699, 51.0284486)), ((-1.3493134, 50.9712603), (-1.3467531, 50.9814112)), ((-1.3263024, 51.03416), (-1.3261156, 51.0319846)), ((-1.3269747, 51.0394786), (-1.3263024, 51.03416)), ((-1.3270276, 51.0400156), (-1.3269747, 51.0394786)), ((-1.3270276, 51.0400156), (-1.3268513, 51.047609)), ((-1.3268513, 51.047609), (-1.3260525, 51.0505713)), ((-1.3260525, 51.0505713), (-1.3227979, 51.0594859)), ((-1.3227979, 51.0594859), (-1.3225085, 51.0602684)), ((-1.3225085, 51.0602684), (-1.3202624, 51.0664351)), ((-1.3202624, 51.0664351), (-1.3201163, 51.0668916))]",215,Gauge 10,864,811 (93.9%),53 (6.1%),0 (0.0%),7.07,32.9
59,70,"[((-1.5211921, 52.2774428), (-1.5173981, 52.2683404)), ((-1.5173981, 52.2683404), (-1.5168262, 52.262879)), ((-1.5222141, 52.2784911), (-1.5211921, 52.2774428)), ((-1.5168262, 52.262879), (-1.5168009, 52.2628165)), ((-1.5222767, 52.2785522), (-1.5222141, 52.2784911)), ((-1.5168009, 52.2628165), (-1.5046268, 52.25325)), ((-1.5228694, 52.2791162), (-1.5222767, 52.2785522)), ((-1.5046268, 52.25325), (-1.5045114, 52.2532032)), ((-1.5262903, 52.2817981), (-1.5228694, 52.2791162)), ((-1.5045114, 52.2532032), (-1.4901938, 52.2481571)), ((-1.5265904, 52.281986), (-1.5262903, 52.2817981)), ((-1.4901938, 52.2481571), (-1.489943, 52.2481149)), ((-1.5275671, 52.2825669), (-1.5265904, 52.281986)), ((-1.489943, 52.2481149), (-1.4475757, 52.239173)), ((-1.5296397, 52.2833753), (-1.5275671, 52.2825669)), ((-1.4475757, 52.239173), (-1.4465648, 52.2390676)), ((-1.5305214, 52.2836125), (-1.5296397, 52.2833753)), ((-1.4465648, 52.2390676), (-1.4216246, 52.2233905)), ((-1.5307127, 52.2836639), (-1.5305214, 52.2836125)), ((-1.4216246, 52.2233905), (-1.4214999, 52.2232288)), ((-1.5318809, 52.2839676), (-1.5307127, 52.2836639)), ((-1.4214999, 52.2232288), (-1.4057307, 52.2065723)), ((-1.5326685, 52.2841715), (-1.5318809, 52.2839676)), ((-1.4057307, 52.2065723), (-1.4055829, 52.2063341)), ((-1.5330681, 52.2842709), (-1.5326685, 52.2841715)), ((-1.4055829, 52.2063341), (-1.4051055, 52.205498)), ((-1.5332233, 52.2843067), (-1.5330681, 52.2842709)), ((-1.4051055, 52.205498), (-1.4039811, 52.2002093)), ((-1.5341969, 52.2844753), (-1.5332233, 52.2843067)), ((-1.4039811, 52.2002093), (-1.4026518, 52.1939128)), ((-1.5343549, 52.2844907), (-1.5341969, 52.2844753)), ((-1.4026518, 52.1939128), (-1.4026143, 52.1938413)), ((-1.5412911, 52.2847278), (-1.5343549, 52.2844907)), ((-1.4026143, 52.1938413), (-1.3938345, 52.1843032)), ((-1.5417123, 52.2847417), (-1.5412911, 52.2847278)), ((-1.3938345, 52.1843032), (-1.3869612, 52.1796547)), ((-1.3869612, 52.1796547), (-1.3868963, 52.1796079)), ((-1.3868963, 52.1796079), (-1.3824622, 52.1766229)), ((-1.3824622, 52.1766229), (-1.3823852, 52.1765701)), ((-1.3823852, 52.1765701), (-1.3780448, 52.1736204)), ((-1.3780448, 52.1736204), (-1.3774735, 52.1732594)), ((-1.3774735, 52.1732594), (-1.3773812, 52.1731966)), ((-1.3773812, 52.1731966), (-1.3595961, 52.1655421)), ((-1.3595961, 52.1655421), (-1.3382304, 52.1412072)), ((-1.3382304, 52.1412072), (-1.338162, 52.1411034)), ((-1.338162, 52.1411034), (-1.3242406, 52.1253154)), ((-1.3242406, 52.1253154), (-1.324212, 52.125247)), ((-1.324212, 52.125247), (-1.3233825, 52.1228371)), ((-1.3233825, 52.1228371), (-1.3233625, 52.1227692)), ((-1.3233625, 52.1227692), (-1.3224219, 52.1171224)), ((-1.3224219, 52.1171224), (-1.3224144, 52.1170437)), ((-1.3224144, 52.1170437), (-1.3220781, 52.1144585)), ((-1.3220781, 52.1144585), (-1.3220677, 52.1143749)), ((-1.3220677, 52.1143749), (-1.3216054, 52.1106086)), ((-1.3216054, 52.1106086), (-1.321596, 52.1104474)), ((-1.326416, 52.0801665), (-1.321596, 52.1104474)), ((-1.3264646, 52.0799935), (-1.326416, 52.0801665)), ((-1.3268501, 52.0786595), (-1.3264646, 52.0799935)), ((-1.3269112, 52.0784646), (-1.3268501, 52.0786595)), ((-1.3305217, 52.0678749), (-1.3269112, 52.0784646)), ((-1.3305217, 52.0678749), (-1.3297632, 52.0634056)), ((-1.3297632, 52.0634056), (-1.3242165, 52.057782)), ((-1.3242165, 52.057782), (-1.2982291, 52.0453572)), ((-1.2982291, 52.0453572), (-1.2939109, 52.0398134)), ((-1.2939109, 52.0398134), (-1.2938711, 52.0397234)), ((-1.2938711, 52.0397234), (-1.2810278, 52.0210791)), ((-1.2810278, 52.0210791), (-1.2793222, 52.0040867)), ((-1.2793712, 52.0039461), (-1.2793222, 52.0040867)), ((-1.2801867, 52.0004443), (-1.2793712, 52.0039461)), ((-1.2802299, 51.9995578), (-1.2801867, 52.0004443))]",215,Gauge 6,5211,5097 (97.8%),114 (2.2%),0 (0.0%),0.01,2.1
59,70,"[((-1.5211921, 52.2774428), (-1.5173981, 52.2683404)), ((-1.5173981, 52.2683404), (-1.5168262, 52.262879)), ((-1.5222141, 52.2784911), (-1.5211921, 52.2774428)), ((-1.5168262, 52.262879), (-1.5168009, 52.2628165)), ((-1.5222767, 52.2785522), (-1.5222141, 52.2784911)), ((-1.5168009, 52.2628165), (-1.5046268, 52.25325)), ((-1.5228694, 52.2791162), (-1.5222767, 52.2785522)), ((-1.5046268, 52.25325), (-1.5045114, 52.2532032)), ((-1.5262903, 52.2817981), (-1.5228694, 52.2791162)), ((-1.5045114, 52.2532032), (-1.4901938, 52.2481571)), ((-1.5265904, 52.281986), (-1.5262903, 52.2817981)), ((-1.4901938, 52.2481571), (-1.489943, 52.2481149)), ((-1.5275671, 52.2825669), (-1.5265904, 52.281986)), ((-1.489943, 52.2481149), (-1.4475757, 52.239173)), ((-1.5296397, 52.2833753), (-1.5275671, 52.2825669)), ((-1.4475757, 52.239173), (-1.4465648, 52.2390676)), ((-1.5305214, 52.2836125), (-1.5296397, 52.2833753)), ((-1.4465648, 52.2390676), (-1.4216246, 52.2233905)), ((-1.5307127, 52.2836639), (-1.5305214, 52.2836125)), ((-1.4216246, 52.2233905), (-1.4214999, 52.2232288)), ((-1.5318809, 52.2839676), (-1.5307127, 52.2836639)), ((-1.4214999, 52.2232288), (-1.4057307, 52.2065723)), ((-1.5326685, 52.2841715), (-1.5318809, 52.2839676)), ((-1.4057307, 52.2065723), (-1.4055829, 52.2063341)), ((-1.5330681, 52.2842709), (-1.5326685, 52.2841715)), ((-1.4055829, 52.2063341), (-1.4051055, 52.205498)), ((-1.5332233, 52.2843067), (-1.5330681, 52.2842709)), ((-1.4051055, 52.205498), (-1.4039811, 52.2002093)), ((-1.5341969, 52.2844753), (-1.5332233, 52.2843067)), ((-1.4039811, 52.2002093), (-1.4026518, 52.1939128)), ((-1.5343549, 52.2844907), (-1.5341969, 52.2844753)), ((-1.4026518, 52.1939128), (-1.4026143, 52.1938413)), ((-1.5412911, 52.2847278), (-1.5343549, 52.2844907)), ((-1.4026143, 52.1938413), (-1.3938345, 52.1843032)), ((-1.5417123, 52.2847417), (-1.5412911, 52.2847278)), ((-1.3938345, 52.1843032), (-1.3869612, 52.1796547)), ((-1.3869612, 52.1796547), (-1.3868963, 52.1796079)), ((-1.3868963, 52.1796079), (-1.3824622, 52.1766229)), ((-1.3824622, 52.1766229), (-1.3823852, 52.1765701)), ((-1.3823852, 52.1765701), (-1.3780448, 52.1736204)), ((-1.3780448, 52.1736204), (-1.3774735, 52.1732594)), ((-1.3774735, 52.1732594), (-1.3773812, 52.1731966)), ((-1.3773812, 52.1731966), (-1.3595961, 52.1655421)), ((-1.3595961, 52.1655421), (-1.3382304, 52.1412072)), ((-1.3382304, 52.1412072), (-1.338162, 52.1411034)), ((-1.338162, 52.1411034), (-1.3242406, 52.1253154)), ((-1.3242406, 52.1253154), (-1.324212, 52.125247)), ((-1.324212, 52.125247), (-1.3233825, 52.1228371)), ((-1.3233825, 52.1228371), (-1.3233625, 52.1227692)), ((-1.3233625, 52.1227692), (-1.3224219, 52.1171224)), ((-1.3224219, 52.1171224), (-1.3224144, 52.1170437)), ((-1.3224144, 52.1170437), (-1.3220781, 52.1144585)), ((-1.3220781, 52.1144585), (-1.3220677, 52.1143749)), ((-1.3220677, 52.1143749), (-1.3216054, 52.1106086)), ((-1.3216054, 52.1106086), (-1.321596, 52.1104474)), ((-1.326416, 52.0801665), (-1.321596, 52.1104474)), ((-1.3264646, 52.0799935), (-1.326416, 52.0801665)), ((-1.3268501, 52.0786595), (-1.3264646, 52.0799935)), ((-1.3269112, 52.0784646), (-1.3268501, 52.0786595)), ((-1.3305217, 52.0678749), (-1.3269112, 52.0784646)), ((-1.3305217, 52.0678749), (-1.3297632, 52.0634056)), ((-1.3297632, 52.0634056), (-1.3242165, 52.057782)), ((-1.3242165, 52.057782), (-1.2982291, 52.0453572)), ((-1.2982291, 52.0453572), (-1.2939109, 52.0398134)), ((-1.2939109, 52.0398134), (-1.2938711, 52.0397234)), ((-1.2938711, 52.0397234), (-1.2810278, 52.0210791)), ((-1.2810278, 52.0210791), (-1.2793222, 52.0040867)), ((-1.2793712, 52.0039461), (-1.2793222, 52.0040867)), ((-1.2801867, 52.0004443), (-1.2793712, 52.0039461)), ((-1.2802299, 51.9995578), (-1.2801867, 52.0004443))]",215,Gauge 10,864,864 (100.0%),0 (0.0%),0 (0.0%),0,0
60,35,"[((-1.59305, 52.2868034), (-1.5929414, 52.2868013)), ((-1.5929414, 52.2868013), (-1.5859928, 52.2866762)), ((-1.5969255, 52.2868521), (-1.59305, 52.2868034)), ((-1.5859928, 52.2866762), (-1.5800162, 52.2865697)), ((-1.5972425, 52.2868462), (-1.5969255, 52.2868521)), ((-1.5800162, 52.2865697), (-1.5797875, 52.2865648)), ((-1.6080771, 52.2856826), (-1.5972425, 52.2868462)), ((-1.5797875, 52.2865648), (-1.5750033, 52.2864499)), ((-1.6081794, 52.2856822), (-1.6080771, 52.2856826)), ((-1.5750033, 52.2864499), (-1.5748109, 52.2864395)), ((-1.6098428, 52.2857384), (-1.6081794, 52.2856822)), ((-1.5748109, 52.2864395), (-1.5714531, 52.2861303)), ((-1.6102707, 52.285771), (-1.6098428, 52.2857384)), ((-1.5714531, 52.2861303), (-1.5707621, 52.2860351)), ((-1.6118735, 52.2859422), (-1.6102707, 52.285771)), ((-1.5707621, 52.2860351), (-1.5635668, 52.2848101)), ((-1.6119709, 52.2859562), (-1.6118735, 52.2859422)), ((-1.5635668, 52.2848101), (-1.5626701, 52.284681)), ((-1.6143817, 52.2863998), (-1.6119709, 52.2859562)), ((-1.5626701, 52.284681), (-1.5473837, 52.2848448)), ((-1.6145056, 52.2864302), (-1.6143817, 52.2863998)), ((-1.5473837, 52.2848448), (-1.5471846, 52.2848489)), ((-1.6185535, 52.2878), (-1.6145056, 52.2864302)), ((-1.5471846, 52.2848489), (-1.5471303, 52.2848495)), ((-1.6186527, 52.287846), (-1.6185535, 52.2878)), ((-1.5471303, 52.2848495), (-1.5470217, 52.2848495)), ((-1.6214409, 52.2892422), (-1.6186527, 52.287846)), ((-1.5470217, 52.2848495), (-1.5417123, 52.2847417)), ((-1.6215079, 52.2892758), (-1.6214409, 52.2892422)), ((-1.6286292, 52.2928359), (-1.6215079, 52.2892758)), ((-1.628778, 52.292902), (-1.6286292, 52.2928359)), ((-1.6359646, 52.2955459), (-1.628778, 52.292902)), ((-1.6360718, 52.2955777), (-1.6359646, 52.2955459)), ((-1.6613937, 52.2968812), (-1.6360718, 52.2955777)), ((-1.6686671, 52.2952687), (-1.6613937, 52.2968812))]",214,Gauge 6,5211,5188 (99.6%),23 (0.4%),0 (0.0%),0.00,6.7
60,35,"[((-1.59305, 52.2868034), (-1.5929414, 52.2868013)), ((-1.5929414, 52.2868013), (-1.5859928, 52.2866762)), ((-1.5969255, 52.2868521), (-1.59305, 52.2868034)), ((-1.5859928, 52.2866762), (-1.5800162, 52.2865697)), ((-1.5972425, 52.2868462), (-1.5969255, 52.2868521)), ((-1.5800162, 52.2865697), (-1.5797875, 52.2865648)), ((-1.6080771, 52.2856826), (-1.5972425, 52.2868462)), ((-1.5797875, 52.2865648), (-1.5750033, 52.2864499)), ((-1.6081794, 52.2856822), (-1.6080771, 52.2856826)), ((-1.5750033, 52.2864499), (-1.5748109, 52.2864395)), ((-1.6098428, 52.2857384), (-1.6081794, 52.2856822)), ((-1.5748109, 52.2864395), (-1.5714531, 52.2861303)), ((-1.6102707, 52.285771), (-1.6098428, 52.2857384)), ((-1.5714531, 52.2861303), (-1.5707621, 52.2860351)), ((-1.6118735, 52.2859422), (-1.6102707, 52.285771)), ((-1.5707621, 52.2860351), (-1.5635668, 52.2848101)), ((-1.6119709, 52.2859562), (-1.6118735, 52.2859422)), ((-1.5635668, 52.2848101), (-1.5626701, 52.284681)), ((-1.6143817, 52.2863998), (-1.6119709, 52.2859562)), ((-1.5626701, 52.284681), (-1.5473837, 52.2848448)), ((-1.6145056, 52.2864302), (-1.6143817, 52.2863998)), ((-1.5473837, 52.2848448), (-1.5471846, 52.2848489)), ((-1.6185535, 52.2878), (-1.6145056, 52.2864302)), ((-1.5471846, 52.2848489), (-1.5471303, 52.2848495)), ((-1.6186527, 52.287846), (-1.6185535, 52.2878)), ((-1.5471303, 52.2848495), (-1.5470217, 52.2848495)), ((-1.6214409, 52.2892422), (-1.6186527, 52.287846)), ((-1.5470217, 52.2848495), (-1.5417123, 52.2847417)), ((-1.6215079, 52.2892758), (-1.6214409, 52.2892422)), ((-1.6286292, 52.2928359), (-1.6215079, 52.2892758)), ((-1.628778, 52.292902), (-1.6286292, 52.2928359)), ((-1.6359646, 52.2955459), (-1.628778, 52.292902)), ((-1.6360718, 52.2955777), (-1.6359646, 52.2955459)), ((-1.6613937, 52.2968812), (-1.6360718, 52.2955777)), ((-1.6686671, 52.2952687), (-1.6613937, 52.2968812))]",214,Gauge 10,864,864 (100.0%),0 (0.0%),0 (0.0%),0,0
61,1,"[((-1.2941344, 51.7917417), (-1.2934462, 51.7910904))]",214,Gauge 6,5211,5211 (100.0%),0 (0.0%),0 (0.0%),0,0
61,1,"[((-1.2941344, 51.7917417), (-1.2934462, 51.7910904))]",214,Gauge 10,864,864 (100.0%),0 (0.0%),0 (0.0%),0,0
62,16,"[((-0.6186743, 52.8794933), (-0.6186243, 52.8791415)), ((-0.6248843, 52.8930324), (-0.6186743, 52.8794933)), ((-0.6186243, 52.8791415), (-0.6169529, 52.8675237)), ((-0.6253593, 52.8934268), (-0.6248843, 52.8930324)), ((-0.6169529, 52.8675237), (-0.6169242, 52.8672987)), ((-0.6316523, 52.8981535), (-0.6253593, 52.8934268)), ((-0.6169242, 52.8672987), (-0.615673, 52.8632529)), ((-0.6366257, 52.9018287), (-0.6316523, 52.8981535)), ((-0.615673, 52.8632529), (-0.6156086, 52.8631019)), ((-0.6156086, 52.8631019), (-0.610444, 52.8563974)), ((-0.610444, 52.8563974), (-0.6059305, 52.8527292)), ((-0.6059305, 52.8527292), (-0.6057116, 52.8525862)), ((-0.6057116, 52.8525862), (-0.6044813, 52.8518172)), ((-0.6044813, 52.8518172), (-0.6009215, 52.849923)), ((-0.6009215, 52.849923), (-0.5913398, 52.8455863)), ((-0.5913398, 52.8455863), (-0.5783035, 52.8378308))]",214,Gauge 6,5211,4973 (95.4%),238 (4.6%),0 (0.0%),0.32,3.0
62,16,"[((-0.6186743, 52.8794933), (-0.6186243, 52.8791415)), ((-0.6248843, 52.8930324), (-0.6186743, 52.8794933)), ((-0.6186243, 52.8791415), (-0.6169529, 52.8675237)), ((-0.6253593, 52.8934268), (-0.6248843, 52.8930324)), ((-0.6169529, 52.8675237), (-0.6169242, 52.8672987)), ((-0.6316523, 52.8981535), (-0.6253593, 52.8934268)), ((-0.6169242, 52.8672987), (-0.615673, 52.8632529)), ((-0.6366257, 52.9018287), (-0.6316523, 52.8981535)), ((-0.615673, 52.8632529), (-0.6156086, 52.8631019)), ((-0.6156086, 52.8631019), (-0.610444, 52.8563974)), ((-0.610444, 52.8563974), (-0.6059305, 52.8527292)), ((-0.6059305, 52.8527292), (-0.6057116, 52.8525862)), ((-0.6057116, 52.8525862), (-0.6044813, 52.8518172)), ((-0.6044813, 52.8518172), (-0.6009215, 52.849923)), ((-0.6009215, 52.849923), (-0.5913398, 52.8455863)), ((-0.5913398, 52.8455863), (-0.5783035, 52.8378308))]",214,Gauge 10,864,835 (96.6%),29 (3.4%),0 (0.0%),1.91,9.5
63,4,"[((-2.1969135, 53.4545228), (-2.1967217, 53.4540671)), ((-2.1974035, 53.4556593), (-2.1969135, 53.4545228)), ((-2.1967217, 53.4540671), (-2.1961301, 53.4525731)), ((-2.1975325, 53.4559215), (-2.1974035, 53.4556593))]",212,Gauge 6,5211,5171 (99.2%),40 (0.8%),0 (0.0%),0.05,1.1
63,4,"[((-2.1969135, 53.4545228), (-2.1967217, 53.4540671)), ((-2.1974035, 53.4556593), (-2.1969135, 53.4545228)), ((-2.1967217, 53.4540671), (-2.1961301, 53.4525731)), ((-2.1975325, 53.4559215), (-2.1974035, 53.4556593))]",212,Gauge 10,864,862 (99.8%),2 (0.2%),0 (0.0%),0.12,0.0
64,1,"[((-1.1005124, 53.9530174), (-1.0997487, 53.9534389))]",212,Gauge 6,5211,4988 (95.7%),223 (4.3%),0 (0.0%),0.01,2.1
64,1,"[((-1.1005124, 53.9530174), (-1.0997487, 53.9534389))]",212,Gauge 10,864,824 (95.4%),40 (4.6%),0 (0.0%),0.01,2.0
65,31,"[((1.0229894, 52.1731814), (1.0232746, 52.1729898)), ((1.0232746, 52.1729898), (1.0282717, 52.1700481)), ((1.0002629, 52.1898272), (1.0229894, 52.1731814)), ((1.0282717, 52.1700481), (1.0284281, 52.1699655)), ((1.0284281, 52.1699655), (1.0429196, 52.1622527)), ((1.0429196, 52.1622527), (1.0431372, 52.1621358)), ((1.0431372, 52.1621358), (1.0509997, 52.1571297)), ((1.0509997, 52.1571297), (1.0514298, 52.1566957)), ((1.0514298, 52.1566957), (1.0521469, 52.1559446)), ((1.0521469, 52.1559446), (1.0522301, 52.1558575)), ((1.0522301, 52.1558575), (1.055536, 52.1526511)), ((1.055536, 52.1526511), (1.0570578, 52.1515071)), ((1.0570578, 52.1515071), (1.0588498, 52.150315)), ((1.0588498, 52.150315), (1.0589842, 52.1502384)), ((1.0589842, 52.1502384), (1.0920339, 52.120744)), ((1.0920339, 52.120744), (1.0922933, 52.1204818)), ((1.0922933, 52.1204818), (1.0968486, 52.1155864)), ((1.0968486, 52.1155864), (1.0970463, 52.1153191)), ((1.0970463, 52.1153191), (1.0979944, 52.1139964)), ((1.0979944, 52.1139964), (1.1009361, 52.0891113)), ((1.1009361, 52.0891113), (1.1010086, 52.0888527)), ((1.1010086, 52.0888527), (1.1028483, 52.0826213)), ((1.1028483, 52.0826213), (1.1028807, 52.0825064)), ((1.1028807, 52.0825064), (1.1047576, 52.0762467)), ((1.1047576, 52.0762467), (1.1048009, 52.0761166)), ((1.1048009, 52.0761166), (1.1058051, 52.0739707)), ((1.1058051, 52.0739707), (1.1066682, 52.0727391)), ((1.1066682, 52.0727391), (1.1100098, 52.0696201)), ((1.1100098, 52.0696201), (1.1106585, 52.0691833)), ((1.1106585, 52.0691833), (1.1121902, 52.0681162)), ((1.1121902, 52.0681162), (1.1147508, 52.0663613))]",210,Gauge 6,5211,4914 (94.3%),297 (5.7%),0 (0.0%),19.57,50.1
65,31,"[((1.0229894, 52.1731814), (1.0232746, 52.1729898)), ((1.0232746, 52.1729898), (1.0282717, 52.1700481)), ((1.0002629, 52.1898272), (1.0229894, 52.1731814)), ((1.0282717, 52.1700481), (1.0284281, 52.1699655)), ((1.0284281, 52.1699655), (1.0429196, 52.1622527)), ((1.0429196, 52.1622527), (1.0431372, 52.1621358)), ((1.0431372, 52.1621358), (1.0509997, 52.1571297)), ((1.0509997, 52.1571297), (1.0514298, 52.1566957)), ((1.0514298, 52.1566957), (1.0521469, 52.1559446)), ((1.0521469, 52.1559446), (1.0522301, 52.1558575)), ((1.0522301, 52.1558575), (1.055536, 52.1526511)), ((1.055536, 52.1526511), (1.0570578, 52.1515071)), ((1.0570578, 52.1515071), (1.0588498, 52.150315)), ((1.0588498, 52.150315), (1.0589842, 52.1502384)), ((1.0589842, 52.1502384), (1.0920339, 52.120744)), ((1.0920339, 52.120744), (1.0922933, 52.1204818)), ((1.0922933, 52.1204818), (1.0968486, 52.1155864)), ((1.0968486, 52.1155864), (1.0970463, 52.1153191)), ((1.0970463, 52.1153191), (1.0979944, 52.1139964)), ((1.0979944, 52.1139964), (1.1009361, 52.0891113)), ((1.1009361, 52.0891113), (1.1010086, 52.0888527)), ((1.1010086, 52.0888527), (1.1028483, 52.0826213)), ((1.1028483, 52.0826213), (1.1028807, 52.0825064)), ((1.1028807, 52.0825064), (1.1047576, 52.0762467)), ((1.1047576, 52.0762467), (1.1048009, 52.0761166)), ((1.1048009, 52.0761166), (1.1058051, 52.0739707)), ((1.1058051, 52.0739707), (1.1066682, 52.0727391)), ((1.1066682, 52.0727391), (1.1100098, 52.0696201)), ((1.1100098, 52.0696201), (1.1106585, 52.0691833)), ((1.1106585, 52.0691833), (1.1121902, 52.0681162)), ((1.1121902, 52.0681162), (1.1147508, 52.0663613))]",210,Gauge 10,864,864 (100.0%),0 (0.0%),0 (0.0%),0,0
66,1,"[((-2.6345031, 53.2941683), (-2.6341732, 53.2930667))]",207,Gauge 6,5211,5088 (97.6%),123 (2.4%),0 (0.0%),13.27,55.7
66,1,"[((-2.6345031, 53.2941683), (-2.6341732, 53.2930667))]",207,Gauge 10,864,840 (97.2%),24 (2.8%),0 (0.0%),21.08,64.2
67,1,"[((np.float64(-0.5919925), np.float64(51.5119794)), (-0.5919076, 51.5122547))]",206,Gauge 6,5211,4874 (93.5%),337 (6.5%),0 (0.0%),1.39,2.3
67,1,"[((np.float64(-0.5919925), np.float64(51.5119794)), (-0.5919076, 51.5122547))]",206,Gauge 10,864,864 (100.0%),0 (0.0%),0 (0.0%),0,0
68,27,"[((-0.6939035, 51.522035), (-0.6927403, 51.5221563)), ((-0.6927403, 51.5221563), (-0.6924891, 51.522181)), ((-0.6943876, 51.5219758), (-0.6939035, 51.522035)), ((-0.6924891, 51.522181), (-0.6897309, 51.5224961)), ((-0.7002511, 51.5213482), (-0.6943876, 51.5219758)), ((-0.6897309, 51.5224961), (-0.6894106, 51.5225286)), ((-0.7034715, 51.5209971), (-0.7002511, 51.5213482)), ((-0.6894106, 51.5225286), (-0.6803848, 51.5235239)), ((-0.7093754, 51.5203544), (-0.7034715, 51.5209971)), ((-0.6803848, 51.5235239), (-0.6800085, 51.523547)), ((-0.7098151, 51.520295), (-0.7093754, 51.5203544)), ((-0.6800085, 51.523547), (-0.6752778, 51.5238019)), ((-0.7162015, 51.519495), (-0.7098151, 51.520295)), ((-0.6752778, 51.5238019), (-0.6751425, 51.5238098)), ((-0.6751425, 51.5238098), (-0.6717659, 51.523984)), ((-0.6717659, 51.523984), (-0.6715626, 51.5239947)), ((-0.6715626, 51.5239947), (-0.667449, 51.5241059)), ((-0.667449, 51.5241059), (-0.667247, 51.5241085)), ((-0.667247, 51.5241085), (-0.6600195, 51.5240814)), ((-0.6600195, 51.5240814), (-0.6597119, 51.5240756)), ((-0.6597119, 51.5240756), (-0.6456244, 51.5231892)), ((-0.6456244, 51.5231892), (-0.6454154, 51.5231701)), ((-0.6454154, 51.5231701), (-0.6410764, 51.5226633)), ((-0.6410764, 51.5226633), (-0.6407065, 51.5226155)), ((-0.6407065, 51.5226155), (-0.6187876, 51.5182748)), ((-0.6187876, 51.5182748), (-0.6053518, 51.5147713)), ((-0.6053518, 51.5147713), (-0.5919076, 51.5122547))]",205,Gauge 6,5211,4875 (93.6%),336 (6.4%),0 (0.0%),1.29,1.9
68,27,"[((-0.6939035, 51.522035), (-0.6927403, 51.5221563)), ((-0.6927403, 51.5221563), (-0.6924891, 51.522181)), ((-0.6943876, 51.5219758), (-0.6939035, 51.522035)), ((-0.6924891, 51.522181), (-0.6897309, 51.5224961)), ((-0.7002511, 51.5213482), (-0.6943876, 51.5219758)), ((-0.6897309, 51.5224961), (-0.6894106, 51.5225286)), ((-0.7034715, 51.5209971), (-0.7002511, 51.5213482)), ((-0.6894106, 51.5225286), (-0.6803848, 51.5235239)), ((-0.7093754, 51.5203544), (-0.7034715, 51.5209971)), ((-0.6803848, 51.5235239), (-0.6800085, 51.523547)), ((-0.7098151, 51.520295), (-0.7093754, 51.5203544)), ((-0.6800085, 51.523547), (-0.6752778, 51.5238019)), ((-0.7162015, 51.519495), (-0.7098151, 51.520295)), ((-0.6752778, 51.5238019), (-0.6751425, 51.5238098)), ((-0.6751425, 51.5238098), (-0.6717659, 51.523984)), ((-0.6717659, 51.523984), (-0.6715626, 51.5239947)), ((-0.6715626, 51.5239947), (-0.667449, 51.5241059)), ((-0.667449, 51.5241059), (-0.667247, 51.5241085)), ((-0.667247, 51.5241085), (-0.6600195, 51.5240814)), ((-0.6600195, 51.5240814), (-0.6597119, 51.5240756)), ((-0.6597119, 51.5240756), (-0.6456244, 51.5231892)), ((-0.6456244, 51.5231892), (-0.6454154, 51.5231701)), ((-0.6454154, 51.5231701), (-0.6410764, 51.5226633)), ((-0.6410764, 51.5226633), (-0.6407065, 51.5226155)), ((-0.6407065, 51.5226155), (-0.6187876, 51.5182748)), ((-0.6187876, 51.5182748), (-0.6053518, 51.5147713)), ((-0.6053518, 51.5147713), (-0.5919076, 51.5122547))]",205,Gauge 10,864,864 (100.0%),0 (0.0%),0 (0.0%),0,0
69,5,"[((0.2738302, 52.3958053), (0.2743748, 52.3960981)), ((0.2690468, 52.3927608), (0.2738302, 52.3958053)), ((0.2743748, 52.3960981), (0.2859285, 52.402108)), ((0.2859285, 52.402108), (0.2861521, 52.4022248)), ((0.2861521, 52.4022248), (0.2897193, 52.4040794))]",204,Gauge 6,5211,5179 (99.4%),32 (0.6%),0 (0.0%),0.00,1.0
69,5,"[((0.2738302, 52.3958053), (0.2743748, 52.3960981)), ((0.2690468, 52.3927608), (0.2738302, 52.3958053)), ((0.2743748, 52.3960981), (0.2859285, 52.402108)), ((0.2859285, 52.402108), (0.2861521, 52.4022248)), ((0.2861521, 52.4022248), (0.2897193, 52.4040794))]",204,Gauge 10,864,864 (100.0%),0 (0.0%),0 (0.0%),0,0
70,17,"[((0.187257, 51.5187025), (0.1876979, 51.5184495)), ((0.1631875, 51.5241562), (0.187257, 51.5187025)), ((0.1876979, 51.5184495), (0.1906061, 51.5167086)), ((0.1629884, 51.5241795), (0.1631875, 51.5241562)), ((0.1906061, 51.5167086), (0.2140069, 51.5029272)), ((0.135525, 51.5273443), (0.1629884, 51.5241795)), ((0.2140069, 51.5029272), (0.2184948, 51.5002751)), ((0.0856521, 51.5368629), (0.135525, 51.5273443)), ((0.2184948, 51.5002751), (0.237809, 51.4887388)), ((0.0854221, 51.5369872), (0.0856521, 51.5368629)), ((0.237809, 51.4887388), (0.2379089, 51.4885885)), ((0.0841866, 51.5376283), (0.0854221, 51.5369872)), ((0.2368657, 51.48175), (0.2379089, 51.4885885)), ((0.0825069, 51.5384893), (0.0841866, 51.5376283)), ((0.0814691, 51.5389807), (0.0825069, 51.5384893)), ((0.0805432, 51.5393915), (0.0814691, 51.5389807)), ((0.0770914, 51.5412427), (0.0805432, 51.5393915))]",204,Gauge 6,5211,5184 (99.5%),27 (0.5%),0 (0.0%),4.25,4.0
70,17,"[((0.187257, 51.5187025), (0.1876979, 51.5184495)), ((0.1631875, 51.5241562), (0.187257, 51.5187025)), ((0.1876979, 51.5184495), (0.1906061, 51.5167086)), ((0.1629884, 51.5241795), (0.1631875, 51.5241562)), ((0.1906061, 51.5167086), (0.2140069, 51.5029272)), ((0.135525, 51.5273443), (0.1629884, 51.5241795)), ((0.2140069, 51.5029272), (0.2184948, 51.5002751)), ((0.0856521, 51.5368629), (0.135525, 51.5273443)), ((0.2184948, 51.5002751), (0.237809, 51.4887388)), ((0.0854221, 51.5369872), (0.0856521, 51.5368629)), ((0.237809, 51.4887388), (0.2379089, 51.4885885)), ((0.0841866, 51.5376283), (0.0854221, 51.5369872)), ((0.2368657, 51.48175), (0.2379089, 51.4885885)), ((0.0825069, 51.5384893), (0.0841866, 51.5376283)), ((0.0814691, 51.5389807), (0.0825069, 51.5384893)), ((0.0805432, 51.5393915), (0.0814691, 51.5389807)), ((0.0770914, 51.5412427), (0.0805432, 51.5393915))]",204,Gauge 10,864,864 (100.0%),0 (0.0%),0 (0.0%),0,0
71,1,"[((-0.9805288, 51.460212), (-0.9782183, 51.4599446))]",204,Gauge 6,5211,4953 (95.0%),258 (5.0%),0 (0.0%),0.48,2.7
71,1,"[((-0.9805288, 51.460212), (-0.9782183, 51.4599446))]",204,Gauge 10,864,864 (100.0%),0 (0.0%),0 (0.0%),0,0
72,1,"[((-1.3889752, 50.9205492), (-1.3888608, 50.9207428))]",204,Gauge 6,5211,5192 (99.6%),19 (0.4%),0 (0.0%),0.03,1.5
72,1,"[((-1.3889752, 50.9205492), (-1.3888608, 50.9207428))]",204,Gauge 10,864,862 (99.8%),2 (0.2%),0 (0.0%),0.06,1.0
73,31,"[((-0.8710012, 51.4729682), (-0.8705691, 51.4731033)), ((-0.8705691, 51.4731033), (-0.8684335, 51.4737385)), ((-0.874311, 51.4719223), (-0.8710012, 51.4729682)), ((-0.8684335, 51.4737385), (-0.8677641, 51.4739526)), ((-0.8748742, 51.4717409), (-0.874311, 51.4719223)), ((-0.8677641, 51.4739526), (-0.843605, 51.4817446)), ((-0.8803608, 51.4699177), (-0.8748742, 51.4717409)), ((-0.843605, 51.4817446), (-0.843343, 51.4818434)), ((-0.8805889, 51.4698442), (-0.8803608, 51.4699177)), ((-0.843343, 51.4818434), (-0.7631764, 51.5076667)), ((-0.8914662, 51.4664784), (-0.8805889, 51.4698442)), ((-0.7631764, 51.5076667), (-0.762827, 51.5077799)), ((-0.9026228, 51.4637282), (-0.8914662, 51.4664784)), ((-0.762827, 51.5077799), (-0.7418828, 51.5142525)), ((-0.9412196, 51.4587298), (-0.9026228, 51.4637282)), ((-0.7418828, 51.5142525), (-0.741727, 51.5142911)), ((-0.9417082, 51.4587155), (-0.9412196, 51.4587298)), ((-0.741727, 51.5142911), (-0.7236208, 51.5182731)), ((-0.9492389, 51.4585993), (-0.9417082, 51.4587155)), ((-0.7236208, 51.5182731), (-0.7215239, 51.5186358)), ((-0.9503296, 51.4585915), (-0.9492389, 51.4585993)), ((-0.7215239, 51.5186358), (-0.7209868, 51.5187276)), ((-0.9666587, 51.4588305), (-0.9503296, 51.4585915)), ((-0.7209868, 51.5187276), (-0.7162015, 51.519495)), ((-0.9681757, 51.4589955), (-0.9666587, 51.4588305)), ((-0.9686771, 51.4590444), (-0.9681757, 51.4589955)), ((-0.9688185, 51.4590592), (-0.9686771, 51.4590444)), ((-0.9746745, 51.4596355), (-0.9688185, 51.4590592)), ((-0.976132, 51.4597336), (-0.9746745, 51.4596355)), ((-0.9764362, 51.4597625), (-0.976132, 51.4597336)), ((-0.9782183, 51.4599446), (-0.9764362, 51.4597625))]",203,Gauge 6,5211,4968 (95.3%),243 (4.7%),0 (0.0%),0.00,2.9
73,31,"[((-0.8710012, 51.4729682), (-0.8705691, 51.4731033)), ((-0.8705691, 51.4731033), (-0.8684335, 51.4737385)), ((-0.874311, 51.4719223), (-0.8710012, 51.4729682)), ((-0.8684335, 51.4737385), (-0.8677641, 51.4739526)), ((-0.8748742, 51.4717409), (-0.874311, 51.4719223)), ((-0.8677641, 51.4739526), (-0.843605, 51.4817446)), ((-0.8803608, 51.4699177), (-0.8748742, 51.4717409)), ((-0.843605, 51.4817446), (-0.843343, 51.4818434)), ((-0.8805889, 51.4698442), (-0.8803608, 51.4699177)), ((-0.843343, 51.4818434), (-0.7631764, 51.5076667)), ((-0.8914662, 51.4664784), (-0.8805889, 51.4698442)), ((-0.7631764, 51.5076667), (-0.762827, 51.5077799)), ((-0.9026228, 51.4637282), (-0.8914662, 51.4664784)), ((-0.762827, 51.5077799), (-0.7418828, 51.5142525)), ((-0.9412196, 51.4587298), (-0.9026228, 51.4637282)), ((-0.7418828, 51.5142525), (-0.741727, 51.5142911)), ((-0.9417082, 51.4587155), (-0.9412196, 51.4587298)), ((-0.741727, 51.5142911), (-0.7236208, 51.5182731)), ((-0.9492389, 51.4585993), (-0.9417082, 51.4587155)), ((-0.7236208, 51.5182731), (-0.7215239, 51.5186358)), ((-0.9503296, 51.4585915), (-0.9492389, 51.4585993)), ((-0.7215239, 51.5186358), (-0.7209868, 51.5187276)), ((-0.9666587, 51.4588305), (-0.9503296, 51.4585915)), ((-0.7209868, 51.5187276), (-0.7162015, 51.519495)), ((-0.9681757, 51.4589955), (-0.9666587, 51.4588305)), ((-0.9686771, 51.4590444), (-0.9681757, 51.4589955)), ((-0.9688185, 51.4590592), (-0.9686771, 51.4590444)), ((-0.9746745, 51.4596355), (-0.9688185, 51.4590592)), ((-0.976132, 51.4597336), (-0.9746745, 51.4596355)), ((-0.9764362, 51.4597625), (-0.976132, 51.4597336)), ((-0.9782183, 51.4599446), (-0.9764362, 51.4597625))]",203,Gauge 10,864,864 (100.0%),0 (0.0%),0 (0.0%),0,0
74,7,"[((-0.3301445, 53.5997365), (-0.3209015, 53.6030097)), ((-0.3209015, 53.6030097), (-0.3128804, 53.6057762)), ((-0.3305744, 53.5995696), (-0.3301445, 53.5997365)), ((-0.3128804, 53.6057762), (-0.3114298, 53.6062873)), ((-0.3443309, 53.5937979), (-0.3305744, 53.5995696)), ((-0.3446046, 53.5936808), (-0.3443309, 53.5937979)), ((-0.4071357, 53.5761986), (-0.3446046, 53.5936808))]",202,Gauge 6,5211,4892 (93.9%),319 (6.1%),0 (0.0%),1.63,9.2
74,7,"[((-0.3301445, 53.5997365), (-0.3209015, 53.6030097)), ((-0.3209015, 53.6030097), (-0.3128804, 53.6057762)), ((-0.3305744, 53.5995696), (-0.3301445, 53.5997365)), ((-0.3128804, 53.6057762), (-0.3114298, 53.6062873)), ((-0.3443309, 53.5937979), (-0.3305744, 53.5995696)), ((-0.3446046, 53.5936808), (-0.3443309, 53.5937979)), ((-0.4071357, 53.5761986), (-0.3446046, 53.5936808))]",202,Gauge 10,864,864 (100.0%),0 (0.0%),0 (0.0%),0,0
75,4,"[((-1.2399009, 51.6106862), (-1.2337539, 51.6084169)), ((-1.244043, 51.6223127), (-1.2399009, 51.6106862)), ((-1.244043, 51.6223127), (-1.2433692, 51.6335751)), ((-1.2433692, 51.6335751), (-1.2423524, 51.639773))]",202,Gauge 6,5211,5121 (98.3%),90 (1.7%),0 (0.0%),3.12,11.2
75,4,"[((-1.2399009, 51.6106862), (-1.2337539, 51.6084169)), ((-1.244043, 51.6223127), (-1.2399009, 51.6106862)), ((-1.244043, 51.6223127), (-1.2433692, 51.6335751)), ((-1.2433692, 51.6335751), (-1.2423524, 51.639773))]",202,Gauge 10,864,852 (98.6%),12 (1.4%),0 (0.0%),10.00,24.2
76,1,"[((-1.3888608, 50.9207428), (-1.3886954, 50.921023))]",202,Gauge 6,5211,5202 (99.8%),9 (0.2%),0 (0.0%),0.50,2.6
76,1,"[((-1.3888608, 50.9207428), (-1.3886954, 50.921023))]",202,Gauge 10,864,862 (99.8%),2 (0.2%),0 (0.0%),0.59,1.0
77,5,"[((np.float64(-0.5161931), np.float64(51.5080392)), (-0.4776211, 51.5100837)), ((-0.4776211, 51.5100837), (-0.4773645, 51.5100763)), ((np.float64(-0.5919925), np.float64(51.5119794)), (np.float64(-0.5161931), np.float64(51.5080392))), ((-0.4773645, 51.5100763), (-0.4753303, 51.5100219)), ((-0.4753303, 51.5100219), (-0.4743515, 51.5099926))]",201,Gauge 6,5211,4879 (93.6%),332 (6.4%),0 (0.0%),1.27,2.2
77,5,"[((np.float64(-0.5161931), np.float64(51.5080392)), (-0.4776211, 51.5100837)), ((-0.4776211, 51.5100837), (-0.4773645, 51.5100763)), ((np.float64(-0.5919925), np.float64(51.5119794)), (np.float64(-0.5161931), np.float64(51.5080392))), ((-0.4773645, 51.5100763), (-0.4753303, 51.5100219)), ((-0.4753303, 51.5100219), (-0.4743515, 51.5099926))]",201,Gauge 10,864,864 (100.0%),0 (0.0%),0 (0.0%),0,0
78,2,"[((-0.467326, 51.5095408), (-0.4649883, 51.509339)), ((-0.4739565, 51.5099811), (-0.467326, 51.5095408))]",201,Gauge 6,5211,4867 (93.4%),344 (6.6%),0 (0.0%),4.42,25.6
78,2,"[((-0.467326, 51.5095408), (-0.4649883, 51.509339)), ((-0.4739565, 51.5099811), (-0.467326, 51.5095408))]",201,Gauge 10,864,864 (100.0%),0 (0.0%),0 (0.0%),0,0
79,13,"[((-1.3592279, 50.9545669), (-1.3591521, 50.9546521)), ((-1.3591521, 50.9546521), (-1.3504521, 50.9667552)), ((-1.3736028, 50.9435297), (-1.3592279, 50.9545669)), ((-1.3504521, 50.9667552), (-1.3503725, 50.9670727)), ((-1.3737457, 50.9434327), (-1.3736028, 50.9435297)), ((-1.3747134, 50.9427121), (-1.3737457, 50.9434327)), ((-1.375271, 50.9422461), (-1.3747134, 50.9427121)), ((-1.3754208, 50.9421098), (-1.375271, 50.9422461)), ((-1.3770649, 50.9404032), (-1.3754208, 50.9421098)), ((-1.3839315, 50.9290793), (-1.3770649, 50.9404032)), ((-1.3839849, 50.9289864), (-1.3839315, 50.9290793)), ((-1.3872129, 50.9235274), (-1.3839849, 50.9289864)), ((-1.3886954, 50.921023), (-1.3872129, 50.9235274))]",200,Gauge 6,5211,5206 (99.9%),5 (0.1%),0 (0.0%),0.60,2.2
79,13,"[((-1.3592279, 50.9545669), (-1.3591521, 50.9546521)), ((-1.3591521, 50.9546521), (-1.3504521, 50.9667552)), ((-1.3736028, 50.9435297), (-1.3592279, 50.9545669)), ((-1.3504521, 50.9667552), (-1.3503725, 50.9670727)), ((-1.3737457, 50.9434327), (-1.3736028, 50.9435297)), ((-1.3747134, 50.9427121), (-1.3737457, 50.9434327)), ((-1.375271, 50.9422461), (-1.3747134, 50.9427121)), ((-1.3754208, 50.9421098), (-1.375271, 50.9422461)), ((-1.3770649, 50.9404032), (-1.3754208, 50.9421098)), ((-1.3839315, 50.9290793), (-1.3770649, 50.9404032)), ((-1.3839849, 50.9289864), (-1.3839315, 50.9290793)), ((-1.3872129, 50.9235274), (-1.3839849, 50.9289864)), ((-1.3886954, 50.921023), (-1.3872129, 50.9235274))]",200,Gauge 10,864,862 (99.8%),2 (0.2%),0 (0.0%),0.59,1.0
80,2,"[((-2.2179118, 53.4731301), (-2.2175621, 53.4729546)), ((-2.2185405, 53.4733947), (-2.2179118, 53.4731301))]",200,Gauge 6,5211,5211 (100.0%),0 (0.0%),0 (0.0%),0,0
80,2,"[((-2.2179118, 53.4731301), (-2.2175621, 53.4729546)), ((-2.2185405, 53.4733947), (-2.2179118, 53.4731301))]",200,Gauge 10,864,864 (100.0%),0 (0.0%),0 (0.0%),0,0
81,8,"[((1.122234, 52.0617691), (1.1226968, 52.0617227)), ((1.1226968, 52.0617227), (1.1248198, 52.062133)), ((1.1177808, 52.0643525), (1.122234, 52.0617691)), ((1.1248198, 52.062133), (1.1249701, 52.062217)), ((1.1175975, 52.0644805), (1.1177808, 52.0643525)), ((1.1249701, 52.062217), (1.1260597, 52.063826)), ((1.1147508, 52.0663613), (1.1175975, 52.0644805)), ((1.1260597, 52.063826), (1.1261015, 52.0639324))]",200,Gauge 6,5211,4925 (94.5%),286 (5.5%),0 (0.0%),0.48,6.0
81,8,"[((1.122234, 52.0617691), (1.1226968, 52.0617227)), ((1.1226968, 52.0617227), (1.1248198, 52.062133)), ((1.1177808, 52.0643525), (1.122234, 52.0617691)), ((1.1248198, 52.062133), (1.1249701, 52.062217)), ((1.1175975, 52.0644805), (1.1177808, 52.0643525)), ((1.1249701, 52.062217), (1.1260597, 52.063826)), ((1.1147508, 52.0663613), (1.1175975, 52.0644805)), ((1.1260597, 52.063826), (1.1261015, 52.0639324))]",200,Gauge 10,864,864 (100.0%),0 (0.0%),0 (0.0%),0,0
82,4,"[((-1.1189426, 53.930279), (-1.1156349, 53.9341957)), ((-1.1661529, 53.8918675), (-1.1189426, 53.930279)), ((-1.1156349, 53.9341957), (-1.1016836, 53.9521268)), ((-1.1016836, 53.9521268), (-1.100982, 53.9526449))]",200,Gauge 6,5211,5055 (97.0%),156 (3.0%),0 (0.0%),0.74,0.8
82,4,"[((-1.1189426, 53.930279), (-1.1156349, 53.9341957)), ((-1.1661529, 53.8918675), (-1.1189426, 53.930279)), ((-1.1156349, 53.9341957), (-1.1016836, 53.9521268)), ((-1.1016836, 53.9521268), (-1.100982, 53.9526449))]",200,Gauge 10,864,841 (97.3%),23 (2.7%),0 (0.0%),0.02,1.9
83,1,"[((-0.4743515, 51.5099926), (-0.4739565, 51.5099811))]",200,Gauge 6,5211,4874 (93.5%),337 (6.5%),0 (0.0%),4.93,26.1
83,1,"[((-0.4743515, 51.5099926), (-0.4739565, 51.5099811))]",200,Gauge 10,864,864 (100.0%),0 (0.0%),0 (0.0%),0,0
84,9,"[((-1.3916714, 50.9135255), (-1.3892644, 50.9201319)), ((-1.3921355, 50.9092358), (-1.3916714, 50.9135255)), ((-1.3892644, 50.9201319), (-1.3889752, 50.9205492)), ((-1.3921402, 50.9090964), (-1.3921355, 50.9092358)), ((-1.3952698, 50.9072284), (-1.3921402, 50.9090964)), ((-1.4012185, 50.9067053), (-1.3952698, 50.9072284)), ((-1.4080556, 50.9071623), (-1.4012185, 50.9067053)), ((-1.4087741, 50.9072152), (-1.4080556, 50.9071623)), ((-1.4110311, 50.9073759), (-1.4087741, 50.9072152))]",199,Gauge 6,5211,5007 (96.1%),204 (3.9%),0 (0.0%),0.00,5.6
84,9,"[((-1.3916714, 50.9135255), (-1.3892644, 50.9201319)), ((-1.3921355, 50.9092358), (-1.3916714, 50.9135255)), ((-1.3892644, 50.9201319), (-1.3889752, 50.9205492)), ((-1.3921402, 50.9090964), (-1.3921355, 50.9092358)), ((-1.3952698, 50.9072284), (-1.3921402, 50.9090964)), ((-1.4012185, 50.9067053), (-1.3952698, 50.9072284)), ((-1.4080556, 50.9071623), (-1.4012185, 50.9067053)), ((-1.4087741, 50.9072152), (-1.4080556, 50.9071623)), ((-1.4110311, 50.9073759), (-1.4087741, 50.9072152))]",199,Gauge 10,864,811 (93.9%),53 (6.1%),0 (0.0%),0.00,5.2
85,2,"[((-0.6374785, 52.9024033), (-0.6371857, 52.9021886)), ((-0.6371857, 52.9021886), (-0.6366257, 52.9018287))]",199,Gauge 6,5211,5119 (98.2%),92 (1.8%),0 (0.0%),6.05,1.3
85,2,"[((-0.6374785, 52.9024033), (-0.6371857, 52.9021886)), ((-0.6371857, 52.9021886), (-0.6366257, 52.9018287))]",199,Gauge 10,864,860 (99.5%),4 (0.5%),0 (0.0%),28.75,52.0
86,1,"[((-1.3503725, 50.9670727), (-1.3494762, 50.9706056))]",195,Gauge 6,5211,5188 (99.6%),23 (0.4%),0 (0.0%),0.00,1.0
86,1,"[((-1.3503725, 50.9670727), (-1.3494762, 50.9706056))]",195,Gauge 10,864,864 (100.0%),0 (0.0%),0 (0.0%),0,0
87,8,"[((-2.1981766, 53.4571003), (-2.1976647, 53.4561745)), ((-2.1982946, 53.4573193), (-2.1981766, 53.4571003)), ((-2.1976647, 53.4561745), (-2.1975899, 53.4560383)), ((-2.1998257, 53.4596841), (-2.1982946, 53.4573193)), ((-2.1975899, 53.4560383), (-2.1975325, 53.4559215)), ((-2.1999885, 53.4599028), (-2.1998257, 53.4596841)), ((-2.206586, 53.4664627), (-2.1999885, 53.4599028)), ((-2.2185405, 53.4733947), (-2.206586, 53.4664627))]",195,Gauge 6,5211,5188 (99.6%),23 (0.4%),0 (0.0%),0.00,1.0
87,8,"[((-2.1981766, 53.4571003), (-2.1976647, 53.4561745)), ((-2.1982946, 53.4573193), (-2.1981766, 53.4571003)), ((-2.1976647, 53.4561745), (-2.1975899, 53.4560383)), ((-2.1998257, 53.4596841), (-2.1982946, 53.4573193)), ((-2.1975899, 53.4560383), (-2.1975325, 53.4559215)), ((-2.1999885, 53.4599028), (-2.1998257, 53.4596841)), ((-2.206586, 53.4664627), (-2.1999885, 53.4599028)), ((-2.2185405, 53.4733947), (-2.206586, 53.4664627))]",195,Gauge 10,864,864 (100.0%),0 (0.0%),0 (0.0%),0,0
88,1,"[((-3.5770282, 51.5096905), (-3.5767, 51.5092294))]",192,Gauge 6,5211,5019 (96.3%),192 (3.7%),0 (0.0%),43.22,168.6
88,1,"[((-3.5770282, 51.5096905), (-3.5767, 51.5092294))]",192,Gauge 10,864,864 (100.0%),0 (0.0%),0 (0.0%),0,0
89,4,"[((-0.9953246, 51.4618428), (-0.9899995, 51.4593464)), ((-0.9899995, 51.4593464), (-0.9899014, 51.4592219)), ((-0.9988866, 51.4622834), (-0.9953246, 51.4618428)), ((-0.9899014, 51.4592219), (-0.9892651, 51.457367))]",189,Gauge 6,5211,5211 (100.0%),0 (0.0%),0 (0.0%),0,0
89,4,"[((-0.9953246, 51.4618428), (-0.9899995, 51.4593464)), ((-0.9899995, 51.4593464), (-0.9899014, 51.4592219)), ((-0.9988866, 51.4622834), (-0.9953246, 51.4618428)), ((-0.9899014, 51.4592219), (-0.9892651, 51.457367))]",189,Gauge 10,864,864 (100.0%),0 (0.0%),0 (0.0%),0,0
90,1,"[((-1.1590295, 53.6991272), (-1.1146667, 53.6984707))]",187,Gauge 6,5211,5021 (96.4%),190 (3.6%),0 (0.0%),4.73,7.5
90,1,"[((-1.1590295, 53.6991272), (-1.1146667, 53.6984707))]",187,Gauge 10,864,864 (100.0%),0 (0.0%),0 (0.0%),0,0
91,8,"[((-0.2437567, 52.5659972), (-0.2433637, 52.5589692)), ((-0.2438313, 52.5661422), (-0.2437567, 52.5659972)), ((-0.2435695, 52.5581329), (-0.2433637, 52.5589692)), ((-0.2441845, 52.566732), (-0.2438313, 52.5661422)), ((-0.2453606, 52.5683711), (-0.2441845, 52.566732)), ((-0.2478522, 52.57146), (-0.2453606, 52.5683711)), ((-0.2494157, 52.57351), (-0.2478522, 52.57146)), ((-0.2502724, 52.5748727), (-0.2494157, 52.57351))]",187,Gauge 6,5211,4987 (95.7%),224 (4.3%),0 (0.0%),19.68,22.4
91,8,"[((-0.2437567, 52.5659972), (-0.2433637, 52.5589692)), ((-0.2438313, 52.5661422), (-0.2437567, 52.5659972)), ((-0.2435695, 52.5581329), (-0.2433637, 52.5589692)), ((-0.2441845, 52.566732), (-0.2438313, 52.5661422)), ((-0.2453606, 52.5683711), (-0.2441845, 52.566732)), ((-0.2478522, 52.57146), (-0.2453606, 52.5683711)), ((-0.2494157, 52.57351), (-0.2478522, 52.57146)), ((-0.2502724, 52.5748727), (-0.2494157, 52.57351))]",187,Gauge 10,864,848 (98.1%),16 (1.9%),0 (0.0%),44.42,51.0
92,23,"[((-0.5400313, 52.8092601), (-0.5101914, 52.7716923)), ((-0.5101914, 52.7716923), (-0.5100041, 52.771402)), ((-0.5402267, 52.809408), (-0.5400313, 52.8092601)), ((-0.5100041, 52.771402), (-0.5064177, 52.7661235)), ((-0.5508401, 52.8173343), (-0.5402267, 52.809408)), ((-0.5064177, 52.7661235), (-0.5061628, 52.7657821)), ((-0.5510068, 52.8174617), (-0.5508401, 52.8173343)), ((-0.5061628, 52.7657821), (-0.4973144, 52.7516605)), ((-0.55762, 52.8223768), (-0.5510068, 52.8174617)), ((-0.4973144, 52.7516605), (-0.4969737, 52.750855)), ((-0.5578884, 52.8225799), (-0.55762, 52.8223768)), ((-0.4969737, 52.750855), (-0.4961656, 52.749033)), ((-0.5783035, 52.8378308), (-0.5578884, 52.8225799)), ((-0.4961656, 52.749033), (-0.4960192, 52.7486908)), ((-0.4960192, 52.7486908), (-0.4860601, 52.7326226)), ((-0.4860601, 52.7326226), (-0.4858851, 52.7324427)), ((-0.4858851, 52.7324427), (-0.4646652, 52.7106111)), ((-0.4646652, 52.7106111), (-0.4644873, 52.7104315)), ((-0.4644873, 52.7104315), (-0.433164, 52.6880523)), ((-0.433164, 52.6880523), (-0.3598027, 52.6496412)), ((-0.3598027, 52.6496412), (-0.3594383, 52.6493832)), ((-0.3594383, 52.6493832), (-0.3268189, 52.634916)), ((-0.3268189, 52.634916), (-0.2529481, 52.5786085))]",187,Gauge 6,5211,5000 (96.0%),211 (4.0%),0 (0.0%),0.04,2.9
92,23,"[((-0.5400313, 52.8092601), (-0.5101914, 52.7716923)), ((-0.5101914, 52.7716923), (-0.5100041, 52.771402)), ((-0.5402267, 52.809408), (-0.5400313, 52.8092601)), ((-0.5100041, 52.771402), (-0.5064177, 52.7661235)), ((-0.5508401, 52.8173343), (-0.5402267, 52.809408)), ((-0.5064177, 52.7661235), (-0.5061628, 52.7657821)), ((-0.5510068, 52.8174617), (-0.5508401, 52.8173343)), ((-0.5061628, 52.7657821), (-0.4973144, 52.7516605)), ((-0.55762, 52.8223768), (-0.5510068, 52.8174617)), ((-0.4973144, 52.7516605), (-0.4969737, 52.750855)), ((-0.5578884, 52.8225799), (-0.55762, 52.8223768)), ((-0.4969737, 52.750855), (-0.4961656, 52.749033)), ((-0.5783035, 52.8378308), (-0.5578884, 52.8225799)), ((-0.4961656, 52.749033), (-0.4960192, 52.7486908)), ((-0.4960192, 52.7486908), (-0.4860601, 52.7326226)), ((-0.4860601, 52.7326226), (-0.4858851, 52.7324427)), ((-0.4858851, 52.7324427), (-0.4646652, 52.7106111)), ((-0.4646652, 52.7106111), (-0.4644873, 52.7104315)), ((-0.4644873, 52.7104315), (-0.433164, 52.6880523)), ((-0.433164, 52.6880523), (-0.3598027, 52.6496412)), ((-0.3598027, 52.6496412), (-0.3594383, 52.6493832)), ((-0.3594383, 52.6493832), (-0.3268189, 52.634916)), ((-0.3268189, 52.634916), (-0.2529481, 52.5786085))]",187,Gauge 10,864,857 (99.2%),7 (0.8%),0 (0.0%),0.07,3.6
93,5,"[((-1.2269323, 52.3704797), (-1.2266718, 52.3703565)), ((-1.2285201, 52.3712368), (-1.2269323, 52.3704797)), ((-1.236299, 52.3750197), (-1.2285201, 52.3712368)), ((-1.2372933, 52.3753627), (-1.236299, 52.3750197)), ((-1.2374576, 52.3754152), (-1.2372933, 52.3753627))]",187,Gauge 6,5211,4860 (93.3%),351 (6.7%),0 (0.0%),6.53,19.1
93,5,"[((-1.2269323, 52.3704797), (-1.2266718, 52.3703565)), ((-1.2285201, 52.3712368), (-1.2269323, 52.3704797)), ((-1.236299, 52.3750197), (-1.2285201, 52.3712368)), ((-1.2372933, 52.3753627), (-1.236299, 52.3750197)), ((-1.2374576, 52.3754152), (-1.2372933, 52.3753627))]",187,Gauge 10,864,857 (99.2%),7 (0.8%),0 (0.0%),17.42,59.3
94,2,"[((-1.4141898, 50.9075619), (-1.4121037, 50.9074254)), ((-1.4121037, 50.9074254), (-1.4110311, 50.9073759))]",186,Gauge 6,5211,5014 (96.2%),197 (3.8%),0 (0.0%),0.40,6.7
94,2,"[((-1.4141898, 50.9075619), (-1.4121037, 50.9074254)), ((-1.4121037, 50.9074254), (-1.4110311, 50.9073759))]",186,Gauge 10,864,813 (94.1%),51 (5.9%),0 (0.0%),0.43,7.0
95,4,"[((-3.5763764, 51.5086939), (-3.5762277, 51.508454)), ((-3.576426, 51.5087776), (-3.5763764, 51.5086939)), ((-3.5762277, 51.508454), (-3.5735887, 51.5053354)), ((-3.5767, 51.5092294), (-3.576426, 51.5087776))]",186,Gauge 6,5211,5025 (96.4%),186 (3.6%),0 (0.0%),0.69,6.1
95,4,"[((-3.5763764, 51.5086939), (-3.5762277, 51.508454)), ((-3.576426, 51.5087776), (-3.5763764, 51.5086939)), ((-3.5762277, 51.508454), (-3.5735887, 51.5053354)), ((-3.5767, 51.5092294), (-3.576426, 51.5087776))]",186,Gauge 10,864,864 (100.0%),0 (0.0%),0 (0.0%),0,0
96,1,"[((0.3045894, 51.4754854), (0.3131924, 51.4761178))]",186,Gauge 6,5211,5033 (96.6%),178 (3.4%),0 (0.0%),0.13,0.0
96,1,"[((0.3045894, 51.4754854), (0.3131924, 51.4761178))]",186,Gauge 10,864,863 (99.9%),1 (0.1%),0 (0.0%),0.10,0.0
97,13,"[((-1.3055572, 53.6983598), (-1.3031765, 53.699079)), ((-1.3031765, 53.699079), (-1.3029884, 53.6991271)), ((-1.3029884, 53.6991271), (-1.2979414, 53.7006615)), ((-1.2979414, 53.7006615), (-1.2974781, 53.700801)), ((-1.2974781, 53.700801), (-1.2946904, 53.7016459)), ((-1.2946904, 53.7016459), (-1.2942096, 53.7017915)), ((-1.2942096, 53.7017915), (-1.2897233, 53.7031473)), ((-1.2897233, 53.7031473), (-1.2895312, 53.703202)), ((-1.2895312, 53.703202), (-1.2727118, 53.7064392)), ((-1.2727118, 53.7064392), (-1.2724086, 53.7064398)), ((-1.2724086, 53.7064398), (-1.2698578, 53.7064596)), ((-1.2698578, 53.7064596), (-1.2691878, 53.7064531)), ((-1.2691878, 53.7064531), (-1.2640221, 53.7064212))]",185,Gauge 6,5211,5018 (96.3%),193 (3.7%),0 (0.0%),3.27,2.8
97,13,"[((-1.3055572, 53.6983598), (-1.3031765, 53.699079)), ((-1.3031765, 53.699079), (-1.3029884, 53.6991271)), ((-1.3029884, 53.6991271), (-1.2979414, 53.7006615)), ((-1.2979414, 53.7006615), (-1.2974781, 53.700801)), ((-1.2974781, 53.700801), (-1.2946904, 53.7016459)), ((-1.2946904, 53.7016459), (-1.2942096, 53.7017915)), ((-1.2942096, 53.7017915), (-1.2897233, 53.7031473)), ((-1.2897233, 53.7031473), (-1.2895312, 53.703202)), ((-1.2895312, 53.703202), (-1.2727118, 53.7064392)), ((-1.2727118, 53.7064392), (-1.2724086, 53.7064398)), ((-1.2724086, 53.7064398), (-1.2698578, 53.7064596)), ((-1.2698578, 53.7064596), (-1.2691878, 53.7064531)), ((-1.2691878, 53.7064531), (-1.2640221, 53.7064212))]",185,Gauge 10,864,864 (100.0%),0 (0.0%),0 (0.0%),0,0
98,3,"[((0.2711646, 51.4745473), (0.2952927, 51.4748236)), ((0.2368657, 51.48175), (0.2711646, 51.4745473)), ((0.2952927, 51.4748236), (0.3045894, 51.4754854))]",185,Gauge 6,5211,5190 (99.6%),21 (0.4%),0 (0.0%),0.01,18.1
98,3,"[((0.2711646, 51.4745473), (0.2952927, 51.4748236)), ((0.2368657, 51.48175), (0.2711646, 51.4745473)), ((0.2952927, 51.4748236), (0.3045894, 51.4754854))]",185,Gauge 10,864,864 (100.0%),0 (0.0%),0 (0.0%),0,0
99,1,"[((-1.2288568, 52.3712483), (-1.2266718, 52.3703565))]",185,Gauge 6,5211,4860 (93.3%),351 (6.7%),0 (0.0%),1.32,14.5
99,1,"[((-1.2288568, 52.3712483), (-1.2266718, 52.3703565))]",185,Gauge 10,864,854 (98.8%),10 (1.2%),0 (0.0%),4.72,14.4
100,16,"[((-1.2483895, 51.7254081), (-1.2383674, 51.7058308)), ((-1.2485335, 51.7255792), (-1.2483895, 51.7254081)), ((-1.2383674, 51.7058308), (-1.2383474, 51.7057445)), ((-1.2543845, 51.7329932), (-1.2485335, 51.7255792)), ((-1.2409612, 51.6735459), (-1.2383474, 51.7057445)), ((-1.254498, 51.7331803), (-1.2543845, 51.7329932)), ((-1.2409623, 51.6734669), (-1.2409612, 51.6735459)), ((-1.2607175, 51.740344), (-1.254498, 51.7331803)), ((-1.2409623, 51.6734669), (-1.2409568, 51.6712805)), ((-1.2633377, 51.7431365), (-1.2607175, 51.740344)), ((-1.2409568, 51.6712805), (-1.2409508, 51.6712191)), ((-1.2409508, 51.6712191), (-1.240765, 51.6698227)), ((-1.240765, 51.6698227), (-1.2406818, 51.6689608)), ((-1.2406818, 51.6689608), (-1.2401906, 51.6440706)), ((-1.2406208, 51.6433936), (-1.2401906, 51.6440706)), ((-1.2423524, 51.639773), (-1.2406208, 51.6433936))]",184,Gauge 6,5211,5142 (98.7%),69 (1.3%),0 (0.0%),0.21,4.4
100,16,"[((-1.2483895, 51.7254081), (-1.2383674, 51.7058308)), ((-1.2485335, 51.7255792), (-1.2483895, 51.7254081)), ((-1.2383674, 51.7058308), (-1.2383474, 51.7057445)), ((-1.2543845, 51.7329932), (-1.2485335, 51.7255792)), ((-1.2409612, 51.6735459), (-1.2383474, 51.7057445)), ((-1.254498, 51.7331803), (-1.2543845, 51.7329932)), ((-1.2409623, 51.6734669), (-1.2409612, 51.6735459)), ((-1.2607175, 51.740344), (-1.254498, 51.7331803)), ((-1.2409623, 51.6734669), (-1.2409568, 51.6712805)), ((-1.2633377, 51.7431365), (-1.2607175, 51.740344)), ((-1.2409568, 51.6712805), (-1.2409508, 51.6712191)), ((-1.2409508, 51.6712191), (-1.240765, 51.6698227)), ((-1.240765, 51.6698227), (-1.2406818, 51.6689608)), ((-1.2406818, 51.6689608), (-1.2401906, 51.6440706)), ((-1.2406208, 51.6433936), (-1.2401906, 51.6440706)), ((-1.2423524, 51.639773), (-1.2406208, 51.6433936))]",184,Gauge 10,864,861 (99.7%),3 (0.3%),0 (0.0%),0.01,3.7
101,51,"[((-3.3271089, 51.4781761), (-3.2997447, 51.4832302)), ((-3.3274291, 51.4782159), (-3.3271089, 51.4781761)), ((-3.2997447, 51.4832302), (-3.2993875, 51.4832429)), ((-3.3462991, 51.4944001), (-3.3274291, 51.4782159)), ((-3.2993875, 51.4832429), (-3.288652, 51.4814068)), ((-3.3464105, 51.4947053), (-3.3462991, 51.4944001)), ((-3.288652, 51.4814068), (-3.2881724, 51.4812605)), ((-3.3497783, 51.5002114), (-3.3464105, 51.4947053)), ((-3.2881724, 51.4812605), (-3.276637, 51.4821017)), ((-3.3500032, 51.5004234), (-3.3497783, 51.5002114)), ((-3.276637, 51.4821017), (-3.2761801, 51.482275)), ((-3.3605623, 51.5078502), (-3.3500032, 51.5004234)), ((-3.2761801, 51.482275), (-3.2600578, 51.4859097)), ((-3.3608633, 51.508076), (-3.3605623, 51.5078502)), ((-3.2600578, 51.4859097), (-3.2596713, 51.4859325)), ((-3.3711436, 51.5162421), (-3.3608633, 51.508076)), ((-3.2596713, 51.4859325), (-3.2560552, 51.4861626)), ((-3.3716092, 51.5163965), (-3.3711436, 51.5162421)), ((-3.2560552, 51.4861626), (-3.2555516, 51.4861954)), ((-3.3763851, 51.5180897), (-3.3716092, 51.5163965)), ((-3.2555516, 51.4861954), (-3.2504694, 51.4861813)), ((-3.3766895, 51.5182465), (-3.3763851, 51.5180897)), ((-3.2504694, 51.4861813), (-3.249953, 51.4861337)), ((-3.3855734, 51.5214371), (-3.3766895, 51.5182465)), ((-3.249953, 51.4861337), (-3.2116698, 51.4799828)), ((-3.3859164, 51.5215247), (-3.3855734, 51.5214371)), ((-3.2116698, 51.4799828), (-3.2113718, 51.4799016)), ((-3.3929034, 51.5242219), (-3.3859164, 51.5215247)), ((-3.2113718, 51.4799016), (-3.2018926, 51.4774217)), ((-3.3931468, 51.5243332), (-3.3929034, 51.5242219)), ((-3.2018926, 51.4774217), (-3.20156, 51.4773558)), ((-3.468922, 51.5336734), (-3.3931468, 51.5243332)), ((-3.20156, 51.4773558), (-3.1875859, 51.4759481)), ((-3.5163401, 51.5117272), (-3.468922, 51.5336734)), ((-3.1875859, 51.4759481), (-3.1873351, 51.4759246)), ((-3.5164788, 51.511679), (-3.5163401, 51.5117272)), ((-3.1873351, 51.4759246), (-3.1864221, 51.4758294)), ((-3.530782, 51.5076021), (-3.5164788, 51.511679)), ((-3.1864221, 51.4758294), (-3.1841533, 51.47566)), ((-3.5308644, 51.5075788), (-3.530782, 51.5076021)), ((-3.1841533, 51.47566), (-3.183587, 51.4755829)), ((-3.563944, 51.5027868), (-3.5308644, 51.5075788)), ((-3.183587, 51.4755829), (-3.1831517, 51.4755566)), ((-3.5735887, 51.5053354), (-3.563944, 51.5027868)), ((-3.1831517, 51.4755566), (-3.1818012, 51.4755527)), ((-3.1818012, 51.4755527), (-3.1788597, 51.4756405)), ((-3.1788597, 51.4756405), (-3.177298, 51.4756924)), ((-3.177298, 51.4756924), (-3.1771061, 51.4757112)), ((-3.1771061, 51.4757112), (-3.1769446, 51.4757329)), ((-3.1769446, 51.4757329), (-3.176404, 51.475813)), ((-3.176404, 51.475813), (-3.1761854, 51.4758556))]",184,Gauge 6,5211,5027 (96.5%),184 (3.5%),0 (0.0%),0.50,5.4
101,51,"[((-3.3271089, 51.4781761), (-3.2997447, 51.4832302)), ((-3.3274291, 51.4782159), (-3.3271089, 51.4781761)), ((-3.2997447, 51.4832302), (-3.2993875, 51.4832429)), ((-3.3462991, 51.4944001), (-3.3274291, 51.4782159)), ((-3.2993875, 51.4832429), (-3.288652, 51.4814068)), ((-3.3464105, 51.4947053), (-3.3462991, 51.4944001)), ((-3.288652, 51.4814068), (-3.2881724, 51.4812605)), ((-3.3497783, 51.5002114), (-3.3464105, 51.4947053)), ((-3.2881724, 51.4812605), (-3.276637, 51.4821017)), ((-3.3500032, 51.5004234), (-3.3497783, 51.5002114)), ((-3.276637, 51.4821017), (-3.2761801, 51.482275)), ((-3.3605623, 51.5078502), (-3.3500032, 51.5004234)), ((-3.2761801, 51.482275), (-3.2600578, 51.4859097)), ((-3.3608633, 51.508076), (-3.3605623, 51.5078502)), ((-3.2600578, 51.4859097), (-3.2596713, 51.4859325)), ((-3.3711436, 51.5162421), (-3.3608633, 51.508076)), ((-3.2596713, 51.4859325), (-3.2560552, 51.4861626)), ((-3.3716092, 51.5163965), (-3.3711436, 51.5162421)), ((-3.2560552, 51.4861626), (-3.2555516, 51.4861954)), ((-3.3763851, 51.5180897), (-3.3716092, 51.5163965)), ((-3.2555516, 51.4861954), (-3.2504694, 51.4861813)), ((-3.3766895, 51.5182465), (-3.3763851, 51.5180897)), ((-3.2504694, 51.4861813), (-3.249953, 51.4861337)), ((-3.3855734, 51.5214371), (-3.3766895, 51.5182465)), ((-3.249953, 51.4861337), (-3.2116698, 51.4799828)), ((-3.3859164, 51.5215247), (-3.3855734, 51.5214371)), ((-3.2116698, 51.4799828), (-3.2113718, 51.4799016)), ((-3.3929034, 51.5242219), (-3.3859164, 51.5215247)), ((-3.2113718, 51.4799016), (-3.2018926, 51.4774217)), ((-3.3931468, 51.5243332), (-3.3929034, 51.5242219)), ((-3.2018926, 51.4774217), (-3.20156, 51.4773558)), ((-3.468922, 51.5336734), (-3.3931468, 51.5243332)), ((-3.20156, 51.4773558), (-3.1875859, 51.4759481)), ((-3.5163401, 51.5117272), (-3.468922, 51.5336734)), ((-3.1875859, 51.4759481), (-3.1873351, 51.4759246)), ((-3.5164788, 51.511679), (-3.5163401, 51.5117272)), ((-3.1873351, 51.4759246), (-3.1864221, 51.4758294)), ((-3.530782, 51.5076021), (-3.5164788, 51.511679)), ((-3.1864221, 51.4758294), (-3.1841533, 51.47566)), ((-3.5308644, 51.5075788), (-3.530782, 51.5076021)), ((-3.1841533, 51.47566), (-3.183587, 51.4755829)), ((-3.563944, 51.5027868), (-3.5308644, 51.5075788)), ((-3.183587, 51.4755829), (-3.1831517, 51.4755566)), ((-3.5735887, 51.5053354), (-3.563944, 51.5027868)), ((-3.1831517, 51.4755566), (-3.1818012, 51.4755527)), ((-3.1818012, 51.4755527), (-3.1788597, 51.4756405)), ((-3.1788597, 51.4756405), (-3.177298, 51.4756924)), ((-3.177298, 51.4756924), (-3.1771061, 51.4757112)), ((-3.1771061, 51.4757112), (-3.1769446, 51.4757329)), ((-3.1769446, 51.4757329), (-3.176404, 51.475813)), ((-3.176404, 51.475813), (-3.1761854, 51.4758556))]",184,Gauge 10,864,864 (100.0%),0 (0.0%),0 (0.0%),0,0
102,23,"[((-1.4777, 53.6739849), (-1.4735129, 53.6696596)), ((-1.4782007, 53.6744984), (-1.4777, 53.6739849)), ((-1.4735129, 53.6696596), (-1.4724845, 53.6688064)), ((-1.4783195, 53.674622), (-1.4782007, 53.6744984)), ((-1.4724845, 53.6688064), (-1.4721959, 53.6685986)), ((-1.4794996, 53.6758509), (-1.4783195, 53.674622)), ((-1.4721959, 53.6685986), (-1.4689664, 53.6670303)), ((-1.4796346, 53.6759867), (-1.4794996, 53.6758509)), ((-1.4689664, 53.6670303), (-1.4593707, 53.6632864)), ((-1.4808828, 53.677288), (-1.4796346, 53.6759867)), ((-1.4593707, 53.6632864), (-1.4580278, 53.662954)), ((-1.4810115, 53.6774246), (-1.4808828, 53.677288)), ((-1.4580278, 53.662954), (-1.4442518, 53.665128)), ((-1.4908787, 53.6780195), (-1.4810115, 53.6774246)), ((-1.4442518, 53.665128), (-1.4439126, 53.6653107)), ((-1.4910239, 53.6779807), (-1.4908787, 53.6780195)), ((-1.4439126, 53.6653107), (-1.4420439, 53.666278)), ((-1.4420439, 53.666278), (-1.3119767, 53.696463)), ((-1.3119767, 53.696463), (-1.3116721, 53.6965529)), ((-1.3116721, 53.6965529), (-1.3056094, 53.6983755)), ((-1.3107045, 53.6987963), (-1.3056094, 53.6983755)), ((-1.3110858, 53.6988754), (-1.3107045, 53.6987963)), ((-1.3110858, 53.6988754), (-1.3055572, 53.6983598))]",183,Gauge 6,5211,5028 (96.5%),183 (3.5%),0 (0.0%),7.22,1.5
102,23,"[((-1.4777, 53.6739849), (-1.4735129, 53.6696596)), ((-1.4782007, 53.6744984), (-1.4777, 53.6739849)), ((-1.4735129, 53.6696596), (-1.4724845, 53.6688064)), ((-1.4783195, 53.674622), (-1.4782007, 53.6744984)), ((-1.4724845, 53.6688064), (-1.4721959, 53.6685986)), ((-1.4794996, 53.6758509), (-1.4783195, 53.674622)), ((-1.4721959, 53.6685986), (-1.4689664, 53.6670303)), ((-1.4796346, 53.6759867), (-1.4794996, 53.6758509)), ((-1.4689664, 53.6670303), (-1.4593707, 53.6632864)), ((-1.4808828, 53.677288), (-1.4796346, 53.6759867)), ((-1.4593707, 53.6632864), (-1.4580278, 53.662954)), ((-1.4810115, 53.6774246), (-1.4808828, 53.677288)), ((-1.4580278, 53.662954), (-1.4442518, 53.665128)), ((-1.4908787, 53.6780195), (-1.4810115, 53.6774246)), ((-1.4442518, 53.665128), (-1.4439126, 53.6653107)), ((-1.4910239, 53.6779807), (-1.4908787, 53.6780195)), ((-1.4439126, 53.6653107), (-1.4420439, 53.666278)), ((-1.4420439, 53.666278), (-1.3119767, 53.696463)), ((-1.3119767, 53.696463), (-1.3116721, 53.6965529)), ((-1.3116721, 53.6965529), (-1.3056094, 53.6983755)), ((-1.3107045, 53.6987963), (-1.3056094, 53.6983755)), ((-1.3110858, 53.6988754), (-1.3107045, 53.6987963)), ((-1.3110858, 53.6988754), (-1.3055572, 53.6983598))]",183,Gauge 10,864,864 (100.0%),0 (0.0%),0 (0.0%),0,0
103,3,"[((-1.4703946, 52.5304853), (-1.4688995, 52.5295573)), ((-1.4688995, 52.5295573), (-1.4675786, 52.528699)), ((-1.4675786, 52.528699), (-1.4630896, 52.5257771))]",183,Gauge 6,5211,4779 (91.7%),432 (8.3%),0 (0.0%),4.88,19.4
103,3,"[((-1.4703946, 52.5304853), (-1.4688995, 52.5295573)), ((-1.4688995, 52.5295573), (-1.4675786, 52.528699)), ((-1.4675786, 52.528699), (-1.4630896, 52.5257771))]",183,Gauge 10,864,769 (89.0%),95 (11.0%),0 (0.0%),0.13,5.4
104,28,"[((-2.4932499, 53.189233), (-2.4913235, 53.1870832)), ((-2.4933554, 53.1893597), (-2.4932499, 53.189233)), ((-2.4913235, 53.1870832), (-2.491126, 53.1868614)), ((-2.4940198, 53.1901153), (-2.4933554, 53.1893597)), ((-2.491126, 53.1868614), (-2.4899128, 53.1854627)), ((-2.5365871, 53.2311736), (-2.4940198, 53.1901153)), ((-2.4899128, 53.1854627), (-2.4863408, 53.1813162)), ((-2.5378655, 53.2321076), (-2.5365871, 53.2311736)), ((-2.4863408, 53.1813162), (-2.4862536, 53.1812155)), ((-2.5698019, 53.2498024), (-2.5378655, 53.2321076)), ((-2.4862536, 53.1812155), (-2.4830369, 53.1768056)), ((-2.5843696, 53.2571176), (-2.5698019, 53.2498024)), ((-2.4830369, 53.1768056), (-2.4827952, 53.1764008)), ((-2.5845125, 53.2571896), (-2.5843696, 53.2571176)), ((-2.4827952, 53.1764008), (-2.4402767, 53.1026223)), ((-2.5914318, 53.2606652), (-2.5845125, 53.2571896)), ((-2.4402767, 53.1026223), (-2.4402046, 53.1024828)), ((-2.5915954, 53.2607461), (-2.5914318, 53.2606652)), ((-2.4402046, 53.1024828), (-2.4379095, 53.0983325)), ((-2.6048828, 53.2673561), (-2.5915954, 53.2607461)), ((-2.4379095, 53.0983325), (-2.4351515, 53.0936651)), ((-2.6058103, 53.2678281), (-2.6048828, 53.2673561)), ((-2.6230923, 53.2778182), (-2.6058103, 53.2678281)), ((-2.6232599, 53.2779612), (-2.6230923, 53.2778182)), ((-2.62705, 53.2815119), (-2.6232599, 53.2779612)), ((-2.6303283, 53.285077), (-2.62705, 53.2815119)), ((-2.6337471, 53.2916256), (-2.6303283, 53.285077)), ((-2.6341732, 53.2930667), (-2.6337471, 53.2916256))]",181,Gauge 6,5211,4903 (94.1%),308 (5.9%),0 (0.0%),0.06,2.0
104,28,"[((-2.4932499, 53.189233), (-2.4913235, 53.1870832)), ((-2.4933554, 53.1893597), (-2.4932499, 53.189233)), ((-2.4913235, 53.1870832), (-2.491126, 53.1868614)), ((-2.4940198, 53.1901153), (-2.4933554, 53.1893597)), ((-2.491126, 53.1868614), (-2.4899128, 53.1854627)), ((-2.5365871, 53.2311736), (-2.4940198, 53.1901153)), ((-2.4899128, 53.1854627), (-2.4863408, 53.1813162)), ((-2.5378655, 53.2321076), (-2.5365871, 53.2311736)), ((-2.4863408, 53.1813162), (-2.4862536, 53.1812155)), ((-2.5698019, 53.2498024), (-2.5378655, 53.2321076)), ((-2.4862536, 53.1812155), (-2.4830369, 53.1768056)), ((-2.5843696, 53.2571176), (-2.5698019, 53.2498024)), ((-2.4830369, 53.1768056), (-2.4827952, 53.1764008)), ((-2.5845125, 53.2571896), (-2.5843696, 53.2571176)), ((-2.4827952, 53.1764008), (-2.4402767, 53.1026223)), ((-2.5914318, 53.2606652), (-2.5845125, 53.2571896)), ((-2.4402767, 53.1026223), (-2.4402046, 53.1024828)), ((-2.5915954, 53.2607461), (-2.5914318, 53.2606652)), ((-2.4402046, 53.1024828), (-2.4379095, 53.0983325)), ((-2.6048828, 53.2673561), (-2.5915954, 53.2607461)), ((-2.4379095, 53.0983325), (-2.4351515, 53.0936651)), ((-2.6058103, 53.2678281), (-2.6048828, 53.2673561)), ((-2.6230923, 53.2778182), (-2.6058103, 53.2678281)), ((-2.6232599, 53.2779612), (-2.6230923, 53.2778182)), ((-2.62705, 53.2815119), (-2.6232599, 53.2779612)), ((-2.6303283, 53.285077), (-2.62705, 53.2815119)), ((-2.6337471, 53.2916256), (-2.6303283, 53.285077)), ((-2.6341732, 53.2930667), (-2.6337471, 53.2916256))]",181,Gauge 10,864,764 (88.4%),100 (11.6%),0 (0.0%),0.01,1.2
105,5,"[((-1.222171, 51.6045948), (-1.2209565, 51.6041293)), ((-1.2234403, 51.6050237), (-1.222171, 51.6045948)), ((-1.2284081, 51.6066798), (-1.2234403, 51.6050237)), ((-1.2286849, 51.6067674), (-1.2284081, 51.6066798)), ((-1.2337539, 51.6084169), (-1.2286849, 51.6067674))]",181,Gauge 6,5211,5060 (97.1%),151 (2.9%),0 (0.0%),0.00,2.7
105,5,"[((-1.222171, 51.6045948), (-1.2209565, 51.6041293)), ((-1.2234403, 51.6050237), (-1.222171, 51.6045948)), ((-1.2284081, 51.6066798), (-1.2234403, 51.6050237)), ((-1.2286849, 51.6067674), (-1.2284081, 51.6066798)), ((-1.2337539, 51.6084169), (-1.2286849, 51.6067674))]",181,Gauge 10,864,840 (97.2%),24 (2.8%),0 (0.0%),0.00,2.1
106,13,"[((-1.8708355, 52.4819603), (-1.8703235, 52.481961)), ((-1.8703235, 52.481961), (-1.8699954, 52.4819552)), ((-1.8733651, 52.4817566), (-1.8708355, 52.4819603)), ((-1.8699954, 52.4819552), (-1.8679104, 52.4813688)), ((-1.8754384, 52.48149), (-1.8733651, 52.4817566)), ((-1.8679104, 52.4813688), (-1.8677767, 52.4812518)), ((-1.8677767, 52.4812518), (-1.8675254, 52.4809442)), ((-1.8675254, 52.4809442), (-1.8674473, 52.4807438)), ((-1.8676635, 52.479706), (-1.8674473, 52.4807438)), ((-1.8684075, 52.4782861), (-1.8676635, 52.479706)), ((-1.8705953, 52.4741164), (-1.8684075, 52.4782861)), ((-1.8707957, 52.4737386), (-1.8705953, 52.4741164)), ((-1.8708971, 52.4735642), (-1.8707957, 52.4737386))]",181,Gauge 6,5211,5170 (99.2%),41 (0.8%),0 (0.0%),0.24,1.5
106,13,"[((-1.8708355, 52.4819603), (-1.8703235, 52.481961)), ((-1.8703235, 52.481961), (-1.8699954, 52.4819552)), ((-1.8733651, 52.4817566), (-1.8708355, 52.4819603)), ((-1.8699954, 52.4819552), (-1.8679104, 52.4813688)), ((-1.8754384, 52.48149), (-1.8733651, 52.4817566)), ((-1.8679104, 52.4813688), (-1.8677767, 52.4812518)), ((-1.8677767, 52.4812518), (-1.8675254, 52.4809442)), ((-1.8675254, 52.4809442), (-1.8674473, 52.4807438)), ((-1.8676635, 52.479706), (-1.8674473, 52.4807438)), ((-1.8684075, 52.4782861), (-1.8676635, 52.479706)), ((-1.8705953, 52.4741164), (-1.8684075, 52.4782861)), ((-1.8707957, 52.4737386), (-1.8705953, 52.4741164)), ((-1.8708971, 52.4735642), (-1.8707957, 52.4737386))]",181,Gauge 10,864,864 (100.0%),0 (0.0%),0 (0.0%),0,0
107,4,"[((-2.215172, 53.4718723), (-2.2102498, 53.4710246)), ((-2.2102498, 53.4710246), (-2.1986698, 53.4717232)), ((-2.1986698, 53.4717232), (-2.1982055, 53.4717408)), ((-2.1982055, 53.4717408), (-2.1944328, 53.4717979))]",181,Gauge 6,5211,5009 (96.1%),202 (3.9%),0 (0.0%),1.60,7.9
107,4,"[((-2.215172, 53.4718723), (-2.2102498, 53.4710246)), ((-2.2102498, 53.4710246), (-2.1986698, 53.4717232)), ((-2.1986698, 53.4717232), (-2.1982055, 53.4717408)), ((-2.1982055, 53.4717408), (-2.1944328, 53.4717979))]",181,Gauge 10,864,831 (96.2%),33 (3.8%),0 (0.0%),13.58,55.0
108,2,"[((0.3146348, 51.4762207), (0.3224431, 51.4763012)), ((0.3131924, 51.4761178), (0.3146348, 51.4762207))]",179,Gauge 6,5211,5032 (96.6%),179 (3.4%),0 (0.0%),14.68,10.5
108,2,"[((0.3146348, 51.4762207), (0.3224431, 51.4763012)), ((0.3131924, 51.4761178), (0.3146348, 51.4762207))]",179,Gauge 10,864,862 (99.8%),0 (0.0%),2 (0.2%),0,0
109,3,"[((-0.4082545, 53.5757845), (-0.4080901, 53.575856)), ((-0.4080901, 53.575856), (-0.4071357, 53.5761986)), ((-0.4097745, 53.575164), (-0.4082545, 53.5757845))]",179,Gauge 6,5211,5032 (96.6%),0 (0.0%),179 (3.4%),0,0
109,3,"[((-0.4082545, 53.5757845), (-0.4080901, 53.575856)), ((-0.4080901, 53.575856), (-0.4071357, 53.5761986)), ((-0.4097745, 53.575164), (-0.4082545, 53.5757845))]",179,Gauge 10,864,864 (100.0%),0 (0.0%),0 (0.0%),0,0
110,2,"[((-2.2443864, 53.4738089), (-2.2413269, 53.4736977)), ((-2.2536888, 53.4746944), (-2.2443864, 53.4738089))]",179,Gauge 6,5211,5098 (97.8%),113 (2.2%),0 (0.0%),0.00,15.7
110,2,"[((-2.2443864, 53.4738089), (-2.2413269, 53.4736977)), ((-2.2536888, 53.4746944), (-2.2443864, 53.4738089))]",179,Gauge 10,864,829 (95.9%),35 (4.1%),0 (0.0%),0.28,15.6
111,1,"[((-2.2644903, 53.4784708), (-2.2635339, 53.4784373))]",178,Gauge 6,5211,4994 (95.8%),217 (4.2%),0 (0.0%),0.00,2.0
111,1,"[((-2.2644903, 53.4784708), (-2.2635339, 53.4784373))]",178,Gauge 10,864,820 (94.9%),44 (5.1%),0 (0.0%),0.01,2.3
112,2,"[((-2.1939639, 53.471769), (-2.1909456, 53.4714614)), ((-2.1944328, 53.4717979), (-2.1939639, 53.471769))]",177,Gauge 6,5211,5013 (96.2%),198 (3.8%),0 (0.0%),1.47,9.0
112,2,"[((-2.1939639, 53.471769), (-2.1909456, 53.4714614)), ((-2.1944328, 53.4717979), (-2.1939639, 53.471769))]",177,Gauge 10,864,827 (95.7%),37 (4.3%),0 (0.0%),13.77,55.9
113,8,"[((-2.2584524, 53.4763448), (-2.2540947, 53.474822)), ((-2.259963, 53.4776009), (-2.2584524, 53.4763448)), ((-2.2605405, 53.4779355), (-2.259963, 53.4776009)), ((-2.2608594, 53.4780612), (-2.2605405, 53.4779355)), ((-2.2612895, 53.4781832), (-2.2608594, 53.4780612)), ((-2.2623152, 53.4783457), (-2.2612895, 53.4781832)), ((-2.2625491, 53.4783696), (-2.2623152, 53.4783457)), ((-2.2635339, 53.4784373), (-2.2625491, 53.4783696))]",174,Gauge 6,5211,4994 (95.8%),217 (4.2%),0 (0.0%),0.00,2.0
113,8,"[((-2.2584524, 53.4763448), (-2.2540947, 53.474822)), ((-2.259963, 53.4776009), (-2.2584524, 53.4763448)), ((-2.2605405, 53.4779355), (-2.259963, 53.4776009)), ((-2.2608594, 53.4780612), (-2.2605405, 53.4779355)), ((-2.2612895, 53.4781832), (-2.2608594, 53.4780612)), ((-2.2623152, 53.4783457), (-2.2612895, 53.4781832)), ((-2.2625491, 53.4783696), (-2.2623152, 53.4783457)), ((-2.2635339, 53.4784373), (-2.2625491, 53.4783696))]",174,Gauge 10,864,820 (94.9%),44 (5.1%),0 (0.0%),0.01,2.3
114,1,"[((-1.7546716, 52.5185215), (-1.7534757, 52.5185859))]",171,Gauge 6,5211,5154 (98.9%),57 (1.1%),0 (0.0%),0.04,2.1
114,1,"[((-1.7546716, 52.5185215), (-1.7534757, 52.5185859))]",171,Gauge 10,864,864 (100.0%),0 (0.0%),0 (0.0%),0,0
115,19,"[((-1.2849855, 52.383769), (-1.284422, 52.3835016)), ((-1.284422, 52.3835016), (-1.2672111, 52.3806945)), ((-1.2911256, 52.3867309), (-1.2849855, 52.383769)), ((-1.2672111, 52.3806945), (-1.2650962, 52.3807503)), ((-1.2915631, 52.386942), (-1.2911256, 52.3867309)), ((-1.2650962, 52.3807503), (-1.2645698, 52.3807466)), ((-1.2916895, 52.3870038), (-1.2915631, 52.386942)), ((-1.2645698, 52.3807466), (-1.2458637, 52.3779865)), ((-1.2989692, 52.3908723), (-1.2916895, 52.3870038)), ((-1.2458637, 52.3779865), (-1.2374576, 52.3754152)), ((-1.2991063, 52.3909624), (-1.2989692, 52.3908723)), ((-1.3006621, 52.3919942), (-1.2991063, 52.3909624)), ((-1.3008561, 52.3921238), (-1.3006621, 52.3919942)), ((-1.3053281, 52.3951183), (-1.3008561, 52.3921238)), ((-1.3054107, 52.3951723), (-1.3053281, 52.3951183)), ((-1.312013, 52.3995997), (-1.3054107, 52.3951723)), ((-1.3123046, 52.3997938), (-1.312013, 52.3995997)), ((-1.3460968, 52.420139), (-1.3123046, 52.3997938)), ((-1.3494324, 52.4213745), (-1.3460968, 52.420139))]",170,Gauge 6,5211,4880 (93.6%),331 (6.4%),0 (0.0%),0.09,1.5
115,19,"[((-1.2849855, 52.383769), (-1.284422, 52.3835016)), ((-1.284422, 52.3835016), (-1.2672111, 52.3806945)), ((-1.2911256, 52.3867309), (-1.2849855, 52.383769)), ((-1.2672111, 52.3806945), (-1.2650962, 52.3807503)), ((-1.2915631, 52.386942), (-1.2911256, 52.3867309)), ((-1.2650962, 52.3807503), (-1.2645698, 52.3807466)), ((-1.2916895, 52.3870038), (-1.2915631, 52.386942)), ((-1.2645698, 52.3807466), (-1.2458637, 52.3779865)), ((-1.2989692, 52.3908723), (-1.2916895, 52.3870038)), ((-1.2458637, 52.3779865), (-1.2374576, 52.3754152)), ((-1.2991063, 52.3909624), (-1.2989692, 52.3908723)), ((-1.3006621, 52.3919942), (-1.2991063, 52.3909624)), ((-1.3008561, 52.3921238), (-1.3006621, 52.3919942)), ((-1.3053281, 52.3951183), (-1.3008561, 52.3921238)), ((-1.3054107, 52.3951723), (-1.3053281, 52.3951183)), ((-1.312013, 52.3995997), (-1.3054107, 52.3951723)), ((-1.3123046, 52.3997938), (-1.312013, 52.3995997)), ((-1.3460968, 52.420139), (-1.3123046, 52.3997938)), ((-1.3494324, 52.4213745), (-1.3460968, 52.420139))]",170,Gauge 10,864,858 (99.3%),6 (0.7%),0 (0.0%),0.18,2.0
116,1,"[((-2.2540947, 53.474822), (-2.2536888, 53.4746944))]",170,Gauge 6,5211,5092 (97.7%),119 (2.3%),0 (0.0%),0.00,15.0
116,1,"[((-2.2540947, 53.474822), (-2.2536888, 53.4746944))]",170,Gauge 10,864,829 (95.9%),35 (4.1%),0 (0.0%),0.28,15.6
117,4,"[((-1.2066843, 53.7028777), (-1.1590295, 53.6991272)), ((-1.2071766, 53.7026832), (-1.2066843, 53.7028777)), ((-1.2382769, 53.7050207), (-1.2071766, 53.7026832)), ((-1.2592534, 53.7064312), (-1.2382769, 53.7050207))]",170,Gauge 6,5211,5038 (96.7%),173 (3.3%),0 (0.0%),3.56,3.8
117,4,"[((-1.2066843, 53.7028777), (-1.1590295, 53.6991272)), ((-1.2071766, 53.7026832), (-1.2066843, 53.7028777)), ((-1.2382769, 53.7050207), (-1.2071766, 53.7026832)), ((-1.2592534, 53.7064312), (-1.2382769, 53.7050207))]",170,Gauge 10,864,864 (100.0%),0 (0.0%),0 (0.0%),0,0
118,1,"[((-1.2640221, 53.7064212), (-1.2592534, 53.7064312))]",169,Gauge 6,5211,5039 (96.7%),172 (3.3%),0 (0.0%),3.61,3.3
118,1,"[((-1.2640221, 53.7064212), (-1.2592534, 53.7064312))]",169,Gauge 10,864,864 (100.0%),0 (0.0%),0 (0.0%),0,0
119,13,"[((-1.8690068, 52.4824023), (-1.8686684, 52.4826)), ((-1.8686684, 52.4826), (-1.8658652, 52.4875079)), ((-1.8760166, 52.4813407), (-1.8690068, 52.4824023)), ((-1.8658652, 52.4875079), (-1.8657999, 52.4876513)), ((-1.8657999, 52.4876513), (-1.8648221, 52.4919778)), ((-1.8648221, 52.4919778), (-1.8640845, 52.4933086)), ((-1.8640845, 52.4933086), (-1.8639671, 52.493471)), ((-1.8639671, 52.493471), (-1.8476911, 52.5019491)), ((-1.8476911, 52.5019491), (-1.8330041, 52.5046573)), ((-1.8330041, 52.5046573), (-1.8325844, 52.5047415)), ((-1.8325844, 52.5047415), (-1.7646052, 52.5172353)), ((-1.7646052, 52.5172353), (-1.7637606, 52.5173877)), ((-1.7637606, 52.5173877), (-1.7546716, 52.5185215))]",168,Gauge 6,5211,5104 (97.9%),107 (2.1%),0 (0.0%),0.03,3.1
119,13,"[((-1.8690068, 52.4824023), (-1.8686684, 52.4826)), ((-1.8686684, 52.4826), (-1.8658652, 52.4875079)), ((-1.8760166, 52.4813407), (-1.8690068, 52.4824023)), ((-1.8658652, 52.4875079), (-1.8657999, 52.4876513)), ((-1.8657999, 52.4876513), (-1.8648221, 52.4919778)), ((-1.8648221, 52.4919778), (-1.8640845, 52.4933086)), ((-1.8640845, 52.4933086), (-1.8639671, 52.493471)), ((-1.8639671, 52.493471), (-1.8476911, 52.5019491)), ((-1.8476911, 52.5019491), (-1.8330041, 52.5046573)), ((-1.8330041, 52.5046573), (-1.8325844, 52.5047415)), ((-1.8325844, 52.5047415), (-1.7646052, 52.5172353)), ((-1.7646052, 52.5172353), (-1.7637606, 52.5173877)), ((-1.7637606, 52.5173877), (-1.7546716, 52.5185215))]",168,Gauge 10,864,864 (100.0%),0 (0.0%),0 (0.0%),0,0
120,8,"[((-2.1274849, 53.474141), (-2.1224316, 53.4743187)), ((-2.1224316, 53.4743187), (-2.121831, 53.4743292)), ((-2.1294757, 53.4740232), (-2.1274849, 53.474141)), ((-2.121831, 53.4743292), (-2.1146786, 53.4745299)), ((-2.1659594, 53.4691671), (-2.1294757, 53.4740232)), ((-2.1662539, 53.4691244), (-2.1659594, 53.4691671)), ((-2.1900298, 53.471332), (-2.1662539, 53.4691244)), ((-2.1909456, 53.4714614), (-2.1900298, 53.471332))]",168,Gauge 6,5211,5034 (96.6%),177 (3.4%),0 (0.0%),1.48,7.5
120,8,"[((-2.1274849, 53.474141), (-2.1224316, 53.4743187)), ((-2.1224316, 53.4743187), (-2.121831, 53.4743292)), ((-2.1294757, 53.4740232), (-2.1274849, 53.474141)), ((-2.121831, 53.4743292), (-2.1146786, 53.4745299)), ((-2.1659594, 53.4691671), (-2.1294757, 53.4740232)), ((-2.1662539, 53.4691244), (-2.1659594, 53.4691671)), ((-2.1900298, 53.471332), (-2.1662539, 53.4691244)), ((-2.1909456, 53.4714614), (-2.1900298, 53.471332))]",168,Gauge 10,864,827 (95.7%),37 (4.3%),0 (0.0%),13.77,55.9
121,1,"[((-2.4305335, 53.0852896), (-2.4303747, 53.0850248))]",167,Gauge 6,5211,5145 (98.7%),66 (1.3%),0 (0.0%),0.07,1.9
121,1,"[((-2.4305335, 53.0852896), (-2.4303747, 53.0850248))]",167,Gauge 10,864,849 (98.3%),15 (1.7%),0 (0.0%),0.05,1.0
122,4,"[((-3.5773952, 51.5102863), (-3.5766545, 51.5092482)), ((-3.5766545, 51.5092482), (-3.5763327, 51.5088056)), ((-3.5773952, 51.5102863), (-3.5770282, 51.5096905)), ((-3.5763327, 51.5088056), (-3.5753801, 51.5075591))]",167,Gauge 6,5211,5036 (96.6%),8 (0.2%),167 (3.2%),0.00,7.0
122,4,"[((-3.5773952, 51.5102863), (-3.5766545, 51.5092482)), ((-3.5766545, 51.5092482), (-3.5763327, 51.5088056)), ((-3.5773952, 51.5102863), (-3.5770282, 51.5096905)), ((-3.5763327, 51.5088056), (-3.5753801, 51.5075591))]",167,Gauge 10,864,864 (100.0%),0 (0.0%),0 (0.0%),0,0
123,27,"[((-2.811166, 54.0624717), (-2.8102112, 54.0606134)), ((-2.8102112, 54.0606134), (-2.810074, 54.0603315)), ((-2.8145005, 54.0670426), (-2.811166, 54.0624717)), ((-2.810074, 54.0603315), (-2.8095807, 54.0592347)), ((-2.8145993, 54.0671493), (-2.8145005, 54.0670426)), ((-2.8095807, 54.0592347), (-2.8087904, 54.056066)), ((-2.8188822, 54.0719977), (-2.8145993, 54.0671493)), ((-2.8087904, 54.056066), (-2.8086168, 54.0537593)), ((-2.818953, 54.0720918), (-2.8188822, 54.0719977)), ((-2.8086178, 54.0535823), (-2.8086168, 54.0537593)), ((-2.8196451, 54.0731511), (-2.818953, 54.0720918)), ((-2.819761, 54.0733504), (-2.8196451, 54.0731511)), ((-2.8205224, 54.0747324), (-2.819761, 54.0733504)), ((-2.82055, 54.0747897), (-2.8205224, 54.0747324)), ((-2.8214888, 54.0774974), (-2.82055, 54.0747897)), ((-2.8215025, 54.0775761), (-2.8214888, 54.0774974)), ((-2.8216097, 54.0787432), (-2.8215025, 54.0775761)), ((-2.8216097, 54.0787432), (-2.821386, 54.0810719)), ((-2.821386, 54.0810719), (-2.8213439, 54.0812405)), ((-2.8213439, 54.0812405), (-2.8205554, 54.0834464)), ((-2.8205554, 54.0834464), (-2.8195222, 54.0857409)), ((-2.8195222, 54.0857409), (-2.8194742, 54.0858312)), ((-2.8194742, 54.0858312), (-2.7915433, 54.1125375)), ((-2.7915433, 54.1125375), (-2.7914198, 54.1126472)), ((-2.7914198, 54.1126472), (-2.7893466, 54.1145346)), ((-2.7893466, 54.1145346), (-2.7871259, 54.1165561)), ((-2.7871259, 54.1165561), (-2.7753889, 54.1267666))]",163,Gauge 6,5211,5092 (97.7%),119 (2.3%),0 (0.0%),0.01,2.0
123,27,"[((-2.811166, 54.0624717), (-2.8102112, 54.0606134)), ((-2.8102112, 54.0606134), (-2.810074, 54.0603315)), ((-2.8145005, 54.0670426), (-2.811166, 54.0624717)), ((-2.810074, 54.0603315), (-2.8095807, 54.0592347)), ((-2.8145993, 54.0671493), (-2.8145005, 54.0670426)), ((-2.8095807, 54.0592347), (-2.8087904, 54.056066)), ((-2.8188822, 54.0719977), (-2.8145993, 54.0671493)), ((-2.8087904, 54.056066), (-2.8086168, 54.0537593)), ((-2.818953, 54.0720918), (-2.8188822, 54.0719977)), ((-2.8086178, 54.0535823), (-2.8086168, 54.0537593)), ((-2.8196451, 54.0731511), (-2.818953, 54.0720918)), ((-2.819761, 54.0733504), (-2.8196451, 54.0731511)), ((-2.8205224, 54.0747324), (-2.819761, 54.0733504)), ((-2.82055, 54.0747897), (-2.8205224, 54.0747324)), ((-2.8214888, 54.0774974), (-2.82055, 54.0747897)), ((-2.8215025, 54.0775761), (-2.8214888, 54.0774974)), ((-2.8216097, 54.0787432), (-2.8215025, 54.0775761)), ((-2.8216097, 54.0787432), (-2.821386, 54.0810719)), ((-2.821386, 54.0810719), (-2.8213439, 54.0812405)), ((-2.8213439, 54.0812405), (-2.8205554, 54.0834464)), ((-2.8205554, 54.0834464), (-2.8195222, 54.0857409)), ((-2.8195222, 54.0857409), (-2.8194742, 54.0858312)), ((-2.8194742, 54.0858312), (-2.7915433, 54.1125375)), ((-2.7915433, 54.1125375), (-2.7914198, 54.1126472)), ((-2.7914198, 54.1126472), (-2.7893466, 54.1145346)), ((-2.7893466, 54.1145346), (-2.7871259, 54.1165561)), ((-2.7871259, 54.1165561), (-2.7753889, 54.1267666))]",163,Gauge 10,864,754 (87.3%),110 (12.7%),0 (0.0%),0.01,2.0
124,1,"[((-2.2049421, 51.2624565), (-2.1989772, 51.2671715))]",161,Gauge 6,5211,5050 (96.9%),0 (0.0%),161 (3.1%),0,0
124,1,"[((-2.2049421, 51.2624565), (-2.1989772, 51.2671715))]",161,Gauge 10,864,864 (100.0%),0 (0.0%),0 (0.0%),0,0
125,1,"[((-2.4309301, 53.0859514), (-2.4305335, 53.0852896))]",160,Gauge 6,5211,5147 (98.8%),64 (1.2%),0 (0.0%),0.06,2.3
125,1,"[((-2.4309301, 53.0859514), (-2.4305335, 53.0852896))]",160,Gauge 10,864,849 (98.3%),15 (1.7%),0 (0.0%),0.04,1.0
126,1,"[((-0.2827699, 51.5150732), (-0.2660807, 51.5174576))]",160,Gauge 6,5211,4952 (95.0%),259 (5.0%),0 (0.0%),4.95,42.3
126,1,"[((-0.2827699, 51.5150732), (-0.2660807, 51.5174576))]",160,Gauge 10,864,864 (100.0%),0 (0.0%),0 (0.0%),0,0
127,2,"[((-2.1961301, 53.4525731), (-2.1958142, 53.4518584)), ((-2.1958142, 53.4518584), (-2.1957003, 53.4516184))]",160,Gauge 6,5211,5188 (99.6%),23 (0.4%),0 (0.0%),0.00,2.0
127,2,"[((-2.1961301, 53.4525731), (-2.1958142, 53.4518584)), ((-2.1958142, 53.4518584), (-2.1957003, 53.4516184))]",160,Gauge 10,864,864 (100.0%),0 (0.0%),0 (0.0%),0,0
128,1,"[((-2.4303747, 53.0850248), (-2.4300966, 53.0845564))]",158,Gauge 6,5211,5154 (98.9%),57 (1.1%),0 (0.0%),0.03,1.2
128,1,"[((-2.4303747, 53.0850248), (-2.4300966, 53.0845564))]",158,Gauge 10,864,849 (98.3%),15 (1.7%),0 (0.0%),0.05,1.0
129,12,"[((-2.6160813, 53.4443653), (-2.6060203, 53.4545537)), ((-2.6161933, 53.444254), (-2.6160813, 53.4443653)), ((-2.6060203, 53.4545537), (-2.6003053, 53.4604346)), ((-2.6167554, 53.443683), (-2.6161933, 53.444254)), ((-2.6003053, 53.4604346), (-2.6002226, 53.4605442)), ((-2.6167918, 53.4436462), (-2.6167554, 53.443683)), ((-2.6002226, 53.4605442), (-2.599258, 53.4623538)), ((-2.6229714, 53.4364248), (-2.6167918, 53.4436462)), ((-2.6229852, 53.436376), (-2.6229714, 53.4364248)), ((-2.6229852, 53.436376), (-2.6222838, 53.4327109)), ((-2.6222838, 53.4327109), (-2.6212742, 53.4314407)), ((-2.6212742, 53.4314407), (-2.6209163, 53.4310643))]",158,Gauge 6,5211,5151 (98.8%),60 (1.2%),0 (0.0%),0.14,0.3
129,12,"[((-2.6160813, 53.4443653), (-2.6060203, 53.4545537)), ((-2.6161933, 53.444254), (-2.6160813, 53.4443653)), ((-2.6060203, 53.4545537), (-2.6003053, 53.4604346)), ((-2.6167554, 53.443683), (-2.6161933, 53.444254)), ((-2.6003053, 53.4604346), (-2.6002226, 53.4605442)), ((-2.6167918, 53.4436462), (-2.6167554, 53.443683)), ((-2.6002226, 53.4605442), (-2.599258, 53.4623538)), ((-2.6229714, 53.4364248), (-2.6167918, 53.4436462)), ((-2.6229852, 53.436376), (-2.6229714, 53.4364248)), ((-2.6229852, 53.436376), (-2.6222838, 53.4327109)), ((-2.6222838, 53.4327109), (-2.6212742, 53.4314407)), ((-2.6212742, 53.4314407), (-2.6209163, 53.4310643))]",158,Gauge 10,864,838 (97.0%),26 (3.0%),0 (0.0%),0.14,0.9
130,7,"[((-1.6452231, 52.8036202), (-1.6449672, 52.8038221)), ((-1.6449672, 52.8038221), (-1.6115483, 52.8301088)), ((np.float64(-1.6452985), np.float64(52.8035598)), (-1.6452231, 52.8036202)), ((-1.6115483, 52.8301088), (np.float64(-1.5282002), np.float64(53.001835))), ((np.float64(-1.5282002), np.float64(53.001835)), (-1.5280425, 53.0017629)), ((-1.5280425, 53.0017629), (-1.4901283, 52.9888465)), ((-1.4901283, 52.9888465), (-1.4894127, 52.9887843))]",158,Gauge 6,5211,5039 (96.7%),172 (3.3%),0 (0.0%),7.87,26.6
130,7,"[((-1.6452231, 52.8036202), (-1.6449672, 52.8038221)), ((-1.6449672, 52.8038221), (-1.6115483, 52.8301088)), ((np.float64(-1.6452985), np.float64(52.8035598)), (-1.6452231, 52.8036202)), ((-1.6115483, 52.8301088), (np.float64(-1.5282002), np.float64(53.001835))), ((np.float64(-1.5282002), np.float64(53.001835)), (-1.5280425, 53.0017629)), ((-1.5280425, 53.0017629), (-1.4901283, 52.9888465)), ((-1.4901283, 52.9888465), (-1.4894127, 52.9887843))]",158,Gauge 10,864,864 (100.0%),0 (0.0%),0 (0.0%),0,0
131,3,"[((-1.1399455, 53.51486), (-1.1399045, 53.5147094)), ((-1.1399045, 53.5147094), (-1.1397423, 53.5141474)), ((-1.1397423, 53.5141474), (-1.1392101, 53.512871))]",158,Gauge 6,5211,5120 (98.3%),91 (1.7%),0 (0.0%),0.40,0.1
131,3,"[((-1.1399455, 53.51486), (-1.1399045, 53.5147094)), ((-1.1399045, 53.5147094), (-1.1397423, 53.5141474)), ((-1.1397423, 53.5141474), (-1.1392101, 53.512871))]",158,Gauge 10,864,864 (100.0%),0 (0.0%),0 (0.0%),0,0
132,3,"[((-1.7368671, 52.5185973), (-1.7252834, 52.5184921)), ((-1.7252834, 52.5184921), (-1.7066435, 52.5164216)), ((-1.7406017, 52.5185831), (-1.7368671, 52.5185973))]",158,Gauge 6,5211,5047 (96.9%),164 (3.1%),0 (0.0%),12.06,26.1
132,3,"[((-1.7368671, 52.5185973), (-1.7252834, 52.5184921)), ((-1.7252834, 52.5184921), (-1.7066435, 52.5164216)), ((-1.7406017, 52.5185831), (-1.7368671, 52.5185973))]",158,Gauge 10,864,864 (100.0%),0 (0.0%),0 (0.0%),0,0
133,3,"[((-2.2043991, 51.2628159), (-2.1997293, 51.266346)), ((-2.2049421, 51.2624565), (-2.2043991, 51.2628159)), ((-2.1997293, 51.266346), (-2.1971348, 51.2686666))]",158,Gauge 6,5211,5053 (97.0%),158 (3.0%),0 (0.0%),3.06,4.1
133,3,"[((-2.2043991, 51.2628159), (-2.1997293, 51.266346)), ((-2.2049421, 51.2624565), (-2.2043991, 51.2628159)), ((-2.1997293, 51.266346), (-2.1971348, 51.2686666))]",158,Gauge 10,864,864 (100.0%),0 (0.0%),0 (0.0%),0,0
134,11,"[((-2.6025397, 53.3832506), (-2.6025305, 53.3831908)), ((-2.6031073, 53.3857577), (-2.6025397, 53.3832506)), ((-2.6038993, 53.3885825), (-2.6031073, 53.3857577)), ((-2.6038993, 53.3885825), (-2.6038662, 53.3920847)), ((-2.6038662, 53.3920847), (-2.6000155, 53.4012835)), ((-2.6025612, 53.4086295), (-2.6000155, 53.4012835)), ((-2.6025856, 53.408701), (-2.6025612, 53.4086295)), ((-2.609672, 53.4214069), (-2.6025856, 53.408701)), ((-2.6097116, 53.4214562), (-2.609672, 53.4214069)), ((-2.6206374, 53.4307768), (-2.6097116, 53.4214562)), ((-2.6209163, 53.4310643), (-2.6206374, 53.4307768))]",157,Gauge 6,5211,5158 (99.0%),53 (1.0%),0 (0.0%),0.25,0.3
134,11,"[((-2.6025397, 53.3832506), (-2.6025305, 53.3831908)), ((-2.6031073, 53.3857577), (-2.6025397, 53.3832506)), ((-2.6038993, 53.3885825), (-2.6031073, 53.3857577)), ((-2.6038993, 53.3885825), (-2.6038662, 53.3920847)), ((-2.6038662, 53.3920847), (-2.6000155, 53.4012835)), ((-2.6025612, 53.4086295), (-2.6000155, 53.4012835)), ((-2.6025856, 53.408701), (-2.6025612, 53.4086295)), ((-2.609672, 53.4214069), (-2.6025856, 53.408701)), ((-2.6097116, 53.4214562), (-2.609672, 53.4214069)), ((-2.6206374, 53.4307768), (-2.6097116, 53.4214562)), ((-2.6209163, 53.4310643), (-2.6206374, 53.4307768))]",157,Gauge 10,864,840 (97.2%),24 (2.8%),0 (0.0%),0.25,1.0
135,22,"[((-2.6444461, 53.3096692), (-2.6393775, 53.3028748)), ((-2.6393775, 53.3028748), (-2.6390483, 53.3025107)), ((-2.6448331, 53.3102813), (-2.6444461, 53.3096692)), ((-2.6390483, 53.3025107), (-2.6356431, 53.2975418)), ((-2.6533106, 53.3341461), (-2.6448331, 53.3102813)), ((-2.6356431, 53.2975418), (-2.6356002, 53.2974482)), ((-2.6533106, 53.3341461), (-2.6533029, 53.3342109)), ((-2.6356002, 53.2974482), (-2.6345031, 53.2941683)), ((-2.6533029, 53.3342109), (-2.6532495, 53.3345162)), ((-2.6532495, 53.3345162), (-2.6466778, 53.3474786)), ((-2.6466778, 53.3474786), (-2.6465029, 53.3476654)), ((-2.6465029, 53.3476654), (-2.6249298, 53.3625256)), ((-2.6249298, 53.3625256), (-2.6248663, 53.362565)), ((-2.6248663, 53.362565), (-2.6247117, 53.362658)), ((-2.6247117, 53.362658), (-2.6243413, 53.3628871)), ((-2.6243413, 53.3628871), (-2.618883, 53.366097)), ((-2.618883, 53.366097), (-2.6180188, 53.3666206)), ((-2.6180188, 53.3666206), (-2.6061175, 53.3743932)), ((-2.6061175, 53.3743932), (-2.6054351, 53.3751217)), ((-2.6054351, 53.3751217), (-2.602515, 53.3810333)), ((-2.602515, 53.3810333), (-2.6025095, 53.3812001)), ((-2.6025305, 53.3831908), (-2.6025095, 53.3812001))]",156,Gauge 6,5211,5159 (99.0%),52 (1.0%),0 (0.0%),0.25,0.3
135,22,"[((-2.6444461, 53.3096692), (-2.6393775, 53.3028748)), ((-2.6393775, 53.3028748), (-2.6390483, 53.3025107)), ((-2.6448331, 53.3102813), (-2.6444461, 53.3096692)), ((-2.6390483, 53.3025107), (-2.6356431, 53.2975418)), ((-2.6533106, 53.3341461), (-2.6448331, 53.3102813)), ((-2.6356431, 53.2975418), (-2.6356002, 53.2974482)), ((-2.6533106, 53.3341461), (-2.6533029, 53.3342109)), ((-2.6356002, 53.2974482), (-2.6345031, 53.2941683)), ((-2.6533029, 53.3342109), (-2.6532495, 53.3345162)), ((-2.6532495, 53.3345162), (-2.6466778, 53.3474786)), ((-2.6466778, 53.3474786), (-2.6465029, 53.3476654)), ((-2.6465029, 53.3476654), (-2.6249298, 53.3625256)), ((-2.6249298, 53.3625256), (-2.6248663, 53.362565)), ((-2.6248663, 53.362565), (-2.6247117, 53.362658)), ((-2.6247117, 53.362658), (-2.6243413, 53.3628871)), ((-2.6243413, 53.3628871), (-2.618883, 53.366097)), ((-2.618883, 53.366097), (-2.6180188, 53.3666206)), ((-2.6180188, 53.3666206), (-2.6061175, 53.3743932)), ((-2.6061175, 53.3743932), (-2.6054351, 53.3751217)), ((-2.6054351, 53.3751217), (-2.602515, 53.3810333)), ((-2.602515, 53.3810333), (-2.6025095, 53.3812001)), ((-2.6025305, 53.3831908), (-2.6025095, 53.3812001))]",156,Gauge 10,864,840 (97.2%),24 (2.8%),0 (0.0%),0.25,1.0
136,18,"[((-2.6354316, 53.2974365), (-2.6345031, 53.2941683)), ((-2.6354688, 53.2975298), (-2.6354316, 53.2974365)), ((-2.6699082, 53.3122471), (-2.6354688, 53.2975298)), ((-2.6712034, 53.3125097), (-2.6699082, 53.3122471)), ((-2.6740627, 53.3130614), (-2.6712034, 53.3125097)), ((-2.6744138, 53.3131306), (-2.6740627, 53.3130614)), ((-2.6809214, 53.314468), (-2.6744138, 53.3131306)), ((-2.6810951, 53.3145033), (-2.6809214, 53.314468)), ((-2.6843086, 53.3151349), (-2.6810951, 53.3145033)), ((-2.6844347, 53.3151577), (-2.6843086, 53.3151349)), ((-2.6891872, 53.3161179), (-2.6844347, 53.3151577)), ((-2.6892926, 53.3161391), (-2.6891872, 53.3161179)), ((-2.6904772, 53.3163745), (-2.6892926, 53.3161391)), ((-2.6907188, 53.3164245), (-2.6904772, 53.3163745)), ((-2.7084601, 53.3200313), (-2.6907188, 53.3164245)), ((-2.7359932, 53.335132), (-2.7084601, 53.3200313)), ((-2.7377234, 53.3365094), (-2.7359932, 53.335132)), ((-2.7398586, 53.339619), (-2.7377234, 53.3365094))]",155,Gauge 6,5211,5056 (97.0%),155 (3.0%),0 (0.0%),11.24,46.2
136,18,"[((-2.6354316, 53.2974365), (-2.6345031, 53.2941683)), ((-2.6354688, 53.2975298), (-2.6354316, 53.2974365)), ((-2.6699082, 53.3122471), (-2.6354688, 53.2975298)), ((-2.6712034, 53.3125097), (-2.6699082, 53.3122471)), ((-2.6740627, 53.3130614), (-2.6712034, 53.3125097)), ((-2.6744138, 53.3131306), (-2.6740627, 53.3130614)), ((-2.6809214, 53.314468), (-2.6744138, 53.3131306)), ((-2.6810951, 53.3145033), (-2.6809214, 53.314468)), ((-2.6843086, 53.3151349), (-2.6810951, 53.3145033)), ((-2.6844347, 53.3151577), (-2.6843086, 53.3151349)), ((-2.6891872, 53.3161179), (-2.6844347, 53.3151577)), ((-2.6892926, 53.3161391), (-2.6891872, 53.3161179)), ((-2.6904772, 53.3163745), (-2.6892926, 53.3161391)), ((-2.6907188, 53.3164245), (-2.6904772, 53.3163745)), ((-2.7084601, 53.3200313), (-2.6907188, 53.3164245)), ((-2.7359932, 53.335132), (-2.7084601, 53.3200313)), ((-2.7377234, 53.3365094), (-2.7359932, 53.335132)), ((-2.7398586, 53.339619), (-2.7377234, 53.3365094))]",155,Gauge 10,864,816 (94.4%),48 (5.6%),0 (0.0%),22.84,90.6
137,1,"[((-1.4432826, 54.3357072), (-1.4431787, 54.3355364))]",155,Gauge 6,5211,5198 (99.8%),13 (0.2%),0 (0.0%),0.07,3.8
137,1,"[((-1.4432826, 54.3357072), (-1.4431787, 54.3355364))]",155,Gauge 10,864,853 (98.7%),11 (1.3%),0 (0.0%),0.07,4.0
138,3,"[((-0.2526408, 52.5779645), (-0.2524972, 52.5776727)), ((-0.2528301, 52.5782881), (-0.2526408, 52.5779645)), ((-0.2529481, 52.5786085), (-0.2528301, 52.5782881))]",155,Gauge 6,5211,5107 (98.0%),104 (2.0%),0 (0.0%),0.03,5.0
138,3,"[((-0.2526408, 52.5779645), (-0.2524972, 52.5776727)), ((-0.2528301, 52.5782881), (-0.2526408, 52.5779645)), ((-0.2529481, 52.5786085), (-0.2528301, 52.5782881))]",155,Gauge 10,864,864 (100.0%),0 (0.0%),0 (0.0%),0,0
139,3,"[((-2.1645988, 53.397481), (-2.1638081, 53.3986861)), ((-2.1638081, 53.3986861), (-2.1630698, 53.4005535)), ((-2.1630698, 53.4005535), (-2.1629292, 53.4014224))]",154,Gauge 6,5211,5183 (99.5%),28 (0.5%),0 (0.0%),0.00,1.0
139,3,"[((-2.1645988, 53.397481), (-2.1638081, 53.3986861)), ((-2.1638081, 53.3986861), (-2.1630698, 53.4005535)), ((-2.1630698, 53.4005535), (-2.1629292, 53.4014224))]",154,Gauge 10,864,836 (96.8%),28 (3.2%),0 (0.0%),0.00,1.0
140,2,"[((-3.6585425, 55.6859629), (-3.6583788, 55.6858275)), ((-3.6602424, 55.6872729), (-3.6585425, 55.6859629))]",151,Gauge 6,5211,5060 (97.1%),151 (2.9%),0 (0.0%),0.44,2.3
140,2,"[((-3.6585425, 55.6859629), (-3.6583788, 55.6858275)), ((-3.6602424, 55.6872729), (-3.6585425, 55.6859629))]",151,Gauge 10,864,716 (82.9%),148 (17.1%),0 (0.0%),0.78,3.6
141,6,"[((-2.8087096, 54.0526634), (-2.8086291, 54.0510448)), ((-2.8087096, 54.0526634), (-2.8086882, 54.0530676)), ((-2.8086291, 54.0510448), (-2.8086111, 54.0509495)), ((-2.8086882, 54.0530676), (-2.8086872, 54.0531677)), ((-2.8086111, 54.0509495), (-2.807806, 54.0487524)), ((-2.8086872, 54.0531677), (-2.8086178, 54.0535823))]",150,Gauge 6,5211,5199 (99.8%),12 (0.2%),0 (0.0%),41.24,136.3
141,6,"[((-2.8087096, 54.0526634), (-2.8086291, 54.0510448)), ((-2.8087096, 54.0526634), (-2.8086882, 54.0530676)), ((-2.8086291, 54.0510448), (-2.8086111, 54.0509495)), ((-2.8086882, 54.0530676), (-2.8086872, 54.0531677)), ((-2.8086111, 54.0509495), (-2.807806, 54.0487524)), ((-2.8086872, 54.0531677), (-2.8086178, 54.0535823))]",150,Gauge 10,864,854 (98.8%),10 (1.2%),0 (0.0%),41.24,136.0
142,5,"[((-1.1304415, 52.6090218), (-1.1303196, 52.608332)), ((-1.1303196, 52.608332), (-1.1295022, 52.6052485)), ((-1.1306354, 52.6114777), (-1.1304415, 52.6090218)), ((-1.1295022, 52.6052485), (-1.126269, 52.5891592)), ((-1.1306354, 52.6114777), (-1.1306354, 52.6117974))]",150,Gauge 6,5211,4974 (95.5%),237 (4.5%),0 (0.0%),0.43,3.7
142,5,"[((-1.1304415, 52.6090218), (-1.1303196, 52.608332)), ((-1.1303196, 52.608332), (-1.1295022, 52.6052485)), ((-1.1306354, 52.6114777), (-1.1304415, 52.6090218)), ((-1.1295022, 52.6052485), (-1.126269, 52.5891592)), ((-1.1306354, 52.6114777), (-1.1306354, 52.6117974))]",150,Gauge 10,864,864 (100.0%),0 (0.0%),0 (0.0%),0,0
143,3,"[((-0.7676484, 53.3848139), (-0.7669597, 53.3842729)), ((-0.7680784, 53.3851429), (-0.7676484, 53.3848139)), ((-0.7669597, 53.3842729), (-0.7150044, 53.3223083))]",149,Gauge 6,5211,5059 (97.1%),152 (2.9%),0 (0.0%),1.01,9.8
143,3,"[((-0.7676484, 53.3848139), (-0.7669597, 53.3842729)), ((-0.7680784, 53.3851429), (-0.7676484, 53.3848139)), ((-0.7669597, 53.3842729), (-0.7150044, 53.3223083))]",149,Gauge 10,864,864 (100.0%),0 (0.0%),0 (0.0%),0,0
144,38,"[((-1.7195346, 52.7280306), (-1.7195185, 52.7282031)), ((-1.7195185, 52.7282031), (-1.7191694, 52.7306271)), ((-1.7195534, 52.7276929), (-1.7195346, 52.7280306)), ((-1.7191694, 52.7306271), (-1.718009, 52.7342254)), ((-1.7195554, 52.727612), (-1.7195534, 52.7276929)), ((-1.718009, 52.7342254), (-1.7133783, 52.7414366)), ((-1.7195554, 52.727612), (-1.7189807, 52.7219992)), ((-1.7133783, 52.7414366), (-1.7058403, 52.7509034)), ((-1.7189807, 52.7219992), (-1.7189161, 52.72176)), ((-1.7058403, 52.7509034), (-1.6702535, 52.7836848)), ((-1.7189161, 52.72176), (-1.7164411, 52.7159712)), ((-1.6702535, 52.7836848), (-1.6646232, 52.7881897)), ((-1.7164411, 52.7159712), (-1.7163491, 52.7158144)), ((-1.6646232, 52.7881897), (-1.6454554, 52.8034951)), ((-1.7163491, 52.7158144), (-1.7091706, 52.7023718)), ((-1.6454554, 52.8034951), (-1.6453548, 52.8035753)), ((-1.7091706, 52.7023718), (-1.7091357, 52.7022986)), ((-1.7091357, 52.7022986), (-1.7061887, 52.6968043)), ((-1.7061887, 52.6968043), (-1.7060301, 52.6965042)), ((-1.7060301, 52.6965042), (-1.6985591, 52.6858444)), ((-1.6985591, 52.6858444), (-1.6863651, 52.6642307)), ((-1.6863651, 52.6642307), (-1.6863415, 52.6640564)), ((-1.6863415, 52.6640564), (-1.6856744, 52.6597714)), ((-1.6856744, 52.6597714), (-1.6856405, 52.6596)), ((-1.6856405, 52.6596), (-1.6853932, 52.6409075)), ((-1.6860453, 52.6388464), (-1.6853932, 52.6409075)), ((-1.6866321, 52.6357179), (-1.6860453, 52.6388464)), ((-1.6866338, 52.6320126), (-1.6866321, 52.6357179)), ((-1.6866338, 52.6320126), (-1.6862293, 52.6300357)), ((-1.6862293, 52.6300357), (-1.6841094, 52.6240397)), ((-1.6841094, 52.6240397), (-1.6840134, 52.6237708)), ((-1.6840134, 52.6237708), (-1.6835653, 52.6225325)), ((-1.6835653, 52.6225325), (-1.6834779, 52.6222845)), ((-1.6834779, 52.6222845), (-1.6834358, 52.6221555)), ((-1.6834358, 52.6221555), (-1.6833314, 52.6218536)), ((-1.6833314, 52.6218536), (-1.6785635, 52.6004453)), ((-1.6785651, 52.6002232), (-1.6785635, 52.6004453)), ((-1.6785651, 52.6002232), (-1.6785568, 52.5688934))]",149,Gauge 6,5211,5059 (97.1%),152 (2.9%),0 (0.0%),7.76,27.1
144,38,"[((-1.7195346, 52.7280306), (-1.7195185, 52.7282031)), ((-1.7195185, 52.7282031), (-1.7191694, 52.7306271)), ((-1.7195534, 52.7276929), (-1.7195346, 52.7280306)), ((-1.7191694, 52.7306271), (-1.718009, 52.7342254)), ((-1.7195554, 52.727612), (-1.7195534, 52.7276929)), ((-1.718009, 52.7342254), (-1.7133783, 52.7414366)), ((-1.7195554, 52.727612), (-1.7189807, 52.7219992)), ((-1.7133783, 52.7414366), (-1.7058403, 52.7509034)), ((-1.7189807, 52.7219992), (-1.7189161, 52.72176)), ((-1.7058403, 52.7509034), (-1.6702535, 52.7836848)), ((-1.7189161, 52.72176), (-1.7164411, 52.7159712)), ((-1.6702535, 52.7836848), (-1.6646232, 52.7881897)), ((-1.7164411, 52.7159712), (-1.7163491, 52.7158144)), ((-1.6646232, 52.7881897), (-1.6454554, 52.8034951)), ((-1.7163491, 52.7158144), (-1.7091706, 52.7023718)), ((-1.6454554, 52.8034951), (-1.6453548, 52.8035753)), ((-1.7091706, 52.7023718), (-1.7091357, 52.7022986)), ((-1.7091357, 52.7022986), (-1.7061887, 52.6968043)), ((-1.7061887, 52.6968043), (-1.7060301, 52.6965042)), ((-1.7060301, 52.6965042), (-1.6985591, 52.6858444)), ((-1.6985591, 52.6858444), (-1.6863651, 52.6642307)), ((-1.6863651, 52.6642307), (-1.6863415, 52.6640564)), ((-1.6863415, 52.6640564), (-1.6856744, 52.6597714)), ((-1.6856744, 52.6597714), (-1.6856405, 52.6596)), ((-1.6856405, 52.6596), (-1.6853932, 52.6409075)), ((-1.6860453, 52.6388464), (-1.6853932, 52.6409075)), ((-1.6866321, 52.6357179), (-1.6860453, 52.6388464)), ((-1.6866338, 52.6320126), (-1.6866321, 52.6357179)), ((-1.6866338, 52.6320126), (-1.6862293, 52.6300357)), ((-1.6862293, 52.6300357), (-1.6841094, 52.6240397)), ((-1.6841094, 52.6240397), (-1.6840134, 52.6237708)), ((-1.6840134, 52.6237708), (-1.6835653, 52.6225325)), ((-1.6835653, 52.6225325), (-1.6834779, 52.6222845)), ((-1.6834779, 52.6222845), (-1.6834358, 52.6221555)), ((-1.6834358, 52.6221555), (-1.6833314, 52.6218536)), ((-1.6833314, 52.6218536), (-1.6785635, 52.6004453)), ((-1.6785651, 52.6002232), (-1.6785635, 52.6004453)), ((-1.6785651, 52.6002232), (-1.6785568, 52.5688934))]",149,Gauge 10,864,864 (100.0%),0 (0.0%),0 (0.0%),0,0
145,48,"[((-2.6403368, 53.5519637), (-2.6403219, 53.551675)), ((-2.6405371, 53.5565338), (-2.6403368, 53.5519637)), ((-2.6403219, 53.551675), (-2.6394466, 53.5476489)), ((-2.6405423, 53.5566285), (-2.6405371, 53.5565338)), ((-2.6394466, 53.5476489), (-2.6393597, 53.5475175)), ((-2.6405423, 53.5566285), (-2.6403682, 53.580759)), ((-2.6393597, 53.5475175), (-2.6377144, 53.5456971)), ((-2.640377, 53.5808071), (-2.6403682, 53.580759)), ((-2.6377144, 53.5456971), (-2.6374116, 53.5454764)), ((-2.6421853, 53.5878694), (-2.640377, 53.5808071)), ((-2.6374116, 53.5454764), (-2.6358878, 53.5445644)), ((-2.6423341, 53.5882701), (-2.6421853, 53.5878694)), ((-2.6358878, 53.5445644), (-2.6353135, 53.5442315)), ((-2.6464906, 53.5966239), (-2.6423341, 53.5882701)), ((-2.6353135, 53.5442315), (-2.6348283, 53.5440163)), ((-2.6465545, 53.5967434), (-2.6464906, 53.5966239)), ((-2.6348283, 53.5440163), (-2.6341272, 53.5437356)), ((-2.6595187, 53.6244818), (-2.6465545, 53.5967434)), ((-2.6341272, 53.5437356), (-2.63394, 53.5436605)), ((-2.6596464, 53.624785), (-2.6595187, 53.6244818)), ((-2.63394, 53.5436605), (-2.6302227, 53.5422164)), ((-2.6683161, 53.6478783), (-2.6596464, 53.624785)), ((-2.6302227, 53.5422164), (-2.6298058, 53.54204)), ((-2.6298058, 53.54204), (-2.6279463, 53.5411499)), ((-2.6279463, 53.5411499), (-2.6275991, 53.5409487)), ((-2.6275991, 53.5409487), (-2.6260819, 53.5397602)), ((-2.6260819, 53.5397602), (-2.6259134, 53.5395853)), ((-2.6259134, 53.5395853), (-2.6255609, 53.5392186)), ((-2.6255609, 53.5392186), (-2.6229235, 53.5361424)), ((-2.6229235, 53.5361424), (-2.6201509, 53.5329428)), ((-2.6201509, 53.5329428), (-2.6193717, 53.5320369)), ((-2.6193717, 53.5320369), (-2.6192952, 53.531948)), ((-2.6192952, 53.531948), (-2.6094239, 53.5200594)), ((-2.6094239, 53.5200594), (-2.6091806, 53.5196725)), ((-2.6091806, 53.5196725), (-2.6066433, 53.5146181)), ((-2.6066433, 53.5146181), (-2.6065005, 53.5142878)), ((-2.6065005, 53.5142878), (-2.6059094, 53.5129968)), ((-2.6059094, 53.5129968), (-2.6020888, 53.5035833)), ((-2.6020888, 53.5035833), (-2.6020613, 53.5035146)), ((-2.6020613, 53.5035146), (-2.5963468, 53.4893011)), ((-2.5963468, 53.4893011), (-2.5959957, 53.4882661)), ((-2.5959957, 53.4882661), (-2.5948696, 53.4804522)), ((-2.5952498, 53.4754745), (-2.5948696, 53.4804522)), ((-2.5952549, 53.4754059), (-2.5952498, 53.4754745)), ((-2.5960342, 53.4715412), (-2.5952549, 53.4754059)), ((-2.5960657, 53.4714407), (-2.5960342, 53.4715412)), ((-2.5984945, 53.4656246), (-2.5960657, 53.4714407)), ((-2.5990204, 53.4633355), (-2.5984945, 53.4656246))]",148,Gauge 6,5211,5060 (97.1%),151 (2.9%),0 (0.0%),11.70,38.7
145,48,"[((-2.6403368, 53.5519637), (-2.6403219, 53.551675)), ((-2.6405371, 53.5565338), (-2.6403368, 53.5519637)), ((-2.6403219, 53.551675), (-2.6394466, 53.5476489)), ((-2.6405423, 53.5566285), (-2.6405371, 53.5565338)), ((-2.6394466, 53.5476489), (-2.6393597, 53.5475175)), ((-2.6405423, 53.5566285), (-2.6403682, 53.580759)), ((-2.6393597, 53.5475175), (-2.6377144, 53.5456971)), ((-2.640377, 53.5808071), (-2.6403682, 53.580759)), ((-2.6377144, 53.5456971), (-2.6374116, 53.5454764)), ((-2.6421853, 53.5878694), (-2.640377, 53.5808071)), ((-2.6374116, 53.5454764), (-2.6358878, 53.5445644)), ((-2.6423341, 53.5882701), (-2.6421853, 53.5878694)), ((-2.6358878, 53.5445644), (-2.6353135, 53.5442315)), ((-2.6464906, 53.5966239), (-2.6423341, 53.5882701)), ((-2.6353135, 53.5442315), (-2.6348283, 53.5440163)), ((-2.6465545, 53.5967434), (-2.6464906, 53.5966239)), ((-2.6348283, 53.5440163), (-2.6341272, 53.5437356)), ((-2.6595187, 53.6244818), (-2.6465545, 53.5967434)), ((-2.6341272, 53.5437356), (-2.63394, 53.5436605)), ((-2.6596464, 53.624785), (-2.6595187, 53.6244818)), ((-2.63394, 53.5436605), (-2.6302227, 53.5422164)), ((-2.6683161, 53.6478783), (-2.6596464, 53.624785)), ((-2.6302227, 53.5422164), (-2.6298058, 53.54204)), ((-2.6298058, 53.54204), (-2.6279463, 53.5411499)), ((-2.6279463, 53.5411499), (-2.6275991, 53.5409487)), ((-2.6275991, 53.5409487), (-2.6260819, 53.5397602)), ((-2.6260819, 53.5397602), (-2.6259134, 53.5395853)), ((-2.6259134, 53.5395853), (-2.6255609, 53.5392186)), ((-2.6255609, 53.5392186), (-2.6229235, 53.5361424)), ((-2.6229235, 53.5361424), (-2.6201509, 53.5329428)), ((-2.6201509, 53.5329428), (-2.6193717, 53.5320369)), ((-2.6193717, 53.5320369), (-2.6192952, 53.531948)), ((-2.6192952, 53.531948), (-2.6094239, 53.5200594)), ((-2.6094239, 53.5200594), (-2.6091806, 53.5196725)), ((-2.6091806, 53.5196725), (-2.6066433, 53.5146181)), ((-2.6066433, 53.5146181), (-2.6065005, 53.5142878)), ((-2.6065005, 53.5142878), (-2.6059094, 53.5129968)), ((-2.6059094, 53.5129968), (-2.6020888, 53.5035833)), ((-2.6020888, 53.5035833), (-2.6020613, 53.5035146)), ((-2.6020613, 53.5035146), (-2.5963468, 53.4893011)), ((-2.5963468, 53.4893011), (-2.5959957, 53.4882661)), ((-2.5959957, 53.4882661), (-2.5948696, 53.4804522)), ((-2.5952498, 53.4754745), (-2.5948696, 53.4804522)), ((-2.5952549, 53.4754059), (-2.5952498, 53.4754745)), ((-2.5960342, 53.4715412), (-2.5952549, 53.4754059)), ((-2.5960657, 53.4714407), (-2.5960342, 53.4715412)), ((-2.5984945, 53.4656246), (-2.5960657, 53.4714407)), ((-2.5990204, 53.4633355), (-2.5984945, 53.4656246))]",148,Gauge 10,864,753 (87.2%),111 (12.8%),0 (0.0%),11.92,39.2
146,9,"[((-2.4330468, 53.0895364), (-2.4327202, 53.0889488)), ((-2.4327202, 53.0889488), (-2.4326692, 53.088859)), ((-2.4330727, 53.0895818), (-2.4330468, 53.0895364)), ((-2.4326692, 53.088859), (-2.4326087, 53.0887527)), ((-2.4331798, 53.0897594), (-2.4330727, 53.0895818)), ((-2.4326087, 53.0887527), (-2.4316885, 53.0872188)), ((-2.4332374, 53.0898653), (-2.4331798, 53.0897594)), ((-2.4316885, 53.0872188), (-2.4309301, 53.0859514)), ((-2.4335487, 53.0903917), (-2.4332374, 53.0898653))]",148,Gauge 6,5211,5210 (100.0%),1 (0.0%),0 (0.0%),0.16,0.0
146,9,"[((-2.4330468, 53.0895364), (-2.4327202, 53.0889488)), ((-2.4327202, 53.0889488), (-2.4326692, 53.088859)), ((-2.4330727, 53.0895818), (-2.4330468, 53.0895364)), ((-2.4326692, 53.088859), (-2.4326087, 53.0887527)), ((-2.4331798, 53.0897594), (-2.4330727, 53.0895818)), ((-2.4326087, 53.0887527), (-2.4316885, 53.0872188)), ((-2.4332374, 53.0898653), (-2.4331798, 53.0897594)), ((-2.4316885, 53.0872188), (-2.4309301, 53.0859514)), ((-2.4335487, 53.0903917), (-2.4332374, 53.0898653))]",148,Gauge 10,864,864 (100.0%),0 (0.0%),0 (0.0%),0,0
147,1,"[((-2.1309973, 52.8089573), (-2.1302942, 52.8085364))]",148,Gauge 6,5211,5185 (99.5%),26 (0.5%),0 (0.0%),0.12,0.2
147,1,"[((-2.1309973, 52.8089573), (-2.1302942, 52.8085364))]",148,Gauge 10,864,864 (100.0%),0 (0.0%),0 (0.0%),0,0
148,1,"[((-0.9945357, 53.5997774), (-0.993916, 53.6000097))]",148,Gauge 6,5211,5163 (99.1%),48 (0.9%),0 (0.0%),0.04,1.0
148,1,"[((-0.9945357, 53.5997774), (-0.993916, 53.6000097))]",148,Gauge 10,864,864 (100.0%),0 (0.0%),0 (0.0%),0,0
149,22,"[((-1.0964814, 53.6917557), (-1.0944891, 53.6980176)), ((-1.0965701, 53.6914739), (-1.0964814, 53.6917557)), ((-1.0944891, 53.6980176), (-1.0944192, 53.6982218)), ((-1.1010366, 53.6773433), (-1.0965701, 53.6914739)), ((-1.0944192, 53.6982218), (-1.0937475, 53.7003297)), ((-1.1011868, 53.6768638), (-1.1010366, 53.6773433)), ((-1.0937475, 53.7003297), (-1.0936524, 53.7006042)), ((-1.1035263, 53.6695157), (-1.1011868, 53.6768638)), ((-1.0936524, 53.7006042), (-1.0930627, 53.7024572)), ((-1.1035858, 53.6693302), (-1.1035263, 53.6695157)), ((-1.0930627, 53.7024572), (-1.0929959, 53.7026643)), ((-1.1082332, 53.6477245), (-1.1035858, 53.6693302)), ((-1.0929959, 53.7026643), (-1.0907088, 53.709886)), ((-1.1082702, 53.6475123), (-1.1082332, 53.6477245)), ((-1.0907088, 53.709886), (-1.0906368, 53.7101122)), ((-1.1149843, 53.6105054), (-1.1082702, 53.6475123)), ((-1.0906368, 53.7101122), (-1.0902706, 53.7113143)), ((-1.1150104, 53.6103621), (-1.1149843, 53.6105054)), ((-1.1158168, 53.6058766), (-1.1150104, 53.6103621)), ((-1.115841, 53.6057374), (-1.1158168, 53.6058766)), ((-1.1220174, 53.5872284), (-1.115841, 53.6057374)), ((-1.1220922, 53.5870204), (-1.1220174, 53.5872284))]",146,Gauge 6,5211,5110 (98.1%),101 (1.9%),0 (0.0%),1.73,1.5
149,22,"[((-1.0964814, 53.6917557), (-1.0944891, 53.6980176)), ((-1.0965701, 53.6914739), (-1.0964814, 53.6917557)), ((-1.0944891, 53.6980176), (-1.0944192, 53.6982218)), ((-1.1010366, 53.6773433), (-1.0965701, 53.6914739)), ((-1.0944192, 53.6982218), (-1.0937475, 53.7003297)), ((-1.1011868, 53.6768638), (-1.1010366, 53.6773433)), ((-1.0937475, 53.7003297), (-1.0936524, 53.7006042)), ((-1.1035263, 53.6695157), (-1.1011868, 53.6768638)), ((-1.0936524, 53.7006042), (-1.0930627, 53.7024572)), ((-1.1035858, 53.6693302), (-1.1035263, 53.6695157)), ((-1.0930627, 53.7024572), (-1.0929959, 53.7026643)), ((-1.1082332, 53.6477245), (-1.1035858, 53.6693302)), ((-1.0929959, 53.7026643), (-1.0907088, 53.709886)), ((-1.1082702, 53.6475123), (-1.1082332, 53.6477245)), ((-1.0907088, 53.709886), (-1.0906368, 53.7101122)), ((-1.1149843, 53.6105054), (-1.1082702, 53.6475123)), ((-1.0906368, 53.7101122), (-1.0902706, 53.7113143)), ((-1.1150104, 53.6103621), (-1.1149843, 53.6105054)), ((-1.1158168, 53.6058766), (-1.1150104, 53.6103621)), ((-1.115841, 53.6057374), (-1.1158168, 53.6058766)), ((-1.1220174, 53.5872284), (-1.115841, 53.6057374)), ((-1.1220922, 53.5870204), (-1.1220174, 53.5872284))]",146,Gauge 10,864,841 (97.3%),23 (2.7%),0 (0.0%),0.02,1.8
150,34,"[((-1.6863107, 51.5854066), (-1.6733958, 51.5861144)), ((-1.6870821, 51.5853673), (-1.6863107, 51.5854066)), ((-1.6733958, 51.5861144), (-1.6013763, 51.5999617)), ((-1.6980503, 51.5846511), (-1.6870821, 51.5853673)), ((-1.6013763, 51.5999617), (-1.6011476, 51.6000481)), ((-1.6981694, 51.5846406), (-1.6980503, 51.5846511)), ((-1.6011476, 51.6000481), (-1.5914683, 51.6043702)), ((-1.7039591, 51.5840198), (-1.6981694, 51.5846406)), ((-1.5914683, 51.6043702), (-1.5913099, 51.6044434)), ((-1.7040865, 51.5840021), (-1.7039591, 51.5840198)), ((-1.5913099, 51.6044434), (-1.5845881, 51.6070252)), ((-1.7082985, 51.5834389), (-1.7040865, 51.5840021)), ((-1.5845881, 51.6070252), (-1.5844374, 51.6070749)), ((-1.7085616, 51.5834004), (-1.7082985, 51.5834389)), ((-1.5844374, 51.6070749), (-1.5779263, 51.6089713)), ((-1.7174471, 51.5818749), (-1.7085616, 51.5834004)), ((-1.5779263, 51.6089713), (-1.57773, 51.6090226)), ((-1.7238535, 51.5804894), (-1.7174471, 51.5818749)), ((-1.57773, 51.6090226), (-1.5711886, 51.6104212)), ((-1.7278947, 51.5795918), (-1.7238535, 51.5804894)), ((-1.5711886, 51.6104212), (-1.57068, 51.6105112)), ((-1.57068, 51.6105112), (-1.5241785, 51.6115087)), ((-1.5241785, 51.6115087), (-1.5239972, 51.6115056)), ((-1.5239972, 51.6115056), (-1.5147235, 51.6114891)), ((-1.5147235, 51.6114891), (-1.5102492, 51.6115853)), ((-1.5102492, 51.6115853), (-1.5100988, 51.6115856)), ((-1.5100988, 51.6115856), (-1.4041099, 51.6200242)), ((-1.4041099, 51.6200242), (-1.387686, 51.6207715)), ((-1.387686, 51.6207715), (-1.387605, 51.620774)), ((-1.387605, 51.620774), (-1.3850167, 51.6208484)), ((-1.3850167, 51.6208484), (-1.3849076, 51.6208507)), ((-1.3849076, 51.6208507), (-1.3742251, 51.6210093)), ((-1.3742251, 51.6210093), (-1.374088, 51.621012)), ((-1.374088, 51.621012), (-1.3169128, 51.6214382))]",146,Gauge 6,5211,5065 (97.2%),146 (2.8%),0 (0.0%),1.26,8.9
150,34,"[((-1.6863107, 51.5854066), (-1.6733958, 51.5861144)), ((-1.6870821, 51.5853673), (-1.6863107, 51.5854066)), ((-1.6733958, 51.5861144), (-1.6013763, 51.5999617)), ((-1.6980503, 51.5846511), (-1.6870821, 51.5853673)), ((-1.6013763, 51.5999617), (-1.6011476, 51.6000481)), ((-1.6981694, 51.5846406), (-1.6980503, 51.5846511)), ((-1.6011476, 51.6000481), (-1.5914683, 51.6043702)), ((-1.7039591, 51.5840198), (-1.6981694, 51.5846406)), ((-1.5914683, 51.6043702), (-1.5913099, 51.6044434)), ((-1.7040865, 51.5840021), (-1.7039591, 51.5840198)), ((-1.5913099, 51.6044434), (-1.5845881, 51.6070252)), ((-1.7082985, 51.5834389), (-1.7040865, 51.5840021)), ((-1.5845881, 51.6070252), (-1.5844374, 51.6070749)), ((-1.7085616, 51.5834004), (-1.7082985, 51.5834389)), ((-1.5844374, 51.6070749), (-1.5779263, 51.6089713)), ((-1.7174471, 51.5818749), (-1.7085616, 51.5834004)), ((-1.5779263, 51.6089713), (-1.57773, 51.6090226)), ((-1.7238535, 51.5804894), (-1.7174471, 51.5818749)), ((-1.57773, 51.6090226), (-1.5711886, 51.6104212)), ((-1.7278947, 51.5795918), (-1.7238535, 51.5804894)), ((-1.5711886, 51.6104212), (-1.57068, 51.6105112)), ((-1.57068, 51.6105112), (-1.5241785, 51.6115087)), ((-1.5241785, 51.6115087), (-1.5239972, 51.6115056)), ((-1.5239972, 51.6115056), (-1.5147235, 51.6114891)), ((-1.5147235, 51.6114891), (-1.5102492, 51.6115853)), ((-1.5102492, 51.6115853), (-1.5100988, 51.6115856)), ((-1.5100988, 51.6115856), (-1.4041099, 51.6200242)), ((-1.4041099, 51.6200242), (-1.387686, 51.6207715)), ((-1.387686, 51.6207715), (-1.387605, 51.620774)), ((-1.387605, 51.620774), (-1.3850167, 51.6208484)), ((-1.3850167, 51.6208484), (-1.3849076, 51.6208507)), ((-1.3849076, 51.6208507), (-1.3742251, 51.6210093)), ((-1.3742251, 51.6210093), (-1.374088, 51.621012)), ((-1.374088, 51.621012), (-1.3169128, 51.6214382))]",146,Gauge 10,864,832 (96.3%),32 (3.7%),0 (0.0%),1.06,9.4
151,11,"[((-2.1817714, 53.008587), (-2.1813444, 53.008257)), ((-2.1813444, 53.008257), (-2.1803707, 53.007514)), ((-2.1826942, 53.0092054), (-2.1817714, 53.008587)), ((-2.1803707, 53.007514), (-2.1793813, 53.0066158)), ((-2.1835972, 53.0097022), (-2.1826942, 53.0092054)), ((-2.1793813, 53.0066158), (-2.1792976, 53.0065225)), ((-2.1792976, 53.0065225), (-2.17739, 53.0040455)), ((-2.17739, 53.0040455), (-2.1770741, 53.0034918)), ((-2.1770741, 53.0034918), (-2.176577, 53.0023743)), ((-2.176577, 53.0023743), (-2.176508, 53.0022033)), ((-2.176508, 53.0022033), (-2.1763251, 53.0016309))]",146,Gauge 6,5211,5106 (98.0%),105 (2.0%),0 (0.0%),2.34,1.7
151,11,"[((-2.1817714, 53.008587), (-2.1813444, 53.008257)), ((-2.1813444, 53.008257), (-2.1803707, 53.007514)), ((-2.1826942, 53.0092054), (-2.1817714, 53.008587)), ((-2.1803707, 53.007514), (-2.1793813, 53.0066158)), ((-2.1835972, 53.0097022), (-2.1826942, 53.0092054)), ((-2.1793813, 53.0066158), (-2.1792976, 53.0065225)), ((-2.1792976, 53.0065225), (-2.17739, 53.0040455)), ((-2.17739, 53.0040455), (-2.1770741, 53.0034918)), ((-2.1770741, 53.0034918), (-2.176577, 53.0023743)), ((-2.176577, 53.0023743), (-2.176508, 53.0022033)), ((-2.176508, 53.0022033), (-2.1763251, 53.0016309))]",146,Gauge 10,864,863 (99.9%),1 (0.1%),0 (0.0%),0.00,7.0
152,1,"[((-1.6453548, 52.8035753), (np.float64(-1.6452985), np.float64(52.8035598)))]",146,Gauge 6,5211,5059 (97.1%),152 (2.9%),0 (0.0%),7.76,26.7
152,1,"[((-1.6453548, 52.8035753), (np.float64(-1.6452985), np.float64(52.8035598)))]",146,Gauge 10,864,864 (100.0%),0 (0.0%),0 (0.0%),0,0
153,18,"[((-1.5443344, 51.4115724), (-1.5440279, 51.4116002)), ((-1.5686657, 51.4056669), (-1.5443344, 51.4115724)), ((-1.5440279, 51.4116002), (-1.5270048, 51.41383)), ((-1.5988537, 51.3795904), (-1.5686657, 51.4056669)), ((-1.5270048, 51.41383), (-1.5268382, 51.4138487)), ((-1.5268382, 51.4138487), (-1.5258145, 51.413989)), ((-1.5258145, 51.413989), (-1.5256963, 51.414006)), ((-1.5256963, 51.414006), (-1.5224279, 51.4146296)), ((-1.5224279, 51.4146296), (-1.5212018, 51.414916)), ((-1.5212018, 51.414916), (-1.5210915, 51.4149409)), ((-1.5210915, 51.4149409), (-1.5207997, 51.4150057)), ((-1.5207997, 51.4150057), (-1.5206579, 51.4150342)), ((-1.5206579, 51.4150342), (-1.518841, 51.4153272)), ((-1.518841, 51.4153272), (-1.5186481, 51.4153465)), ((-1.5186481, 51.4153465), (-1.5155695, 51.4153617)), ((-1.5155695, 51.4153617), (-1.5152529, 51.4153354)), ((-1.5152529, 51.4153354), (-1.5129051, 51.4150274)), ((-1.5129051, 51.4150274), (-1.5114178, 51.4147307))]",145,Gauge 6,5211,5040 (96.7%),171 (3.3%),0 (0.0%),33.94,73.4
153,18,"[((-1.5443344, 51.4115724), (-1.5440279, 51.4116002)), ((-1.5686657, 51.4056669), (-1.5443344, 51.4115724)), ((-1.5440279, 51.4116002), (-1.5270048, 51.41383)), ((-1.5988537, 51.3795904), (-1.5686657, 51.4056669)), ((-1.5270048, 51.41383), (-1.5268382, 51.4138487)), ((-1.5268382, 51.4138487), (-1.5258145, 51.413989)), ((-1.5258145, 51.413989), (-1.5256963, 51.414006)), ((-1.5256963, 51.414006), (-1.5224279, 51.4146296)), ((-1.5224279, 51.4146296), (-1.5212018, 51.414916)), ((-1.5212018, 51.414916), (-1.5210915, 51.4149409)), ((-1.5210915, 51.4149409), (-1.5207997, 51.4150057)), ((-1.5207997, 51.4150057), (-1.5206579, 51.4150342)), ((-1.5206579, 51.4150342), (-1.518841, 51.4153272)), ((-1.518841, 51.4153272), (-1.5186481, 51.4153465)), ((-1.5186481, 51.4153465), (-1.5155695, 51.4153617)), ((-1.5155695, 51.4153617), (-1.5152529, 51.4153354)), ((-1.5152529, 51.4153354), (-1.5129051, 51.4150274)), ((-1.5129051, 51.4150274), (-1.5114178, 51.4147307))]",145,Gauge 10,864,864 (100.0%),0 (0.0%),0 (0.0%),0,0
154,2,"[((-2.7099337, 53.7596445), (-2.7097863, 53.7595633)), ((-2.709942, 53.7596495), (-2.7099337, 53.7596445))]",145,Gauge 6,5211,5204 (99.9%),7 (0.1%),0 (0.0%),0.47,7.7
154,2,"[((-2.7099337, 53.7596445), (-2.7097863, 53.7595633)), ((-2.709942, 53.7596495), (-2.7099337, 53.7596445))]",145,Gauge 10,864,858 (99.3%),6 (0.7%),0 (0.0%),0.55,8.0
155,23,"[((-1.4443648, 51.4026964), (-1.4166164, 51.4036949)), ((-1.4445482, 51.4026905), (-1.4443648, 51.4026964)), ((-1.4166164, 51.4036949), (-1.4164319, 51.4036986)), ((-1.4472721, 51.4025339), (-1.4445482, 51.4026905)), ((-1.4164319, 51.4036986), (-1.4080941, 51.4034601)), ((-1.4543133, 51.4022091), (-1.4472721, 51.4025339)), ((-1.4080941, 51.4034601), (-1.4077347, 51.4034386)), ((-1.4548232, 51.4022449), (-1.4543133, 51.4022091)), ((-1.4077347, 51.4034386), (-1.3931309, 51.4023009)), ((-1.4733982, 51.4087455), (-1.4548232, 51.4022449)), ((-1.3931309, 51.4023009), (-1.3928447, 51.402273)), ((-1.4741573, 51.4089255), (-1.4733982, 51.4087455)), ((-1.3928447, 51.402273), (-1.377798, 51.3983136)), ((-1.4797382, 51.4099105), (-1.4741573, 51.4089255)), ((-1.377798, 51.3983136), (-1.3771956, 51.3981795)), ((-1.4798662, 51.4099266), (-1.4797382, 51.4099105)), ((-1.3771956, 51.3981795), (-1.3620819, 51.3970077)), ((-1.5099616, 51.4143671), (-1.4798662, 51.4099266)), ((-1.3620819, 51.3970077), (-1.3613283, 51.396977)), ((-1.5114178, 51.4147307), (-1.5099616, 51.4143671)), ((-1.3613283, 51.396977), (-1.3345759, 51.3970724)), ((-1.3345759, 51.3970724), (-1.3304408, 51.3971691)), ((-1.3304408, 51.3971691), (-1.326202, 51.3973289))]",144,Gauge 6,5211,5041 (96.7%),170 (3.3%),0 (0.0%),33.53,72.4
155,23,"[((-1.4443648, 51.4026964), (-1.4166164, 51.4036949)), ((-1.4445482, 51.4026905), (-1.4443648, 51.4026964)), ((-1.4166164, 51.4036949), (-1.4164319, 51.4036986)), ((-1.4472721, 51.4025339), (-1.4445482, 51.4026905)), ((-1.4164319, 51.4036986), (-1.4080941, 51.4034601)), ((-1.4543133, 51.4022091), (-1.4472721, 51.4025339)), ((-1.4080941, 51.4034601), (-1.4077347, 51.4034386)), ((-1.4548232, 51.4022449), (-1.4543133, 51.4022091)), ((-1.4077347, 51.4034386), (-1.3931309, 51.4023009)), ((-1.4733982, 51.4087455), (-1.4548232, 51.4022449)), ((-1.3931309, 51.4023009), (-1.3928447, 51.402273)), ((-1.4741573, 51.4089255), (-1.4733982, 51.4087455)), ((-1.3928447, 51.402273), (-1.377798, 51.3983136)), ((-1.4797382, 51.4099105), (-1.4741573, 51.4089255)), ((-1.377798, 51.3983136), (-1.3771956, 51.3981795)), ((-1.4798662, 51.4099266), (-1.4797382, 51.4099105)), ((-1.3771956, 51.3981795), (-1.3620819, 51.3970077)), ((-1.5099616, 51.4143671), (-1.4798662, 51.4099266)), ((-1.3620819, 51.3970077), (-1.3613283, 51.396977)), ((-1.5114178, 51.4147307), (-1.5099616, 51.4143671)), ((-1.3613283, 51.396977), (-1.3345759, 51.3970724)), ((-1.3345759, 51.3970724), (-1.3304408, 51.3971691)), ((-1.3304408, 51.3971691), (-1.326202, 51.3973289))]",144,Gauge 10,864,864 (100.0%),0 (0.0%),0 (0.0%),0,0
156,61,"[((-2.7498687, 54.2352748), (-2.7492406, 54.2381156)), ((-2.7492406, 54.2381156), (-2.7488762, 54.2391372)), ((-2.7498687, 54.2352748), (-2.7488891, 54.2291413)), ((-2.7488762, 54.2391372), (-2.7488456, 54.2391986)), ((-2.7488891, 54.2291413), (-2.746597, 54.2213907)), ((-2.7488456, 54.2391986), (-2.7485858, 54.2397214)), ((-2.746597, 54.2213907), (-2.7464504, 54.2208939)), ((-2.7485858, 54.2397214), (-2.7461942, 54.2441613)), ((-2.7464504, 54.2208939), (-2.738934, 54.2009439)), ((-2.7461942, 54.2441613), (-2.746137, 54.2443157)), ((-2.738934, 54.2009439), (-2.7388705, 54.2008076)), ((-2.746137, 54.2443157), (-2.746047, 54.2445501)), ((-2.7388705, 54.2008076), (-2.7350095, 54.1909915)), ((-2.746047, 54.2445501), (-2.7458576, 54.2452287)), ((-2.7350095, 54.1909915), (-2.7350062, 54.1908932)), ((-2.7458576, 54.2452287), (-2.7456574, 54.2481927)), ((-2.7358482, 54.186763), (-2.7350062, 54.1908932)), ((-2.74577, 54.2488487), (-2.7456574, 54.2481927)), ((-2.7359352, 54.1865735), (-2.7358482, 54.186763)), ((-2.7460203, 54.2497397), (-2.74577, 54.2488487)), ((-2.74344, 54.1759737), (-2.7359352, 54.1865735)), ((-2.746076, 54.2498837), (-2.7460203, 54.2497397)), ((-2.7441882, 54.1732046), (-2.74344, 54.1759737)), ((-2.7469667, 54.2514814), (-2.746076, 54.2498837)), ((-2.7480348, 54.1549199), (-2.7441882, 54.1732046)), ((-2.7470599, 54.2516095), (-2.7469667, 54.2514814)), ((-2.748056, 54.1543003), (-2.7480348, 54.1549199)), ((-2.7475173, 54.252214), (-2.7470599, 54.2516095)), ((-2.7481104, 54.1538331), (-2.748056, 54.1543003)), ((-2.7479667, 54.2527258), (-2.7475173, 54.252214)), ((-2.7481744, 54.153407), (-2.7481104, 54.1538331)), ((-2.749791, 54.2559269), (-2.7479667, 54.2527258)), ((-2.749484, 54.1490962), (-2.7481744, 54.153407)), ((-2.7498289, 54.2560612), (-2.749791, 54.2559269)), ((-2.7496785, 54.1487337), (-2.749484, 54.1490962)), ((-2.7498289, 54.2560612), (-2.7497267, 54.2601128)), ((-2.7524373, 54.1451957), (-2.7496785, 54.1487337)), ((-2.7497267, 54.2601128), (-2.7495282, 54.2607671)), ((-2.7525188, 54.1451003), (-2.7524373, 54.1451957)), ((-2.7495282, 54.2607671), (-2.7470998, 54.2647778)), ((-2.7545483, 54.1427004), (-2.7525188, 54.1451003)), ((-2.7470998, 54.2647778), (-2.7468792, 54.2650319)), ((-2.7548072, 54.1423927), (-2.7545483, 54.1427004)), ((-2.7468792, 54.2650319), (-2.7419763, 54.2767204)), ((-2.7595129, 54.1367728), (-2.7548072, 54.1423927)), ((-2.7419763, 54.2767204), (-2.7418071, 54.2772871)), ((-2.7596522, 54.1366234), (-2.7595129, 54.1367728)), ((-2.7418071, 54.2772871), (-2.7412033, 54.2792827)), ((-2.77357, 54.1280268), (-2.7596522, 54.1366234)), ((-2.7412033, 54.2792827), (-2.7411896, 54.2793384)), ((-2.7411896, 54.2793384), (-2.7407526, 54.2807244)), ((-2.7407526, 54.2807244), (-2.7336506, 54.291675)), ((-2.7336506, 54.291675), (-2.7328933, 54.2923534)), ((-2.7328933, 54.2923534), (-2.7327982, 54.2924458)), ((-2.7327982, 54.2924458), (-2.7319095, 54.2933353)), ((-2.7319095, 54.2933353), (-2.7318372, 54.2934147)), ((-2.7318372, 54.2934147), (-2.7305656, 54.2950148)), ((-2.7305656, 54.2950148), (-2.7288781, 54.2973666)), ((-2.7288781, 54.2973666), (-2.7276418, 54.299002)), ((-2.7276418, 54.299002), (-2.7203581, 54.3089164)), ((-2.7203581, 54.3089164), (-2.7203519, 54.3089772))]",144,Gauge 6,5211,5166 (99.1%),45 (0.9%),0 (0.0%),125.16,286.2
156,61,"[((-2.7498687, 54.2352748), (-2.7492406, 54.2381156)), ((-2.7492406, 54.2381156), (-2.7488762, 54.2391372)), ((-2.7498687, 54.2352748), (-2.7488891, 54.2291413)), ((-2.7488762, 54.2391372), (-2.7488456, 54.2391986)), ((-2.7488891, 54.2291413), (-2.746597, 54.2213907)), ((-2.7488456, 54.2391986), (-2.7485858, 54.2397214)), ((-2.746597, 54.2213907), (-2.7464504, 54.2208939)), ((-2.7485858, 54.2397214), (-2.7461942, 54.2441613)), ((-2.7464504, 54.2208939), (-2.738934, 54.2009439)), ((-2.7461942, 54.2441613), (-2.746137, 54.2443157)), ((-2.738934, 54.2009439), (-2.7388705, 54.2008076)), ((-2.746137, 54.2443157), (-2.746047, 54.2445501)), ((-2.7388705, 54.2008076), (-2.7350095, 54.1909915)), ((-2.746047, 54.2445501), (-2.7458576, 54.2452287)), ((-2.7350095, 54.1909915), (-2.7350062, 54.1908932)), ((-2.7458576, 54.2452287), (-2.7456574, 54.2481927)), ((-2.7358482, 54.186763), (-2.7350062, 54.1908932)), ((-2.74577, 54.2488487), (-2.7456574, 54.2481927)), ((-2.7359352, 54.1865735), (-2.7358482, 54.186763)), ((-2.7460203, 54.2497397), (-2.74577, 54.2488487)), ((-2.74344, 54.1759737), (-2.7359352, 54.1865735)), ((-2.746076, 54.2498837), (-2.7460203, 54.2497397)), ((-2.7441882, 54.1732046), (-2.74344, 54.1759737)), ((-2.7469667, 54.2514814), (-2.746076, 54.2498837)), ((-2.7480348, 54.1549199), (-2.7441882, 54.1732046)), ((-2.7470599, 54.2516095), (-2.7469667, 54.2514814)), ((-2.748056, 54.1543003), (-2.7480348, 54.1549199)), ((-2.7475173, 54.252214), (-2.7470599, 54.2516095)), ((-2.7481104, 54.1538331), (-2.748056, 54.1543003)), ((-2.7479667, 54.2527258), (-2.7475173, 54.252214)), ((-2.7481744, 54.153407), (-2.7481104, 54.1538331)), ((-2.749791, 54.2559269), (-2.7479667, 54.2527258)), ((-2.749484, 54.1490962), (-2.7481744, 54.153407)), ((-2.7498289, 54.2560612), (-2.749791, 54.2559269)), ((-2.7496785, 54.1487337), (-2.749484, 54.1490962)), ((-2.7498289, 54.2560612), (-2.7497267, 54.2601128)), ((-2.7524373, 54.1451957), (-2.7496785, 54.1487337)), ((-2.7497267, 54.2601128), (-2.7495282, 54.2607671)), ((-2.7525188, 54.1451003), (-2.7524373, 54.1451957)), ((-2.7495282, 54.2607671), (-2.7470998, 54.2647778)), ((-2.7545483, 54.1427004), (-2.7525188, 54.1451003)), ((-2.7470998, 54.2647778), (-2.7468792, 54.2650319)), ((-2.7548072, 54.1423927), (-2.7545483, 54.1427004)), ((-2.7468792, 54.2650319), (-2.7419763, 54.2767204)), ((-2.7595129, 54.1367728), (-2.7548072, 54.1423927)), ((-2.7419763, 54.2767204), (-2.7418071, 54.2772871)), ((-2.7596522, 54.1366234), (-2.7595129, 54.1367728)), ((-2.7418071, 54.2772871), (-2.7412033, 54.2792827)), ((-2.77357, 54.1280268), (-2.7596522, 54.1366234)), ((-2.7412033, 54.2792827), (-2.7411896, 54.2793384)), ((-2.7411896, 54.2793384), (-2.7407526, 54.2807244)), ((-2.7407526, 54.2807244), (-2.7336506, 54.291675)), ((-2.7336506, 54.291675), (-2.7328933, 54.2923534)), ((-2.7328933, 54.2923534), (-2.7327982, 54.2924458)), ((-2.7327982, 54.2924458), (-2.7319095, 54.2933353)), ((-2.7319095, 54.2933353), (-2.7318372, 54.2934147)), ((-2.7318372, 54.2934147), (-2.7305656, 54.2950148)), ((-2.7305656, 54.2950148), (-2.7288781, 54.2973666)), ((-2.7288781, 54.2973666), (-2.7276418, 54.299002)), ((-2.7276418, 54.299002), (-2.7203581, 54.3089164)), ((-2.7203581, 54.3089164), (-2.7203519, 54.3089772))]",144,Gauge 10,864,861 (99.7%),3 (0.3%),0 (0.0%),94.00,208.0
157,25,"[((-2.1838688, 53.0098124), (-2.1832461, 53.0094497)), ((-2.184042, 53.0099122), (-2.1838688, 53.0098124)), ((-2.1845182, 53.0101597), (-2.184042, 53.0099122)), ((-2.1847952, 53.0103069), (-2.1845182, 53.0101597)), ((-2.1881395, 53.011746), (-2.1847952, 53.0103069)), ((-2.1885834, 53.0119137), (-2.1881395, 53.011746)), ((-2.1910187, 53.0128103), (-2.1885834, 53.0119137)), ((-2.1920746, 53.0132778), (-2.1910187, 53.0128103)), ((-2.2013444, 53.0190964), (-2.1920746, 53.0132778)), ((-2.2014274, 53.0191787), (-2.2013444, 53.0190964)), ((-2.2043849, 53.023149), (-2.2014274, 53.0191787)), ((-2.2050552, 53.0250251), (-2.2043849, 53.023149)), ((-2.2055659, 53.0274765), (-2.2050552, 53.0250251)), ((-2.2112951, 53.0377389), (-2.2055659, 53.0274765)), ((-2.2113894, 53.0378123), (-2.2112951, 53.0377389)), ((-2.2244494, 53.0558042), (-2.2113894, 53.0378123)), ((-2.2414241, 53.0789389), (-2.2244494, 53.0558042)), ((-2.2414241, 53.0789389), (-2.2412662, 53.0814638)), ((-2.2416657, 53.082608), (-2.2412662, 53.0814638)), ((-2.2424318, 53.0838526), (-2.2416657, 53.082608)), ((-2.243052, 53.0845763), (-2.2424318, 53.0838526)), ((-2.2432341, 53.0847593), (-2.243052, 53.0845763)), ((-2.2438202, 53.0853811), (-2.2432341, 53.0847593)), ((-2.2439951, 53.0855622), (-2.2438202, 53.0853811)), ((-2.2441954, 53.0857811), (-2.2439951, 53.0855622))]",144,Gauge 6,5211,5200 (99.8%),11 (0.2%),0 (0.0%),5.34,13.1
157,25,"[((-2.1838688, 53.0098124), (-2.1832461, 53.0094497)), ((-2.184042, 53.0099122), (-2.1838688, 53.0098124)), ((-2.1845182, 53.0101597), (-2.184042, 53.0099122)), ((-2.1847952, 53.0103069), (-2.1845182, 53.0101597)), ((-2.1881395, 53.011746), (-2.1847952, 53.0103069)), ((-2.1885834, 53.0119137), (-2.1881395, 53.011746)), ((-2.1910187, 53.0128103), (-2.1885834, 53.0119137)), ((-2.1920746, 53.0132778), (-2.1910187, 53.0128103)), ((-2.2013444, 53.0190964), (-2.1920746, 53.0132778)), ((-2.2014274, 53.0191787), (-2.2013444, 53.0190964)), ((-2.2043849, 53.023149), (-2.2014274, 53.0191787)), ((-2.2050552, 53.0250251), (-2.2043849, 53.023149)), ((-2.2055659, 53.0274765), (-2.2050552, 53.0250251)), ((-2.2112951, 53.0377389), (-2.2055659, 53.0274765)), ((-2.2113894, 53.0378123), (-2.2112951, 53.0377389)), ((-2.2244494, 53.0558042), (-2.2113894, 53.0378123)), ((-2.2414241, 53.0789389), (-2.2244494, 53.0558042)), ((-2.2414241, 53.0789389), (-2.2412662, 53.0814638)), ((-2.2416657, 53.082608), (-2.2412662, 53.0814638)), ((-2.2424318, 53.0838526), (-2.2416657, 53.082608)), ((-2.243052, 53.0845763), (-2.2424318, 53.0838526)), ((-2.2432341, 53.0847593), (-2.243052, 53.0845763)), ((-2.2438202, 53.0853811), (-2.2432341, 53.0847593)), ((-2.2439951, 53.0855622), (-2.2438202, 53.0853811)), ((-2.2441954, 53.0857811), (-2.2439951, 53.0855622))]",144,Gauge 10,864,858 (99.3%),6 (0.7%),0 (0.0%),9.63,24.0
158,6,"[((-0.2507316, 52.5756003), (-0.2502724, 52.5748727)), ((-0.2511478, 52.5761821), (-0.2507316, 52.5756003)), ((-0.2534323, 52.5795213), (-0.2511478, 52.5761821)), ((-0.2571344, 52.5854006), (-0.2534323, 52.5795213)), ((-0.2825551, 52.6096914), (-0.2571344, 52.5854006)), ((-0.2872871, 52.6126059), (-0.2825551, 52.6096914))]",144,Gauge 6,5211,5030 (96.5%),181 (3.5%),0 (0.0%),2.95,6.0
158,6,"[((-0.2507316, 52.5756003), (-0.2502724, 52.5748727)), ((-0.2511478, 52.5761821), (-0.2507316, 52.5756003)), ((-0.2534323, 52.5795213), (-0.2511478, 52.5761821)), ((-0.2571344, 52.5854006), (-0.2534323, 52.5795213)), ((-0.2825551, 52.6096914), (-0.2571344, 52.5854006)), ((-0.2872871, 52.6126059), (-0.2825551, 52.6096914))]",144,Gauge 10,864,842 (97.5%),22 (2.5%),0 (0.0%),2.37,7.0
159,1,"[((np.float64(-0.4649883), np.float64(51.509339)), (-0.3937549, 51.6621272))]",144,Gauge 6,5211,4876 (93.6%),335 (6.4%),0 (0.0%),0.38,1.0
159,1,"[((np.float64(-0.4649883), np.float64(51.509339)), (-0.3937549, 51.6621272))]",144,Gauge 10,864,864 (100.0%),0 (0.0%),0 (0.0%),0,0
160,2,"[((-2.7753889, 54.1267666), (-2.775059, 54.1270511)), ((-2.775059, 54.1270511), (-2.7747135, 54.1272871))]",144,Gauge 6,5211,5166 (99.1%),45 (0.9%),0 (0.0%),38.29,167.9
160,2,"[((-2.7753889, 54.1267666), (-2.775059, 54.1270511)), ((-2.775059, 54.1270511), (-2.7747135, 54.1272871))]",144,Gauge 10,864,858 (99.3%),6 (0.7%),0 (0.0%),180.24,464.0
161,68,"[((-2.7773094, 53.9734571), (-2.7758848, 53.9715798)), ((-2.7847454, 53.9827374), (-2.7773094, 53.9734571)), ((-2.7758848, 53.9715798), (-2.7757745, 53.9714284)), ((-2.7860726, 53.9844052), (-2.7847454, 53.9827374)), ((-2.7757745, 53.9714284), (-2.7707736, 53.9603517)), ((-2.7861648, 53.9845141), (-2.7860726, 53.9844052)), ((-2.7707736, 53.9603517), (-2.7707429, 53.9602203)), ((-2.7874416, 53.9861578), (-2.7861648, 53.9845141)), ((-2.7707429, 53.9602203), (-2.7706737, 53.9382944)), ((-2.7887788, 53.9884132), (-2.7874416, 53.9861578)), ((-2.7706737, 53.9382944), (-2.7703496, 53.9377477)), ((-2.7889836, 53.988837), (-2.7887788, 53.9884132)), ((-2.7703496, 53.9377477), (-2.7675418, 53.9344763)), ((-2.7895632, 53.9900367), (-2.7889836, 53.988837)), ((-2.7675418, 53.9344763), (-2.7671895, 53.9341153)), ((-2.7897769, 53.9904828), (-2.7895632, 53.9900367)), ((-2.7671895, 53.9341153), (-2.7641842, 53.9308923)), ((-2.7904314, 53.99187), (-2.7897769, 53.9904828)), ((-2.7641842, 53.9308923), (-2.7641275, 53.9308348)), ((-2.7907456, 53.9925629), (-2.7904314, 53.99187)), ((-2.7641275, 53.9308348), (-2.7620443, 53.9285674)), ((-2.7926836, 53.9969619), (-2.7907456, 53.9925629)), ((-2.7620443, 53.9285674), (-2.7619074, 53.928415)), ((-2.7937993, 54.0005358), (-2.7926836, 53.9969619)), ((-2.7619074, 53.928415), (-2.7572265, 53.9165902)), ((-2.7939761, 54.0014794), (-2.7937993, 54.0005358)), ((-2.7572265, 53.9165902), (-2.7571881, 53.916462)), ((-2.7939937, 54.0015642), (-2.7939761, 54.0014794)), ((-2.7571881, 53.916462), (-2.7478585, 53.8882908)), ((-2.7942376, 54.0043191), (-2.7939937, 54.0015642)), ((-2.7478585, 53.8882908), (-2.7478478, 53.8881987)), ((-2.7974326, 54.0193065), (-2.7942376, 54.0043191)), ((-2.7478478, 53.8881987), (-2.7475862, 53.8861261)), ((-2.7974477, 54.0194077), (-2.7974326, 54.0193065)), ((-2.7475862, 53.8861261), (-2.7475633, 53.8859328)), ((-2.7988642, 54.0338784), (-2.7974477, 54.0194077)), ((-2.7475633, 53.8859328), (-2.7474053, 53.8844761)), ((-2.7995326, 54.0364989), (-2.7988642, 54.0338784)), ((-2.7474053, 53.8844761), (-2.747395, 53.8844088)), ((-2.7996221, 54.0366225), (-2.7995326, 54.0364989)), ((-2.747395, 53.8844088), (-2.7469146, 53.8804561)), ((-2.8054121, 54.0415877), (-2.7996221, 54.0366225)), ((-2.7469146, 53.8804561), (-2.7469009, 53.8803036)), ((-2.8056012, 54.0418472), (-2.8054121, 54.0415877)), ((-2.7469009, 53.8803036), (-2.7425784, 53.8590095)), ((-2.8070212, 54.0465759), (-2.8056012, 54.0418472)), ((-2.7425784, 53.8590095), (-2.7425509, 53.8588723)), ((-2.8074495, 54.0479272), (-2.8070212, 54.0465759)), ((-2.7425509, 53.8588723), (-2.7420713, 53.8569992)), ((-2.807806, 54.0487524), (-2.8074495, 54.0479272)), ((-2.7420713, 53.8569992), (-2.7420415, 53.8568715)), ((-2.7420415, 53.8568715), (-2.7403793, 53.8496215)), ((-2.7403793, 53.8496215), (-2.7403676, 53.8495688)), ((-2.7403676, 53.8495688), (-2.7368456, 53.8155568)), ((-2.7368456, 53.8155568), (-2.7367618, 53.8152441)), ((-2.7367618, 53.8152441), (-2.7342034, 53.8090679)), ((-2.7342034, 53.8090679), (-2.7206955, 53.7778934)), ((-2.7206955, 53.7778934), (-2.7206569, 53.7777986)), ((-2.7206569, 53.7777986), (-2.7201509, 53.776664)), ((-2.7201509, 53.776664), (-2.7200363, 53.7764409)), ((-2.7200363, 53.7764409), (-2.7187811, 53.7735765)), ((-2.7187811, 53.7735765), (-2.7163414, 53.7670509)), ((-2.7163414, 53.7670509), (-2.7162239, 53.7667035)), ((-2.7162239, 53.7667035), (-2.7158108, 53.7656885)), ((-2.7158108, 53.7656885), (-2.7153638, 53.7648125)), ((-2.7153638, 53.7648125), (-2.7118006, 53.7608439)), ((-2.7118006, 53.7608439), (-2.710593, 53.7600333)), ((-2.710593, 53.7600333), (-2.709942, 53.7596495))]",143,Gauge 6,5211,5206 (99.9%),5 (0.1%),0 (0.0%),0.68,6.0
161,68,"[((-2.7773094, 53.9734571), (-2.7758848, 53.9715798)), ((-2.7847454, 53.9827374), (-2.7773094, 53.9734571)), ((-2.7758848, 53.9715798), (-2.7757745, 53.9714284)), ((-2.7860726, 53.9844052), (-2.7847454, 53.9827374)), ((-2.7757745, 53.9714284), (-2.7707736, 53.9603517)), ((-2.7861648, 53.9845141), (-2.7860726, 53.9844052)), ((-2.7707736, 53.9603517), (-2.7707429, 53.9602203)), ((-2.7874416, 53.9861578), (-2.7861648, 53.9845141)), ((-2.7707429, 53.9602203), (-2.7706737, 53.9382944)), ((-2.7887788, 53.9884132), (-2.7874416, 53.9861578)), ((-2.7706737, 53.9382944), (-2.7703496, 53.9377477)), ((-2.7889836, 53.988837), (-2.7887788, 53.9884132)), ((-2.7703496, 53.9377477), (-2.7675418, 53.9344763)), ((-2.7895632, 53.9900367), (-2.7889836, 53.988837)), ((-2.7675418, 53.9344763), (-2.7671895, 53.9341153)), ((-2.7897769, 53.9904828), (-2.7895632, 53.9900367)), ((-2.7671895, 53.9341153), (-2.7641842, 53.9308923)), ((-2.7904314, 53.99187), (-2.7897769, 53.9904828)), ((-2.7641842, 53.9308923), (-2.7641275, 53.9308348)), ((-2.7907456, 53.9925629), (-2.7904314, 53.99187)), ((-2.7641275, 53.9308348), (-2.7620443, 53.9285674)), ((-2.7926836, 53.9969619), (-2.7907456, 53.9925629)), ((-2.7620443, 53.9285674), (-2.7619074, 53.928415)), ((-2.7937993, 54.0005358), (-2.7926836, 53.9969619)), ((-2.7619074, 53.928415), (-2.7572265, 53.9165902)), ((-2.7939761, 54.0014794), (-2.7937993, 54.0005358)), ((-2.7572265, 53.9165902), (-2.7571881, 53.916462)), ((-2.7939937, 54.0015642), (-2.7939761, 54.0014794)), ((-2.7571881, 53.916462), (-2.7478585, 53.8882908)), ((-2.7942376, 54.0043191), (-2.7939937, 54.0015642)), ((-2.7478585, 53.8882908), (-2.7478478, 53.8881987)), ((-2.7974326, 54.0193065), (-2.7942376, 54.0043191)), ((-2.7478478, 53.8881987), (-2.7475862, 53.8861261)), ((-2.7974477, 54.0194077), (-2.7974326, 54.0193065)), ((-2.7475862, 53.8861261), (-2.7475633, 53.8859328)), ((-2.7988642, 54.0338784), (-2.7974477, 54.0194077)), ((-2.7475633, 53.8859328), (-2.7474053, 53.8844761)), ((-2.7995326, 54.0364989), (-2.7988642, 54.0338784)), ((-2.7474053, 53.8844761), (-2.747395, 53.8844088)), ((-2.7996221, 54.0366225), (-2.7995326, 54.0364989)), ((-2.747395, 53.8844088), (-2.7469146, 53.8804561)), ((-2.8054121, 54.0415877), (-2.7996221, 54.0366225)), ((-2.7469146, 53.8804561), (-2.7469009, 53.8803036)), ((-2.8056012, 54.0418472), (-2.8054121, 54.0415877)), ((-2.7469009, 53.8803036), (-2.7425784, 53.8590095)), ((-2.8070212, 54.0465759), (-2.8056012, 54.0418472)), ((-2.7425784, 53.8590095), (-2.7425509, 53.8588723)), ((-2.8074495, 54.0479272), (-2.8070212, 54.0465759)), ((-2.7425509, 53.8588723), (-2.7420713, 53.8569992)), ((-2.807806, 54.0487524), (-2.8074495, 54.0479272)), ((-2.7420713, 53.8569992), (-2.7420415, 53.8568715)), ((-2.7420415, 53.8568715), (-2.7403793, 53.8496215)), ((-2.7403793, 53.8496215), (-2.7403676, 53.8495688)), ((-2.7403676, 53.8495688), (-2.7368456, 53.8155568)), ((-2.7368456, 53.8155568), (-2.7367618, 53.8152441)), ((-2.7367618, 53.8152441), (-2.7342034, 53.8090679)), ((-2.7342034, 53.8090679), (-2.7206955, 53.7778934)), ((-2.7206955, 53.7778934), (-2.7206569, 53.7777986)), ((-2.7206569, 53.7777986), (-2.7201509, 53.776664)), ((-2.7201509, 53.776664), (-2.7200363, 53.7764409)), ((-2.7200363, 53.7764409), (-2.7187811, 53.7735765)), ((-2.7187811, 53.7735765), (-2.7163414, 53.7670509)), ((-2.7163414, 53.7670509), (-2.7162239, 53.7667035)), ((-2.7162239, 53.7667035), (-2.7158108, 53.7656885)), ((-2.7158108, 53.7656885), (-2.7153638, 53.7648125)), ((-2.7153638, 53.7648125), (-2.7118006, 53.7608439)), ((-2.7118006, 53.7608439), (-2.710593, 53.7600333)), ((-2.710593, 53.7600333), (-2.709942, 53.7596495))]",143,Gauge 10,864,860 (99.5%),4 (0.5%),0 (0.0%),0.68,6.0
162,11,"[((-1.8725554, 52.4710385), (-1.8724248, 52.4712115)), ((-1.8727243, 52.469815), (-1.8725554, 52.4710385)), ((-1.8724248, 52.4712115), (-1.8708971, 52.4735642)), ((-1.8727243, 52.469815), (-1.8725999, 52.4696104)), ((-1.8725999, 52.4696104), (-1.8708898, 52.4684502)), ((-1.8708898, 52.4684502), (-1.8533278, 52.4612759)), ((-1.8533278, 52.4612759), (-1.8523811, 52.460739)), ((-1.8523811, 52.460739), (-1.8505958, 52.4598478)), ((-1.8505958, 52.4598478), (-1.8503123, 52.4597036)), ((-1.8503123, 52.4597036), (-1.8478018, 52.4583526)), ((-1.8478018, 52.4583526), (-1.8459611, 52.457363))]",143,Gauge 6,5211,5198 (99.8%),13 (0.2%),0 (0.0%),0.01,3.0
162,11,"[((-1.8725554, 52.4710385), (-1.8724248, 52.4712115)), ((-1.8727243, 52.469815), (-1.8725554, 52.4710385)), ((-1.8724248, 52.4712115), (-1.8708971, 52.4735642)), ((-1.8727243, 52.469815), (-1.8725999, 52.4696104)), ((-1.8725999, 52.4696104), (-1.8708898, 52.4684502)), ((-1.8708898, 52.4684502), (-1.8533278, 52.4612759)), ((-1.8533278, 52.4612759), (-1.8523811, 52.460739)), ((-1.8523811, 52.460739), (-1.8505958, 52.4598478)), ((-1.8505958, 52.4598478), (-1.8503123, 52.4597036)), ((-1.8503123, 52.4597036), (-1.8478018, 52.4583526)), ((-1.8478018, 52.4583526), (-1.8459611, 52.457363))]",143,Gauge 10,864,864 (100.0%),0 (0.0%),0 (0.0%),0,0
163,1,"[((-0.2492955, 52.5727698), (-0.2485847, 52.5719683))]",143,Gauge 6,5211,5060 (97.1%),151 (2.9%),0 (0.0%),0.48,1.8
163,1,"[((-0.2492955, 52.5727698), (-0.2485847, 52.5719683))]",143,Gauge 10,864,864 (100.0%),0 (0.0%),0 (0.0%),0,0
164,1,"[((0.043597, 51.5494082), (0.0683469, 51.5442002))]",143,Gauge 6,5211,5178 (99.4%),33 (0.6%),0 (0.0%),4.08,25.9
164,1,"[((0.043597, 51.5494082), (0.0683469, 51.5442002))]",143,Gauge 10,864,864 (100.0%),0 (0.0%),0 (0.0%),0,0
165,1,"[((0.3623021, 51.4407826), (0.3636581, 51.4410824))]",143,Gauge 6,5211,5092 (97.7%),119 (2.3%),0 (0.0%),0.58,7.0
165,1,"[((0.3623021, 51.4407826), (0.3636581, 51.4410824))]",143,Gauge 10,864,864 (100.0%),0 (0.0%),0 (0.0%),0,0
166,106,"[((-3.6030678, 55.4257518), (-3.5914268, 55.4225627)), ((-3.5914268, 55.4225627), (-3.5849652, 55.4167733)), ((-3.6091958, 55.4264904), (-3.6030678, 55.4257518)), ((-3.5849652, 55.4167733), (-3.5701756, 55.4093377)), ((-3.611043, 55.4266825), (-3.6091958, 55.4264904)), ((-3.5701756, 55.4093377), (-3.5697855, 55.4092738)), ((-3.647953, 55.4338185), (-3.611043, 55.4266825)), ((-3.5697855, 55.4092738), (-3.5690075, 55.4091289)), ((-3.6486125, 55.4340478), (-3.647953, 55.4338185)), ((-3.5690075, 55.4091289), (-3.5380025, 55.3968519)), ((-3.6561071, 55.4387936), (-3.6486125, 55.4340478)), ((-3.5380025, 55.3968519), (-3.5367897, 55.3965082)), ((-3.6562865, 55.4390092), (-3.6561071, 55.4387936)), ((-3.5367897, 55.3965082), (-3.5245742, 55.384595)), ((-3.6567475, 55.4396308), (-3.6562865, 55.4390092)), ((-3.5245742, 55.384595), (-3.516085, 55.3580377)), ((-3.6568509, 55.4397838), (-3.6567475, 55.4396308)), ((-3.516085, 55.3580377), (-3.5026854, 55.3443684)), ((-3.6568509, 55.4397838), (-3.6457734, 55.4562082)), ((-3.5026854, 55.3443684), (-3.5025095, 55.3442445)), ((-3.6457734, 55.4562082), (-3.6447699, 55.4577837)), ((-3.5025095, 55.3442445), (-3.4637518, 55.315803)), ((-3.6447699, 55.4577837), (-3.6442821, 55.4598434)), ((-3.4637518, 55.315803), (-3.4520538, 55.3037343)), ((-3.6443153, 55.4605411), (-3.6442821, 55.4598434)), ((-3.4520538, 55.3037343), (-3.4518893, 55.3035588)), ((-3.6462336, 55.4653763), (-3.6443153, 55.4605411)), ((-3.4518893, 55.3035588), (-3.4448445, 55.2958915)), ((-3.6464123, 55.4656043), (-3.6462336, 55.4653763)), ((-3.4448445, 55.2958915), (-3.4442455, 55.2953118)), ((-3.6480298, 55.4673367), (-3.6464123, 55.4656043)), ((-3.4442455, 55.2953118), (-3.4397019, 55.2921404)), ((-3.6505634, 55.4692913), (-3.6480298, 55.4673367)), ((-3.4397019, 55.2921404), (-3.4381392, 55.2913505)), ((-3.6507588, 55.4694089), (-3.6505634, 55.4692913)), ((-3.4381392, 55.2913505), (-3.4364157, 55.2905682)), ((-3.6642463, 55.4730901), (-3.6507588, 55.4694089)), ((-3.4364157, 55.2905682), (-3.4360965, 55.2904417)), ((-3.6653782, 55.4730845), (-3.6642463, 55.4730901)), ((-3.4360965, 55.2904417), (-3.4324372, 55.2891232)), ((-3.6754091, 55.4724458), (-3.6653782, 55.4730845)), ((-3.4324372, 55.2891232), (-3.4198389, 55.2767132)), ((-3.6755627, 55.4724507), (-3.6754091, 55.4724458)), ((-3.4198389, 55.2767132), (-3.4066268, 55.2639281)), ((-3.6880914, 55.4768573), (-3.6755627, 55.4724507)), ((-3.4066268, 55.2639281), (-3.4065565, 55.2638565)), ((-3.6882006, 55.4769712), (-3.6880914, 55.4768573)), ((-3.4065565, 55.2638565), (-3.4034067, 55.2605255)), ((-3.6882006, 55.4769712), (-3.6878588, 55.4883887)), ((-3.4034067, 55.2605255), (-3.4028143, 55.2598345)), ((-3.6878588, 55.4883887), (-3.6855344, 55.5054093)), ((-3.4028143, 55.2598345), (-3.3974107, 55.2480019)), ((-3.6855344, 55.5054093), (-3.6820538, 55.5169675)), ((-3.3974107, 55.2480019), (-3.3973623, 55.247785)), ((-3.6820538, 55.5169675), (-3.6819534, 55.517091)), ((-3.3973623, 55.247785), (-3.3961231, 55.2420889)), ((-3.6819534, 55.517091), (-3.6747374, 55.5240937)), ((-3.3961231, 55.2420889), (-3.3960745, 55.2418532)), ((-3.6747374, 55.5240937), (-3.6683047, 55.531509)), ((-3.3960745, 55.2418532), (-3.3956204, 55.2397695)), ((-3.6683047, 55.531509), (-3.668182, 55.531674)), ((-3.3956204, 55.2397695), (-3.3955821, 55.2396149)), ((-3.668182, 55.531674), (-3.6435736, 55.5490473)), ((-3.3955821, 55.2396149), (-3.3943731, 55.2340349)), ((-3.6435736, 55.5490473), (-3.6430566, 55.549255)), ((-3.3943731, 55.2340349), (-3.3943499, 55.2339224)), ((-3.6430566, 55.549255), (-3.6429264, 55.5493073)), ((-3.3959998, 55.2201458), (-3.3943499, 55.2339224)), ((-3.6429264, 55.5493073), (-3.6355736, 55.5536117)), ((-3.3960103, 55.2201101), (-3.3959998, 55.2201458)), ((-3.6355736, 55.5536117), (-3.6348306, 55.5545181)), ((-3.3976658, 55.2145188), (-3.3960103, 55.2201101)), ((-3.6348306, 55.5545181), (-3.6331356, 55.5592485)), ((-3.3976905, 55.2144528), (-3.3976658, 55.2145188)), ((-3.6331356, 55.5592485), (-3.6246146, 55.5727372)), ((-3.3992816, 55.2090884), (-3.3976905, 55.2144528)), ((-3.6246146, 55.5727372), (-3.6244563, 55.5729445)), ((-3.3992969, 55.2090374), (-3.3992816, 55.2090884)), ((-3.6244563, 55.5729445), (-3.6108408, 55.5858384)), ((-3.3992969, 55.2090374), (-3.3851042, 55.1638676)), ((-3.6108408, 55.5858384), (-3.6106843, 55.5860593)), ((-3.3851042, 55.1638676), (-3.3849516, 55.1637133)), ((-3.6106843, 55.5860593), (-3.6080437, 55.5905206)), ((-3.3849516, 55.1637133), (-3.3656662, 55.1442308)), ((-3.6080437, 55.5905206), (-3.6078533, 55.5908468)), ((-3.3656662, 55.1442308), (-3.3651431, 55.1436667)), ((-3.6078533, 55.5908468), (-3.6026048, 55.6047164)), ((-3.3651431, 55.1436667), (-3.3509485, 55.1150645)), ((-3.6026687, 55.6050531), (-3.6026048, 55.6047164)), ((-3.6057166, 55.6100794), (-3.6026687, 55.6050531)), ((-3.6060809, 55.6104484), (-3.6057166, 55.6100794)), ((-3.6359505, 55.6293835), (-3.6060809, 55.6104484)), ((-3.6368536, 55.6401805), (-3.6359505, 55.6293835)), ((-3.6368536, 55.6401805), (-3.6329766, 55.6541321)), ((-3.6329766, 55.6541321), (-3.6327999, 55.6547538)), ((-3.6346199, 55.6658086), (-3.6327999, 55.6547538)), ((-3.6348582, 55.6660555), (-3.6346199, 55.6658086)), ((-3.6377943, 55.6685843), (-3.6348582, 55.6660555)), ((-3.6379447, 55.6687061), (-3.6377943, 55.6685843)), ((-3.6509187, 55.6795568), (-3.6379447, 55.6687061)), ((-3.651141, 55.6797485), (-3.6509187, 55.6795568)), ((-3.6518247, 55.6803138), (-3.651141, 55.6797485)), ((-3.6557476, 55.683561), (-3.6518247, 55.6803138)), ((-3.6560489, 55.6838202), (-3.6557476, 55.683561)), ((-3.6578798, 55.6853463), (-3.6560489, 55.6838202)), ((-3.6583788, 55.6858275), (-3.6578798, 55.6853463))]",142,Gauge 6,5211,5168 (99.2%),43 (0.8%),0 (0.0%),147.19,443.0
166,106,"[((-3.6030678, 55.4257518), (-3.5914268, 55.4225627)), ((-3.5914268, 55.4225627), (-3.5849652, 55.4167733)), ((-3.6091958, 55.4264904), (-3.6030678, 55.4257518)), ((-3.5849652, 55.4167733), (-3.5701756, 55.4093377)), ((-3.611043, 55.4266825), (-3.6091958, 55.4264904)), ((-3.5701756, 55.4093377), (-3.5697855, 55.4092738)), ((-3.647953, 55.4338185), (-3.611043, 55.4266825)), ((-3.5697855, 55.4092738), (-3.5690075, 55.4091289)), ((-3.6486125, 55.4340478), (-3.647953, 55.4338185)), ((-3.5690075, 55.4091289), (-3.5380025, 55.3968519)), ((-3.6561071, 55.4387936), (-3.6486125, 55.4340478)), ((-3.5380025, 55.3968519), (-3.5367897, 55.3965082)), ((-3.6562865, 55.4390092), (-3.6561071, 55.4387936)), ((-3.5367897, 55.3965082), (-3.5245742, 55.384595)), ((-3.6567475, 55.4396308), (-3.6562865, 55.4390092)), ((-3.5245742, 55.384595), (-3.516085, 55.3580377)), ((-3.6568509, 55.4397838), (-3.6567475, 55.4396308)), ((-3.516085, 55.3580377), (-3.5026854, 55.3443684)), ((-3.6568509, 55.4397838), (-3.6457734, 55.4562082)), ((-3.5026854, 55.3443684), (-3.5025095, 55.3442445)), ((-3.6457734, 55.4562082), (-3.6447699, 55.4577837)), ((-3.5025095, 55.3442445), (-3.4637518, 55.315803)), ((-3.6447699, 55.4577837), (-3.6442821, 55.4598434)), ((-3.4637518, 55.315803), (-3.4520538, 55.3037343)), ((-3.6443153, 55.4605411), (-3.6442821, 55.4598434)), ((-3.4520538, 55.3037343), (-3.4518893, 55.3035588)), ((-3.6462336, 55.4653763), (-3.6443153, 55.4605411)), ((-3.4518893, 55.3035588), (-3.4448445, 55.2958915)), ((-3.6464123, 55.4656043), (-3.6462336, 55.4653763)), ((-3.4448445, 55.2958915), (-3.4442455, 55.2953118)), ((-3.6480298, 55.4673367), (-3.6464123, 55.4656043)), ((-3.4442455, 55.2953118), (-3.4397019, 55.2921404)), ((-3.6505634, 55.4692913), (-3.6480298, 55.4673367)), ((-3.4397019, 55.2921404), (-3.4381392, 55.2913505)), ((-3.6507588, 55.4694089), (-3.6505634, 55.4692913)), ((-3.4381392, 55.2913505), (-3.4364157, 55.2905682)), ((-3.6642463, 55.4730901), (-3.6507588, 55.4694089)), ((-3.4364157, 55.2905682), (-3.4360965, 55.2904417)), ((-3.6653782, 55.4730845), (-3.6642463, 55.4730901)), ((-3.4360965, 55.2904417), (-3.4324372, 55.2891232)), ((-3.6754091, 55.4724458), (-3.6653782, 55.4730845)), ((-3.4324372, 55.2891232), (-3.4198389, 55.2767132)), ((-3.6755627, 55.4724507), (-3.6754091, 55.4724458)), ((-3.4198389, 55.2767132), (-3.4066268, 55.2639281)), ((-3.6880914, 55.4768573), (-3.6755627, 55.4724507)), ((-3.4066268, 55.2639281), (-3.4065565, 55.2638565)), ((-3.6882006, 55.4769712), (-3.6880914, 55.4768573)), ((-3.4065565, 55.2638565), (-3.4034067, 55.2605255)), ((-3.6882006, 55.4769712), (-3.6878588, 55.4883887)), ((-3.4034067, 55.2605255), (-3.4028143, 55.2598345)), ((-3.6878588, 55.4883887), (-3.6855344, 55.5054093)), ((-3.4028143, 55.2598345), (-3.3974107, 55.2480019)), ((-3.6855344, 55.5054093), (-3.6820538, 55.5169675)), ((-3.3974107, 55.2480019), (-3.3973623, 55.247785)), ((-3.6820538, 55.5169675), (-3.6819534, 55.517091)), ((-3.3973623, 55.247785), (-3.3961231, 55.2420889)), ((-3.6819534, 55.517091), (-3.6747374, 55.5240937)), ((-3.3961231, 55.2420889), (-3.3960745, 55.2418532)), ((-3.6747374, 55.5240937), (-3.6683047, 55.531509)), ((-3.3960745, 55.2418532), (-3.3956204, 55.2397695)), ((-3.6683047, 55.531509), (-3.668182, 55.531674)), ((-3.3956204, 55.2397695), (-3.3955821, 55.2396149)), ((-3.668182, 55.531674), (-3.6435736, 55.5490473)), ((-3.3955821, 55.2396149), (-3.3943731, 55.2340349)), ((-3.6435736, 55.5490473), (-3.6430566, 55.549255)), ((-3.3943731, 55.2340349), (-3.3943499, 55.2339224)), ((-3.6430566, 55.549255), (-3.6429264, 55.5493073)), ((-3.3959998, 55.2201458), (-3.3943499, 55.2339224)), ((-3.6429264, 55.5493073), (-3.6355736, 55.5536117)), ((-3.3960103, 55.2201101), (-3.3959998, 55.2201458)), ((-3.6355736, 55.5536117), (-3.6348306, 55.5545181)), ((-3.3976658, 55.2145188), (-3.3960103, 55.2201101)), ((-3.6348306, 55.5545181), (-3.6331356, 55.5592485)), ((-3.3976905, 55.2144528), (-3.3976658, 55.2145188)), ((-3.6331356, 55.5592485), (-3.6246146, 55.5727372)), ((-3.3992816, 55.2090884), (-3.3976905, 55.2144528)), ((-3.6246146, 55.5727372), (-3.6244563, 55.5729445)), ((-3.3992969, 55.2090374), (-3.3992816, 55.2090884)), ((-3.6244563, 55.5729445), (-3.6108408, 55.5858384)), ((-3.3992969, 55.2090374), (-3.3851042, 55.1638676)), ((-3.6108408, 55.5858384), (-3.6106843, 55.5860593)), ((-3.3851042, 55.1638676), (-3.3849516, 55.1637133)), ((-3.6106843, 55.5860593), (-3.6080437, 55.5905206)), ((-3.3849516, 55.1637133), (-3.3656662, 55.1442308)), ((-3.6080437, 55.5905206), (-3.6078533, 55.5908468)), ((-3.3656662, 55.1442308), (-3.3651431, 55.1436667)), ((-3.6078533, 55.5908468), (-3.6026048, 55.6047164)), ((-3.3651431, 55.1436667), (-3.3509485, 55.1150645)), ((-3.6026687, 55.6050531), (-3.6026048, 55.6047164)), ((-3.6057166, 55.6100794), (-3.6026687, 55.6050531)), ((-3.6060809, 55.6104484), (-3.6057166, 55.6100794)), ((-3.6359505, 55.6293835), (-3.6060809, 55.6104484)), ((-3.6368536, 55.6401805), (-3.6359505, 55.6293835)), ((-3.6368536, 55.6401805), (-3.6329766, 55.6541321)), ((-3.6329766, 55.6541321), (-3.6327999, 55.6547538)), ((-3.6346199, 55.6658086), (-3.6327999, 55.6547538)), ((-3.6348582, 55.6660555), (-3.6346199, 55.6658086)), ((-3.6377943, 55.6685843), (-3.6348582, 55.6660555)), ((-3.6379447, 55.6687061), (-3.6377943, 55.6685843)), ((-3.6509187, 55.6795568), (-3.6379447, 55.6687061)), ((-3.651141, 55.6797485), (-3.6509187, 55.6795568)), ((-3.6518247, 55.6803138), (-3.651141, 55.6797485)), ((-3.6557476, 55.683561), (-3.6518247, 55.6803138)), ((-3.6560489, 55.6838202), (-3.6557476, 55.683561)), ((-3.6578798, 55.6853463), (-3.6560489, 55.6838202)), ((-3.6583788, 55.6858275), (-3.6578798, 55.6853463))]",142,Gauge 10,864,827 (95.7%),37 (4.3%),0 (0.0%),168.87,504.8
167,4,"[((-1.2565423, 51.6150256), (-1.2545603, 51.6145337)), ((-1.2947123, 51.620632), (-1.2565423, 51.6150256)), ((-1.2947823, 51.6206363), (-1.2947123, 51.620632)), ((-1.3169128, 51.6214382), (-1.2947823, 51.6206363))]",142,Gauge 6,5211,5069 (97.3%),142 (2.7%),0 (0.0%),1.13,3.3
167,4,"[((-1.2565423, 51.6150256), (-1.2545603, 51.6145337)), ((-1.2947123, 51.620632), (-1.2565423, 51.6150256)), ((-1.2947823, 51.6206363), (-1.2947123, 51.620632)), ((-1.3169128, 51.6214382), (-1.2947823, 51.6206363))]",142,Gauge 10,864,836 (96.8%),28 (3.2%),0 (0.0%),1.00,3.9
168,7,"[((-2.7064385, 53.7517184), (-2.7062677, 53.7507899)), ((-2.7064572, 53.7518285), (-2.7064385, 53.7517184)), ((-2.7062677, 53.7507899), (-2.7058971, 53.7488031)), ((-2.7064984, 53.7520893), (-2.7064572, 53.7518285)), ((-2.7058971, 53.7488031), (-2.7055582, 53.7468895)), ((-2.7075359, 53.7558152), (-2.7064984, 53.7520893)), ((-2.7097863, 53.7595633), (-2.7075359, 53.7558152))]",142,Gauge 6,5211,5211 (100.0%),0 (0.0%),0 (0.0%),0,0
168,7,"[((-2.7064385, 53.7517184), (-2.7062677, 53.7507899)), ((-2.7064572, 53.7518285), (-2.7064385, 53.7517184)), ((-2.7062677, 53.7507899), (-2.7058971, 53.7488031)), ((-2.7064984, 53.7520893), (-2.7064572, 53.7518285)), ((-2.7058971, 53.7488031), (-2.7055582, 53.7468895)), ((-2.7075359, 53.7558152), (-2.7064984, 53.7520893)), ((-2.7097863, 53.7595633), (-2.7075359, 53.7558152))]",142,Gauge 10,864,864 (100.0%),0 (0.0%),0 (0.0%),0,0
169,1,"[((np.float64(-0.1047797), np.float64(51.5763246)), (np.float64(0.0216877), np.float64(51.4307871)))]",142,Gauge 6,5211,4626 (88.8%),585 (11.2%),0 (0.0%),0.12,5.1
169,1,"[((np.float64(-0.1047797), np.float64(51.5763246)), (np.float64(0.0216877), np.float64(51.4307871)))]",142,Gauge 10,864,864 (100.0%),0 (0.0%),0 (0.0%),0,0
170,1,"[((-0.252225, 52.5769358), (-0.2520668, 52.5766644))]",142,Gauge 6,5211,5197 (99.7%),14 (0.3%),0 (0.0%),0.01,2.0
170,1,"[((-0.252225, 52.5769358), (-0.2520668, 52.5766644))]",142,Gauge 10,864,864 (100.0%),0 (0.0%),0 (0.0%),0,0
171,22,"[((-2.6968528, 53.7210619), (-2.6846104, 53.6939229)), ((-2.7009973, 53.7299563), (-2.6968528, 53.7210619)), ((-2.6846104, 53.6939229), (-2.6781588, 53.6796763)), ((-2.7044054, 53.7408358), (-2.7009973, 53.7299563)), ((-2.6781588, 53.6796763), (-2.6776796, 53.6786035)), ((-2.7044423, 53.7410055), (-2.7044054, 53.7408358)), ((-2.6776796, 53.6786035), (-2.6776184, 53.6784648)), ((-2.7050726, 53.7443761), (-2.7044423, 53.7410055)), ((-2.6776184, 53.6784648), (-2.6744682, 53.670922)), ((-2.7050947, 53.7444902), (-2.7050726, 53.7443761)), ((-2.6744682, 53.670922), (-2.6743982, 53.6707188)), ((-2.7055235, 53.7467027), (-2.7050947, 53.7444902)), ((-2.6743982, 53.6707188), (-2.6732675, 53.666906)), ((-2.7055582, 53.7468895), (-2.7055235, 53.7467027)), ((-2.6732675, 53.666906), (-2.6732088, 53.6666925)), ((-2.6732088, 53.6666925), (-2.6704351, 53.6560261)), ((-2.6704351, 53.6560261), (-2.6703005, 53.6555141)), ((-2.6703005, 53.6555141), (-2.6696618, 53.6529974)), ((-2.6696618, 53.6529974), (-2.6696351, 53.6528805)), ((-2.6696351, 53.6528805), (-2.6690265, 53.6503994)), ((-2.6690265, 53.6503994), (-2.6686285, 53.6488278)), ((-2.6686285, 53.6488278), (-2.6683161, 53.6478783))]",141,Gauge 6,5211,5211 (100.0%),0 (0.0%),0 (0.0%),0,0
171,22,"[((-2.6968528, 53.7210619), (-2.6846104, 53.6939229)), ((-2.7009973, 53.7299563), (-2.6968528, 53.7210619)), ((-2.6846104, 53.6939229), (-2.6781588, 53.6796763)), ((-2.7044054, 53.7408358), (-2.7009973, 53.7299563)), ((-2.6781588, 53.6796763), (-2.6776796, 53.6786035)), ((-2.7044423, 53.7410055), (-2.7044054, 53.7408358)), ((-2.6776796, 53.6786035), (-2.6776184, 53.6784648)), ((-2.7050726, 53.7443761), (-2.7044423, 53.7410055)), ((-2.6776184, 53.6784648), (-2.6744682, 53.670922)), ((-2.7050947, 53.7444902), (-2.7050726, 53.7443761)), ((-2.6744682, 53.670922), (-2.6743982, 53.6707188)), ((-2.7055235, 53.7467027), (-2.7050947, 53.7444902)), ((-2.6743982, 53.6707188), (-2.6732675, 53.666906)), ((-2.7055582, 53.7468895), (-2.7055235, 53.7467027)), ((-2.6732675, 53.666906), (-2.6732088, 53.6666925)), ((-2.6732088, 53.6666925), (-2.6704351, 53.6560261)), ((-2.6704351, 53.6560261), (-2.6703005, 53.6555141)), ((-2.6703005, 53.6555141), (-2.6696618, 53.6529974)), ((-2.6696618, 53.6529974), (-2.6696351, 53.6528805)), ((-2.6696351, 53.6528805), (-2.6690265, 53.6503994)), ((-2.6690265, 53.6503994), (-2.6686285, 53.6488278)), ((-2.6686285, 53.6488278), (-2.6683161, 53.6478783))]",141,Gauge 10,864,864 (100.0%),0 (0.0%),0 (0.0%),0,0
172,36,"[((-2.1902411, 53.439337), (-2.1899849, 53.4389572)), ((-2.1909538, 53.4404574), (-2.1902411, 53.439337)), ((-2.1899849, 53.4389572), (-2.1870277, 53.4353166)), ((-2.1910695, 53.4406517), (-2.1909538, 53.4404574)), ((-2.1870277, 53.4353166), (-2.1867005, 53.4349235)), ((-2.1919782, 53.4424123), (-2.1910695, 53.4406517)), ((-2.1867005, 53.4349235), (-2.1706874, 53.4153247)), ((-2.1920441, 53.4425517), (-2.1919782, 53.4424123)), ((-2.1706874, 53.4153247), (-2.1703122, 53.414884)), ((-2.1926631, 53.444029), (-2.1920441, 53.4425517)), ((-2.1703122, 53.414884), (-2.1696143, 53.414049)), ((-2.19273, 53.4441929), (-2.1926631, 53.444029)), ((-2.1696143, 53.414049), (-2.1695487, 53.4139728)), ((-2.1928399, 53.4444579), (-2.19273, 53.4441929)), ((-2.1695487, 53.4139728), (-2.1692639, 53.4135692)), ((-2.1929103, 53.4446416), (-2.1928399, 53.4444579)), ((-2.1692639, 53.4135692), (-2.16859, 53.4127385)), ((-2.1938054, 53.4468565), (-2.1929103, 53.4446416)), ((-2.16859, 53.4127385), (-2.1684689, 53.4125813)), ((-2.1938653, 53.4469991), (-2.1938054, 53.4468565)), ((-2.1684689, 53.4125813), (-2.1674995, 53.4114493)), ((-2.1944254, 53.4483793), (-2.1938653, 53.4469991)), ((-2.1674995, 53.4114493), (-2.1641084, 53.4073327)), ((-2.1945081, 53.4485869), (-2.1944254, 53.4483793)), ((-2.1641084, 53.4073327), (-2.1639922, 53.4071211)), ((-2.1946912, 53.4490373), (-2.1945081, 53.4485869)), ((-2.1639922, 53.4071211), (-2.1639534, 53.4070035)), ((-2.1949006, 53.4495517), (-2.1946912, 53.4490373)), ((-2.1639534, 53.4070035), (-2.1629988, 53.4040339)), ((-2.1953132, 53.4505655), (-2.1949006, 53.4495517)), ((-2.1629988, 53.4040339), (-2.1628431, 53.4036094)), ((-2.1957003, 53.4516184), (-2.1953132, 53.4505655)), ((-2.1628431, 53.4036094), (-2.1627907, 53.4032995)), ((-2.1627907, 53.4032995), (-2.1627852, 53.4030133)), ((-2.1628023, 53.402515), (-2.1627852, 53.4030133)), ((-2.1629292, 53.4014224), (-2.1628023, 53.402515))]",140,Gauge 6,5211,5183 (99.5%),28 (0.5%),0 (0.0%),0.00,1.0
172,36,"[((-2.1902411, 53.439337), (-2.1899849, 53.4389572)), ((-2.1909538, 53.4404574), (-2.1902411, 53.439337)), ((-2.1899849, 53.4389572), (-2.1870277, 53.4353166)), ((-2.1910695, 53.4406517), (-2.1909538, 53.4404574)), ((-2.1870277, 53.4353166), (-2.1867005, 53.4349235)), ((-2.1919782, 53.4424123), (-2.1910695, 53.4406517)), ((-2.1867005, 53.4349235), (-2.1706874, 53.4153247)), ((-2.1920441, 53.4425517), (-2.1919782, 53.4424123)), ((-2.1706874, 53.4153247), (-2.1703122, 53.414884)), ((-2.1926631, 53.444029), (-2.1920441, 53.4425517)), ((-2.1703122, 53.414884), (-2.1696143, 53.414049)), ((-2.19273, 53.4441929), (-2.1926631, 53.444029)), ((-2.1696143, 53.414049), (-2.1695487, 53.4139728)), ((-2.1928399, 53.4444579), (-2.19273, 53.4441929)), ((-2.1695487, 53.4139728), (-2.1692639, 53.4135692)), ((-2.1929103, 53.4446416), (-2.1928399, 53.4444579)), ((-2.1692639, 53.4135692), (-2.16859, 53.4127385)), ((-2.1938054, 53.4468565), (-2.1929103, 53.4446416)), ((-2.16859, 53.4127385), (-2.1684689, 53.4125813)), ((-2.1938653, 53.4469991), (-2.1938054, 53.4468565)), ((-2.1684689, 53.4125813), (-2.1674995, 53.4114493)), ((-2.1944254, 53.4483793), (-2.1938653, 53.4469991)), ((-2.1674995, 53.4114493), (-2.1641084, 53.4073327)), ((-2.1945081, 53.4485869), (-2.1944254, 53.4483793)), ((-2.1641084, 53.4073327), (-2.1639922, 53.4071211)), ((-2.1946912, 53.4490373), (-2.1945081, 53.4485869)), ((-2.1639922, 53.4071211), (-2.1639534, 53.4070035)), ((-2.1949006, 53.4495517), (-2.1946912, 53.4490373)), ((-2.1639534, 53.4070035), (-2.1629988, 53.4040339)), ((-2.1953132, 53.4505655), (-2.1949006, 53.4495517)), ((-2.1629988, 53.4040339), (-2.1628431, 53.4036094)), ((-2.1957003, 53.4516184), (-2.1953132, 53.4505655)), ((-2.1628431, 53.4036094), (-2.1627907, 53.4032995)), ((-2.1627907, 53.4032995), (-2.1627852, 53.4030133)), ((-2.1628023, 53.402515), (-2.1627852, 53.4030133)), ((-2.1629292, 53.4014224), (-2.1628023, 53.402515))]",140,Gauge 10,864,836 (96.8%),28 (3.2%),0 (0.0%),0.00,1.0
173,6,"[((-0.2438197, 52.5659874), (-0.2431855, 52.5607814)), ((-0.2435695, 52.5581329), (-0.2431855, 52.5607814)), ((-0.2438914, 52.5661289), (-0.2438197, 52.5659874)), ((-0.2442351, 52.566722), (-0.2438914, 52.5661289)), ((-0.2454284, 52.5683858), (-0.2442351, 52.566722)), ((-0.2480107, 52.571521), (-0.2454284, 52.5683858))]",140,Gauge 6,5211,5099 (97.9%),112 (2.1%),0 (0.0%),19.37,19.1
173,6,"[((-0.2438197, 52.5659874), (-0.2431855, 52.5607814)), ((-0.2435695, 52.5581329), (-0.2431855, 52.5607814)), ((-0.2438914, 52.5661289), (-0.2438197, 52.5659874)), ((-0.2442351, 52.566722), (-0.2438914, 52.5661289)), ((-0.2454284, 52.5683858), (-0.2442351, 52.566722)), ((-0.2480107, 52.571521), (-0.2454284, 52.5683858))]",140,Gauge 10,864,848 (98.1%),16 (1.9%),0 (0.0%),44.42,51.0
174,1,"[((-0.5429615, 53.2269802), (-0.5426374, 53.2268888))]",140,Gauge 6,5211,5122 (98.3%),89 (1.7%),0 (0.0%),0.06,1.3
174,1,"[((-0.5429615, 53.2269802), (-0.5426374, 53.2268888))]",140,Gauge 10,864,864 (100.0%),0 (0.0%),0 (0.0%),0,0
175,5,"[((-0.544209, 53.2273354), (-0.5439426, 53.2272614)), ((-0.5439426, 53.2272614), (-0.5429615, 53.2269802)), ((-0.54476, 53.2274877), (-0.544209, 53.2273354)), ((-0.5577634, 53.2305238), (-0.54476, 53.2274877)), ((-0.5586371, 53.2306391), (-0.5577634, 53.2305238))]",139,Gauge 6,5211,5122 (98.3%),89 (1.7%),0 (0.0%),0.01,1.3
175,5,"[((-0.544209, 53.2273354), (-0.5439426, 53.2272614)), ((-0.5439426, 53.2272614), (-0.5429615, 53.2269802)), ((-0.54476, 53.2274877), (-0.544209, 53.2273354)), ((-0.5577634, 53.2305238), (-0.54476, 53.2274877)), ((-0.5586371, 53.2306391), (-0.5577634, 53.2305238))]",139,Gauge 10,864,864 (100.0%),0 (0.0%),0 (0.0%),0,0
176,6,"[((-0.5367843, 53.2252659), (-0.5364218, 53.2251701)), ((-0.537034, 53.2253387), (-0.5367843, 53.2252659)), ((-0.5397903, 53.2261065), (-0.537034, 53.2253387)), ((-0.5411964, 53.2264951), (-0.5397903, 53.2261065)), ((-0.5417884, 53.2266667), (-0.5411964, 53.2264951)), ((-0.5426374, 53.2268888), (-0.5417884, 53.2266667))]",139,Gauge 6,5211,5122 (98.3%),89 (1.7%),0 (0.0%),0.07,1.8
176,6,"[((-0.5367843, 53.2252659), (-0.5364218, 53.2251701)), ((-0.537034, 53.2253387), (-0.5367843, 53.2252659)), ((-0.5397903, 53.2261065), (-0.537034, 53.2253387)), ((-0.5411964, 53.2264951), (-0.5397903, 53.2261065)), ((-0.5417884, 53.2266667), (-0.5411964, 53.2264951)), ((-0.5426374, 53.2268888), (-0.5417884, 53.2266667))]",139,Gauge 10,864,864 (100.0%),0 (0.0%),0 (0.0%),0,0
177,5,"[((-0.2528564, 51.5218688), (-0.2365021, 51.5255598)), ((-0.2531323, 51.5217666), (-0.2528564, 51.5218688)), ((-0.2555942, 51.5208183), (-0.2531323, 51.5217666)), ((-0.2732746, 51.5159953), (-0.2555942, 51.5208183)), ((-0.2827699, 51.5150732), (-0.2732746, 51.5159953))]",139,Gauge 6,5211,4993 (95.8%),218 (4.2%),0 (0.0%),1.61,7.6
177,5,"[((-0.2528564, 51.5218688), (-0.2365021, 51.5255598)), ((-0.2531323, 51.5217666), (-0.2528564, 51.5218688)), ((-0.2555942, 51.5208183), (-0.2531323, 51.5217666)), ((-0.2732746, 51.5159953), (-0.2555942, 51.5208183)), ((-0.2827699, 51.5150732), (-0.2732746, 51.5159953))]",139,Gauge 10,864,864 (100.0%),0 (0.0%),0 (0.0%),0,0
178,1,"[((-1.1398079, 53.525665), (-1.1398036, 53.525932))]",139,Gauge 6,5211,5211 (100.0%),0 (0.0%),0 (0.0%),0,0
178,1,"[((-1.1398079, 53.525665), (-1.1398036, 53.525932))]",139,Gauge 10,864,864 (100.0%),0 (0.0%),0 (0.0%),0,0
179,38,"[((-1.423742, 53.259135), (-1.4214984, 53.25707)), ((-1.4242766, 53.2595173), (-1.423742, 53.259135)), ((-1.4214984, 53.25707), (-1.4213569, 53.256921)), ((-1.4289311, 53.2619545), (-1.4242766, 53.2595173)), ((-1.4213569, 53.256921), (-1.4202994, 53.2553916)), ((-1.4293493, 53.2621914), (-1.4289311, 53.2619545)), ((-1.4202994, 53.2553916), (-1.4201221, 53.2550838)), ((-1.4360457, 53.2680655), (-1.4293493, 53.2621914)), ((-1.4201221, 53.2550838), (-1.4197832, 53.2542732)), ((-1.4366905, 53.2687509), (-1.4360457, 53.2680655)), ((-1.4197832, 53.2542732), (-1.4197135, 53.2541053)), ((-1.437817, 53.2701631), (-1.4366905, 53.2687509)), ((-1.4197135, 53.2541053), (-1.4184348, 53.2476362)), ((-1.4381864, 53.27081), (-1.437817, 53.2701631)), ((-1.4184348, 53.2476362), (-1.4184215, 53.24745)), ((-1.4381864, 53.27081), (-1.4363438, 53.2815425)), ((-1.4363438, 53.2815425), (-1.4363373, 53.2818447)), ((-1.4382033, 53.2865665), (-1.4363373, 53.2818447)), ((-1.4389121, 53.2873724), (-1.4382033, 53.2865665)), ((-1.4392824, 53.2877238), (-1.4389121, 53.2873724)), ((-1.4393701, 53.2877989), (-1.4392824, 53.2877238)), ((-1.4468807, 53.2926604), (-1.4393701, 53.2877989)), ((-1.4472646, 53.2928904), (-1.4468807, 53.2926604)), ((-1.4501008, 53.2945481), (-1.4472646, 53.2928904)), ((-1.4502182, 53.294612), (-1.4501008, 53.2945481)), ((-1.4604662, 53.2983854), (-1.4502182, 53.294612)), ((-1.4608607, 53.2985124), (-1.4604662, 53.2983854)), ((-1.4650774, 53.2999483), (-1.4608607, 53.2985124)), ((-1.4652383, 53.300002), (-1.4650774, 53.2999483)), ((-1.4656688, 53.300153), (-1.4652383, 53.300002)), ((-1.4658599, 53.300223), (-1.4656688, 53.300153)), ((-1.4865985, 53.3125537), (-1.4658599, 53.300223)), ((-1.5095819, 53.3217686), (-1.4865985, 53.3125537)), ((-1.5126862, 53.3234244), (-1.5095819, 53.3217686)), ((-1.5149336, 53.3262902), (-1.5126862, 53.3234244)), ((-1.5150848, 53.3269286), (-1.5149336, 53.3262902)), ((-1.515094, 53.3270846), (-1.5150848, 53.3269286)), ((-1.515094, 53.3270846), (-1.5129874, 53.3321331))]",138,Gauge 6,5211,5081 (97.5%),130 (2.5%),0 (0.0%),0.21,0.4
179,38,"[((-1.423742, 53.259135), (-1.4214984, 53.25707)), ((-1.4242766, 53.2595173), (-1.423742, 53.259135)), ((-1.4214984, 53.25707), (-1.4213569, 53.256921)), ((-1.4289311, 53.2619545), (-1.4242766, 53.2595173)), ((-1.4213569, 53.256921), (-1.4202994, 53.2553916)), ((-1.4293493, 53.2621914), (-1.4289311, 53.2619545)), ((-1.4202994, 53.2553916), (-1.4201221, 53.2550838)), ((-1.4360457, 53.2680655), (-1.4293493, 53.2621914)), ((-1.4201221, 53.2550838), (-1.4197832, 53.2542732)), ((-1.4366905, 53.2687509), (-1.4360457, 53.2680655)), ((-1.4197832, 53.2542732), (-1.4197135, 53.2541053)), ((-1.437817, 53.2701631), (-1.4366905, 53.2687509)), ((-1.4197135, 53.2541053), (-1.4184348, 53.2476362)), ((-1.4381864, 53.27081), (-1.437817, 53.2701631)), ((-1.4184348, 53.2476362), (-1.4184215, 53.24745)), ((-1.4381864, 53.27081), (-1.4363438, 53.2815425)), ((-1.4363438, 53.2815425), (-1.4363373, 53.2818447)), ((-1.4382033, 53.2865665), (-1.4363373, 53.2818447)), ((-1.4389121, 53.2873724), (-1.4382033, 53.2865665)), ((-1.4392824, 53.2877238), (-1.4389121, 53.2873724)), ((-1.4393701, 53.2877989), (-1.4392824, 53.2877238)), ((-1.4468807, 53.2926604), (-1.4393701, 53.2877989)), ((-1.4472646, 53.2928904), (-1.4468807, 53.2926604)), ((-1.4501008, 53.2945481), (-1.4472646, 53.2928904)), ((-1.4502182, 53.294612), (-1.4501008, 53.2945481)), ((-1.4604662, 53.2983854), (-1.4502182, 53.294612)), ((-1.4608607, 53.2985124), (-1.4604662, 53.2983854)), ((-1.4650774, 53.2999483), (-1.4608607, 53.2985124)), ((-1.4652383, 53.300002), (-1.4650774, 53.2999483)), ((-1.4656688, 53.300153), (-1.4652383, 53.300002)), ((-1.4658599, 53.300223), (-1.4656688, 53.300153)), ((-1.4865985, 53.3125537), (-1.4658599, 53.300223)), ((-1.5095819, 53.3217686), (-1.4865985, 53.3125537)), ((-1.5126862, 53.3234244), (-1.5095819, 53.3217686)), ((-1.5149336, 53.3262902), (-1.5126862, 53.3234244)), ((-1.5150848, 53.3269286), (-1.5149336, 53.3262902)), ((-1.515094, 53.3270846), (-1.5150848, 53.3269286)), ((-1.515094, 53.3270846), (-1.5129874, 53.3321331))]",138,Gauge 10,864,864 (100.0%),0 (0.0%),0 (0.0%),0,0
180,62,"[((-0.0725318, 51.5803271), (-0.0704481, 51.5806235)), ((-0.0728457, 51.5802877), (-0.0725318, 51.5803271)), ((-0.0704481, 51.5806235), (-0.066517, 51.5816597)), ((-0.0732412, 51.5802434), (-0.0728457, 51.5802877)), ((-0.066517, 51.5816597), (-0.0631071, 51.5829765)), ((-0.0804924, 51.5794817), (-0.0732412, 51.5802434)), ((-0.0631071, 51.5829765), (-0.060725, 51.5841501)), ((-0.0809738, 51.5794425), (-0.0804924, 51.5794817)), ((-0.060725, 51.5841501), (-0.0599767, 51.5844418)), ((-0.0868971, 51.5789892), (-0.0809738, 51.5794425)), ((-0.0599767, 51.5844418), (-0.0598826, 51.5844767)), ((-0.0871325, 51.5789746), (-0.0868971, 51.5789892)), ((-0.0598826, 51.5844767), (-0.0593362, 51.5846604)), ((-0.0951481, 51.5779497), (-0.0871325, 51.5789746)), ((-0.0593362, 51.5846604), (-0.0591265, 51.5847279)), ((-0.0953315, 51.5779043), (-0.0951481, 51.5779497)), ((-0.0591265, 51.5847279), (-0.0575698, 51.5851334)), ((-0.0985521, 51.5770613), (-0.0953315, 51.5779043)), ((-0.0575698, 51.5851334), (-0.0573158, 51.5851902)), ((-0.0988461, 51.5769838), (-0.0985521, 51.5770613)), ((-0.0573158, 51.5851902), (-0.0566534, 51.5853212)), ((-0.1019238, 51.5761429), (-0.0988461, 51.5769838)), ((-0.0566534, 51.5853212), (-0.0557675, 51.5854657)), ((-0.1021328, 51.5760846), (-0.1019238, 51.5761429)), ((-0.0557675, 51.5854657), (-0.0553026, 51.5855239)), ((-0.1038606, 51.5756233), (-0.1021328, 51.5760846)), ((-0.0553026, 51.5855239), (-0.0539142, 51.5856784)), ((-0.1057463, 51.5750781), (-0.1038606, 51.5756233)), ((-0.0539142, 51.5856784), (-0.0535827, 51.585709)), ((-0.1118062, 51.5734414), (-0.1057463, 51.5750781)), ((-0.0535827, 51.585709), (-0.052403, 51.5858498)), ((-0.1129472, 51.5731003), (-0.1118062, 51.5734414)), ((-0.052403, 51.5858498), (-0.0518409, 51.5859085)), ((-0.1174204, 51.5711409), (-0.1129472, 51.5731003)), ((-0.0518409, 51.5859085), (-0.0456602, 51.5865124)), ((-0.1270241, 51.5654553), (-0.1174204, 51.5711409)), ((-0.0456602, 51.5865124), (-0.0452495, 51.5865351)), ((-0.1380758, 51.558578), (-0.1270241, 51.5654553)), ((-0.0452495, 51.5865351), (-0.0271338, 51.5833349)), ((-0.1393917, 51.5579854), (-0.1380758, 51.558578)), ((-0.0271338, 51.5833349), (-0.0267114, 51.5831198)), ((-0.1415327, 51.5571682), (-0.1393917, 51.5579854)), ((-0.0267114, 51.5831198), (-0.0171411, 51.5759992)), ((-0.1431029, 51.55666), (-0.1415327, 51.5571682)), ((-0.0171411, 51.5759992), (-0.0169848, 51.5758307)), ((-0.1442438, 51.5562599), (-0.1431029, 51.55666)), ((-0.0169848, 51.5758307), (-0.0055294, 51.5689024)), ((-0.1446428, 51.5561349), (-0.1442438, 51.5562599)), ((-0.0055294, 51.5689024), (-0.0051887, 51.5687858)), ((-0.145442, 51.5558915), (-0.1446428, 51.5561349)), ((-0.0051887, 51.5687858), (0.0050704, 51.5650112)), ((-0.1457825, 51.5556987), (-0.145442, 51.5558915)), ((0.0050704, 51.5650112), (0.005814, 51.5646929)), ((-0.1471561, 51.5542813), (-0.1457825, 51.5556987)), ((0.005814, 51.5646929), (0.009422, 51.563055)), ((-0.1475646, 51.5536977), (-0.1471561, 51.5542813)), ((0.009422, 51.563055), (0.011995, 51.5611203)), ((-0.149147, 51.5528725), (-0.1475646, 51.5536977)), ((0.011995, 51.5611203), (0.0147707, 51.5587236)), ((-0.1505995, 51.5527113), (-0.149147, 51.5528725)), ((0.0147707, 51.5587236), (0.0362447, 51.550713)), ((0.0362447, 51.550713), (0.043597, 51.5494082))]",137,Gauge 6,5211,5184 (99.5%),25 (0.5%),2 (0.0%),0.09,1.2
180,62,"[((-0.0725318, 51.5803271), (-0.0704481, 51.5806235)), ((-0.0728457, 51.5802877), (-0.0725318, 51.5803271)), ((-0.0704481, 51.5806235), (-0.066517, 51.5816597)), ((-0.0732412, 51.5802434), (-0.0728457, 51.5802877)), ((-0.066517, 51.5816597), (-0.0631071, 51.5829765)), ((-0.0804924, 51.5794817), (-0.0732412, 51.5802434)), ((-0.0631071, 51.5829765), (-0.060725, 51.5841501)), ((-0.0809738, 51.5794425), (-0.0804924, 51.5794817)), ((-0.060725, 51.5841501), (-0.0599767, 51.5844418)), ((-0.0868971, 51.5789892), (-0.0809738, 51.5794425)), ((-0.0599767, 51.5844418), (-0.0598826, 51.5844767)), ((-0.0871325, 51.5789746), (-0.0868971, 51.5789892)), ((-0.0598826, 51.5844767), (-0.0593362, 51.5846604)), ((-0.0951481, 51.5779497), (-0.0871325, 51.5789746)), ((-0.0593362, 51.5846604), (-0.0591265, 51.5847279)), ((-0.0953315, 51.5779043), (-0.0951481, 51.5779497)), ((-0.0591265, 51.5847279), (-0.0575698, 51.5851334)), ((-0.0985521, 51.5770613), (-0.0953315, 51.5779043)), ((-0.0575698, 51.5851334), (-0.0573158, 51.5851902)), ((-0.0988461, 51.5769838), (-0.0985521, 51.5770613)), ((-0.0573158, 51.5851902), (-0.0566534, 51.5853212)), ((-0.1019238, 51.5761429), (-0.0988461, 51.5769838)), ((-0.0566534, 51.5853212), (-0.0557675, 51.5854657)), ((-0.1021328, 51.5760846), (-0.1019238, 51.5761429)), ((-0.0557675, 51.5854657), (-0.0553026, 51.5855239)), ((-0.1038606, 51.5756233), (-0.1021328, 51.5760846)), ((-0.0553026, 51.5855239), (-0.0539142, 51.5856784)), ((-0.1057463, 51.5750781), (-0.1038606, 51.5756233)), ((-0.0539142, 51.5856784), (-0.0535827, 51.585709)), ((-0.1118062, 51.5734414), (-0.1057463, 51.5750781)), ((-0.0535827, 51.585709), (-0.052403, 51.5858498)), ((-0.1129472, 51.5731003), (-0.1118062, 51.5734414)), ((-0.052403, 51.5858498), (-0.0518409, 51.5859085)), ((-0.1174204, 51.5711409), (-0.1129472, 51.5731003)), ((-0.0518409, 51.5859085), (-0.0456602, 51.5865124)), ((-0.1270241, 51.5654553), (-0.1174204, 51.5711409)), ((-0.0456602, 51.5865124), (-0.0452495, 51.5865351)), ((-0.1380758, 51.558578), (-0.1270241, 51.5654553)), ((-0.0452495, 51.5865351), (-0.0271338, 51.5833349)), ((-0.1393917, 51.5579854), (-0.1380758, 51.558578)), ((-0.0271338, 51.5833349), (-0.0267114, 51.5831198)), ((-0.1415327, 51.5571682), (-0.1393917, 51.5579854)), ((-0.0267114, 51.5831198), (-0.0171411, 51.5759992)), ((-0.1431029, 51.55666), (-0.1415327, 51.5571682)), ((-0.0171411, 51.5759992), (-0.0169848, 51.5758307)), ((-0.1442438, 51.5562599), (-0.1431029, 51.55666)), ((-0.0169848, 51.5758307), (-0.0055294, 51.5689024)), ((-0.1446428, 51.5561349), (-0.1442438, 51.5562599)), ((-0.0055294, 51.5689024), (-0.0051887, 51.5687858)), ((-0.145442, 51.5558915), (-0.1446428, 51.5561349)), ((-0.0051887, 51.5687858), (0.0050704, 51.5650112)), ((-0.1457825, 51.5556987), (-0.145442, 51.5558915)), ((0.0050704, 51.5650112), (0.005814, 51.5646929)), ((-0.1471561, 51.5542813), (-0.1457825, 51.5556987)), ((0.005814, 51.5646929), (0.009422, 51.563055)), ((-0.1475646, 51.5536977), (-0.1471561, 51.5542813)), ((0.009422, 51.563055), (0.011995, 51.5611203)), ((-0.149147, 51.5528725), (-0.1475646, 51.5536977)), ((0.011995, 51.5611203), (0.0147707, 51.5587236)), ((-0.1505995, 51.5527113), (-0.149147, 51.5528725)), ((0.0147707, 51.5587236), (0.0362447, 51.550713)), ((0.0362447, 51.550713), (0.043597, 51.5494082))]",137,Gauge 10,864,864 (100.0%),0 (0.0%),0 (0.0%),0,0
181,38,"[((-0.176269, 51.6730319), (-0.1761504, 51.67112)), ((-0.1761504, 51.67112), (-0.1759228, 51.6673867)), ((-0.1778505, 51.6792312), (-0.176269, 51.6730319)), ((-0.1759228, 51.6673867), (-0.1757353, 51.6642298)), ((-0.1836635, 51.6885801), (-0.1778505, 51.6792312)), ((-0.1757353, 51.6642298), (-0.1735539, 51.6503471)), ((-0.1919828, 51.6966658), (-0.1836635, 51.6885801)), ((-0.1735539, 51.6503471), (-0.1733915, 51.6500228)), ((-0.1922, 51.696882), (-0.1919828, 51.6966658)), ((-0.1733915, 51.6500228), (-0.1701564, 51.6437014)), ((-0.1975407, 51.7024024), (-0.1922, 51.696882)), ((-0.1701564, 51.6437014), (-0.1699097, 51.6432243)), ((-0.2012286, 51.7073093), (-0.1975407, 51.7024024)), ((-0.1699097, 51.6432243), (-0.1601114, 51.631663)), ((-0.2012797, 51.7074009), (-0.2012286, 51.7073093)), ((-0.1601114, 51.631663), (-0.1559506, 51.6274127)), ((-0.2022501, 51.7091692), (-0.2012797, 51.7074009)), ((-0.1559506, 51.6274127), (-0.1351844, 51.6080502)), ((-0.2024488, 51.7095762), (-0.2022501, 51.7091692)), ((-0.1351844, 51.6080502), (-0.1285586, 51.6039561)), ((-0.2038962, 51.7135814), (-0.2024488, 51.7095762)), ((-0.1285586, 51.6039561), (-0.1234678, 51.6006418)), ((-0.2045817, 51.7189564), (-0.2038962, 51.7135814)), ((-0.1234678, 51.6006418), (-0.122332, 51.5997801)), ((-0.2046633, 51.7211754), (-0.2045817, 51.7189564)), ((-0.204778, 51.7217867), (-0.2046633, 51.7211754)), ((-0.2051406, 51.7268802), (-0.204778, 51.7217867)), ((-0.2070417, 51.7324266), (-0.2051406, 51.7268802)), ((-0.2071029, 51.7325315), (-0.2070417, 51.7324266)), ((-0.216846, 51.7421686), (-0.2071029, 51.7325315)), ((-0.216846, 51.7421686), (-0.2164852, 51.7614183)), ((-0.2164852, 51.7614183), (-0.2163247, 51.7618095)), ((-0.2163247, 51.7618095), (-0.2160125, 51.7767425)), ((-0.2160125, 51.7767425), (-0.2156514, 51.7783449)), ((-0.2156514, 51.7783449), (-0.2153377, 51.7792326)), ((-0.2153377, 51.7792326), (-0.2140512, 51.781638)), ((-0.2140512, 51.781638), (-0.2139529, 51.7818142)), ((-0.2139529, 51.7818142), (-0.2078456, 51.7927644))]",137,Gauge 6,5211,4896 (94.0%),315 (6.0%),0 (0.0%),0.15,3.4
181,38,"[((-0.176269, 51.6730319), (-0.1761504, 51.67112)), ((-0.1761504, 51.67112), (-0.1759228, 51.6673867)), ((-0.1778505, 51.6792312), (-0.176269, 51.6730319)), ((-0.1759228, 51.6673867), (-0.1757353, 51.6642298)), ((-0.1836635, 51.6885801), (-0.1778505, 51.6792312)), ((-0.1757353, 51.6642298), (-0.1735539, 51.6503471)), ((-0.1919828, 51.6966658), (-0.1836635, 51.6885801)), ((-0.1735539, 51.6503471), (-0.1733915, 51.6500228)), ((-0.1922, 51.696882), (-0.1919828, 51.6966658)), ((-0.1733915, 51.6500228), (-0.1701564, 51.6437014)), ((-0.1975407, 51.7024024), (-0.1922, 51.696882)), ((-0.1701564, 51.6437014), (-0.1699097, 51.6432243)), ((-0.2012286, 51.7073093), (-0.1975407, 51.7024024)), ((-0.1699097, 51.6432243), (-0.1601114, 51.631663)), ((-0.2012797, 51.7074009), (-0.2012286, 51.7073093)), ((-0.1601114, 51.631663), (-0.1559506, 51.6274127)), ((-0.2022501, 51.7091692), (-0.2012797, 51.7074009)), ((-0.1559506, 51.6274127), (-0.1351844, 51.6080502)), ((-0.2024488, 51.7095762), (-0.2022501, 51.7091692)), ((-0.1351844, 51.6080502), (-0.1285586, 51.6039561)), ((-0.2038962, 51.7135814), (-0.2024488, 51.7095762)), ((-0.1285586, 51.6039561), (-0.1234678, 51.6006418)), ((-0.2045817, 51.7189564), (-0.2038962, 51.7135814)), ((-0.1234678, 51.6006418), (-0.122332, 51.5997801)), ((-0.2046633, 51.7211754), (-0.2045817, 51.7189564)), ((-0.204778, 51.7217867), (-0.2046633, 51.7211754)), ((-0.2051406, 51.7268802), (-0.204778, 51.7217867)), ((-0.2070417, 51.7324266), (-0.2051406, 51.7268802)), ((-0.2071029, 51.7325315), (-0.2070417, 51.7324266)), ((-0.216846, 51.7421686), (-0.2071029, 51.7325315)), ((-0.216846, 51.7421686), (-0.2164852, 51.7614183)), ((-0.2164852, 51.7614183), (-0.2163247, 51.7618095)), ((-0.2163247, 51.7618095), (-0.2160125, 51.7767425)), ((-0.2160125, 51.7767425), (-0.2156514, 51.7783449)), ((-0.2156514, 51.7783449), (-0.2153377, 51.7792326)), ((-0.2153377, 51.7792326), (-0.2140512, 51.781638)), ((-0.2140512, 51.781638), (-0.2139529, 51.7818142)), ((-0.2139529, 51.7818142), (-0.2078456, 51.7927644))]",137,Gauge 10,864,837 (96.9%),27 (3.1%),0 (0.0%),1.50,7.1
182,4,"[((-1.4182855, 53.2463479), (-1.4182841, 53.2459466)), ((-1.4182916, 53.2457214), (-1.4182841, 53.2459466)), ((-1.4189996, 53.2410704), (-1.4182916, 53.2457214)), ((-1.4191523, 53.240448), (-1.4189996, 53.2410704))]",137,Gauge 6,5211,5209 (100.0%),2 (0.0%),0 (0.0%),0.15,2.0
182,4,"[((-1.4182855, 53.2463479), (-1.4182841, 53.2459466)), ((-1.4182916, 53.2457214), (-1.4182841, 53.2459466)), ((-1.4189996, 53.2410704), (-1.4182916, 53.2457214)), ((-1.4191523, 53.240448), (-1.4189996, 53.2410704))]",137,Gauge 10,864,864 (100.0%),0 (0.0%),0 (0.0%),0,0
183,2,"[((-1.1400751, 53.5196964), (-1.1400633, 53.5200545)), ((-1.1400932, 53.5190842), (-1.1400751, 53.5196964))]",137,Gauge 6,5211,5111 (98.1%),100 (1.9%),0 (0.0%),0.13,0.8
183,2,"[((-1.1400751, 53.5196964), (-1.1400633, 53.5200545)), ((-1.1400932, 53.5190842), (-1.1400751, 53.5196964))]",137,Gauge 10,864,850 (98.4%),14 (1.6%),0 (0.0%),0.12,1.0
184,1,"[((-2.4342018, 53.0917939), (-2.43391, 53.091162))]",137,Gauge 6,5211,5199 (99.8%),12 (0.2%),0 (0.0%),0.48,4.7
184,1,"[((-2.4342018, 53.0917939), (-2.43391, 53.091162))]",137,Gauge 10,864,860 (99.5%),4 (0.5%),0 (0.0%),0.36,14.0
185,11,"[((-1.4214711, 53.2302871), (-1.4214499, 53.2305036)), ((-1.4216228, 53.2280005), (-1.4214711, 53.2302871)), ((-1.4214499, 53.2305036), (-1.4214412, 53.2305644)), ((-1.4216228, 53.2280005), (-1.4216201, 53.2278159)), ((-1.4214412, 53.2305644), (-1.4214083, 53.2308326)), ((-1.4216201, 53.2278159), (-1.4215915, 53.2264489)), ((-1.4214083, 53.2308326), (-1.4207779, 53.2339306)), ((-1.4207779, 53.2339306), (-1.4207373, 53.2340781)), ((-1.4207373, 53.2340781), (-1.4196413, 53.23848)), ((-1.4196413, 53.23848), (-1.419556, 53.2388458)), ((-1.419556, 53.2388458), (-1.4191523, 53.240448))]",135,Gauge 6,5211,5211 (100.0%),0 (0.0%),0 (0.0%),0,0
185,11,"[((-1.4214711, 53.2302871), (-1.4214499, 53.2305036)), ((-1.4216228, 53.2280005), (-1.4214711, 53.2302871)), ((-1.4214499, 53.2305036), (-1.4214412, 53.2305644)), ((-1.4216228, 53.2280005), (-1.4216201, 53.2278159)), ((-1.4214412, 53.2305644), (-1.4214083, 53.2308326)), ((-1.4216201, 53.2278159), (-1.4215915, 53.2264489)), ((-1.4214083, 53.2308326), (-1.4207779, 53.2339306)), ((-1.4207779, 53.2339306), (-1.4207373, 53.2340781)), ((-1.4207373, 53.2340781), (-1.4196413, 53.23848)), ((-1.4196413, 53.23848), (-1.419556, 53.2388458)), ((-1.419556, 53.2388458), (-1.4191523, 53.240448))]",135,Gauge 10,864,864 (100.0%),0 (0.0%),0 (0.0%),0,0
186,2,"[((-1.8763937, 52.4814998), (-1.8754384, 52.48149)), ((-1.8769827, 52.4815147), (-1.8763937, 52.4814998))]",135,Gauge 6,5211,5130 (98.4%),81 (1.6%),0 (0.0%),0.07,1.7
186,2,"[((-1.8763937, 52.4814998), (-1.8754384, 52.48149)), ((-1.8769827, 52.4815147), (-1.8763937, 52.4814998))]",135,Gauge 10,864,864 (100.0%),0 (0.0%),0 (0.0%),0,0
187,1,"[((-1.0084434, 53.5945314), (-0.9945357, 53.5997774))]",135,Gauge 6,5211,5181 (99.4%),30 (0.6%),0 (0.0%),0.07,1.0
187,1,"[((-1.0084434, 53.5945314), (-0.9945357, 53.5997774))]",135,Gauge 10,864,864 (100.0%),0 (0.0%),0 (0.0%),0,0
188,1,"[((-3.6628247, 55.6888076), (-3.6602424, 55.6872729))]",135,Gauge 6,5211,5076 (97.4%),135 (2.6%),0 (0.0%),0.19,1.7
188,1,"[((-3.6628247, 55.6888076), (-3.6602424, 55.6872729))]",135,Gauge 10,864,758 (87.7%),106 (12.3%),0 (0.0%),0.19,1.7
189,2,"[((-1.4183418, 53.2470714), (-1.4182855, 53.2463479)), ((-1.4184215, 53.24745), (-1.4183418, 53.2470714))]",135,Gauge 6,5211,5152 (98.9%),59 (1.1%),0 (0.0%),0.04,2.0
189,2,"[((-1.4183418, 53.2470714), (-1.4182855, 53.2463479)), ((-1.4184215, 53.24745), (-1.4183418, 53.2470714))]",135,Gauge 10,864,864 (100.0%),0 (0.0%),0 (0.0%),0,0
190,25,"[((-3.8497441, 55.7315534), (-3.8494265, 55.7313951)), ((-3.8619758, 55.7446491), (-3.8497441, 55.7315534)), ((-3.8494265, 55.7313951), (-3.8476053, 55.7303766)), ((-3.8623766, 55.7454134), (-3.8619758, 55.7446491)), ((-3.8476053, 55.7303766), (-3.846956, 55.7299723)), ((-3.8626937, 55.7460281), (-3.8623766, 55.7454134)), ((-3.846956, 55.7299723), (-3.8449596, 55.728423)), ((-3.8737241, 55.7552003), (-3.8626937, 55.7460281)), ((-3.8449596, 55.728423), (-3.8448205, 55.7283026)), ((-3.8782783, 55.7566269), (-3.8737241, 55.7552003)), ((-3.8448205, 55.7283026), (-3.8387596, 55.7210498)), ((-3.8387596, 55.7210498), (-3.8383473, 55.7206499)), ((-3.8383473, 55.7206499), (-3.8323933, 55.7148131)), ((-3.8323933, 55.7148131), (-3.8317799, 55.714189)), ((-3.8317799, 55.714189), (-3.8285085, 55.7109897)), ((-3.8285085, 55.7109897), (-3.8277564, 55.7103052)), ((-3.8277564, 55.7103052), (-3.77558, 55.7009357)), ((-3.77558, 55.7009357), (-3.7367476, 55.6915787)), ((-3.7367476, 55.6915787), (-3.7326915, 55.6906356)), ((-3.7326915, 55.6906356), (-3.7317079, 55.6904078)), ((-3.7317079, 55.6904078), (-3.6913025, 55.6919501)), ((-3.6913025, 55.6919501), (-3.6908623, 55.6919962)), ((-3.6908623, 55.6919962), (-3.6881858, 55.692268)), ((-3.6881858, 55.692268), (-3.6874787, 55.6923419)), ((-3.6874787, 55.6923419), (-3.6821947, 55.6927639))]",133,Gauge 6,5211,5075 (97.4%),136 (2.6%),0 (0.0%),7.67,21.7
190,25,"[((-3.8497441, 55.7315534), (-3.8494265, 55.7313951)), ((-3.8619758, 55.7446491), (-3.8497441, 55.7315534)), ((-3.8494265, 55.7313951), (-3.8476053, 55.7303766)), ((-3.8623766, 55.7454134), (-3.8619758, 55.7446491)), ((-3.8476053, 55.7303766), (-3.846956, 55.7299723)), ((-3.8626937, 55.7460281), (-3.8623766, 55.7454134)), ((-3.846956, 55.7299723), (-3.8449596, 55.728423)), ((-3.8737241, 55.7552003), (-3.8626937, 55.7460281)), ((-3.8449596, 55.728423), (-3.8448205, 55.7283026)), ((-3.8782783, 55.7566269), (-3.8737241, 55.7552003)), ((-3.8448205, 55.7283026), (-3.8387596, 55.7210498)), ((-3.8387596, 55.7210498), (-3.8383473, 55.7206499)), ((-3.8383473, 55.7206499), (-3.8323933, 55.7148131)), ((-3.8323933, 55.7148131), (-3.8317799, 55.714189)), ((-3.8317799, 55.714189), (-3.8285085, 55.7109897)), ((-3.8285085, 55.7109897), (-3.8277564, 55.7103052)), ((-3.8277564, 55.7103052), (-3.77558, 55.7009357)), ((-3.77558, 55.7009357), (-3.7367476, 55.6915787)), ((-3.7367476, 55.6915787), (-3.7326915, 55.6906356)), ((-3.7326915, 55.6906356), (-3.7317079, 55.6904078)), ((-3.7317079, 55.6904078), (-3.6913025, 55.6919501)), ((-3.6913025, 55.6919501), (-3.6908623, 55.6919962)), ((-3.6908623, 55.6919962), (-3.6881858, 55.692268)), ((-3.6881858, 55.692268), (-3.6874787, 55.6923419)), ((-3.6874787, 55.6923419), (-3.6821947, 55.6927639))]",133,Gauge 10,864,758 (87.7%),106 (12.3%),0 (0.0%),7.74,21.9
191,6,"[((0.3613766, 51.44053), (0.3623021, 51.4407826)), ((0.3462978, 51.437466), (0.3613766, 51.44053)), ((0.3458239, 51.4374441), (0.3462978, 51.437466)), ((0.3363077, 51.4387398), (0.3458239, 51.4374441)), ((0.3361964, 51.4387738), (0.3363077, 51.4387398)), ((0.3317701, 51.4407321), (0.3361964, 51.4387738))]",133,Gauge 6,5211,5092 (97.7%),119 (2.3%),0 (0.0%),0.02,1.3
191,6,"[((0.3613766, 51.44053), (0.3623021, 51.4407826)), ((0.3462978, 51.437466), (0.3613766, 51.44053)), ((0.3458239, 51.4374441), (0.3462978, 51.437466)), ((0.3363077, 51.4387398), (0.3458239, 51.4374441)), ((0.3361964, 51.4387738), (0.3363077, 51.4387398)), ((0.3317701, 51.4407321), (0.3361964, 51.4387738))]",133,Gauge 10,864,864 (100.0%),0 (0.0%),0 (0.0%),0,0
192,21,"[((-0.0238768, 51.523256), (-0.0229783, 51.5239182)), ((-0.0229783, 51.5239182), (-0.0200319, 51.5245604)), ((-0.0238768, 51.523256), (-0.0228731, 51.5246047)), ((-0.0200319, 51.5245604), (-0.0146974, 51.5244424)), ((-0.0229222, 51.5279706), (-0.0228731, 51.5246047)), ((-0.0146974, 51.5244424), (-0.0133528, 51.524488)), ((-0.0229222, 51.5279706), (-0.0217626, 51.5303045)), ((-0.0133528, 51.524488), (-0.0081273, 51.5252647)), ((-0.0217626, 51.5303045), (-0.0216177, 51.5304185)), ((-0.0081273, 51.5252647), (-0.0065114, 51.5256359)), ((-0.0216177, 51.5304185), (-0.0209187, 51.5308465)), ((-0.0065114, 51.5256359), (0.0040741, 51.528151)), ((-0.0209187, 51.5308465), (-0.0202668, 51.5311109)), ((0.0040741, 51.528151), (0.0049053, 51.5283439)), ((0.0049053, 51.5283439), (0.0102549, 51.5295685)), ((0.0102549, 51.5295685), (0.0465321, 51.5379054)), ((0.0465321, 51.5379054), (0.0478567, 51.5381914)), ((0.0478567, 51.5381914), (0.055918, 51.5404382)), ((0.055918, 51.5404382), (0.068949, 51.5438311)), ((0.068949, 51.5438311), (0.0696348, 51.5436757)), ((0.0696348, 51.5436757), (0.0696967, 51.5436625))]",133,Gauge 6,5211,5054 (97.0%),157 (3.0%),0 (0.0%),2.44,1.8
192,21,"[((-0.0238768, 51.523256), (-0.0229783, 51.5239182)), ((-0.0229783, 51.5239182), (-0.0200319, 51.5245604)), ((-0.0238768, 51.523256), (-0.0228731, 51.5246047)), ((-0.0200319, 51.5245604), (-0.0146974, 51.5244424)), ((-0.0229222, 51.5279706), (-0.0228731, 51.5246047)), ((-0.0146974, 51.5244424), (-0.0133528, 51.524488)), ((-0.0229222, 51.5279706), (-0.0217626, 51.5303045)), ((-0.0133528, 51.524488), (-0.0081273, 51.5252647)), ((-0.0217626, 51.5303045), (-0.0216177, 51.5304185)), ((-0.0081273, 51.5252647), (-0.0065114, 51.5256359)), ((-0.0216177, 51.5304185), (-0.0209187, 51.5308465)), ((-0.0065114, 51.5256359), (0.0040741, 51.528151)), ((-0.0209187, 51.5308465), (-0.0202668, 51.5311109)), ((0.0040741, 51.528151), (0.0049053, 51.5283439)), ((0.0049053, 51.5283439), (0.0102549, 51.5295685)), ((0.0102549, 51.5295685), (0.0465321, 51.5379054)), ((0.0465321, 51.5379054), (0.0478567, 51.5381914)), ((0.0478567, 51.5381914), (0.055918, 51.5404382)), ((0.055918, 51.5404382), (0.068949, 51.5438311)), ((0.068949, 51.5438311), (0.0696348, 51.5436757)), ((0.0696348, 51.5436757), (0.0696967, 51.5436625))]",133,Gauge 10,864,864 (100.0%),0 (0.0%),0 (0.0%),0,0
193,1,"[((-0.993916, 53.6000097), (-0.9802701, 53.6028019))]",133,Gauge 6,5211,5181 (99.4%),30 (0.6%),0 (0.0%),0.01,1.2
193,1,"[((-0.993916, 53.6000097), (-0.9802701, 53.6028019))]",133,Gauge 10,864,864 (100.0%),0 (0.0%),0 (0.0%),0,0
194,13,"[((-1.3054492, 52.3951513), (-1.3053674, 52.3950966)), ((-1.3053674, 52.3950966), (-1.3009202, 52.3921208)), ((-1.3120628, 52.3995836), (-1.3054492, 52.3951513)), ((-1.3009202, 52.3921208), (-1.3007215, 52.3919878)), ((-1.3123588, 52.3997811), (-1.3120628, 52.3995836)), ((-1.3007215, 52.3919878), (-1.2991484, 52.3909391)), ((-1.3494324, 52.4213745), (-1.3123588, 52.3997811)), ((-1.2991484, 52.3909391), (-1.2990122, 52.3908507)), ((-1.2990122, 52.3908507), (-1.2917238, 52.3869775)), ((-1.2917238, 52.3869775), (-1.2915997, 52.3869183)), ((-1.2915997, 52.3869183), (-1.2850205, 52.3837418)), ((-1.2850205, 52.3837418), (-1.28446, 52.3834755)), ((-1.28446, 52.3834755), (-1.2693609, 52.3805505))]",132,Gauge 6,5211,5077 (97.4%),134 (2.6%),0 (0.0%),1.04,4.6
194,13,"[((-1.3054492, 52.3951513), (-1.3053674, 52.3950966)), ((-1.3053674, 52.3950966), (-1.3009202, 52.3921208)), ((-1.3120628, 52.3995836), (-1.3054492, 52.3951513)), ((-1.3009202, 52.3921208), (-1.3007215, 52.3919878)), ((-1.3123588, 52.3997811), (-1.3120628, 52.3995836)), ((-1.3007215, 52.3919878), (-1.2991484, 52.3909391)), ((-1.3494324, 52.4213745), (-1.3123588, 52.3997811)), ((-1.2991484, 52.3909391), (-1.2990122, 52.3908507)), ((-1.2990122, 52.3908507), (-1.2917238, 52.3869775)), ((-1.2917238, 52.3869775), (-1.2915997, 52.3869183)), ((-1.2915997, 52.3869183), (-1.2850205, 52.3837418)), ((-1.2850205, 52.3837418), (-1.28446, 52.3834755)), ((-1.28446, 52.3834755), (-1.2693609, 52.3805505))]",132,Gauge 10,864,771 (89.2%),93 (10.8%),0 (0.0%),0.85,4.2
195,34,"[((-0.0971865, 51.5201313), (-0.087972, 51.5177539)), ((-0.087972, 51.5177539), (-0.0823243, 51.5166519)), ((-0.1060184, 51.5192889), (-0.0971865, 51.5201313)), ((-0.0823243, 51.5166519), (-0.0796091, 51.5172355)), ((-0.1091405, 51.5193274), (-0.1060184, 51.5192889)), ((-0.0796091, 51.5172355), (-0.0781681, 51.51789)), ((-0.1120478, 51.5197435), (-0.1091405, 51.5193274)), ((-0.0781681, 51.51789), (-0.0678376, 51.5199035)), ((-0.1174164, 51.5193143), (-0.1120478, 51.5197435)), ((-0.0678376, 51.5199035), (-0.0644526, 51.5198795)), ((-0.1191293, 51.5185573), (-0.1174164, 51.5193143)), ((-0.0644526, 51.5198795), (-0.0605791, 51.5199679)), ((-0.0605791, 51.5199679), (-0.0563231, 51.5201369)), ((-0.0563231, 51.5201369), (-0.0530533, 51.51999)), ((-0.0530533, 51.51999), (-0.0499768, 51.5192276)), ((-0.0499768, 51.5192276), (-0.0448162, 51.5172795)), ((-0.0448162, 51.5172795), (-0.0128018, 51.5345794)), ((-0.0128018, 51.5345794), (-0.0125133, 51.5347475)), ((-0.0125133, 51.5347475), (-0.012226, 51.5349318)), ((-0.012226, 51.5349318), (-0.0120323, 51.5350616)), ((-0.0120323, 51.5350616), (-0.0115408, 51.5354026)), ((-0.0115408, 51.5354026), (-0.0111611, 51.5356648)), ((-0.0115231, 51.5353935), (-0.0111611, 51.5356648)), ((-0.0119822, 51.5350509), (-0.0115231, 51.5353935)), ((-0.0124527, 51.5347149), (-0.0119822, 51.5350509)), ((-0.0126394, 51.5345904), (-0.0124527, 51.5347149)), ((-0.0127573, 51.5345168), (-0.0126394, 51.5345904)), ((-0.0176569, 51.5322915), (-0.0127573, 51.5345168)), ((-0.0181366, 51.5320454), (-0.0176569, 51.5322915)), ((-0.0184599, 51.5318843), (-0.0181366, 51.5320454)), ((-0.0189162, 51.5316673), (-0.0184599, 51.5318843)), ((-0.0190701, 51.5315987), (-0.0189162, 51.5316673)), ((-0.0195164, 51.5314086), (-0.0190701, 51.5315987)), ((-0.0202668, 51.5311109), (-0.0195164, 51.5314086))]",132,Gauge 6,5211,5055 (97.0%),156 (3.0%),0 (0.0%),2.43,1.8
195,34,"[((-0.0971865, 51.5201313), (-0.087972, 51.5177539)), ((-0.087972, 51.5177539), (-0.0823243, 51.5166519)), ((-0.1060184, 51.5192889), (-0.0971865, 51.5201313)), ((-0.0823243, 51.5166519), (-0.0796091, 51.5172355)), ((-0.1091405, 51.5193274), (-0.1060184, 51.5192889)), ((-0.0796091, 51.5172355), (-0.0781681, 51.51789)), ((-0.1120478, 51.5197435), (-0.1091405, 51.5193274)), ((-0.0781681, 51.51789), (-0.0678376, 51.5199035)), ((-0.1174164, 51.5193143), (-0.1120478, 51.5197435)), ((-0.0678376, 51.5199035), (-0.0644526, 51.5198795)), ((-0.1191293, 51.5185573), (-0.1174164, 51.5193143)), ((-0.0644526, 51.5198795), (-0.0605791, 51.5199679)), ((-0.0605791, 51.5199679), (-0.0563231, 51.5201369)), ((-0.0563231, 51.5201369), (-0.0530533, 51.51999)), ((-0.0530533, 51.51999), (-0.0499768, 51.5192276)), ((-0.0499768, 51.5192276), (-0.0448162, 51.5172795)), ((-0.0448162, 51.5172795), (-0.0128018, 51.5345794)), ((-0.0128018, 51.5345794), (-0.0125133, 51.5347475)), ((-0.0125133, 51.5347475), (-0.012226, 51.5349318)), ((-0.012226, 51.5349318), (-0.0120323, 51.5350616)), ((-0.0120323, 51.5350616), (-0.0115408, 51.5354026)), ((-0.0115408, 51.5354026), (-0.0111611, 51.5356648)), ((-0.0115231, 51.5353935), (-0.0111611, 51.5356648)), ((-0.0119822, 51.5350509), (-0.0115231, 51.5353935)), ((-0.0124527, 51.5347149), (-0.0119822, 51.5350509)), ((-0.0126394, 51.5345904), (-0.0124527, 51.5347149)), ((-0.0127573, 51.5345168), (-0.0126394, 51.5345904)), ((-0.0176569, 51.5322915), (-0.0127573, 51.5345168)), ((-0.0181366, 51.5320454), (-0.0176569, 51.5322915)), ((-0.0184599, 51.5318843), (-0.0181366, 51.5320454)), ((-0.0189162, 51.5316673), (-0.0184599, 51.5318843)), ((-0.0190701, 51.5315987), (-0.0189162, 51.5316673)), ((-0.0195164, 51.5314086), (-0.0190701, 51.5315987)), ((-0.0202668, 51.5311109), (-0.0195164, 51.5314086))]",132,Gauge 10,864,864 (100.0%),0 (0.0%),0 (0.0%),0,0
196,2,"[((-2.6400323, 53.4506367), (-2.6389134, 53.450932)), ((-2.6400323, 53.4506367), (-2.6347852, 53.4498411))]",132,Gauge 6,5211,5079 (97.5%),0 (0.0%),132 (2.5%),0,0
196,2,"[((-2.6400323, 53.4506367), (-2.6389134, 53.450932)), ((-2.6400323, 53.4506367), (-2.6347852, 53.4498411))]",132,Gauge 10,864,840 (97.2%),0 (0.0%),24 (2.8%),0,0
197,14,"[((-1.1241361, 53.7519598), (-1.089064, 53.718337)), ((-1.089064, 53.718337), (-1.0890587, 53.7181807)), ((-1.1246899, 53.7523358), (-1.1241361, 53.7519598)), ((-1.089166, 53.7159029), (-1.0890587, 53.7181807)), ((-1.1613878, 53.7834251), (-1.1246899, 53.7523358)), ((-1.0892591, 53.7152313), (-1.089166, 53.7159029)), ((-1.161515, 53.7835426), (-1.1613878, 53.7834251)), ((-1.089862, 53.7126806), (-1.0892591, 53.7152313)), ((-1.1686037, 53.8046333), (-1.161515, 53.7835426)), ((-1.0902706, 53.7113143), (-1.089862, 53.7126806)), ((-1.1686037, 53.8046333), (-1.1685998, 53.8047842)), ((-1.1769846, 53.8560534), (-1.1685998, 53.8047842)), ((-1.1771235, 53.8563039), (-1.1769846, 53.8560534)), ((-1.1771235, 53.8563039), (-1.1661529, 53.8918675))]",132,Gauge 6,5211,5123 (98.3%),88 (1.7%),0 (0.0%),0.68,1.2
197,14,"[((-1.1241361, 53.7519598), (-1.089064, 53.718337)), ((-1.089064, 53.718337), (-1.0890587, 53.7181807)), ((-1.1246899, 53.7523358), (-1.1241361, 53.7519598)), ((-1.089166, 53.7159029), (-1.0890587, 53.7181807)), ((-1.1613878, 53.7834251), (-1.1246899, 53.7523358)), ((-1.0892591, 53.7152313), (-1.089166, 53.7159029)), ((-1.161515, 53.7835426), (-1.1613878, 53.7834251)), ((-1.089862, 53.7126806), (-1.0892591, 53.7152313)), ((-1.1686037, 53.8046333), (-1.161515, 53.7835426)), ((-1.0902706, 53.7113143), (-1.089862, 53.7126806)), ((-1.1686037, 53.8046333), (-1.1685998, 53.8047842)), ((-1.1769846, 53.8560534), (-1.1685998, 53.8047842)), ((-1.1771235, 53.8563039), (-1.1769846, 53.8560534)), ((-1.1771235, 53.8563039), (-1.1661529, 53.8918675))]",132,Gauge 10,864,841 (97.3%),23 (2.7%),0 (0.0%),0.02,1.8
198,1,"[((-2.4351515, 53.0936651), (-2.4342018, 53.0917939))]",132,Gauge 6,5211,4909 (94.2%),302 (5.8%),0 (0.0%),0.00,1.1
198,1,"[((-2.4351515, 53.0936651), (-2.4342018, 53.0917939))]",132,Gauge 10,864,764 (88.4%),100 (11.6%),0 (0.0%),0.01,1.1
199,17,"[((-1.5233265, 53.3208463), (-1.5230074, 53.3209425)), ((-1.5230074, 53.3209425), (-1.5183574, 53.323605)), ((-1.5238247, 53.320696), (-1.5233265, 53.3208463)), ((-1.5183574, 53.323605), (-1.5153296, 53.3267909)), ((-1.5322072, 53.3185716), (-1.5238247, 53.320696)), ((-1.5153296, 53.3267909), (-1.5153152, 53.3269764)), ((-1.5409318, 53.3172923), (-1.5322072, 53.3185716)), ((-1.5153152, 53.3269764), (-1.5134468, 53.3318391)), ((-1.6241076, 53.3056192), (-1.5409318, 53.3172923)), ((-1.5134468, 53.3318391), (-1.511907, 53.3330033)), ((-1.6423232, 53.3177927), (-1.6241076, 53.3056192)), ((-1.511907, 53.3330033), (-1.5117286, 53.3331338)), ((-1.6424066, 53.3185787), (-1.6423232, 53.3177927)), ((-1.5117286, 53.3331338), (-1.5096163, 53.3345964)), ((-1.6424107, 53.3187047), (-1.6424066, 53.3185787)), ((-1.648587, 53.3245596), (-1.6424107, 53.3187047)), ((-1.6524092, 53.3260599), (-1.648587, 53.3245596))]",131,Gauge 6,5211,5084 (97.6%),127 (2.4%),0 (0.0%),11.88,29.9
199,17,"[((-1.5233265, 53.3208463), (-1.5230074, 53.3209425)), ((-1.5230074, 53.3209425), (-1.5183574, 53.323605)), ((-1.5238247, 53.320696), (-1.5233265, 53.3208463)), ((-1.5183574, 53.323605), (-1.5153296, 53.3267909)), ((-1.5322072, 53.3185716), (-1.5238247, 53.320696)), ((-1.5153296, 53.3267909), (-1.5153152, 53.3269764)), ((-1.5409318, 53.3172923), (-1.5322072, 53.3185716)), ((-1.5153152, 53.3269764), (-1.5134468, 53.3318391)), ((-1.6241076, 53.3056192), (-1.5409318, 53.3172923)), ((-1.5134468, 53.3318391), (-1.511907, 53.3330033)), ((-1.6423232, 53.3177927), (-1.6241076, 53.3056192)), ((-1.511907, 53.3330033), (-1.5117286, 53.3331338)), ((-1.6424066, 53.3185787), (-1.6423232, 53.3177927)), ((-1.5117286, 53.3331338), (-1.5096163, 53.3345964)), ((-1.6424107, 53.3187047), (-1.6424066, 53.3185787)), ((-1.648587, 53.3245596), (-1.6424107, 53.3187047)), ((-1.6524092, 53.3260599), (-1.648587, 53.3245596))]",131,Gauge 10,864,864 (100.0%),0 (0.0%),0 (0.0%),0,0
200,23,"[((-0.1817077, 51.5185312), (-0.1800269, 51.5176161)), ((-0.1835796, 51.5189555), (-0.1817077, 51.5185312)), ((-0.1800269, 51.5176161), (-0.1788127, 51.51681)), ((-0.1901427, 51.5194107), (-0.1835796, 51.5189555)), ((-0.1788127, 51.51681), (-0.1766828, 51.5153515)), ((-0.1923577, 51.5196226), (-0.1901427, 51.5194107)), ((-0.1766828, 51.5153515), (-0.1744544, 51.5138191)), ((-0.2001238, 51.521057), (-0.1923577, 51.5196226)), ((-0.1744544, 51.5138191), (-0.1702946, 51.5117627)), ((-0.2014576, 51.521411), (-0.2001238, 51.521057)), ((-0.1702946, 51.5117627), (-0.1553145, 51.5122284)), ((-0.2025708, 51.5216837), (-0.2014576, 51.521411)), ((-0.1553145, 51.5122284), (-0.1519735, 51.512762)), ((-0.2028292, 51.5217555), (-0.2025708, 51.5216837)), ((-0.1519735, 51.512762), (-0.1497194, 51.5130997)), ((-0.2039055, 51.5220551), (-0.2028292, 51.5217555)), ((-0.1497194, 51.5130997), (-0.1439285, 51.5136005)), ((-0.1439285, 51.5136005), (-0.1403102, 51.5139447)), ((-0.1403102, 51.5139447), (-0.1360267, 51.5148807)), ((-0.1360267, 51.5148807), (-0.1327841, 51.5150177)), ((-0.1327841, 51.5150177), (-0.1284999, 51.5147971)), ((-0.1284999, 51.5147971), (-0.1209583, 51.5175344)), ((-0.1209583, 51.5175344), (-0.1191293, 51.5185573))]",131,Gauge 6,5211,5056 (97.0%),155 (3.0%),0 (0.0%),0.13,0.9
200,23,"[((-0.1817077, 51.5185312), (-0.1800269, 51.5176161)), ((-0.1835796, 51.5189555), (-0.1817077, 51.5185312)), ((-0.1800269, 51.5176161), (-0.1788127, 51.51681)), ((-0.1901427, 51.5194107), (-0.1835796, 51.5189555)), ((-0.1788127, 51.51681), (-0.1766828, 51.5153515)), ((-0.1923577, 51.5196226), (-0.1901427, 51.5194107)), ((-0.1766828, 51.5153515), (-0.1744544, 51.5138191)), ((-0.2001238, 51.521057), (-0.1923577, 51.5196226)), ((-0.1744544, 51.5138191), (-0.1702946, 51.5117627)), ((-0.2014576, 51.521411), (-0.2001238, 51.521057)), ((-0.1702946, 51.5117627), (-0.1553145, 51.5122284)), ((-0.2025708, 51.5216837), (-0.2014576, 51.521411)), ((-0.1553145, 51.5122284), (-0.1519735, 51.512762)), ((-0.2028292, 51.5217555), (-0.2025708, 51.5216837)), ((-0.1519735, 51.512762), (-0.1497194, 51.5130997)), ((-0.2039055, 51.5220551), (-0.2028292, 51.5217555)), ((-0.1497194, 51.5130997), (-0.1439285, 51.5136005)), ((-0.1439285, 51.5136005), (-0.1403102, 51.5139447)), ((-0.1403102, 51.5139447), (-0.1360267, 51.5148807)), ((-0.1360267, 51.5148807), (-0.1327841, 51.5150177)), ((-0.1327841, 51.5150177), (-0.1284999, 51.5147971)), ((-0.1284999, 51.5147971), (-0.1209583, 51.5175344)), ((-0.1209583, 51.5175344), (-0.1191293, 51.5185573))]",131,Gauge 10,864,864 (100.0%),0 (0.0%),0 (0.0%),0,0
201,29,"[((1.1473921, 52.0345932), (1.1475248, 52.034754)), ((1.1475248, 52.034754), (1.1492366, 52.0375697)), ((1.145245, 52.0325538), (1.1473921, 52.0345932)), ((1.1492366, 52.0375697), (1.1492822, 52.0376675)), ((1.144961, 52.0323354), (1.145245, 52.0325538)), ((1.1492822, 52.0376675), (1.1514708, 52.0421538)), ((1.1298862, 52.0259415), (1.144961, 52.0323354)), ((1.1514708, 52.0421538), (1.1515296, 52.0453805)), ((1.1294451, 52.0257885), (1.1298862, 52.0259415)), ((1.1499859, 52.0475776), (1.1515296, 52.0453805)), ((1.1260766, 52.0246698), (1.1294451, 52.0257885)), ((1.146696, 52.0497286), (1.1499859, 52.0475776)), ((1.1259827, 52.0246433), (1.1260766, 52.0246698)), ((1.1465557, 52.0497823), (1.146696, 52.0497286)), ((1.1158893, 52.0214712), (1.1259827, 52.0246433)), ((1.1090322, 52.0184915), (1.1158893, 52.0214712)), ((1.095478, 52.0087786), (1.1090322, 52.0184915)), ((1.0864798, 51.9710277), (1.095478, 52.0087786)), ((1.085478, 51.9682863), (1.0864798, 51.9710277)), ((1.0767435, 51.9598911), (1.085478, 51.9682863)), ((1.0734921, 51.9574261), (1.0767435, 51.9598911)), ((1.0700306, 51.9556971), (1.0734921, 51.9574261)), ((1.0609478, 51.9528998), (1.0700306, 51.9556971)), ((1.0598644, 51.9525995), (1.0609478, 51.9528998)), ((1.056852, 51.9517149), (1.0598644, 51.9525995)), ((1.055707, 51.9513779), (1.056852, 51.9517149)), ((1.0552003, 51.9512285), (1.055707, 51.9513779)), ((1.0551441, 51.9512123), (1.0552003, 51.9512285)), ((1.0549705, 51.9511611), (1.0551441, 51.9512123))]",131,Gauge 6,5211,5080 (97.5%),131 (2.5%),0 (0.0%),14.46,21.1
201,29,"[((1.1473921, 52.0345932), (1.1475248, 52.034754)), ((1.1475248, 52.034754), (1.1492366, 52.0375697)), ((1.145245, 52.0325538), (1.1473921, 52.0345932)), ((1.1492366, 52.0375697), (1.1492822, 52.0376675)), ((1.144961, 52.0323354), (1.145245, 52.0325538)), ((1.1492822, 52.0376675), (1.1514708, 52.0421538)), ((1.1298862, 52.0259415), (1.144961, 52.0323354)), ((1.1514708, 52.0421538), (1.1515296, 52.0453805)), ((1.1294451, 52.0257885), (1.1298862, 52.0259415)), ((1.1499859, 52.0475776), (1.1515296, 52.0453805)), ((1.1260766, 52.0246698), (1.1294451, 52.0257885)), ((1.146696, 52.0497286), (1.1499859, 52.0475776)), ((1.1259827, 52.0246433), (1.1260766, 52.0246698)), ((1.1465557, 52.0497823), (1.146696, 52.0497286)), ((1.1158893, 52.0214712), (1.1259827, 52.0246433)), ((1.1090322, 52.0184915), (1.1158893, 52.0214712)), ((1.095478, 52.0087786), (1.1090322, 52.0184915)), ((1.0864798, 51.9710277), (1.095478, 52.0087786)), ((1.085478, 51.9682863), (1.0864798, 51.9710277)), ((1.0767435, 51.9598911), (1.085478, 51.9682863)), ((1.0734921, 51.9574261), (1.0767435, 51.9598911)), ((1.0700306, 51.9556971), (1.0734921, 51.9574261)), ((1.0609478, 51.9528998), (1.0700306, 51.9556971)), ((1.0598644, 51.9525995), (1.0609478, 51.9528998)), ((1.056852, 51.9517149), (1.0598644, 51.9525995)), ((1.055707, 51.9513779), (1.056852, 51.9517149)), ((1.0552003, 51.9512285), (1.055707, 51.9513779)), ((1.0551441, 51.9512123), (1.0552003, 51.9512285)), ((1.0549705, 51.9511611), (1.0551441, 51.9512123))]",131,Gauge 10,864,861 (99.7%),3 (0.3%),0 (0.0%),28.41,89.7
202,1,"[((-1.2579797, 52.3804973), (-1.2450539, 52.3781396))]",131,Gauge 6,5211,5183 (99.5%),28 (0.5%),0 (0.0%),0.17,0.4
202,1,"[((-1.2579797, 52.3804973), (-1.2450539, 52.3781396))]",131,Gauge 10,864,863 (99.9%),1 (0.1%),0 (0.0%),0.15,0.0
203,31,"[((0.4591366, 51.725909), (0.4595733, 51.7266131)), ((0.4522184, 51.7156232), (0.4591366, 51.725909)), ((0.4595733, 51.7266131), (0.460674, 51.7283907)), ((0.4514275, 51.7145709), (0.4522184, 51.7156232)), ((0.460674, 51.7283907), (0.4627611, 51.7317656)), ((0.44825, 51.7107549), (0.4514275, 51.7145709)), ((0.4627611, 51.7317656), (0.4639092, 51.7333407)), ((0.4480751, 51.71056), (0.44825, 51.7107549)), ((0.4639092, 51.7333407), (0.4652599, 51.7345413)), ((0.4434206, 51.7053507), (0.4480751, 51.71056)), ((0.4652599, 51.7345413), (0.4682113, 51.736281)), ((0.4432911, 51.7052077), (0.4434206, 51.7053507)), ((0.4682113, 51.736281), (0.4683361, 51.7363405)), ((0.439543, 51.7009624), (0.4432911, 51.7052077)), ((0.4683361, 51.7363405), (0.469004, 51.7366169)), ((0.439433, 51.7008442), (0.439543, 51.7009624)), ((0.4267172, 51.6892061), (0.439433, 51.7008442)), ((0.4265516, 51.6890884), (0.4267172, 51.6892061)), ((0.4198912, 51.6850457), (0.4265516, 51.6890884)), ((0.4197397, 51.6849672), (0.4198912, 51.6850457)), ((0.4032474, 51.676742), (0.4197397, 51.6849672)), ((0.3906191, 51.6703915), (0.4032474, 51.676742)), ((0.3863167, 51.6680841), (0.3906191, 51.6703915)), ((0.3722681, 51.6602711), (0.3863167, 51.6680841)), ((0.3720835, 51.6601502), (0.3722681, 51.6602711)), ((0.3693562, 51.6584598), (0.3720835, 51.6601502)), ((0.3691628, 51.658336), (0.3693562, 51.6584598)), ((0.3415185, 51.6398088), (0.3691628, 51.658336)), ((0.3412591, 51.639627), (0.3415185, 51.6398088)), ((0.3395964, 51.6384427), (0.3412591, 51.639627)), ((0.3352773, 51.6351625), (0.3395964, 51.6384427))]",130,Gauge 6,5211,5078 (97.4%),133 (2.6%),0 (0.0%),3.92,11.5
203,31,"[((0.4591366, 51.725909), (0.4595733, 51.7266131)), ((0.4522184, 51.7156232), (0.4591366, 51.725909)), ((0.4595733, 51.7266131), (0.460674, 51.7283907)), ((0.4514275, 51.7145709), (0.4522184, 51.7156232)), ((0.460674, 51.7283907), (0.4627611, 51.7317656)), ((0.44825, 51.7107549), (0.4514275, 51.7145709)), ((0.4627611, 51.7317656), (0.4639092, 51.7333407)), ((0.4480751, 51.71056), (0.44825, 51.7107549)), ((0.4639092, 51.7333407), (0.4652599, 51.7345413)), ((0.4434206, 51.7053507), (0.4480751, 51.71056)), ((0.4652599, 51.7345413), (0.4682113, 51.736281)), ((0.4432911, 51.7052077), (0.4434206, 51.7053507)), ((0.4682113, 51.736281), (0.4683361, 51.7363405)), ((0.439543, 51.7009624), (0.4432911, 51.7052077)), ((0.4683361, 51.7363405), (0.469004, 51.7366169)), ((0.439433, 51.7008442), (0.439543, 51.7009624)), ((0.4267172, 51.6892061), (0.439433, 51.7008442)), ((0.4265516, 51.6890884), (0.4267172, 51.6892061)), ((0.4198912, 51.6850457), (0.4265516, 51.6890884)), ((0.4197397, 51.6849672), (0.4198912, 51.6850457)), ((0.4032474, 51.676742), (0.4197397, 51.6849672)), ((0.3906191, 51.6703915), (0.4032474, 51.676742)), ((0.3863167, 51.6680841), (0.3906191, 51.6703915)), ((0.3722681, 51.6602711), (0.3863167, 51.6680841)), ((0.3720835, 51.6601502), (0.3722681, 51.6602711)), ((0.3693562, 51.6584598), (0.3720835, 51.6601502)), ((0.3691628, 51.658336), (0.3693562, 51.6584598)), ((0.3415185, 51.6398088), (0.3691628, 51.658336)), ((0.3412591, 51.639627), (0.3415185, 51.6398088)), ((0.3395964, 51.6384427), (0.3412591, 51.639627)), ((0.3352773, 51.6351625), (0.3395964, 51.6384427))]",130,Gauge 10,864,863 (99.9%),1 (0.1%),0 (0.0%),0.00,1.0
204,5,"[((-0.9881236, 51.4597995), (-0.9878157, 51.4599796)), ((-0.9878157, 51.4599796), (-0.9863779, 51.4604974)), ((-0.9892651, 51.457367), (-0.9881236, 51.4597995)), ((-0.9863779, 51.4604974), (-0.9855003, 51.4606214)), ((-0.9855003, 51.4606214), (-0.9805288, 51.460212))]",130,Gauge 6,5211,4953 (95.0%),258 (5.0%),0 (0.0%),0.41,2.7
204,5,"[((-0.9881236, 51.4597995), (-0.9878157, 51.4599796)), ((-0.9878157, 51.4599796), (-0.9863779, 51.4604974)), ((-0.9892651, 51.457367), (-0.9881236, 51.4597995)), ((-0.9863779, 51.4604974), (-0.9855003, 51.4606214)), ((-0.9855003, 51.4606214), (-0.9805288, 51.460212))]",130,Gauge 10,864,864 (100.0%),0 (0.0%),0 (0.0%),0,0
205,1,"[((-3.6821947, 55.6927639), (-3.6628247, 55.6888076))]",130,Gauge 6,5211,5108 (98.0%),103 (2.0%),0 (0.0%),0.02,2.0
205,1,"[((-3.6821947, 55.6927639), (-3.6628247, 55.6888076))]",130,Gauge 10,864,780 (90.3%),84 (9.7%),0 (0.0%),0.02,2.0
206,1,"[((-2.7747135, 54.1272871), (-2.77357, 54.1280268))]",130,Gauge 6,5211,5188 (99.6%),23 (0.4%),0 (0.0%),0.11,2.0
206,1,"[((-2.7747135, 54.1272871), (-2.77357, 54.1280268))]",130,Gauge 10,864,861 (99.7%),3 (0.3%),0 (0.0%),0.11,2.0
207,1,"[((-0.2078456, 51.7927644), (-0.2036043, 51.8007536))]",130,Gauge 6,5211,4909 (94.2%),302 (5.8%),0 (0.0%),0.10,1.2
207,1,"[((-0.2078456, 51.7927644), (-0.2036043, 51.8007536))]",130,Gauge 10,864,851 (98.5%),13 (1.5%),0 (0.0%),2.94,12.8
208,1,"[((0.3350759, 51.6349999), (0.3350962, 51.6348915))]",130,Gauge 6,5211,5083 (97.5%),128 (2.5%),0 (0.0%),0.72,1.3
208,1,"[((0.3350759, 51.6349999), (0.3350962, 51.6348915))]",130,Gauge 10,864,864 (100.0%),0 (0.0%),0 (0.0%),0,0
209,1,"[((0.3350759, 51.6349999), (0.3352773, 51.6351625))]",129,Gauge 6,5211,5079 (97.5%),132 (2.5%),0 (0.0%),0.63,1.6
209,1,"[((0.3350759, 51.6349999), (0.3352773, 51.6351625))]",129,Gauge 10,864,863 (99.9%),1 (0.1%),0 (0.0%),0.00,1.0
210,1,"[((-1.1397271, 53.5264437), (-1.1397177, 53.5265858))]",129,Gauge 6,5211,5188 (99.6%),23 (0.4%),0 (0.0%),0.01,1.1
210,1,"[((-1.1397271, 53.5264437), (-1.1397177, 53.5265858))]",129,Gauge 10,864,864 (100.0%),0 (0.0%),0 (0.0%),0,0
211,18,"[((0.3637601, 51.6389405), (0.3856222, 51.6344154)), ((0.3856222, 51.6344154), (0.3862769, 51.6342827)), ((0.3636038, 51.6389705), (0.3637601, 51.6389405)), ((0.3862769, 51.6342827), (0.4716308, 51.6240955)), ((0.3585201, 51.6399286), (0.3636038, 51.6389705)), ((0.4716308, 51.6240955), (0.471847, 51.6241314)), ((0.3582304, 51.6399661), (0.3585201, 51.6399286)), ((0.471847, 51.6241314), (0.4814151, 51.6251356)), ((0.3448918, 51.6395782), (0.3582304, 51.6399661)), ((0.4814151, 51.6251356), (0.4816183, 51.6251337)), ((0.3352938, 51.6350462), (0.3448918, 51.6395782)), ((0.4816183, 51.6251337), (0.5044225, 51.6216154)), ((0.3350962, 51.6348915), (0.3352938, 51.6350462)), ((0.5044225, 51.6216154), (0.5045244, 51.6215929)), ((0.5045244, 51.6215929), (0.5212815, 51.6137752)), ((0.5212815, 51.6137752), (0.5214688, 51.6136724)), ((0.5214688, 51.6136724), (0.5239979, 51.6122833)), ((0.5239979, 51.6122833), (0.524179, 51.6121871))]",128,Gauge 6,5211,4865 (93.4%),346 (6.6%),0 (0.0%),0.27,2.0
211,18,"[((0.3637601, 51.6389405), (0.3856222, 51.6344154)), ((0.3856222, 51.6344154), (0.3862769, 51.6342827)), ((0.3636038, 51.6389705), (0.3637601, 51.6389405)), ((0.3862769, 51.6342827), (0.4716308, 51.6240955)), ((0.3585201, 51.6399286), (0.3636038, 51.6389705)), ((0.4716308, 51.6240955), (0.471847, 51.6241314)), ((0.3582304, 51.6399661), (0.3585201, 51.6399286)), ((0.471847, 51.6241314), (0.4814151, 51.6251356)), ((0.3448918, 51.6395782), (0.3582304, 51.6399661)), ((0.4814151, 51.6251356), (0.4816183, 51.6251337)), ((0.3352938, 51.6350462), (0.3448918, 51.6395782)), ((0.4816183, 51.6251337), (0.5044225, 51.6216154)), ((0.3350962, 51.6348915), (0.3352938, 51.6350462)), ((0.5044225, 51.6216154), (0.5045244, 51.6215929)), ((0.5045244, 51.6215929), (0.5212815, 51.6137752)), ((0.5212815, 51.6137752), (0.5214688, 51.6136724)), ((0.5214688, 51.6136724), (0.5239979, 51.6122833)), ((0.5239979, 51.6122833), (0.524179, 51.6121871))]",128,Gauge 10,864,864 (100.0%),0 (0.0%),0 (0.0%),0,0
212,5,"[((-0.2150571, 51.5247676), (-0.2119027, 51.5241906)), ((-0.2166848, 51.5250186), (-0.2150571, 51.5247676)), ((-0.2119027, 51.5241906), (-0.2054296, 51.5225176)), ((-0.2202434, 51.525458), (-0.2166848, 51.5250186)), ((-0.2365021, 51.5255598), (-0.2202434, 51.525458))]",128,Gauge 6,5211,5076 (97.4%),135 (2.6%),0 (0.0%),2.40,0.3
212,5,"[((-0.2150571, 51.5247676), (-0.2119027, 51.5241906)), ((-0.2166848, 51.5250186), (-0.2150571, 51.5247676)), ((-0.2119027, 51.5241906), (-0.2054296, 51.5225176)), ((-0.2202434, 51.525458), (-0.2166848, 51.5250186)), ((-0.2365021, 51.5255598), (-0.2202434, 51.525458))]",128,Gauge 10,864,864 (100.0%),0 (0.0%),0 (0.0%),0,0
213,2,"[((-1.2429019, 52.3774957), (-1.2374184, 52.3755187)), ((-1.2374184, 52.3755187), (-1.2288568, 52.3712483))]",127,Gauge 6,5211,5126 (98.4%),85 (1.6%),0 (0.0%),1.96,6.3
213,2,"[((-1.2429019, 52.3774957), (-1.2374184, 52.3755187)), ((-1.2374184, 52.3755187), (-1.2288568, 52.3712483))]",127,Gauge 10,864,855 (99.0%),9 (1.0%),0 (0.0%),5.25,12.9
214,7,"[((-0.6303004, 53.5924294), (-0.6296687, 53.5927514)), ((-0.6303469, 53.5924026), (-0.6303004, 53.5924294)), ((-0.6296687, 53.5927514), (-0.62963, 53.5927718)), ((-0.6321776, 53.5913168), (-0.6303469, 53.5924026)), ((-0.6402555, 53.5880519), (-0.6321776, 53.5913168)), ((-0.6485177, 53.586991), (-0.6402555, 53.5880519)), ((-0.6491542, 53.5868373), (-0.6485177, 53.586991))]",127,Gauge 6,5211,5081 (97.5%),130 (2.5%),0 (0.0%),0.07,1.3
214,7,"[((-0.6303004, 53.5924294), (-0.6296687, 53.5927514)), ((-0.6303469, 53.5924026), (-0.6303004, 53.5924294)), ((-0.6296687, 53.5927514), (-0.62963, 53.5927718)), ((-0.6321776, 53.5913168), (-0.6303469, 53.5924026)), ((-0.6402555, 53.5880519), (-0.6321776, 53.5913168)), ((-0.6485177, 53.586991), (-0.6402555, 53.5880519)), ((-0.6491542, 53.5868373), (-0.6485177, 53.586991))]",127,Gauge 10,864,864 (100.0%),0 (0.0%),0 (0.0%),0,0
215,3,"[((0.513246, 51.5601644), (np.float64(0.5242262), np.float64(51.6122452))), ((0.5090516, 51.5601667), (0.513246, 51.5601644)), ((0.524179, 51.6121871), (np.float64(0.5242262), np.float64(51.6122452)))]",127,Gauge 6,5211,4859 (93.2%),352 (6.8%),0 (0.0%),2.96,59.2
215,3,"[((0.513246, 51.5601644), (np.float64(0.5242262), np.float64(51.6122452))), ((0.5090516, 51.5601667), (0.513246, 51.5601644)), ((0.524179, 51.6121871), (np.float64(0.5242262), np.float64(51.6122452)))]",127,Gauge 10,864,864 (100.0%),0 (0.0%),0 (0.0%),0,0
216,2,"[((-2.4338317, 53.0910109), (-2.4335487, 53.0903917)), ((-2.43391, 53.091162), (-2.4338317, 53.0910109))]",127,Gauge 6,5211,5209 (100.0%),2 (0.0%),0 (0.0%),0.15,0.0
216,2,"[((-2.4338317, 53.0910109), (-2.4335487, 53.0903917)), ((-2.43391, 53.091162), (-2.4338317, 53.0910109))]",127,Gauge 10,864,864 (100.0%),0 (0.0%),0 (0.0%),0,0
217,3,"[((-1.1176845, 53.50274), (-1.1167492, 53.5025228)), ((-1.1167492, 53.5025228), (-1.1157892, 53.5023067)), ((-1.1392101, 53.512871), (-1.1176845, 53.50274))]",126,Gauge 6,5211,5164 (99.1%),47 (0.9%),0 (0.0%),0.47,0.0
217,3,"[((-1.1176845, 53.50274), (-1.1167492, 53.5025228)), ((-1.1167492, 53.5025228), (-1.1157892, 53.5023067)), ((-1.1392101, 53.512871), (-1.1176845, 53.50274))]",126,Gauge 10,864,864 (100.0%),0 (0.0%),0 (0.0%),0,0
218,1,"[((-2.1146786, 53.4745299), (-2.1096893, 53.4746008))]",126,Gauge 6,5211,5074 (97.4%),137 (2.6%),0 (0.0%),0.49,3.8
218,1,"[((-2.1146786, 53.4745299), (-2.1096893, 53.4746008))]",126,Gauge 10,864,864 (100.0%),0 (0.0%),0 (0.0%),0,0
219,11,"[((-0.2453308, 51.9407177), (-0.2449153, 51.9404521)), ((-0.2449153, 51.9404521), (-0.2338165, 51.9334061)), ((-0.2519088, 51.9448631), (-0.2453308, 51.9407177)), ((-0.2338165, 51.9334061), (-0.2335559, 51.9332429)), ((-0.252143, 51.9450147), (-0.2519088, 51.9448631)), ((-0.2335559, 51.9332429), (-0.2319498, 51.9322268)), ((-0.2629542, 51.9532276), (-0.252143, 51.9450147)), ((-0.2319498, 51.9322268), (-0.2316094, 51.9320165)), ((-0.2316094, 51.9320165), (-0.2086229, 51.9046975)), ((-0.2086229, 51.9046975), (-0.2083249, 51.9041629)), ((-0.2083249, 51.9041629), (-0.2059608, 51.899876))]",125,Gauge 6,5211,5183 (99.5%),28 (0.5%),0 (0.0%),0.99,13.1
219,11,"[((-0.2453308, 51.9407177), (-0.2449153, 51.9404521)), ((-0.2449153, 51.9404521), (-0.2338165, 51.9334061)), ((-0.2519088, 51.9448631), (-0.2453308, 51.9407177)), ((-0.2338165, 51.9334061), (-0.2335559, 51.9332429)), ((-0.252143, 51.9450147), (-0.2519088, 51.9448631)), ((-0.2335559, 51.9332429), (-0.2319498, 51.9322268)), ((-0.2629542, 51.9532276), (-0.252143, 51.9450147)), ((-0.2319498, 51.9322268), (-0.2316094, 51.9320165)), ((-0.2316094, 51.9320165), (-0.2086229, 51.9046975)), ((-0.2086229, 51.9046975), (-0.2083249, 51.9041629)), ((-0.2083249, 51.9041629), (-0.2059608, 51.899876))]",125,Gauge 10,864,856 (99.1%),0 (0.0%),8 (0.9%),0,0
220,1,"[((1.1284679, 52.0569248), (1.130265, 52.0556363))]",125,Gauge 6,5211,5096 (97.8%),115 (2.2%),0 (0.0%),0.24,0.4
220,1,"[((1.1284679, 52.0569248), (1.130265, 52.0556363))]",125,Gauge 10,864,864 (100.0%),0 (0.0%),0 (0.0%),0,0
221,3,"[((-0.2503371, 52.5738041), (-0.2476572, 52.5690169)), ((-0.2514287, 52.5754264), (-0.2503371, 52.5738041)), ((-0.2520668, 52.5766644), (-0.2514287, 52.5754264))]",125,Gauge 6,5211,5197 (99.7%),14 (0.3%),0 (0.0%),0.00,2.0
221,3,"[((-0.2503371, 52.5738041), (-0.2476572, 52.5690169)), ((-0.2514287, 52.5754264), (-0.2503371, 52.5738041)), ((-0.2520668, 52.5766644), (-0.2514287, 52.5754264))]",125,Gauge 10,864,864 (100.0%),0 (0.0%),0 (0.0%),0,0
222,1,"[((-0.122332, 51.5997801), (-0.1190996, 51.5966074))]",125,Gauge 6,5211,4909 (94.2%),302 (5.8%),0 (0.0%),0.00,1.0
222,1,"[((-0.122332, 51.5997801), (-0.1190996, 51.5966074))]",125,Gauge 10,864,847 (98.0%),17 (2.0%),0 (0.0%),0.00,1.0
223,92,"[((-2.031593, 53.532699), (-2.0315151, 53.5327732)), ((-2.0338772, 53.528627), (-2.031593, 53.532699)), ((-2.0315151, 53.5327732), (-2.0272987, 53.535013)), ((-2.0338845, 53.5285241), (-2.0338772, 53.528627)), ((-2.0272987, 53.535013), (-2.027106, 53.5350698)), ((-2.0396233, 53.5197431), (-2.0338845, 53.5285241)), ((-2.027106, 53.5350698), (-2.022772, 53.5361453)), ((-2.0397276, 53.5196499), (-2.0396233, 53.5197431)), ((-2.022772, 53.5361453), (-2.0225244, 53.5362039)), ((-2.0412301, 53.5093878), (-2.0397276, 53.5196499)), ((-2.0225244, 53.5362039), (-2.0095545, 53.5452974)), ((-2.0422503, 53.5079394), (-2.0412301, 53.5093878)), ((-2.0095545, 53.5452974), (-2.0095437, 53.5453523)), ((-2.0422503, 53.5079394), (-2.0421359, 53.5013582)), ((-2.0095437, 53.5453523), (-2.0083269, 53.5518284)), ((-2.0421359, 53.5013582), (-2.041988, 53.5010021)), ((-2.0083269, 53.5518284), (-2.0074158, 53.5540219)), ((-2.0474338, 53.4910293), (-2.041988, 53.5010021)), ((-2.0074158, 53.5540219), (-2.0065029, 53.5551043)), ((-2.0476019, 53.4907797), (-2.0474338, 53.4910293)), ((-2.0065029, 53.5551043), (-1.9915545, 53.5683522)), ((-2.0496259, 53.4883477), (-2.0476019, 53.4907797)), ((-1.9915545, 53.5683522), (-1.9899326, 53.569852)), ((-2.050228, 53.4878855), (-2.0496259, 53.4883477)), ((-1.9899326, 53.569852), (-1.9892699, 53.570404)), ((-2.0582049, 53.4853976), (-2.050228, 53.4878855)), ((-1.9892699, 53.570404), (-1.9435879, 53.6026116)), ((-2.0592671, 53.4852077), (-2.0582049, 53.4853976)), ((-1.9435879, 53.6026116), (-1.9422973, 53.6034461)), ((-2.0620191, 53.4844147), (-2.0592671, 53.4852077)), ((-1.9422973, 53.6034461), (-1.9394358, 53.6040307)), ((-2.0660092, 53.4837127), (-2.0620191, 53.4844147)), ((-1.9394358, 53.6040307), (-1.9390758, 53.604028)), ((-2.0737082, 53.4840276), (-2.0660092, 53.4837127)), ((-1.9390758, 53.604028), (-1.9349443, 53.6032785)), ((-2.0740453, 53.4840584), (-2.0737082, 53.4840276)), ((-1.9349443, 53.6032785), (-1.9270774, 53.6037869)), ((-2.088813, 53.4861934), (-2.0740453, 53.4840584)), ((-1.9270774, 53.6037869), (-1.924434, 53.6047659)), ((-2.0890739, 53.486213), (-2.088813, 53.4861934)), ((-1.924434, 53.6047659), (-1.9212419, 53.607051)), ((-2.0917558, 53.4860829), (-2.0890739, 53.486213)), ((-1.9212419, 53.607051), (-1.9198861, 53.6087244)), ((-2.0945913, 53.483954), (-2.0917558, 53.4860829)), ((-1.9198861, 53.6087244), (-1.9198162, 53.6088126)), ((-2.0952223, 53.4831214), (-2.0945913, 53.483954)), ((-1.9198162, 53.6088126), (-1.9183536, 53.6102885)), ((-2.0954522, 53.4829147), (-2.0952223, 53.4831214)), ((-1.9183536, 53.6102885), (-1.9182302, 53.6103879)), ((-2.0957797, 53.4826769), (-2.0954522, 53.4829147)), ((-1.9182302, 53.6103879), (-1.9134523, 53.6127515)), ((-2.0962299, 53.4824148), (-2.0957797, 53.4826769)), ((-1.9134523, 53.6127515), (-1.9132895, 53.6128126)), ((-2.0978755, 53.4816992), (-2.0962299, 53.4824148)), ((-1.9132895, 53.6128126), (-1.9075738, 53.6148723)), ((-2.0979768, 53.4816651), (-2.0978755, 53.4816992)), ((-1.9075738, 53.6148723), (-1.9073407, 53.6149521)), ((-2.0988182, 53.4813589), (-2.0979768, 53.4816651)), ((-1.9073407, 53.6149521), (-1.9066526, 53.6151608)), ((-2.0990311, 53.4812757), (-2.0988182, 53.4813589)), ((-1.9066526, 53.6151608), (-1.9065321, 53.6151973)), ((-2.0999386, 53.4808744), (-2.0990311, 53.4812757)), ((-1.9065321, 53.6151973), (-1.8918267, 53.6198272)), ((-2.1004105, 53.480663), (-2.0999386, 53.4808744)), ((-1.8918267, 53.6198272), (-1.8916156, 53.6199222)), ((-2.1059643, 53.4763273), (-2.1004105, 53.480663)), ((-1.8916156, 53.6199222), (-1.8899339, 53.6207399)), ((-2.1096893, 53.4746008), (-2.1059643, 53.4763273)), ((-1.8899339, 53.6207399), (-1.8897852, 53.6208127)), ((-1.8897852, 53.6208127), (-1.8859951, 53.6225785)), ((-1.8859951, 53.6225785), (-1.8840273, 53.6231661)), ((-1.8840273, 53.6231661), (-1.8773541, 53.6252828)), ((-1.8773541, 53.6252828), (-1.8744455, 53.6260571)), ((-1.8744455, 53.6260571), (-1.8676874, 53.6270906)), ((-1.8676874, 53.6270906), (-1.8675488, 53.6271093)), ((-1.8675488, 53.6271093), (-1.8579034, 53.6292165)), ((-1.8579034, 53.6292165), (-1.8577128, 53.6293149)), ((-1.8577128, 53.6293149), (-1.8565968, 53.6299473)), ((-1.8565968, 53.6299473), (-1.8564281, 53.630057)), ((-1.8564281, 53.630057), (-1.8515809, 53.6334337)), ((-1.8515809, 53.6334337), (-1.8511057, 53.6337451)), ((-1.8511057, 53.6337451), (-1.8381571, 53.6391392)), ((-1.8381571, 53.6391392), (-1.8380719, 53.6391672)), ((-1.8380719, 53.6391672), (-1.8298012, 53.6416931)), ((-1.8298012, 53.6416931), (-1.8263468, 53.6422032)), ((-1.8263468, 53.6422032), (-1.8150009, 53.6418511)), ((-1.8150009, 53.6418511), (-1.8029913, 53.6439204)), ((-1.8029913, 53.6439204), (-1.798796, 53.6435108)), ((-1.798796, 53.6435108), (-1.798619, 53.6434883)), ((-1.798619, 53.6434883), (-1.7982634, 53.6434408)), ((-1.7982634, 53.6434408), (-1.7950026, 53.6434273)), ((-1.7950026, 53.6434273), (-1.7932357, 53.6436216))]",124,Gauge 6,5211,5080 (97.5%),131 (2.5%),0 (0.0%),0.67,5.5
223,92,"[((-2.031593, 53.532699), (-2.0315151, 53.5327732)), ((-2.0338772, 53.528627), (-2.031593, 53.532699)), ((-2.0315151, 53.5327732), (-2.0272987, 53.535013)), ((-2.0338845, 53.5285241), (-2.0338772, 53.528627)), ((-2.0272987, 53.535013), (-2.027106, 53.5350698)), ((-2.0396233, 53.5197431), (-2.0338845, 53.5285241)), ((-2.027106, 53.5350698), (-2.022772, 53.5361453)), ((-2.0397276, 53.5196499), (-2.0396233, 53.5197431)), ((-2.022772, 53.5361453), (-2.0225244, 53.5362039)), ((-2.0412301, 53.5093878), (-2.0397276, 53.5196499)), ((-2.0225244, 53.5362039), (-2.0095545, 53.5452974)), ((-2.0422503, 53.5079394), (-2.0412301, 53.5093878)), ((-2.0095545, 53.5452974), (-2.0095437, 53.5453523)), ((-2.0422503, 53.5079394), (-2.0421359, 53.5013582)), ((-2.0095437, 53.5453523), (-2.0083269, 53.5518284)), ((-2.0421359, 53.5013582), (-2.041988, 53.5010021)), ((-2.0083269, 53.5518284), (-2.0074158, 53.5540219)), ((-2.0474338, 53.4910293), (-2.041988, 53.5010021)), ((-2.0074158, 53.5540219), (-2.0065029, 53.5551043)), ((-2.0476019, 53.4907797), (-2.0474338, 53.4910293)), ((-2.0065029, 53.5551043), (-1.9915545, 53.5683522)), ((-2.0496259, 53.4883477), (-2.0476019, 53.4907797)), ((-1.9915545, 53.5683522), (-1.9899326, 53.569852)), ((-2.050228, 53.4878855), (-2.0496259, 53.4883477)), ((-1.9899326, 53.569852), (-1.9892699, 53.570404)), ((-2.0582049, 53.4853976), (-2.050228, 53.4878855)), ((-1.9892699, 53.570404), (-1.9435879, 53.6026116)), ((-2.0592671, 53.4852077), (-2.0582049, 53.4853976)), ((-1.9435879, 53.6026116), (-1.9422973, 53.6034461)), ((-2.0620191, 53.4844147), (-2.0592671, 53.4852077)), ((-1.9422973, 53.6034461), (-1.9394358, 53.6040307)), ((-2.0660092, 53.4837127), (-2.0620191, 53.4844147)), ((-1.9394358, 53.6040307), (-1.9390758, 53.604028)), ((-2.0737082, 53.4840276), (-2.0660092, 53.4837127)), ((-1.9390758, 53.604028), (-1.9349443, 53.6032785)), ((-2.0740453, 53.4840584), (-2.0737082, 53.4840276)), ((-1.9349443, 53.6032785), (-1.9270774, 53.6037869)), ((-2.088813, 53.4861934), (-2.0740453, 53.4840584)), ((-1.9270774, 53.6037869), (-1.924434, 53.6047659)), ((-2.0890739, 53.486213), (-2.088813, 53.4861934)), ((-1.924434, 53.6047659), (-1.9212419, 53.607051)), ((-2.0917558, 53.4860829), (-2.0890739, 53.486213)), ((-1.9212419, 53.607051), (-1.9198861, 53.6087244)), ((-2.0945913, 53.483954), (-2.0917558, 53.4860829)), ((-1.9198861, 53.6087244), (-1.9198162, 53.6088126)), ((-2.0952223, 53.4831214), (-2.0945913, 53.483954)), ((-1.9198162, 53.6088126), (-1.9183536, 53.6102885)), ((-2.0954522, 53.4829147), (-2.0952223, 53.4831214)), ((-1.9183536, 53.6102885), (-1.9182302, 53.6103879)), ((-2.0957797, 53.4826769), (-2.0954522, 53.4829147)), ((-1.9182302, 53.6103879), (-1.9134523, 53.6127515)), ((-2.0962299, 53.4824148), (-2.0957797, 53.4826769)), ((-1.9134523, 53.6127515), (-1.9132895, 53.6128126)), ((-2.0978755, 53.4816992), (-2.0962299, 53.4824148)), ((-1.9132895, 53.6128126), (-1.9075738, 53.6148723)), ((-2.0979768, 53.4816651), (-2.0978755, 53.4816992)), ((-1.9075738, 53.6148723), (-1.9073407, 53.6149521)), ((-2.0988182, 53.4813589), (-2.0979768, 53.4816651)), ((-1.9073407, 53.6149521), (-1.9066526, 53.6151608)), ((-2.0990311, 53.4812757), (-2.0988182, 53.4813589)), ((-1.9066526, 53.6151608), (-1.9065321, 53.6151973)), ((-2.0999386, 53.4808744), (-2.0990311, 53.4812757)), ((-1.9065321, 53.6151973), (-1.8918267, 53.6198272)), ((-2.1004105, 53.480663), (-2.0999386, 53.4808744)), ((-1.8918267, 53.6198272), (-1.8916156, 53.6199222)), ((-2.1059643, 53.4763273), (-2.1004105, 53.480663)), ((-1.8916156, 53.6199222), (-1.8899339, 53.6207399)), ((-2.1096893, 53.4746008), (-2.1059643, 53.4763273)), ((-1.8899339, 53.6207399), (-1.8897852, 53.6208127)), ((-1.8897852, 53.6208127), (-1.8859951, 53.6225785)), ((-1.8859951, 53.6225785), (-1.8840273, 53.6231661)), ((-1.8840273, 53.6231661), (-1.8773541, 53.6252828)), ((-1.8773541, 53.6252828), (-1.8744455, 53.6260571)), ((-1.8744455, 53.6260571), (-1.8676874, 53.6270906)), ((-1.8676874, 53.6270906), (-1.8675488, 53.6271093)), ((-1.8675488, 53.6271093), (-1.8579034, 53.6292165)), ((-1.8579034, 53.6292165), (-1.8577128, 53.6293149)), ((-1.8577128, 53.6293149), (-1.8565968, 53.6299473)), ((-1.8565968, 53.6299473), (-1.8564281, 53.630057)), ((-1.8564281, 53.630057), (-1.8515809, 53.6334337)), ((-1.8515809, 53.6334337), (-1.8511057, 53.6337451)), ((-1.8511057, 53.6337451), (-1.8381571, 53.6391392)), ((-1.8381571, 53.6391392), (-1.8380719, 53.6391672)), ((-1.8380719, 53.6391672), (-1.8298012, 53.6416931)), ((-1.8298012, 53.6416931), (-1.8263468, 53.6422032)), ((-1.8263468, 53.6422032), (-1.8150009, 53.6418511)), ((-1.8150009, 53.6418511), (-1.8029913, 53.6439204)), ((-1.8029913, 53.6439204), (-1.798796, 53.6435108)), ((-1.798796, 53.6435108), (-1.798619, 53.6434883)), ((-1.798619, 53.6434883), (-1.7982634, 53.6434408)), ((-1.7982634, 53.6434408), (-1.7950026, 53.6434273)), ((-1.7950026, 53.6434273), (-1.7932357, 53.6436216))]",124,Gauge 10,864,864 (100.0%),0 (0.0%),0 (0.0%),0,0
224,5,"[((-1.1404046, 53.5218942), (-1.1403697, 53.5211052)), ((-1.1404046, 53.5218942), (-1.1399135, 53.5246227)), ((-1.1403697, 53.5211052), (-1.1401088, 53.5203548)), ((-1.1399141, 53.5248596), (-1.1399135, 53.5246227)), ((-1.1399141, 53.5248596), (-1.1399013, 53.5251935))]",124,Gauge 6,5211,5128 (98.4%),83 (1.6%),0 (0.0%),0.04,1.2
224,5,"[((-1.1404046, 53.5218942), (-1.1403697, 53.5211052)), ((-1.1404046, 53.5218942), (-1.1399135, 53.5246227)), ((-1.1403697, 53.5211052), (-1.1401088, 53.5203548)), ((-1.1399141, 53.5248596), (-1.1399135, 53.5246227)), ((-1.1399141, 53.5248596), (-1.1399013, 53.5251935))]",124,Gauge 10,864,833 (96.4%),31 (3.6%),0 (0.0%),0.04,1.2
225,11,"[((-0.1956106, 51.8168086), (-0.1935362, 51.8209096)), ((-0.1958531, 51.8162715), (-0.1956106, 51.8168086)), ((-0.1935362, 51.8209096), (-0.1926238, 51.8227392)), ((-0.1926238, 51.8227392), (-0.1925347, 51.8229072)), ((-0.1925347, 51.8229072), (-0.1909717, 51.8260318)), ((-0.1909717, 51.8260318), (-0.1891673, 51.8295885)), ((-0.1891673, 51.8295885), (-0.188119, 51.8317336)), ((-0.188119, 51.8317336), (-0.1839292, 51.8399189)), ((-0.1839292, 51.8399189), (-0.1827194, 51.8433154)), ((-0.1827194, 51.8433154), (-0.1826274, 51.8440132)), ((-0.1836275, 51.8501244), (-0.1826274, 51.8440132))]",124,Gauge 6,5211,4918 (94.4%),293 (5.6%),0 (0.0%),0.10,6.5
225,11,"[((-0.1956106, 51.8168086), (-0.1935362, 51.8209096)), ((-0.1958531, 51.8162715), (-0.1956106, 51.8168086)), ((-0.1935362, 51.8209096), (-0.1926238, 51.8227392)), ((-0.1926238, 51.8227392), (-0.1925347, 51.8229072)), ((-0.1925347, 51.8229072), (-0.1909717, 51.8260318)), ((-0.1909717, 51.8260318), (-0.1891673, 51.8295885)), ((-0.1891673, 51.8295885), (-0.188119, 51.8317336)), ((-0.188119, 51.8317336), (-0.1839292, 51.8399189)), ((-0.1839292, 51.8399189), (-0.1827194, 51.8433154)), ((-0.1827194, 51.8433154), (-0.1826274, 51.8440132)), ((-0.1836275, 51.8501244), (-0.1826274, 51.8440132))]",124,Gauge 10,864,856 (99.1%),8 (0.9%),0 (0.0%),1.42,17.1
226,1,"[((-0.2054296, 51.5225176), (-0.2039055, 51.5220551))]",124,Gauge 6,5211,5080 (97.5%),131 (2.5%),0 (0.0%),0.19,0.1
226,1,"[((-0.2054296, 51.5225176), (-0.2039055, 51.5220551))]",124,Gauge 10,864,864 (100.0%),0 (0.0%),0 (0.0%),0,0
227,15,"[((-1.8684111, 52.478375), (-1.8682569, 52.4786751)), ((-1.8706521, 52.4741097), (-1.8684111, 52.478375)), ((-1.8682569, 52.4786751), (-1.8676529, 52.4798261)), ((-1.8708394, 52.4737608), (-1.8706521, 52.4741097)), ((-1.8676529, 52.4798261), (-1.8674733, 52.4806923)), ((-1.8710101, 52.4734804), (-1.8708394, 52.4737608)), ((-1.8675657, 52.480907), (-1.8674733, 52.4806923)), ((-1.8678341, 52.4812486), (-1.8675657, 52.480907)), ((-1.867978, 52.4813667), (-1.8678341, 52.4812486)), ((-1.868434, 52.4816269), (-1.867978, 52.4813667)), ((-1.8707869, 52.481727), (-1.868434, 52.4816269)), ((-1.8733193, 52.4814124), (-1.8707869, 52.481727)), ((-1.8763931, 52.4813051), (-1.8733193, 52.4814124)), ((-1.8768641, 52.4813244), (-1.8763931, 52.4813051)), ((-1.8776084, 52.4813758), (-1.8768641, 52.4813244))]",123,Gauge 6,5211,5193 (99.7%),18 (0.3%),0 (0.0%),0.13,1.1
227,15,"[((-1.8684111, 52.478375), (-1.8682569, 52.4786751)), ((-1.8706521, 52.4741097), (-1.8684111, 52.478375)), ((-1.8682569, 52.4786751), (-1.8676529, 52.4798261)), ((-1.8708394, 52.4737608), (-1.8706521, 52.4741097)), ((-1.8676529, 52.4798261), (-1.8674733, 52.4806923)), ((-1.8710101, 52.4734804), (-1.8708394, 52.4737608)), ((-1.8675657, 52.480907), (-1.8674733, 52.4806923)), ((-1.8678341, 52.4812486), (-1.8675657, 52.480907)), ((-1.867978, 52.4813667), (-1.8678341, 52.4812486)), ((-1.868434, 52.4816269), (-1.867978, 52.4813667)), ((-1.8707869, 52.481727), (-1.868434, 52.4816269)), ((-1.8733193, 52.4814124), (-1.8707869, 52.481727)), ((-1.8763931, 52.4813051), (-1.8733193, 52.4814124)), ((-1.8768641, 52.4813244), (-1.8763931, 52.4813051)), ((-1.8776084, 52.4813758), (-1.8768641, 52.4813244))]",123,Gauge 10,864,864 (100.0%),0 (0.0%),0 (0.0%),0,0
228,41,"[((0.5860912, 51.7775487), (0.6262977, 51.7980943)), ((0.6262977, 51.7980943), (0.6265601, 51.7982425)), ((0.5859397, 51.7774924), (0.5860912, 51.7775487)), ((0.6265601, 51.7982425), (0.6298227, 51.8002089)), ((0.5805724, 51.7754712), (0.5859397, 51.7774924)), ((0.6298227, 51.8002089), (0.6301404, 51.8004045)), ((0.5801113, 51.7752906), (0.5805724, 51.7754712)), ((0.6301404, 51.8004045), (0.6319087, 51.8014519)), ((0.5751833, 51.7734157), (0.5801113, 51.7752906)), ((0.6319087, 51.8014519), (0.6321739, 51.80161)), ((0.5748383, 51.7733001), (0.5751833, 51.7734157)), ((0.6321739, 51.80161), (0.6358869, 51.8037892)), ((0.5456727, 51.7652328), (0.5748383, 51.7733001)), ((0.6358869, 51.8037892), (0.636526, 51.8041711)), ((0.5455809, 51.7652054), (0.5456727, 51.7652328)), ((0.636526, 51.8041711), (0.6631653, 51.819097)), ((0.5293632, 51.7611412), (0.5455809, 51.7652054)), ((0.6631653, 51.819097), (0.6634488, 51.8192585)), ((0.5289818, 51.7610485), (0.5293632, 51.7611412)), ((0.6634488, 51.8192585), (0.6864578, 51.8319787)), ((0.5122017, 51.7535027), (0.5289818, 51.7610485)), ((0.6864578, 51.8319787), (0.6865349, 51.8320237)), ((0.4947349, 51.7441085), (0.5122017, 51.7535027)), ((0.6865349, 51.8320237), (0.7036799, 51.8414888)), ((0.4885291, 51.7420867), (0.4947349, 51.7441085)), ((0.7036799, 51.8414888), (0.7042663, 51.8418117)), ((0.485298, 51.7411094), (0.4885291, 51.7420867)), ((0.7042663, 51.8418117), (0.7119817, 51.846029)), ((0.4840789, 51.7407355), (0.485298, 51.7411094)), ((0.7119817, 51.846029), (0.7122736, 51.846192)), ((0.4821132, 51.7401643), (0.4840789, 51.7407355)), ((0.7122736, 51.846192), (0.7157826, 51.8481017)), ((0.4812334, 51.7398941), (0.4821132, 51.7401643)), ((0.7157826, 51.8481017), (0.7162347, 51.8483494)), ((0.4806185, 51.7397153), (0.4812334, 51.7398941)), ((0.7162347, 51.8483494), (0.7213207, 51.8508098)), ((0.4740351, 51.7379089), (0.4806185, 51.7397153)), ((0.7213207, 51.8508098), (0.7864068, 51.8818739)), ((0.4737192, 51.737856), (0.4740351, 51.7379089)), ((0.4696502, 51.7368639), (0.4737192, 51.737856)), ((0.469004, 51.7366169), (0.4696502, 51.7368639))]",122,Gauge 6,5211,5086 (97.6%),125 (2.4%),0 (0.0%),1.33,4.6
228,41,"[((0.5860912, 51.7775487), (0.6262977, 51.7980943)), ((0.6262977, 51.7980943), (0.6265601, 51.7982425)), ((0.5859397, 51.7774924), (0.5860912, 51.7775487)), ((0.6265601, 51.7982425), (0.6298227, 51.8002089)), ((0.5805724, 51.7754712), (0.5859397, 51.7774924)), ((0.6298227, 51.8002089), (0.6301404, 51.8004045)), ((0.5801113, 51.7752906), (0.5805724, 51.7754712)), ((0.6301404, 51.8004045), (0.6319087, 51.8014519)), ((0.5751833, 51.7734157), (0.5801113, 51.7752906)), ((0.6319087, 51.8014519), (0.6321739, 51.80161)), ((0.5748383, 51.7733001), (0.5751833, 51.7734157)), ((0.6321739, 51.80161), (0.6358869, 51.8037892)), ((0.5456727, 51.7652328), (0.5748383, 51.7733001)), ((0.6358869, 51.8037892), (0.636526, 51.8041711)), ((0.5455809, 51.7652054), (0.5456727, 51.7652328)), ((0.636526, 51.8041711), (0.6631653, 51.819097)), ((0.5293632, 51.7611412), (0.5455809, 51.7652054)), ((0.6631653, 51.819097), (0.6634488, 51.8192585)), ((0.5289818, 51.7610485), (0.5293632, 51.7611412)), ((0.6634488, 51.8192585), (0.6864578, 51.8319787)), ((0.5122017, 51.7535027), (0.5289818, 51.7610485)), ((0.6864578, 51.8319787), (0.6865349, 51.8320237)), ((0.4947349, 51.7441085), (0.5122017, 51.7535027)), ((0.6865349, 51.8320237), (0.7036799, 51.8414888)), ((0.4885291, 51.7420867), (0.4947349, 51.7441085)), ((0.7036799, 51.8414888), (0.7042663, 51.8418117)), ((0.485298, 51.7411094), (0.4885291, 51.7420867)), ((0.7042663, 51.8418117), (0.7119817, 51.846029)), ((0.4840789, 51.7407355), (0.485298, 51.7411094)), ((0.7119817, 51.846029), (0.7122736, 51.846192)), ((0.4821132, 51.7401643), (0.4840789, 51.7407355)), ((0.7122736, 51.846192), (0.7157826, 51.8481017)), ((0.4812334, 51.7398941), (0.4821132, 51.7401643)), ((0.7157826, 51.8481017), (0.7162347, 51.8483494)), ((0.4806185, 51.7397153), (0.4812334, 51.7398941)), ((0.7162347, 51.8483494), (0.7213207, 51.8508098)), ((0.4740351, 51.7379089), (0.4806185, 51.7397153)), ((0.7213207, 51.8508098), (0.7864068, 51.8818739)), ((0.4737192, 51.737856), (0.4740351, 51.7379089)), ((0.4696502, 51.7368639), (0.4737192, 51.737856)), ((0.469004, 51.7366169), (0.4696502, 51.7368639))]",122,Gauge 10,864,863 (99.9%),1 (0.1%),0 (0.0%),0.00,1.0
229,14,"[((-0.2059608, 51.899876), (-0.2055413, 51.8988978)), ((-0.2055413, 51.8988978), (-0.1978116, 51.8877088)), ((-0.1978116, 51.8877088), (-0.1952032, 51.8845234)), ((-0.1952032, 51.8845234), (-0.1949802, 51.8841984)), ((-0.1949802, 51.8841984), (-0.1940976, 51.8827623)), ((-0.1940976, 51.8827623), (-0.194022, 51.8826208)), ((-0.194022, 51.8826208), (-0.1878724, 51.86893)), ((-0.1878724, 51.86893), (-0.1867394, 51.866385)), ((-0.1867394, 51.866385), (-0.1867104, 51.8663133)), ((-0.1867104, 51.8663133), (-0.1856317, 51.8618265)), ((-0.1856387, 51.8616962), (-0.1856317, 51.8618265)), ((-0.1856387, 51.8616962), (-0.1844877, 51.8536098)), ((-0.1844877, 51.8536098), (-0.1844648, 51.8535082)), ((-0.1844648, 51.8535082), (-0.1836275, 51.8501244))]",122,Gauge 6,5211,5075 (97.4%),136 (2.6%),0 (0.0%),0.00,1.6
229,14,"[((-0.2059608, 51.899876), (-0.2055413, 51.8988978)), ((-0.2055413, 51.8988978), (-0.1978116, 51.8877088)), ((-0.1978116, 51.8877088), (-0.1952032, 51.8845234)), ((-0.1952032, 51.8845234), (-0.1949802, 51.8841984)), ((-0.1949802, 51.8841984), (-0.1940976, 51.8827623)), ((-0.1940976, 51.8827623), (-0.194022, 51.8826208)), ((-0.194022, 51.8826208), (-0.1878724, 51.86893)), ((-0.1878724, 51.86893), (-0.1867394, 51.866385)), ((-0.1867394, 51.866385), (-0.1867104, 51.8663133)), ((-0.1867104, 51.8663133), (-0.1856317, 51.8618265)), ((-0.1856387, 51.8616962), (-0.1856317, 51.8618265)), ((-0.1856387, 51.8616962), (-0.1844877, 51.8536098)), ((-0.1844877, 51.8536098), (-0.1844648, 51.8535082)), ((-0.1844648, 51.8535082), (-0.1836275, 51.8501244))]",122,Gauge 10,864,864 (100.0%),0 (0.0%),0 (0.0%),0,0
230,2,"[((-1.4748486, 52.5312362), (-1.4703946, 52.5304853)), ((-1.4798048, 52.5293213), (-1.4748486, 52.5312362))]",122,Gauge 6,5211,4991 (95.8%),220 (4.2%),0 (0.0%),9.84,36.5
230,2,"[((-1.4748486, 52.5312362), (-1.4703946, 52.5304853)), ((-1.4798048, 52.5293213), (-1.4748486, 52.5312362))]",122,Gauge 10,864,864 (100.0%),0 (0.0%),0 (0.0%),0,0
231,5,"[((1.1383874, 52.0517364), (1.1405699, 52.0512903)), ((1.1405699, 52.0512903), (1.141729, 52.051072)), ((1.130265, 52.0556363), (1.1383874, 52.0517364)), ((1.141729, 52.051072), (1.1420145, 52.051019)), ((1.1420145, 52.051019), (1.1465557, 52.0497823))]",122,Gauge 6,5211,5185 (99.5%),26 (0.5%),0 (0.0%),0.00,1.9
231,5,"[((1.1383874, 52.0517364), (1.1405699, 52.0512903)), ((1.1405699, 52.0512903), (1.141729, 52.051072)), ((1.130265, 52.0556363), (1.1383874, 52.0517364)), ((1.141729, 52.051072), (1.1420145, 52.051019)), ((1.1420145, 52.051019), (1.1465557, 52.0497823))]",122,Gauge 10,864,864 (100.0%),0 (0.0%),0 (0.0%),0,0
232,1,"[((0.8987945, 51.9000561), (0.8995956, 51.9000021))]",122,Gauge 6,5211,5086 (97.6%),125 (2.4%),0 (0.0%),1.74,2.6
232,1,"[((0.8987945, 51.9000561), (0.8995956, 51.9000021))]",122,Gauge 10,864,861 (99.7%),3 (0.3%),0 (0.0%),1.66,5.0
233,23,"[((-0.4709594, 53.5844301), (-0.4215668, 53.5694063)), ((-0.4711009, 53.5844868), (-0.4709594, 53.5844301)), ((-0.513735, 53.6007218), (-0.4711009, 53.5844868)), ((-0.5139106, 53.600766), (-0.513735, 53.6007218)), ((-0.5197677, 53.6011466), (-0.5139106, 53.600766)), ((-0.5200232, 53.601121), (-0.5197677, 53.6011466)), ((-0.5202512, 53.6010931), (-0.5200232, 53.601121)), ((-0.520886, 53.6010225), (-0.5202512, 53.6010931)), ((-0.5260966, 53.6004504), (-0.520886, 53.6010225)), ((-0.5429167, 53.5986397), (-0.5260966, 53.6004504)), ((-0.5433146, 53.5986168), (-0.5429167, 53.5986397)), ((-0.5785752, 53.6028542), (-0.5433146, 53.5986168)), ((-0.5787356, 53.6028135), (-0.5785752, 53.6028542)), ((-0.5907697, 53.5977553), (-0.5787356, 53.6028135)), ((-0.5911092, 53.597723), (-0.5907697, 53.5977553)), ((-0.608876, 53.5990798), (-0.5911092, 53.597723)), ((-0.6182271, 53.5964815), (-0.608876, 53.5990798)), ((-0.6193539, 53.5961292), (-0.6182271, 53.5964815)), ((-0.6200003, 53.5959665), (-0.6193539, 53.5961292)), ((-0.621668, 53.595458), (-0.6200003, 53.5959665)), ((-0.6289309, 53.5930842), (-0.621668, 53.595458)), ((-0.6289524, 53.5930738), (-0.6289309, 53.5930842)), ((-0.62963, 53.5927718), (-0.6289524, 53.5930738))]",121,Gauge 6,5211,5200 (99.8%),11 (0.2%),0 (0.0%),0.02,1.5
233,23,"[((-0.4709594, 53.5844301), (-0.4215668, 53.5694063)), ((-0.4711009, 53.5844868), (-0.4709594, 53.5844301)), ((-0.513735, 53.6007218), (-0.4711009, 53.5844868)), ((-0.5139106, 53.600766), (-0.513735, 53.6007218)), ((-0.5197677, 53.6011466), (-0.5139106, 53.600766)), ((-0.5200232, 53.601121), (-0.5197677, 53.6011466)), ((-0.5202512, 53.6010931), (-0.5200232, 53.601121)), ((-0.520886, 53.6010225), (-0.5202512, 53.6010931)), ((-0.5260966, 53.6004504), (-0.520886, 53.6010225)), ((-0.5429167, 53.5986397), (-0.5260966, 53.6004504)), ((-0.5433146, 53.5986168), (-0.5429167, 53.5986397)), ((-0.5785752, 53.6028542), (-0.5433146, 53.5986168)), ((-0.5787356, 53.6028135), (-0.5785752, 53.6028542)), ((-0.5907697, 53.5977553), (-0.5787356, 53.6028135)), ((-0.5911092, 53.597723), (-0.5907697, 53.5977553)), ((-0.608876, 53.5990798), (-0.5911092, 53.597723)), ((-0.6182271, 53.5964815), (-0.608876, 53.5990798)), ((-0.6193539, 53.5961292), (-0.6182271, 53.5964815)), ((-0.6200003, 53.5959665), (-0.6193539, 53.5961292)), ((-0.621668, 53.595458), (-0.6200003, 53.5959665)), ((-0.6289309, 53.5930842), (-0.621668, 53.595458)), ((-0.6289524, 53.5930738), (-0.6289309, 53.5930842)), ((-0.62963, 53.5927718), (-0.6289524, 53.5930738))]",121,Gauge 10,864,864 (100.0%),0 (0.0%),0 (0.0%),0,0
234,2,"[((-0.2524972, 52.5776727), (-0.2523411, 52.5771893)), ((-0.2523411, 52.5771893), (-0.252225, 52.5769358))]",121,Gauge 6,5211,5107 (98.0%),104 (2.0%),0 (0.0%),0.00,2.0
234,2,"[((-0.2524972, 52.5776727), (-0.2523411, 52.5771893)), ((-0.2523411, 52.5771893), (-0.252225, 52.5769358))]",121,Gauge 10,864,864 (100.0%),0 (0.0%),0 (0.0%),0,0
235,3,"[((-0.2036043, 51.8007536), (-0.2026523, 51.8026233)), ((-0.2026523, 51.8026233), (-0.1962186, 51.8154452)), ((-0.1962186, 51.8154452), (-0.1958531, 51.8162715))]",121,Gauge 6,5211,4918 (94.4%),293 (5.6%),0 (0.0%),0.02,1.1
235,3,"[((-0.2036043, 51.8007536), (-0.2026523, 51.8026233)), ((-0.2026523, 51.8026233), (-0.1962186, 51.8154452)), ((-0.1962186, 51.8154452), (-0.1958531, 51.8162715))]",121,Gauge 10,864,859 (99.4%),5 (0.6%),0 (0.0%),0.69,4.2
236,3,"[((-1.8763942, 52.481341), (-1.8760166, 52.4813407)), ((-1.8769513, 52.4813525), (-1.8763942, 52.481341)), ((-1.8776084, 52.4813758), (-1.8769513, 52.4813525))]",121,Gauge 6,5211,5194 (99.7%),17 (0.3%),0 (0.0%),0.06,1.2
236,3,"[((-1.8763942, 52.481341), (-1.8760166, 52.4813407)), ((-1.8769513, 52.4813525), (-1.8763942, 52.481341)), ((-1.8776084, 52.4813758), (-1.8769513, 52.4813525))]",121,Gauge 10,864,864 (100.0%),0 (0.0%),0 (0.0%),0,0
237,1,"[((-1.8770751, 52.4815135), (-1.8769827, 52.4815147))]",121,Gauge 6,5211,5147 (98.8%),64 (1.2%),0 (0.0%),0.02,2.0
237,1,"[((-1.8770751, 52.4815135), (-1.8769827, 52.4815147))]",121,Gauge 10,864,864 (100.0%),0 (0.0%),0 (0.0%),0,0
238,19,"[((-1.6833604, 52.5447463), (-1.6800661, 52.5482956)), ((-1.6835138, 52.5446276), (-1.6833604, 52.5447463)), ((-1.6800661, 52.5482956), (-1.6799957, 52.5483948)), ((-1.6972754, 52.5368694), (-1.6835138, 52.5446276)), ((-1.6799957, 52.5483948), (-1.6778462, 52.5552706)), ((-1.6981263, 52.5364176), (-1.6972754, 52.5368694)), ((-1.6778462, 52.5552706), (-1.6778067, 52.5559376)), ((-1.7214342, 52.5241727), (-1.6981263, 52.5364176)), ((-1.6778067, 52.5559376), (-1.677799, 52.5560938)), ((-1.7215484, 52.5241131), (-1.7214342, 52.5241727)), ((-1.677799, 52.5560938), (-1.6777217, 52.5623346)), ((-1.7235911, 52.5230496), (-1.7215484, 52.5241131)), ((-1.6777247, 52.5623795), (-1.6777217, 52.5623346)), ((-1.72425, 52.5227004), (-1.7235911, 52.5230496)), ((-1.6780355, 52.5658515), (-1.6777247, 52.5623795)), ((-1.7314834, 52.5199178), (-1.72425, 52.5227004)), ((-1.6785568, 52.5688934), (-1.6780355, 52.5658515)), ((-1.7371821, 52.5188643), (-1.7314834, 52.5199178)), ((-1.7406017, 52.5185831), (-1.7371821, 52.5188643))]",120,Gauge 6,5211,5129 (98.4%),82 (1.6%),0 (0.0%),0.42,4.8
238,19,"[((-1.6833604, 52.5447463), (-1.6800661, 52.5482956)), ((-1.6835138, 52.5446276), (-1.6833604, 52.5447463)), ((-1.6800661, 52.5482956), (-1.6799957, 52.5483948)), ((-1.6972754, 52.5368694), (-1.6835138, 52.5446276)), ((-1.6799957, 52.5483948), (-1.6778462, 52.5552706)), ((-1.6981263, 52.5364176), (-1.6972754, 52.5368694)), ((-1.6778462, 52.5552706), (-1.6778067, 52.5559376)), ((-1.7214342, 52.5241727), (-1.6981263, 52.5364176)), ((-1.6778067, 52.5559376), (-1.677799, 52.5560938)), ((-1.7215484, 52.5241131), (-1.7214342, 52.5241727)), ((-1.677799, 52.5560938), (-1.6777217, 52.5623346)), ((-1.7235911, 52.5230496), (-1.7215484, 52.5241131)), ((-1.6777247, 52.5623795), (-1.6777217, 52.5623346)), ((-1.72425, 52.5227004), (-1.7235911, 52.5230496)), ((-1.6780355, 52.5658515), (-1.6777247, 52.5623795)), ((-1.7314834, 52.5199178), (-1.72425, 52.5227004)), ((-1.6785568, 52.5688934), (-1.6780355, 52.5658515)), ((-1.7371821, 52.5188643), (-1.7314834, 52.5199178)), ((-1.7406017, 52.5185831), (-1.7371821, 52.5188643))]",120,Gauge 10,864,864 (100.0%),0 (0.0%),0 (0.0%),0,0
239,20,"[((-0.6829773, 53.006112), (-0.6474075, 52.9756197)), ((-0.6474075, 52.9756197), (-0.6471594, 52.9752082)), ((-0.6831718, 53.0062285), (-0.6829773, 53.006112)), ((-0.6471594, 52.9752082), (-0.6462327, 52.9736711)), ((-0.6862332, 53.0080614), (-0.6831718, 53.0062285)), ((-0.6462327, 52.9736711), (-0.6461692, 52.9735644)), ((-0.6864043, 53.0081639), (-0.6862332, 53.0080614)), ((-0.6461692, 52.9735644), (-0.6442227, 52.9703039)), ((-0.740817, 53.0407396), (-0.6864043, 53.0081639)), ((-0.6442227, 52.9703039), (-0.6441064, 52.9700992)), ((-0.7410165, 53.0408591), (-0.740817, 53.0407396)), ((-0.6441064, 52.9700992), (-0.6427796, 52.9670454)), ((-0.7977588, 53.0783174), (-0.7410165, 53.0408591)), ((-0.6427796, 52.9670454), (-0.642741, 52.9669072)), ((-0.6440128, 52.9487668), (-0.642741, 52.9669072)), ((-0.644138, 52.947911), (-0.6440128, 52.9487668)), ((-0.6451865, 52.9399713), (-0.644138, 52.947911)), ((-0.6479367, 52.9202018), (-0.6451865, 52.9399713)), ((-0.6479937, 52.919787), (-0.6479367, 52.9202018)), ((-0.6481028, 52.9189141), (-0.6479937, 52.919787))]",120,Gauge 6,5211,5199 (99.8%),12 (0.2%),0 (0.0%),0.86,9.0
239,20,"[((-0.6829773, 53.006112), (-0.6474075, 52.9756197)), ((-0.6474075, 52.9756197), (-0.6471594, 52.9752082)), ((-0.6831718, 53.0062285), (-0.6829773, 53.006112)), ((-0.6471594, 52.9752082), (-0.6462327, 52.9736711)), ((-0.6862332, 53.0080614), (-0.6831718, 53.0062285)), ((-0.6462327, 52.9736711), (-0.6461692, 52.9735644)), ((-0.6864043, 53.0081639), (-0.6862332, 53.0080614)), ((-0.6461692, 52.9735644), (-0.6442227, 52.9703039)), ((-0.740817, 53.0407396), (-0.6864043, 53.0081639)), ((-0.6442227, 52.9703039), (-0.6441064, 52.9700992)), ((-0.7410165, 53.0408591), (-0.740817, 53.0407396)), ((-0.6441064, 52.9700992), (-0.6427796, 52.9670454)), ((-0.7977588, 53.0783174), (-0.7410165, 53.0408591)), ((-0.6427796, 52.9670454), (-0.642741, 52.9669072)), ((-0.6440128, 52.9487668), (-0.642741, 52.9669072)), ((-0.644138, 52.947911), (-0.6440128, 52.9487668)), ((-0.6451865, 52.9399713), (-0.644138, 52.947911)), ((-0.6479367, 52.9202018), (-0.6451865, 52.9399713)), ((-0.6479937, 52.919787), (-0.6479367, 52.9202018)), ((-0.6481028, 52.9189141), (-0.6479937, 52.919787))]",120,Gauge 10,864,859 (99.4%),5 (0.6%),0 (0.0%),0.89,10.0
240,2,"[((-1.896051, 52.4780501), (-1.8958798, 52.4780823)), ((-1.8958798, 52.4780823), (-1.8956122, 52.4781264))]",120,Gauge 6,5211,5200 (99.8%),11 (0.2%),0 (0.0%),9.71,62.0
240,2,"[((-1.896051, 52.4780501), (-1.8958798, 52.4780823)), ((-1.8958798, 52.4780823), (-1.8956122, 52.4781264))]",120,Gauge 10,864,863 (99.9%),1 (0.1%),0 (0.0%),6.64,49.0
241,3,"[((-0.9912581, 51.4538619), (-0.9900273, 51.4556628)), ((-0.9931275, 51.4497648), (-0.9912581, 51.4538619)), ((-0.9963622, 51.442655), (-0.9931275, 51.4497648))]",120,Gauge 6,5211,5081 (97.5%),130 (2.5%),0 (0.0%),0.06,1.9
241,3,"[((-0.9912581, 51.4538619), (-0.9900273, 51.4556628)), ((-0.9931275, 51.4497648), (-0.9912581, 51.4538619)), ((-0.9963622, 51.442655), (-0.9931275, 51.4497648))]",120,Gauge 10,864,864 (100.0%),0 (0.0%),0 (0.0%),0,0
242,19,"[((-0.1336149, 51.5459275), (-0.1317697, 51.5437062)), ((-0.1317697, 51.5437062), (-0.1317424, 51.543668)), ((-0.1349844, 51.5474314), (-0.1336149, 51.5459275)), ((-0.1317424, 51.543668), (-0.1314772, 51.5433763)), ((-0.135331, 51.5477513), (-0.1349844, 51.5474314)), ((-0.1314772, 51.5433763), (-0.1314278, 51.5432864)), ((-0.1361754, 51.5484241), (-0.135331, 51.5477513)), ((-0.1314278, 51.5432864), (-0.1312562, 51.5429785)), ((-0.1364934, 51.5486548), (-0.1361754, 51.5484241)), ((-0.1312562, 51.5429785), (-0.1311461, 51.5427716)), ((-0.1375207, 51.5493298), (-0.1364934, 51.5486548)), ((-0.1379614, 51.5495946), (-0.1375207, 51.5493298)), ((-0.1403499, 51.5507259), (-0.1379614, 51.5495946)), ((-0.1409139, 51.5509421), (-0.1403499, 51.5507259)), ((-0.1432514, 51.5516709), (-0.1409139, 51.5509421)), ((-0.1441947, 51.5518702), (-0.1432514, 51.5516709)), ((-0.1473639, 51.5524406), (-0.1441947, 51.5518702)), ((-0.1480123, 51.5525238), (-0.1473639, 51.5524406)), ((-0.1505995, 51.5527113), (-0.1480123, 51.5525238))]",119,Gauge 6,5211,5176 (99.3%),35 (0.7%),0 (0.0%),0.90,2.3
242,19,"[((-0.1336149, 51.5459275), (-0.1317697, 51.5437062)), ((-0.1317697, 51.5437062), (-0.1317424, 51.543668)), ((-0.1349844, 51.5474314), (-0.1336149, 51.5459275)), ((-0.1317424, 51.543668), (-0.1314772, 51.5433763)), ((-0.135331, 51.5477513), (-0.1349844, 51.5474314)), ((-0.1314772, 51.5433763), (-0.1314278, 51.5432864)), ((-0.1361754, 51.5484241), (-0.135331, 51.5477513)), ((-0.1314278, 51.5432864), (-0.1312562, 51.5429785)), ((-0.1364934, 51.5486548), (-0.1361754, 51.5484241)), ((-0.1312562, 51.5429785), (-0.1311461, 51.5427716)), ((-0.1375207, 51.5493298), (-0.1364934, 51.5486548)), ((-0.1379614, 51.5495946), (-0.1375207, 51.5493298)), ((-0.1403499, 51.5507259), (-0.1379614, 51.5495946)), ((-0.1409139, 51.5509421), (-0.1403499, 51.5507259)), ((-0.1432514, 51.5516709), (-0.1409139, 51.5509421)), ((-0.1441947, 51.5518702), (-0.1432514, 51.5516709)), ((-0.1473639, 51.5524406), (-0.1441947, 51.5518702)), ((-0.1480123, 51.5525238), (-0.1473639, 51.5524406)), ((-0.1505995, 51.5527113), (-0.1480123, 51.5525238))]",119,Gauge 10,864,862 (99.8%),2 (0.2%),0 (0.0%),1.58,5.0
243,38,"[((-1.9041179, 52.4785547), (-1.9036537, 52.4785153)), ((-1.9036537, 52.4785153), (-1.9033085, 52.4784839)), ((-1.9165018, 52.4798174), (-1.9041179, 52.4785547)), ((-1.9033085, 52.4784839), (-1.901944, 52.4784045)), ((-1.9287165, 52.484394), (-1.9165018, 52.4798174)), ((-1.901944, 52.4784045), (-1.9010083, 52.4784025)), ((-1.9288704, 52.4844752), (-1.9287165, 52.484394)), ((-1.9010083, 52.4784025), (-1.8988759, 52.4781762)), ((-1.9414043, 52.4913869), (-1.9288704, 52.4844752)), ((-1.8988759, 52.4781762), (-1.8973452, 52.4780522)), ((-1.9415786, 52.4915437), (-1.9414043, 52.4913869)), ((-1.8973452, 52.4780522), (-1.89714, 52.4780365)), ((-1.9493262, 52.495548), (-1.9415786, 52.4915437)), ((-1.89714, 52.4780365), (-1.8965496, 52.4780072)), ((-1.9498506, 52.4956647), (-1.9493262, 52.495548)), ((-1.8965496, 52.4780072), (-1.896341, 52.4780174)), ((-1.9610578, 52.4961298), (-1.9498506, 52.4956647)), ((-1.896341, 52.4780174), (-1.896051, 52.4780501)), ((-1.9782281, 52.5008113), (-1.9610578, 52.4961298)), ((-1.9787326, 52.5011463), (-1.9782281, 52.5008113)), ((-1.9861527, 52.5038874), (-1.9787326, 52.5011463)), ((-1.9974405, 52.5057617), (-1.9861527, 52.5038874)), ((-1.9976682, 52.5057903), (-1.9974405, 52.5057617)), ((-2.0121001, 52.508781), (-1.9976682, 52.5057903)), ((-2.0123521, 52.5088817), (-2.0121001, 52.508781)), ((-2.0164766, 52.5110595), (-2.0123521, 52.5088817)), ((-2.0165569, 52.5111095), (-2.0164766, 52.5110595)), ((-2.0174986, 52.5117385), (-2.0165569, 52.5111095)), ((-2.0177265, 52.5118953), (-2.0174986, 52.5117385)), ((-2.0193842, 52.5130151), (-2.0177265, 52.5118953)), ((-2.01947, 52.5130697), (-2.0193842, 52.5130151)), ((-2.0196516, 52.5131942), (-2.01947, 52.5130697)), ((-2.0230163, 52.51578), (-2.0196516, 52.5131942)), ((-2.0232825, 52.5159766), (-2.0230163, 52.51578)), ((-2.0257762, 52.5171967), (-2.0232825, 52.5159766)), ((-2.0481348, 52.524154), (-2.0257762, 52.5171967)), ((-2.0485194, 52.524278), (-2.0481348, 52.524154)), ((-2.0501502, 52.5247999), (-2.0485194, 52.524278))]",119,Gauge 6,5211,5201 (99.8%),10 (0.2%),0 (0.0%),9.99,63.3
243,38,"[((-1.9041179, 52.4785547), (-1.9036537, 52.4785153)), ((-1.9036537, 52.4785153), (-1.9033085, 52.4784839)), ((-1.9165018, 52.4798174), (-1.9041179, 52.4785547)), ((-1.9033085, 52.4784839), (-1.901944, 52.4784045)), ((-1.9287165, 52.484394), (-1.9165018, 52.4798174)), ((-1.901944, 52.4784045), (-1.9010083, 52.4784025)), ((-1.9288704, 52.4844752), (-1.9287165, 52.484394)), ((-1.9010083, 52.4784025), (-1.8988759, 52.4781762)), ((-1.9414043, 52.4913869), (-1.9288704, 52.4844752)), ((-1.8988759, 52.4781762), (-1.8973452, 52.4780522)), ((-1.9415786, 52.4915437), (-1.9414043, 52.4913869)), ((-1.8973452, 52.4780522), (-1.89714, 52.4780365)), ((-1.9493262, 52.495548), (-1.9415786, 52.4915437)), ((-1.89714, 52.4780365), (-1.8965496, 52.4780072)), ((-1.9498506, 52.4956647), (-1.9493262, 52.495548)), ((-1.8965496, 52.4780072), (-1.896341, 52.4780174)), ((-1.9610578, 52.4961298), (-1.9498506, 52.4956647)), ((-1.896341, 52.4780174), (-1.896051, 52.4780501)), ((-1.9782281, 52.5008113), (-1.9610578, 52.4961298)), ((-1.9787326, 52.5011463), (-1.9782281, 52.5008113)), ((-1.9861527, 52.5038874), (-1.9787326, 52.5011463)), ((-1.9974405, 52.5057617), (-1.9861527, 52.5038874)), ((-1.9976682, 52.5057903), (-1.9974405, 52.5057617)), ((-2.0121001, 52.508781), (-1.9976682, 52.5057903)), ((-2.0123521, 52.5088817), (-2.0121001, 52.508781)), ((-2.0164766, 52.5110595), (-2.0123521, 52.5088817)), ((-2.0165569, 52.5111095), (-2.0164766, 52.5110595)), ((-2.0174986, 52.5117385), (-2.0165569, 52.5111095)), ((-2.0177265, 52.5118953), (-2.0174986, 52.5117385)), ((-2.0193842, 52.5130151), (-2.0177265, 52.5118953)), ((-2.01947, 52.5130697), (-2.0193842, 52.5130151)), ((-2.0196516, 52.5131942), (-2.01947, 52.5130697)), ((-2.0230163, 52.51578), (-2.0196516, 52.5131942)), ((-2.0232825, 52.5159766), (-2.0230163, 52.51578)), ((-2.0257762, 52.5171967), (-2.0232825, 52.5159766)), ((-2.0481348, 52.524154), (-2.0257762, 52.5171967)), ((-2.0485194, 52.524278), (-2.0481348, 52.524154)), ((-2.0501502, 52.5247999), (-2.0485194, 52.524278))]",119,Gauge 10,864,864 (100.0%),0 (0.0%),0 (0.0%),0,0
244,30,"[((-1.1758868, 51.3957757), (-1.067246, 51.4343585)), ((-1.067246, 51.4343585), (-1.0481321, 51.4362156)), ((-1.1871972, 51.3954791), (-1.1758868, 51.3957757)), ((-1.0481321, 51.4362156), (-1.0479074, 51.4362299)), ((-1.2428856, 51.3938589), (-1.1871972, 51.3954791)), ((-1.0479074, 51.4362299), (-1.0341292, 51.4366778)), ((-1.2796489, 51.3965789), (-1.2428856, 51.3938589)), ((-1.0341292, 51.4366778), (-1.0337434, 51.4366764)), ((-1.2800247, 51.3965684), (-1.2796489, 51.3965789)), ((-1.0337434, 51.4366764), (-1.0203765, 51.4369322)), ((-1.2836778, 51.3965706), (-1.2800247, 51.3965684)), ((-1.0203765, 51.4369322), (-1.0200552, 51.4369551)), ((-1.2843238, 51.3965989), (-1.2836778, 51.3965706)), ((-1.0200552, 51.4369551), (-1.0060198, 51.4386581)), ((-1.2850236, 51.3966253), (-1.2843238, 51.3965989)), ((-1.0060198, 51.4386581), (-1.0057941, 51.4386946)), ((-1.2854356, 51.3966607), (-1.2850236, 51.3966253)), ((-1.0057941, 51.4386946), (-1.005071, 51.4388106)), ((-1.2869007, 51.3968123), (-1.2854356, 51.3966607)), ((-1.005071, 51.4388106), (-1.0049777, 51.4388251)), ((-1.3012979, 51.3987452), (-1.2869007, 51.3968123)), ((-1.0049777, 51.4388251), (-1.0025508, 51.4392278)), ((-1.3177441, 51.3980333), (-1.3012979, 51.3987452)), ((-1.0025508, 51.4392278), (-1.0023555, 51.4392689)), ((-1.3191884, 51.3979363), (-1.3177441, 51.3980333)), ((-1.0023555, 51.4392689), (-0.9979843, 51.4411173)), ((-1.3256458, 51.397378), (-1.3191884, 51.3979363)), ((-0.9979843, 51.4411173), (-0.9978935, 51.4411849)), ((-1.326202, 51.3973289), (-1.3256458, 51.397378)), ((-0.9978935, 51.4411849), (-0.9963622, 51.442655))]",119,Gauge 6,5211,5066 (97.2%),145 (2.8%),0 (0.0%),28.06,61.8
244,30,"[((-1.1758868, 51.3957757), (-1.067246, 51.4343585)), ((-1.067246, 51.4343585), (-1.0481321, 51.4362156)), ((-1.1871972, 51.3954791), (-1.1758868, 51.3957757)), ((-1.0481321, 51.4362156), (-1.0479074, 51.4362299)), ((-1.2428856, 51.3938589), (-1.1871972, 51.3954791)), ((-1.0479074, 51.4362299), (-1.0341292, 51.4366778)), ((-1.2796489, 51.3965789), (-1.2428856, 51.3938589)), ((-1.0341292, 51.4366778), (-1.0337434, 51.4366764)), ((-1.2800247, 51.3965684), (-1.2796489, 51.3965789)), ((-1.0337434, 51.4366764), (-1.0203765, 51.4369322)), ((-1.2836778, 51.3965706), (-1.2800247, 51.3965684)), ((-1.0203765, 51.4369322), (-1.0200552, 51.4369551)), ((-1.2843238, 51.3965989), (-1.2836778, 51.3965706)), ((-1.0200552, 51.4369551), (-1.0060198, 51.4386581)), ((-1.2850236, 51.3966253), (-1.2843238, 51.3965989)), ((-1.0060198, 51.4386581), (-1.0057941, 51.4386946)), ((-1.2854356, 51.3966607), (-1.2850236, 51.3966253)), ((-1.0057941, 51.4386946), (-1.005071, 51.4388106)), ((-1.2869007, 51.3968123), (-1.2854356, 51.3966607)), ((-1.005071, 51.4388106), (-1.0049777, 51.4388251)), ((-1.3012979, 51.3987452), (-1.2869007, 51.3968123)), ((-1.0049777, 51.4388251), (-1.0025508, 51.4392278)), ((-1.3177441, 51.3980333), (-1.3012979, 51.3987452)), ((-1.0025508, 51.4392278), (-1.0023555, 51.4392689)), ((-1.3191884, 51.3979363), (-1.3177441, 51.3980333)), ((-1.0023555, 51.4392689), (-0.9979843, 51.4411173)), ((-1.3256458, 51.397378), (-1.3191884, 51.3979363)), ((-0.9979843, 51.4411173), (-0.9978935, 51.4411849)), ((-1.326202, 51.3973289), (-1.3256458, 51.397378)), ((-0.9978935, 51.4411849), (-0.9963622, 51.442655))]",119,Gauge 10,864,864 (100.0%),0 (0.0%),0 (0.0%),0,0
245,11,"[((-1.3502787, 53.444004), (-1.347436, 53.4452661)), ((-1.347436, 53.4452661), (-1.3472211, 53.4453594)), ((-1.3506097, 53.4438632), (-1.3502787, 53.444004)), ((-1.3472211, 53.4453594), (-1.3361088, 53.4502587)), ((-1.3606335, 53.4394539), (-1.3506097, 53.4438632)), ((-1.3361088, 53.4502587), (-1.3358076, 53.450388)), ((-1.3609703, 53.439305), (-1.3606335, 53.4394539)), ((-1.3358076, 53.450388), (-1.323976, 53.4570169)), ((-1.3612021, 53.4392017), (-1.3609703, 53.439305)), ((-1.323976, 53.4570169), (-1.323434, 53.4573979)), ((-1.3685221, 53.4349738), (-1.3612021, 53.4392017))]",119,Gauge 6,5211,5211 (100.0%),0 (0.0%),0 (0.0%),0,0
245,11,"[((-1.3502787, 53.444004), (-1.347436, 53.4452661)), ((-1.347436, 53.4452661), (-1.3472211, 53.4453594)), ((-1.3506097, 53.4438632), (-1.3502787, 53.444004)), ((-1.3472211, 53.4453594), (-1.3361088, 53.4502587)), ((-1.3606335, 53.4394539), (-1.3506097, 53.4438632)), ((-1.3361088, 53.4502587), (-1.3358076, 53.450388)), ((-1.3609703, 53.439305), (-1.3606335, 53.4394539)), ((-1.3358076, 53.450388), (-1.323976, 53.4570169)), ((-1.3612021, 53.4392017), (-1.3609703, 53.439305)), ((-1.323976, 53.4570169), (-1.323434, 53.4573979)), ((-1.3685221, 53.4349738), (-1.3612021, 53.4392017))]",119,Gauge 10,864,864 (100.0%),0 (0.0%),0 (0.0%),0,0
246,48,"[((-1.3548748, 52.4230332), (-1.3121959, 52.3998232)), ((-1.3550436, 52.4230718), (-1.3548748, 52.4230332)), ((-1.3121959, 52.3998232), (-1.3118975, 52.3996238)), ((-1.3584056, 52.4239335), (-1.3550436, 52.4230718)), ((-1.3118975, 52.3996238), (-1.3053311, 52.3952192)), ((-1.3586558, 52.4240053), (-1.3584056, 52.4239335)), ((-1.3053311, 52.3952192), (-1.3052527, 52.3951672)), ((-1.3918021, 52.4454357), (-1.3586558, 52.4240053)), ((-1.3052527, 52.3951672), (-1.3007238, 52.3921309)), ((-1.3924697, 52.4458561), (-1.3918021, 52.4454357)), ((-1.3007238, 52.3921309), (-1.300544, 52.3920065)), ((-1.4070675, 52.4548522), (-1.3924697, 52.4458561)), ((-1.300544, 52.3920065), (-1.2990259, 52.3910064)), ((-1.4339242, 52.4713896), (-1.4070675, 52.4548522)), ((-1.2990259, 52.3910064), (-1.2988888, 52.3909166)), ((-1.4344266, 52.4717555), (-1.4339242, 52.4713896)), ((-1.2988888, 52.3909166), (-1.2916202, 52.3870522)), ((-1.4385631, 52.475352), (-1.4344266, 52.4717555)), ((-1.2916202, 52.3870522), (-1.2914976, 52.3869902)), ((-1.4386557, 52.4754479), (-1.4385631, 52.475352)), ((-1.2914976, 52.3869902), (-1.2910605, 52.3867795)), ((-1.4445042, 52.4897845), (-1.4386557, 52.4754479)), ((-1.2910605, 52.3867795), (-1.2889292, 52.3857522)), ((-1.4445042, 52.4897845), (-1.4444961, 52.489907)), ((-1.2889292, 52.3857522), (-1.2849119, 52.3838158)), ((-1.4444961, 52.489907), (-1.4443102, 52.4913831)), ((-1.2849119, 52.3838158), (-1.2843532, 52.3835545)), ((-1.4443102, 52.4913831), (-1.4442903, 52.4914925)), ((-1.2843532, 52.3835545), (-1.2706895, 52.3808658)), ((-1.4442903, 52.4914925), (-1.4440236, 52.4932153)), ((-1.2706895, 52.3808658), (-1.2701939, 52.3808843)), ((-1.4440236, 52.4932153), (-1.4440004, 52.4934083)), ((-1.2701939, 52.3808843), (-1.2671946, 52.3808933)), ((-1.4440004, 52.4934083), (-1.4437572, 52.4960888)), ((-1.2671946, 52.3808933), (-1.2651257, 52.380878)), ((-1.4437572, 52.4960888), (-1.4437433, 52.49629)), ((-1.2651257, 52.380878), (-1.2645919, 52.3808681)), ((-1.443865, 52.499397), (-1.4437433, 52.49629)), ((-1.2645919, 52.3808681), (-1.2601533, 52.3807402)), ((-1.4441263, 52.501565), (-1.443865, 52.499397)), ((-1.2601533, 52.3807402), (-1.2579797, 52.3804973)), ((-1.445154, 52.5052621), (-1.4441263, 52.501565)), ((-1.4494915, 52.5137683), (-1.445154, 52.5052621)), ((-1.4563969, 52.5211928), (-1.4494915, 52.5137683)), ((-1.4566939, 52.5214453), (-1.4563969, 52.5211928)), ((-1.4585841, 52.5230052), (-1.4566939, 52.5214453)), ((-1.4617613, 52.5252195), (-1.4585841, 52.5230052)), ((-1.4666512, 52.5283823), (-1.4617613, 52.5252195))]",119,Gauge 6,5211,5177 (99.3%),34 (0.7%),0 (0.0%),0.23,0.0
246,48,"[((-1.3548748, 52.4230332), (-1.3121959, 52.3998232)), ((-1.3550436, 52.4230718), (-1.3548748, 52.4230332)), ((-1.3121959, 52.3998232), (-1.3118975, 52.3996238)), ((-1.3584056, 52.4239335), (-1.3550436, 52.4230718)), ((-1.3118975, 52.3996238), (-1.3053311, 52.3952192)), ((-1.3586558, 52.4240053), (-1.3584056, 52.4239335)), ((-1.3053311, 52.3952192), (-1.3052527, 52.3951672)), ((-1.3918021, 52.4454357), (-1.3586558, 52.4240053)), ((-1.3052527, 52.3951672), (-1.3007238, 52.3921309)), ((-1.3924697, 52.4458561), (-1.3918021, 52.4454357)), ((-1.3007238, 52.3921309), (-1.300544, 52.3920065)), ((-1.4070675, 52.4548522), (-1.3924697, 52.4458561)), ((-1.300544, 52.3920065), (-1.2990259, 52.3910064)), ((-1.4339242, 52.4713896), (-1.4070675, 52.4548522)), ((-1.2990259, 52.3910064), (-1.2988888, 52.3909166)), ((-1.4344266, 52.4717555), (-1.4339242, 52.4713896)), ((-1.2988888, 52.3909166), (-1.2916202, 52.3870522)), ((-1.4385631, 52.475352), (-1.4344266, 52.4717555)), ((-1.2916202, 52.3870522), (-1.2914976, 52.3869902)), ((-1.4386557, 52.4754479), (-1.4385631, 52.475352)), ((-1.2914976, 52.3869902), (-1.2910605, 52.3867795)), ((-1.4445042, 52.4897845), (-1.4386557, 52.4754479)), ((-1.2910605, 52.3867795), (-1.2889292, 52.3857522)), ((-1.4445042, 52.4897845), (-1.4444961, 52.489907)), ((-1.2889292, 52.3857522), (-1.2849119, 52.3838158)), ((-1.4444961, 52.489907), (-1.4443102, 52.4913831)), ((-1.2849119, 52.3838158), (-1.2843532, 52.3835545)), ((-1.4443102, 52.4913831), (-1.4442903, 52.4914925)), ((-1.2843532, 52.3835545), (-1.2706895, 52.3808658)), ((-1.4442903, 52.4914925), (-1.4440236, 52.4932153)), ((-1.2706895, 52.3808658), (-1.2701939, 52.3808843)), ((-1.4440236, 52.4932153), (-1.4440004, 52.4934083)), ((-1.2701939, 52.3808843), (-1.2671946, 52.3808933)), ((-1.4440004, 52.4934083), (-1.4437572, 52.4960888)), ((-1.2671946, 52.3808933), (-1.2651257, 52.380878)), ((-1.4437572, 52.4960888), (-1.4437433, 52.49629)), ((-1.2651257, 52.380878), (-1.2645919, 52.3808681)), ((-1.443865, 52.499397), (-1.4437433, 52.49629)), ((-1.2645919, 52.3808681), (-1.2601533, 52.3807402)), ((-1.4441263, 52.501565), (-1.443865, 52.499397)), ((-1.2601533, 52.3807402), (-1.2579797, 52.3804973)), ((-1.445154, 52.5052621), (-1.4441263, 52.501565)), ((-1.4494915, 52.5137683), (-1.445154, 52.5052621)), ((-1.4563969, 52.5211928), (-1.4494915, 52.5137683)), ((-1.4566939, 52.5214453), (-1.4563969, 52.5211928)), ((-1.4585841, 52.5230052), (-1.4566939, 52.5214453)), ((-1.4617613, 52.5252195), (-1.4585841, 52.5230052)), ((-1.4666512, 52.5283823), (-1.4617613, 52.5252195))]",119,Gauge 10,864,854 (98.8%),10 (1.2%),0 (0.0%),0.25,0.0
247,1,"[((-0.4215668, 53.5694063), (-0.4204732, 53.5699205))]",119,Gauge 6,5211,5202 (99.8%),9 (0.2%),0 (0.0%),0.01,1.7
247,1,"[((-0.4215668, 53.5694063), (-0.4204732, 53.5699205))]",119,Gauge 10,864,864 (100.0%),0 (0.0%),0 (0.0%),0,0
248,25,"[((-1.5954285, 52.4993231), (-1.5950578, 52.4994806)), ((-1.5950578, 52.4994806), (-1.5928087, 52.5007423)), ((-1.6196561, 52.5052085), (-1.5954285, 52.4993231)), ((-1.5928087, 52.5007423), (-1.5926128, 52.5008593)), ((-1.6199018, 52.5053442), (-1.6196561, 52.5052085)), ((-1.5926128, 52.5008593), (-1.5841696, 52.5059269)), ((-1.6295314, 52.5098416), (-1.6199018, 52.5053442)), ((-1.5841696, 52.5059269), (-1.5839277, 52.5060725)), ((-1.674681, 52.5212356), (-1.6295314, 52.5098416)), ((-1.5839277, 52.5060725), (-1.5752532, 52.5126878)), ((-1.6764955, 52.5212682), (-1.674681, 52.5212356)), ((-1.5752532, 52.5126878), (-1.5749921, 52.5128401)), ((-1.6794364, 52.5201874), (-1.6764955, 52.5212682)), ((-1.5749921, 52.5128401), (-1.5575924, 52.5175157)), ((-1.68415, 52.5188812), (-1.6794364, 52.5201874)), ((-1.5575924, 52.5175157), (-1.548329, 52.519041)), ((-1.685373, 52.5187969), (-1.68415, 52.5188812)), ((-1.548329, 52.519041), (-1.532938, 52.5222152)), ((-1.6885298, 52.5184042), (-1.685373, 52.5187969)), ((-1.532938, 52.5222152), (-1.5325767, 52.5222257)), ((-1.6893883, 52.5182088), (-1.6885298, 52.5184042)), ((-1.5325767, 52.5222257), (-1.4872172, 52.5260508)), ((-1.7066435, 52.5164216), (-1.6893883, 52.5182088)), ((-1.4872172, 52.5260508), (-1.4868779, 52.5261272)), ((-1.4868779, 52.5261272), (-1.4798048, 52.5293213))]",119,Gauge 6,5211,5057 (97.0%),154 (3.0%),0 (0.0%),6.40,20.7
248,25,"[((-1.5954285, 52.4993231), (-1.5950578, 52.4994806)), ((-1.5950578, 52.4994806), (-1.5928087, 52.5007423)), ((-1.6196561, 52.5052085), (-1.5954285, 52.4993231)), ((-1.5928087, 52.5007423), (-1.5926128, 52.5008593)), ((-1.6199018, 52.5053442), (-1.6196561, 52.5052085)), ((-1.5926128, 52.5008593), (-1.5841696, 52.5059269)), ((-1.6295314, 52.5098416), (-1.6199018, 52.5053442)), ((-1.5841696, 52.5059269), (-1.5839277, 52.5060725)), ((-1.674681, 52.5212356), (-1.6295314, 52.5098416)), ((-1.5839277, 52.5060725), (-1.5752532, 52.5126878)), ((-1.6764955, 52.5212682), (-1.674681, 52.5212356)), ((-1.5752532, 52.5126878), (-1.5749921, 52.5128401)), ((-1.6794364, 52.5201874), (-1.6764955, 52.5212682)), ((-1.5749921, 52.5128401), (-1.5575924, 52.5175157)), ((-1.68415, 52.5188812), (-1.6794364, 52.5201874)), ((-1.5575924, 52.5175157), (-1.548329, 52.519041)), ((-1.685373, 52.5187969), (-1.68415, 52.5188812)), ((-1.548329, 52.519041), (-1.532938, 52.5222152)), ((-1.6885298, 52.5184042), (-1.685373, 52.5187969)), ((-1.532938, 52.5222152), (-1.5325767, 52.5222257)), ((-1.6893883, 52.5182088), (-1.6885298, 52.5184042)), ((-1.5325767, 52.5222257), (-1.4872172, 52.5260508)), ((-1.7066435, 52.5164216), (-1.6893883, 52.5182088)), ((-1.4872172, 52.5260508), (-1.4868779, 52.5261272)), ((-1.4868779, 52.5261272), (-1.4798048, 52.5293213))]",119,Gauge 10,864,864 (100.0%),0 (0.0%),0 (0.0%),0,0
249,5,"[((0.4242225, 51.5062566), (0.4247382, 51.5234604)), ((0.4128911, 51.4848966), (0.4242225, 51.5062566)), ((0.4247382, 51.5234604), (0.4447849, 51.5365572)), ((0.4447849, 51.5365572), (0.4990795, 51.5598128)), ((0.4990795, 51.5598128), (0.5090516, 51.5601667))]",119,Gauge 6,5211,4900 (94.0%),311 (6.0%),0 (0.0%),2.91,21.2
249,5,"[((0.4242225, 51.5062566), (0.4247382, 51.5234604)), ((0.4128911, 51.4848966), (0.4242225, 51.5062566)), ((0.4247382, 51.5234604), (0.4447849, 51.5365572)), ((0.4447849, 51.5365572), (0.4990795, 51.5598128)), ((0.4990795, 51.5598128), (0.5090516, 51.5601667))]",119,Gauge 10,864,864 (100.0%),0 (0.0%),0 (0.0%),0,0
250,10,"[((1.0216615, 51.9460193), (1.0397772, 51.9491861)), ((1.0214672, 51.9459101), (1.0216615, 51.9460193)), ((1.0397772, 51.9491861), (1.0482816, 51.949485)), ((0.9569663, 51.9110405), (1.0214672, 51.9459101)), ((1.0482816, 51.949485), (1.0484137, 51.9495024)), ((0.9559089, 51.9105978), (0.9569663, 51.9110405)), ((0.9134067, 51.8992272), (0.9559089, 51.9105978)), ((0.9128409, 51.8992367), (0.9134067, 51.8992272)), ((0.9056845, 51.8996051), (0.9128409, 51.8992367)), ((0.8995956, 51.9000021), (0.9056845, 51.8996051))]",119,Gauge 6,5211,5090 (97.7%),121 (2.3%),0 (0.0%),13.66,20.6
250,10,"[((1.0216615, 51.9460193), (1.0397772, 51.9491861)), ((1.0214672, 51.9459101), (1.0216615, 51.9460193)), ((1.0397772, 51.9491861), (1.0482816, 51.949485)), ((0.9569663, 51.9110405), (1.0214672, 51.9459101)), ((1.0482816, 51.949485), (1.0484137, 51.9495024)), ((0.9559089, 51.9105978), (0.9569663, 51.9110405)), ((0.9134067, 51.8992272), (0.9559089, 51.9105978)), ((0.9128409, 51.8992367), (0.9134067, 51.8992272)), ((0.9056845, 51.8996051), (0.9128409, 51.8992367)), ((0.8995956, 51.9000021), (0.9056845, 51.8996051))]",119,Gauge 10,864,861 (99.7%),3 (0.3%),0 (0.0%),28.41,89.7
251,14,"[((-0.6884429, 53.28065), (-0.678338, 53.2729892)), ((-0.6884948, 53.2807431), (-0.6884429, 53.28065)), ((-0.678338, 53.2729892), (-0.6616343, 53.2661145)), ((-0.7100619, 53.3146457), (-0.6884948, 53.2807431)), ((-0.6616343, 53.2661145), (-0.6609558, 53.2658427)), ((-0.7101388, 53.314761), (-0.7100619, 53.3146457)), ((-0.6609558, 53.2658427), (-0.582301, 53.2399969)), ((-0.7146579, 53.3218513), (-0.7101388, 53.314761)), ((-0.582301, 53.2399969), (-0.5819568, 53.239863)), ((-0.7150044, 53.3223083), (-0.7146579, 53.3218513)), ((-0.5819568, 53.239863), (-0.5798909, 53.2390683)), ((-0.5798909, 53.2390683), (-0.5757969, 53.2367109)), ((-0.5757969, 53.2367109), (-0.560223, 53.2309434)), ((-0.560223, 53.2309434), (-0.5586371, 53.2306391))]",119,Gauge 6,5211,5089 (97.7%),122 (2.3%),0 (0.0%),0.00,1.5
251,14,"[((-0.6884429, 53.28065), (-0.678338, 53.2729892)), ((-0.6884948, 53.2807431), (-0.6884429, 53.28065)), ((-0.678338, 53.2729892), (-0.6616343, 53.2661145)), ((-0.7100619, 53.3146457), (-0.6884948, 53.2807431)), ((-0.6616343, 53.2661145), (-0.6609558, 53.2658427)), ((-0.7101388, 53.314761), (-0.7100619, 53.3146457)), ((-0.6609558, 53.2658427), (-0.582301, 53.2399969)), ((-0.7146579, 53.3218513), (-0.7101388, 53.314761)), ((-0.582301, 53.2399969), (-0.5819568, 53.239863)), ((-0.7150044, 53.3223083), (-0.7146579, 53.3218513)), ((-0.5819568, 53.239863), (-0.5798909, 53.2390683)), ((-0.5798909, 53.2390683), (-0.5757969, 53.2367109)), ((-0.5757969, 53.2367109), (-0.560223, 53.2309434)), ((-0.560223, 53.2309434), (-0.5586371, 53.2306391))]",119,Gauge 10,864,864 (100.0%),0 (0.0%),0 (0.0%),0,0
252,3,"[((-0.1125205, 51.5883358), (-0.11246, 51.5883783)), ((-0.11246, 51.5883783), (-0.1123462, 51.5882108)), ((-0.1123462, 51.5882108), (-0.1110421, 51.5859362))]",119,Gauge 6,5211,4877 (93.6%),334 (6.4%),0 (0.0%),1.92,52.9
252,3,"[((-0.1125205, 51.5883358), (-0.11246, 51.5883783)), ((-0.11246, 51.5883783), (-0.1123462, 51.5882108)), ((-0.1123462, 51.5882108), (-0.1110421, 51.5859362))]",119,Gauge 10,864,864 (100.0%),0 (0.0%),0 (0.0%),0,0
253,2,"[((-0.9900273, 51.4556628), (-0.9898473, 51.4558796)), ((-0.9898473, 51.4558796), (-0.9897475, 51.4560104))]",119,Gauge 6,5211,5082 (97.5%),129 (2.5%),0 (0.0%),0.06,1.9
253,2,"[((-0.9900273, 51.4556628), (-0.9898473, 51.4558796)), ((-0.9898473, 51.4558796), (-0.9897475, 51.4560104))]",119,Gauge 10,864,864 (100.0%),0 (0.0%),0 (0.0%),0,0
254,16,"[((0.8473383, 51.8971821), (0.8511064, 51.898123)), ((0.841835, 51.8958362), (0.8473383, 51.8971821)), ((0.8511064, 51.898123), (0.8517248, 51.8982834)), ((0.8295514, 51.8927224), (0.841835, 51.8958362)), ((0.8517248, 51.8982834), (0.8518981, 51.898326)), ((0.8152998, 51.8891505), (0.8295514, 51.8927224)), ((0.8518981, 51.898326), (0.8601712, 51.9003986)), ((0.807617, 51.8872064), (0.8152998, 51.8891505)), ((0.8601712, 51.9003986), (0.8603722, 51.9004436)), ((0.8068875, 51.8870144), (0.807617, 51.8872064)), ((0.8603722, 51.9004436), (0.873778, 51.9019879)), ((0.795012, 51.8840463), (0.8068875, 51.8870144)), ((0.873778, 51.9019879), (0.8948137, 51.9003122)), ((0.7864068, 51.8818739), (0.795012, 51.8840463)), ((0.8948137, 51.9003122), (0.8952376, 51.9002821)), ((0.8952376, 51.9002821), (0.8987945, 51.9000561))]",118,Gauge 6,5211,5090 (97.7%),121 (2.3%),0 (0.0%),3.98,11.8
254,16,"[((0.8473383, 51.8971821), (0.8511064, 51.898123)), ((0.841835, 51.8958362), (0.8473383, 51.8971821)), ((0.8511064, 51.898123), (0.8517248, 51.8982834)), ((0.8295514, 51.8927224), (0.841835, 51.8958362)), ((0.8517248, 51.8982834), (0.8518981, 51.898326)), ((0.8152998, 51.8891505), (0.8295514, 51.8927224)), ((0.8518981, 51.898326), (0.8601712, 51.9003986)), ((0.807617, 51.8872064), (0.8152998, 51.8891505)), ((0.8601712, 51.9003986), (0.8603722, 51.9004436)), ((0.8068875, 51.8870144), (0.807617, 51.8872064)), ((0.8603722, 51.9004436), (0.873778, 51.9019879)), ((0.795012, 51.8840463), (0.8068875, 51.8870144)), ((0.873778, 51.9019879), (0.8948137, 51.9003122)), ((0.7864068, 51.8818739), (0.795012, 51.8840463)), ((0.8948137, 51.9003122), (0.8952376, 51.9002821)), ((0.8952376, 51.9002821), (0.8987945, 51.9000561))]",118,Gauge 10,864,863 (99.9%),1 (0.1%),0 (0.0%),0.00,1.0
255,13,"[((-0.330536, 53.5995394), (-0.3301127, 53.5997038)), ((-0.3443013, 53.5937642), (-0.330536, 53.5995394)), ((-0.3301127, 53.5997038), (-0.3208741, 53.60298)), ((-0.3445592, 53.5936531), (-0.3443013, 53.5937642)), ((-0.3208741, 53.60298), (-0.3131721, 53.6056202)), ((-0.3802057, 53.5799269), (-0.3445592, 53.5936531)), ((-0.3131721, 53.6056202), (-0.3122959, 53.6059422)), ((-0.4071422, 53.5761574), (-0.3802057, 53.5799269)), ((-0.408031, 53.5757863), (-0.4071422, 53.5761574)), ((-0.4081981, 53.5757137), (-0.408031, 53.5757863)), ((-0.418725, 53.5707483), (-0.4081981, 53.5757137)), ((-0.4199934, 53.5701485), (-0.418725, 53.5707483)), ((-0.4204732, 53.5699205), (-0.4199934, 53.5701485))]",118,Gauge 6,5211,5210 (100.0%),1 (0.0%),0 (0.0%),0.02,1.0
255,13,"[((-0.330536, 53.5995394), (-0.3301127, 53.5997038)), ((-0.3443013, 53.5937642), (-0.330536, 53.5995394)), ((-0.3301127, 53.5997038), (-0.3208741, 53.60298)), ((-0.3445592, 53.5936531), (-0.3443013, 53.5937642)), ((-0.3208741, 53.60298), (-0.3131721, 53.6056202)), ((-0.3802057, 53.5799269), (-0.3445592, 53.5936531)), ((-0.3131721, 53.6056202), (-0.3122959, 53.6059422)), ((-0.4071422, 53.5761574), (-0.3802057, 53.5799269)), ((-0.408031, 53.5757863), (-0.4071422, 53.5761574)), ((-0.4081981, 53.5757137), (-0.408031, 53.5757863)), ((-0.418725, 53.5707483), (-0.4081981, 53.5757137)), ((-0.4199934, 53.5701485), (-0.418725, 53.5707483)), ((-0.4204732, 53.5699205), (-0.4199934, 53.5701485))]",118,Gauge 10,864,864 (100.0%),0 (0.0%),0 (0.0%),0,0
256,1,"[((0.3636581, 51.4410824), (0.3685582, 51.4411657))]",118,Gauge 6,5211,5093 (97.7%),0 (0.0%),118 (2.3%),0,0
256,1,"[((0.3636581, 51.4410824), (0.3685582, 51.4411657))]",118,Gauge 10,864,864 (100.0%),0 (0.0%),0 (0.0%),0,0
257,32,"[((-2.118128, 52.6369197), (-2.1179979, 52.6380224)), ((-2.1179979, 52.6380224), (-2.1179513, 52.638485)), ((-2.1185796, 52.6344791), (-2.118128, 52.6369197)), ((-2.1181935, 52.6457966), (-2.1179513, 52.638485)), ((-2.1186116, 52.6343568), (-2.1185796, 52.6344791)), ((-2.118208, 52.6459969), (-2.1181935, 52.6457966)), ((-2.1192133, 52.6323569), (-2.1186116, 52.6343568)), ((-2.1193786, 52.657136), (-2.118208, 52.6459969)), ((-2.1208848, 52.6280273), (-2.1192133, 52.6323569)), ((-2.119432, 52.6572746), (-2.1193786, 52.657136)), ((-2.1209595, 52.627843), (-2.1208848, 52.6280273)), ((-2.1195913, 52.6576632), (-2.119432, 52.6572746)), ((-2.121867, 52.6255128), (-2.1209595, 52.627843)), ((-2.1196735, 52.657873), (-2.1195913, 52.6576632)), ((-2.1219422, 52.625319), (-2.121867, 52.6255128)), ((-2.1245019, 52.6727015), (-2.1196735, 52.657873)), ((-2.1241569, 52.6195816), (-2.1219422, 52.625319)), ((-2.1245439, 52.6728383), (-2.1245019, 52.6727015)), ((-2.1242348, 52.6193126), (-2.1241569, 52.6195816)), ((-2.1245439, 52.6728383), (-2.1193938, 52.7236965)), ((-2.1244417, 52.609999), (-2.1242348, 52.6193126)), ((-2.1193938, 52.7236965), (-2.1190956, 52.7254023)), ((-2.1244417, 52.609999), (-2.1243209, 52.609562)), ((-2.1190956, 52.7254023), (-2.1190767, 52.7255119)), ((-2.1190767, 52.7255119), (-2.118785, 52.7270832)), ((-2.118785, 52.7270832), (-2.118633, 52.7280526)), ((-2.118633, 52.7280526), (-2.1169978, 52.7378068)), ((-2.1169978, 52.7378068), (-2.1169784, 52.737924)), ((-2.1169784, 52.737924), (-2.1107007, 52.7752412)), ((-2.1107007, 52.7752412), (-2.1102224, 52.7861912)), ((-2.1153208, 52.7967982), (-2.1102224, 52.7861912)), ((-2.1164839, 52.7980109), (-2.1153208, 52.7967982))]",117,Gauge 6,5211,5175 (99.3%),36 (0.7%),0 (0.0%),0.88,24.9
257,32,"[((-2.118128, 52.6369197), (-2.1179979, 52.6380224)), ((-2.1179979, 52.6380224), (-2.1179513, 52.638485)), ((-2.1185796, 52.6344791), (-2.118128, 52.6369197)), ((-2.1181935, 52.6457966), (-2.1179513, 52.638485)), ((-2.1186116, 52.6343568), (-2.1185796, 52.6344791)), ((-2.118208, 52.6459969), (-2.1181935, 52.6457966)), ((-2.1192133, 52.6323569), (-2.1186116, 52.6343568)), ((-2.1193786, 52.657136), (-2.118208, 52.6459969)), ((-2.1208848, 52.6280273), (-2.1192133, 52.6323569)), ((-2.119432, 52.6572746), (-2.1193786, 52.657136)), ((-2.1209595, 52.627843), (-2.1208848, 52.6280273)), ((-2.1195913, 52.6576632), (-2.119432, 52.6572746)), ((-2.121867, 52.6255128), (-2.1209595, 52.627843)), ((-2.1196735, 52.657873), (-2.1195913, 52.6576632)), ((-2.1219422, 52.625319), (-2.121867, 52.6255128)), ((-2.1245019, 52.6727015), (-2.1196735, 52.657873)), ((-2.1241569, 52.6195816), (-2.1219422, 52.625319)), ((-2.1245439, 52.6728383), (-2.1245019, 52.6727015)), ((-2.1242348, 52.6193126), (-2.1241569, 52.6195816)), ((-2.1245439, 52.6728383), (-2.1193938, 52.7236965)), ((-2.1244417, 52.609999), (-2.1242348, 52.6193126)), ((-2.1193938, 52.7236965), (-2.1190956, 52.7254023)), ((-2.1244417, 52.609999), (-2.1243209, 52.609562)), ((-2.1190956, 52.7254023), (-2.1190767, 52.7255119)), ((-2.1190767, 52.7255119), (-2.118785, 52.7270832)), ((-2.118785, 52.7270832), (-2.118633, 52.7280526)), ((-2.118633, 52.7280526), (-2.1169978, 52.7378068)), ((-2.1169978, 52.7378068), (-2.1169784, 52.737924)), ((-2.1169784, 52.737924), (-2.1107007, 52.7752412)), ((-2.1107007, 52.7752412), (-2.1102224, 52.7861912)), ((-2.1153208, 52.7967982), (-2.1102224, 52.7861912)), ((-2.1164839, 52.7980109), (-2.1153208, 52.7967982))]",117,Gauge 10,864,847 (98.0%),17 (2.0%),0 (0.0%),0.83,25.4
258,5,"[((-1.2645544, 52.3807077), (-1.2465442, 52.3780967)), ((-1.2485791, 52.3785073), (-1.2465442, 52.3780967)), ((-1.2650989, 52.3807126), (-1.2645544, 52.3807077)), ((-1.2672394, 52.3806492), (-1.2650989, 52.3807126)), ((-1.2693609, 52.3805505), (-1.2672394, 52.3806492))]",117,Gauge 6,5211,5211 (100.0%),0 (0.0%),0 (0.0%),0,0
258,5,"[((-1.2645544, 52.3807077), (-1.2465442, 52.3780967)), ((-1.2485791, 52.3785073), (-1.2465442, 52.3780967)), ((-1.2650989, 52.3807126), (-1.2645544, 52.3807077)), ((-1.2672394, 52.3806492), (-1.2650989, 52.3807126)), ((-1.2693609, 52.3805505), (-1.2672394, 52.3806492))]",117,Gauge 10,864,864 (100.0%),0 (0.0%),0 (0.0%),0,0
259,70,"[((-0.3890407, 53.0113047), (-0.3888506, 53.0115716)), ((-0.3888506, 53.0115716), (-0.3881306, 53.0125753)), ((-0.3890563, 53.011281), (-0.3890407, 53.0113047)), ((-0.4114636, 53.1492323), (-0.3881306, 53.0125753)), ((-0.3926368, 53.0053311), (-0.3890563, 53.011281)), ((-0.4117129, 53.1493637), (-0.4114636, 53.1492323)), ((-0.3926979, 53.005115), (-0.3926368, 53.0053311)), ((-0.4152737, 53.1512344), (-0.4117129, 53.1493637)), ((-0.3926979, 53.005115), (-0.3925064, 52.9991718)), ((-0.4154254, 53.1513151), (-0.4152737, 53.1512344)), ((-0.3925064, 52.9991718), (-0.3923969, 52.9988107)), ((-0.4233222, 53.1554819), (-0.4154254, 53.1513151)), ((-0.3923969, 52.9988107), (-0.3884322, 52.9939526)), ((-0.4235112, 53.1555917), (-0.4233222, 53.1554819)), ((-0.3884322, 52.9939526), (-0.3882172, 52.9938018)), ((-0.4311173, 53.164919), (-0.4235112, 53.1555917)), ((-0.3882172, 52.9938018), (-0.3843307, 52.9917797)), ((-0.4311528, 53.1650286), (-0.4311173, 53.164919)), ((-0.3843307, 52.9917797), (-0.3771455, 52.9885414)), ((-0.4324525, 53.1690708), (-0.4311528, 53.1650286)), ((-0.3771455, 52.9885414), (-0.3341778, 52.961575)), ((-0.4324821, 53.1691673), (-0.4324525, 53.1690708)), ((-0.3341778, 52.961575), (-0.3336802, 52.9612256)), ((-0.4364832, 53.1815275), (-0.4324821, 53.1691673)), ((-0.3336802, 52.9612256), (-0.2858491, 52.9360327)), ((-0.4365231, 53.1816541), (-0.4364832, 53.1815275)), ((-0.2858491, 52.9360327), (-0.2511128, 52.9189387)), ((-0.4418575, 53.1897416), (-0.4365231, 53.1816541)), ((-0.2511128, 52.9189387), (-0.2507425, 52.9187628)), ((-0.4419544, 53.1898347), (-0.4418575, 53.1897416)), ((-0.2507425, 52.9187628), (-0.1682617, 52.8179967)), ((-0.448088, 53.195802), (-0.4419544, 53.1898347)), ((-0.168272, 52.8178539), (-0.1682617, 52.8179967)), ((-0.448242, 53.1959518), (-0.448088, 53.195802)), ((-0.168302, 52.8174374), (-0.168272, 52.8178539)), ((-0.4657586, 53.2129439), (-0.448242, 53.1959518)), ((-0.168302, 52.8174374), (-0.1618522, 52.8042963)), ((-0.465814, 53.2129974), (-0.4657586, 53.2129439)), ((-0.1618522, 52.8042963), (-0.1617773, 52.8042401)), ((-0.4709056, 53.2168647), (-0.465814, 53.2129974)), ((-0.1617773, 52.8042401), (-0.1578714, 52.8010549)), ((-0.4715391, 53.2171873), (-0.4709056, 53.2168647)), ((-0.1578714, 52.8010549), (-0.1576896, 52.800886)), ((-0.4942118, 53.2227102), (-0.4715391, 53.2171873)), ((-0.1576896, 52.800886), (-0.1552592, 52.7982872)), ((-0.4945132, 53.2227245), (-0.4942118, 53.2227102)), ((-0.159775, 52.7855203), (-0.1552592, 52.7982872)), ((-0.4946591, 53.2227315), (-0.4945132, 53.2227245)), ((-0.1604713, 52.7846432), (-0.159775, 52.7855203)), ((-0.4949997, 53.2227472), (-0.4946591, 53.2227315)), ((-0.1798428, 52.7608372), (-0.1604713, 52.7846432)), ((-0.4991673, 53.2228147), (-0.4949997, 53.2227472)), ((-0.1800237, 52.7606207), (-0.1798428, 52.7608372)), ((-0.4997581, 53.2228238), (-0.4991673, 53.2228147)), ((-0.2282433, 52.7002946), (-0.1800237, 52.7606207)), ((-0.5113024, 53.2229741), (-0.4997581, 53.2228238)), ((-0.2285351, 52.6999115), (-0.2282433, 52.7002946)), ((-0.5257978, 53.2231799), (-0.5113024, 53.2229741)), ((-0.263739, 52.6543916), (-0.2285351, 52.6999115)), ((-0.5323739, 53.2241943), (-0.5257978, 53.2231799)), ((-0.2638907, 52.6542032), (-0.263739, 52.6543916)), ((-0.5339798, 53.2245864), (-0.5323739, 53.2241943)), ((-0.2642146, 52.6537807), (-0.2638907, 52.6542032)), ((-0.5364218, 53.2251701), (-0.5339798, 53.2245864)), ((-0.2661866, 52.6512368), (-0.2642146, 52.6537807)), ((-0.2665323, 52.6507748), (-0.2661866, 52.6512368)), ((-0.2670279, 52.6501373), (-0.2665323, 52.6507748)), ((-0.267185, 52.6499336), (-0.2670279, 52.6501373)), ((-0.2900098, 52.6219634), (-0.267185, 52.6499336)), ((-0.2900098, 52.6219634), (-0.2872871, 52.6126059))]",117,Gauge 6,5211,5149 (98.8%),62 (1.2%),0 (0.0%),0.09,2.2
259,70,"[((-0.3890407, 53.0113047), (-0.3888506, 53.0115716)), ((-0.3888506, 53.0115716), (-0.3881306, 53.0125753)), ((-0.3890563, 53.011281), (-0.3890407, 53.0113047)), ((-0.4114636, 53.1492323), (-0.3881306, 53.0125753)), ((-0.3926368, 53.0053311), (-0.3890563, 53.011281)), ((-0.4117129, 53.1493637), (-0.4114636, 53.1492323)), ((-0.3926979, 53.005115), (-0.3926368, 53.0053311)), ((-0.4152737, 53.1512344), (-0.4117129, 53.1493637)), ((-0.3926979, 53.005115), (-0.3925064, 52.9991718)), ((-0.4154254, 53.1513151), (-0.4152737, 53.1512344)), ((-0.3925064, 52.9991718), (-0.3923969, 52.9988107)), ((-0.4233222, 53.1554819), (-0.4154254, 53.1513151)), ((-0.3923969, 52.9988107), (-0.3884322, 52.9939526)), ((-0.4235112, 53.1555917), (-0.4233222, 53.1554819)), ((-0.3884322, 52.9939526), (-0.3882172, 52.9938018)), ((-0.4311173, 53.164919), (-0.4235112, 53.1555917)), ((-0.3882172, 52.9938018), (-0.3843307, 52.9917797)), ((-0.4311528, 53.1650286), (-0.4311173, 53.164919)), ((-0.3843307, 52.9917797), (-0.3771455, 52.9885414)), ((-0.4324525, 53.1690708), (-0.4311528, 53.1650286)), ((-0.3771455, 52.9885414), (-0.3341778, 52.961575)), ((-0.4324821, 53.1691673), (-0.4324525, 53.1690708)), ((-0.3341778, 52.961575), (-0.3336802, 52.9612256)), ((-0.4364832, 53.1815275), (-0.4324821, 53.1691673)), ((-0.3336802, 52.9612256), (-0.2858491, 52.9360327)), ((-0.4365231, 53.1816541), (-0.4364832, 53.1815275)), ((-0.2858491, 52.9360327), (-0.2511128, 52.9189387)), ((-0.4418575, 53.1897416), (-0.4365231, 53.1816541)), ((-0.2511128, 52.9189387), (-0.2507425, 52.9187628)), ((-0.4419544, 53.1898347), (-0.4418575, 53.1897416)), ((-0.2507425, 52.9187628), (-0.1682617, 52.8179967)), ((-0.448088, 53.195802), (-0.4419544, 53.1898347)), ((-0.168272, 52.8178539), (-0.1682617, 52.8179967)), ((-0.448242, 53.1959518), (-0.448088, 53.195802)), ((-0.168302, 52.8174374), (-0.168272, 52.8178539)), ((-0.4657586, 53.2129439), (-0.448242, 53.1959518)), ((-0.168302, 52.8174374), (-0.1618522, 52.8042963)), ((-0.465814, 53.2129974), (-0.4657586, 53.2129439)), ((-0.1618522, 52.8042963), (-0.1617773, 52.8042401)), ((-0.4709056, 53.2168647), (-0.465814, 53.2129974)), ((-0.1617773, 52.8042401), (-0.1578714, 52.8010549)), ((-0.4715391, 53.2171873), (-0.4709056, 53.2168647)), ((-0.1578714, 52.8010549), (-0.1576896, 52.800886)), ((-0.4942118, 53.2227102), (-0.4715391, 53.2171873)), ((-0.1576896, 52.800886), (-0.1552592, 52.7982872)), ((-0.4945132, 53.2227245), (-0.4942118, 53.2227102)), ((-0.159775, 52.7855203), (-0.1552592, 52.7982872)), ((-0.4946591, 53.2227315), (-0.4945132, 53.2227245)), ((-0.1604713, 52.7846432), (-0.159775, 52.7855203)), ((-0.4949997, 53.2227472), (-0.4946591, 53.2227315)), ((-0.1798428, 52.7608372), (-0.1604713, 52.7846432)), ((-0.4991673, 53.2228147), (-0.4949997, 53.2227472)), ((-0.1800237, 52.7606207), (-0.1798428, 52.7608372)), ((-0.4997581, 53.2228238), (-0.4991673, 53.2228147)), ((-0.2282433, 52.7002946), (-0.1800237, 52.7606207)), ((-0.5113024, 53.2229741), (-0.4997581, 53.2228238)), ((-0.2285351, 52.6999115), (-0.2282433, 52.7002946)), ((-0.5257978, 53.2231799), (-0.5113024, 53.2229741)), ((-0.263739, 52.6543916), (-0.2285351, 52.6999115)), ((-0.5323739, 53.2241943), (-0.5257978, 53.2231799)), ((-0.2638907, 52.6542032), (-0.263739, 52.6543916)), ((-0.5339798, 53.2245864), (-0.5323739, 53.2241943)), ((-0.2642146, 52.6537807), (-0.2638907, 52.6542032)), ((-0.5364218, 53.2251701), (-0.5339798, 53.2245864)), ((-0.2661866, 52.6512368), (-0.2642146, 52.6537807)), ((-0.2665323, 52.6507748), (-0.2661866, 52.6512368)), ((-0.2670279, 52.6501373), (-0.2665323, 52.6507748)), ((-0.267185, 52.6499336), (-0.2670279, 52.6501373)), ((-0.2900098, 52.6219634), (-0.267185, 52.6499336)), ((-0.2900098, 52.6219634), (-0.2872871, 52.6126059))]",117,Gauge 10,864,864 (100.0%),0 (0.0%),0 (0.0%),0,0
260,6,"[((-3.8903827, 55.7590679), (-3.8807238, 55.7573298)), ((-3.8906088, 55.7590791), (-3.8903827, 55.7590679)), ((-3.8807238, 55.7573298), (-3.8782783, 55.7566269)), ((-3.9234969, 55.7709125), (-3.8906088, 55.7590791)), ((-3.9241754, 55.7712517), (-3.9234969, 55.7709125)), ((-3.9282645, 55.7730235), (-3.9241754, 55.7712517))]",117,Gauge 6,5211,5093 (97.7%),118 (2.3%),0 (0.0%),8.48,22.4
260,6,"[((-3.8903827, 55.7590679), (-3.8807238, 55.7573298)), ((-3.8906088, 55.7590791), (-3.8903827, 55.7590679)), ((-3.8807238, 55.7573298), (-3.8782783, 55.7566269)), ((-3.9234969, 55.7709125), (-3.8906088, 55.7590791)), ((-3.9241754, 55.7712517), (-3.9234969, 55.7709125)), ((-3.9282645, 55.7730235), (-3.9241754, 55.7712517))]",117,Gauge 10,864,768 (88.9%),96 (11.1%),0 (0.0%),8.18,21.3
261,10,"[((-2.1871711, 52.8512594), (-2.1870834, 52.8511448)), ((-2.1870834, 52.8511448), (-2.1854137, 52.8491461)), ((-2.196664, 52.8628277), (-2.1871711, 52.8512594)), ((-2.1854137, 52.8491461), (-2.1852836, 52.8489923)), ((-2.1852836, 52.8489923), (-2.184423, 52.8479635)), ((-2.184423, 52.8479635), (-2.1455818, 52.8167266)), ((-2.1455818, 52.8167266), (-2.1455056, 52.8166817)), ((-2.1455056, 52.8166817), (-2.1318683, 52.809307)), ((-2.1318683, 52.809307), (-2.1317664, 52.8092512)), ((-2.1317664, 52.8092512), (-2.1298729, 52.8082264))]",116,Gauge 6,5211,5207 (99.9%),4 (0.1%),0 (0.0%),7.73,33.0
261,10,"[((-2.1871711, 52.8512594), (-2.1870834, 52.8511448)), ((-2.1870834, 52.8511448), (-2.1854137, 52.8491461)), ((-2.196664, 52.8628277), (-2.1871711, 52.8512594)), ((-2.1854137, 52.8491461), (-2.1852836, 52.8489923)), ((-2.1852836, 52.8489923), (-2.184423, 52.8479635)), ((-2.184423, 52.8479635), (-2.1455818, 52.8167266)), ((-2.1455818, 52.8167266), (-2.1455056, 52.8166817)), ((-2.1455056, 52.8166817), (-2.1318683, 52.809307)), ((-2.1318683, 52.809307), (-2.1317664, 52.8092512)), ((-2.1317664, 52.8092512), (-2.1298729, 52.8082264))]",116,Gauge 10,864,862 (99.8%),2 (0.2%),0 (0.0%),7.69,33.0
262,2,"[((-0.106302, 51.5802192), (np.float64(-0.1047797), np.float64(51.5763246))), ((-0.1110421, 51.5859362), (-0.106302, 51.5802192))]",116,Gauge 6,5211,4987 (95.7%),224 (4.3%),0 (0.0%),0.45,3.4
262,2,"[((-0.106302, 51.5802192), (np.float64(-0.1047797), np.float64(51.5763246))), ((-0.1110421, 51.5859362), (-0.106302, 51.5802192))]",116,Gauge 10,864,864 (100.0%),0 (0.0%),0 (0.0%),0,0
263,1,"[((-0.3122959, 53.6059422), (-0.3114298, 53.6062873))]",116,Gauge 6,5211,5211 (100.0%),0 (0.0%),0 (0.0%),0,0
263,1,"[((-0.3122959, 53.6059422), (-0.3114298, 53.6062873))]",116,Gauge 10,864,864 (100.0%),0 (0.0%),0 (0.0%),0,0
264,1,"[((-0.4849971, 52.1412095), (-0.4817234, 52.1382355))]",116,Gauge 6,5211,5188 (99.6%),23 (0.4%),0 (0.0%),1.91,6.3
264,1,"[((-0.4849971, 52.1412095), (-0.4817234, 52.1382355))]",116,Gauge 10,864,864 (100.0%),0 (0.0%),0 (0.0%),0,0
265,1,"[((-1.4894127, 52.9887843), (-1.4856328, 52.9873863))]",116,Gauge 6,5211,5041 (96.7%),170 (3.3%),0 (0.0%),4.00,21.3
265,1,"[((-1.4894127, 52.9887843), (-1.4856328, 52.9873863))]",116,Gauge 10,864,864 (100.0%),0 (0.0%),0 (0.0%),0,0
266,61,"[((-0.8081395, 53.0963608), (-0.8063688, 53.0932624)), ((-0.809519, 53.0987743), (-0.8081395, 53.0963608)), ((-0.8063688, 53.0932624), (-0.8058657, 53.0924114)), ((-0.8151325, 53.1752357), (-0.809519, 53.0987743)), ((-0.8058657, 53.0924114), (-0.8045592, 53.0901356)), ((-0.8151325, 53.1752357), (-0.8151003, 53.1758799)), ((-0.8045592, 53.0901356), (-0.7977588, 53.0783174)), ((-0.835164, 53.203336), (-0.8151003, 53.1758799)), ((-0.8353037, 53.2034259), (-0.835164, 53.203336)), ((-0.8374614, 53.204792), (-0.8353037, 53.2034259)), ((-0.8375583, 53.2048504), (-0.8374614, 53.204792)), ((-0.8421579, 53.2072934), (-0.8375583, 53.2048504)), ((-0.8424611, 53.207429), (-0.8421579, 53.2072934)), ((-0.8820385, 53.2440578), (-0.8424611, 53.207429)), ((-0.8820385, 53.2440578), (-0.8820073, 53.2443196)), ((-0.8922429, 53.2589641), (-0.8820073, 53.2443196)), ((-0.8923734, 53.2590379), (-0.8922429, 53.2589641)), ((-0.904649, 53.2658425), (-0.8923734, 53.2590379)), ((-0.9052401, 53.266167), (-0.904649, 53.2658425)), ((-0.9163557, 53.2761835), (-0.9052401, 53.266167)), ((-0.916407, 53.2763778), (-0.9163557, 53.2761835)), ((-0.916407, 53.2763778), (-0.9162322, 53.2914254)), ((-0.9162322, 53.2914254), (-0.9161801, 53.2935049)), ((-0.9232829, 53.3034441), (-0.9161801, 53.2935049)), ((-0.9280165, 53.3059482), (-0.9232829, 53.3034441)), ((-0.931692, 53.3077461), (-0.9280165, 53.3059482)), ((-0.9397767, 53.3112122), (-0.931692, 53.3077461)), ((-0.9399092, 53.3112692), (-0.9397767, 53.3112122)), ((-0.9413299, 53.3118401), (-0.9399092, 53.3112692)), ((-0.9419121, 53.3120734), (-0.9413299, 53.3118401)), ((-0.9426585, 53.3123709), (-0.9419121, 53.3120734)), ((-0.9433376, 53.3126516), (-0.9426585, 53.3123709)), ((-0.944377, 53.3131067), (-0.9433376, 53.3126516)), ((-0.9445289, 53.3131722), (-0.944377, 53.3131067)), ((-0.9455758, 53.3136569), (-0.9445289, 53.3131722)), ((-0.9457916, 53.3137637), (-0.9455758, 53.3136569)), ((-0.9512935, 53.317571), (-0.9457916, 53.3137637)), ((-0.9612336, 53.3254981), (-0.9512935, 53.317571)), ((-0.9623482, 53.3263873), (-0.9612336, 53.3254981)), ((-0.9626123, 53.3266034), (-0.9623482, 53.3263873)), ((-1.0156008, 53.4103642), (-0.9626123, 53.3266034)), ((-1.0161167, 53.4123963), (-1.0156008, 53.4103642)), ((-1.0161636, 53.4125748), (-1.0161167, 53.4123963)), ((-1.0163224, 53.4131765), (-1.0161636, 53.4125748)), ((-1.016363, 53.4133677), (-1.0163224, 53.4131765)), ((-1.0182363, 53.4210153), (-1.016363, 53.4133677)), ((-1.0182363, 53.4210153), (-1.0176851, 53.427345)), ((-1.0176851, 53.427345), (-1.0176342, 53.4274602)), ((-1.0176342, 53.4274602), (-1.017528, 53.4277065)), ((-1.017528, 53.4277065), (-1.0162953, 53.430438)), ((-1.0162953, 53.430438), (-1.0147584, 53.4350775)), ((-1.0147584, 53.4350775), (-1.0147519, 53.4353275)), ((-1.0147519, 53.4353275), (-1.0147427, 53.4364246)), ((-1.0253918, 53.4471882), (-1.0147427, 53.4364246)), ((-1.0663854, 53.4779707), (-1.0253918, 53.4471882)), ((-1.0748515, 53.4852151), (-1.0663854, 53.4779707)), ((-1.0750305, 53.4853697), (-1.0748515, 53.4852151)), ((-1.079528, 53.489041), (-1.0750305, 53.4853697)), ((-1.0797185, 53.4891793), (-1.079528, 53.489041)), ((-1.1129196, 53.501705), (-1.0797185, 53.4891793)), ((-1.1157892, 53.5023067), (-1.1129196, 53.501705))]",115,Gauge 6,5211,5071 (97.3%),140 (2.7%),0 (0.0%),0.30,2.6
266,61,"[((-0.8081395, 53.0963608), (-0.8063688, 53.0932624)), ((-0.809519, 53.0987743), (-0.8081395, 53.0963608)), ((-0.8063688, 53.0932624), (-0.8058657, 53.0924114)), ((-0.8151325, 53.1752357), (-0.809519, 53.0987743)), ((-0.8058657, 53.0924114), (-0.8045592, 53.0901356)), ((-0.8151325, 53.1752357), (-0.8151003, 53.1758799)), ((-0.8045592, 53.0901356), (-0.7977588, 53.0783174)), ((-0.835164, 53.203336), (-0.8151003, 53.1758799)), ((-0.8353037, 53.2034259), (-0.835164, 53.203336)), ((-0.8374614, 53.204792), (-0.8353037, 53.2034259)), ((-0.8375583, 53.2048504), (-0.8374614, 53.204792)), ((-0.8421579, 53.2072934), (-0.8375583, 53.2048504)), ((-0.8424611, 53.207429), (-0.8421579, 53.2072934)), ((-0.8820385, 53.2440578), (-0.8424611, 53.207429)), ((-0.8820385, 53.2440578), (-0.8820073, 53.2443196)), ((-0.8922429, 53.2589641), (-0.8820073, 53.2443196)), ((-0.8923734, 53.2590379), (-0.8922429, 53.2589641)), ((-0.904649, 53.2658425), (-0.8923734, 53.2590379)), ((-0.9052401, 53.266167), (-0.904649, 53.2658425)), ((-0.9163557, 53.2761835), (-0.9052401, 53.266167)), ((-0.916407, 53.2763778), (-0.9163557, 53.2761835)), ((-0.916407, 53.2763778), (-0.9162322, 53.2914254)), ((-0.9162322, 53.2914254), (-0.9161801, 53.2935049)), ((-0.9232829, 53.3034441), (-0.9161801, 53.2935049)), ((-0.9280165, 53.3059482), (-0.9232829, 53.3034441)), ((-0.931692, 53.3077461), (-0.9280165, 53.3059482)), ((-0.9397767, 53.3112122), (-0.931692, 53.3077461)), ((-0.9399092, 53.3112692), (-0.9397767, 53.3112122)), ((-0.9413299, 53.3118401), (-0.9399092, 53.3112692)), ((-0.9419121, 53.3120734), (-0.9413299, 53.3118401)), ((-0.9426585, 53.3123709), (-0.9419121, 53.3120734)), ((-0.9433376, 53.3126516), (-0.9426585, 53.3123709)), ((-0.944377, 53.3131067), (-0.9433376, 53.3126516)), ((-0.9445289, 53.3131722), (-0.944377, 53.3131067)), ((-0.9455758, 53.3136569), (-0.9445289, 53.3131722)), ((-0.9457916, 53.3137637), (-0.9455758, 53.3136569)), ((-0.9512935, 53.317571), (-0.9457916, 53.3137637)), ((-0.9612336, 53.3254981), (-0.9512935, 53.317571)), ((-0.9623482, 53.3263873), (-0.9612336, 53.3254981)), ((-0.9626123, 53.3266034), (-0.9623482, 53.3263873)), ((-1.0156008, 53.4103642), (-0.9626123, 53.3266034)), ((-1.0161167, 53.4123963), (-1.0156008, 53.4103642)), ((-1.0161636, 53.4125748), (-1.0161167, 53.4123963)), ((-1.0163224, 53.4131765), (-1.0161636, 53.4125748)), ((-1.016363, 53.4133677), (-1.0163224, 53.4131765)), ((-1.0182363, 53.4210153), (-1.016363, 53.4133677)), ((-1.0182363, 53.4210153), (-1.0176851, 53.427345)), ((-1.0176851, 53.427345), (-1.0176342, 53.4274602)), ((-1.0176342, 53.4274602), (-1.017528, 53.4277065)), ((-1.017528, 53.4277065), (-1.0162953, 53.430438)), ((-1.0162953, 53.430438), (-1.0147584, 53.4350775)), ((-1.0147584, 53.4350775), (-1.0147519, 53.4353275)), ((-1.0147519, 53.4353275), (-1.0147427, 53.4364246)), ((-1.0253918, 53.4471882), (-1.0147427, 53.4364246)), ((-1.0663854, 53.4779707), (-1.0253918, 53.4471882)), ((-1.0748515, 53.4852151), (-1.0663854, 53.4779707)), ((-1.0750305, 53.4853697), (-1.0748515, 53.4852151)), ((-1.079528, 53.489041), (-1.0750305, 53.4853697)), ((-1.0797185, 53.4891793), (-1.079528, 53.489041)), ((-1.1129196, 53.501705), (-1.0797185, 53.4891793)), ((-1.1157892, 53.5023067), (-1.1129196, 53.501705))]",115,Gauge 10,864,850 (98.4%),14 (1.6%),0 (0.0%),0.17,2.7
267,27,"[((-1.175082, 53.2977153), (-1.1748809, 53.297899)), ((-1.1748809, 53.297899), (-1.1624269, 53.3096446)), ((-1.1828182, 53.2907073), (-1.175082, 53.2977153)), ((-1.1624269, 53.3096446), (-1.1623165, 53.3097554)), ((-1.182969, 53.2905717), (-1.1828182, 53.2907073)), ((-1.1623165, 53.3097554), (-1.1612513, 53.3108578)), ((-1.2064865, 53.2763263), (-1.182969, 53.2905717)), ((-1.1612513, 53.3108578), (-1.1610128, 53.3111063)), ((-1.2116484, 53.273255), (-1.2064865, 53.2763263)), ((-1.1610128, 53.3111063), (-1.1579218, 53.3143153)), ((-1.2153254, 53.26977), (-1.2116484, 53.273255)), ((-1.1579218, 53.3143153), (-1.1577719, 53.3144727)), ((-1.215522, 53.269467), (-1.2153254, 53.26977)), ((-1.1577719, 53.3144727), (-1.1557407, 53.3165817)), ((-1.2163319, 53.2630308), (-1.215522, 53.269467)), ((-1.1557407, 53.3165817), (-1.155468, 53.3168584)), ((-1.2163319, 53.2630308), (-1.2163012, 53.2628144)), ((-1.155468, 53.3168584), (-1.1554288, 53.3168984)), ((-1.2163012, 53.2628144), (-1.2108698, 53.2269743)), ((-1.1554288, 53.3168984), (-1.1482885, 53.3187601)), ((-1.2110034, 53.2266418), (-1.2108698, 53.2269743)), ((-1.1482885, 53.3187601), (-1.1450093, 53.3180961)), ((-1.2111935, 53.2261924), (-1.2110034, 53.2266418)), ((-1.2112714, 53.2259991), (-1.2111935, 53.2261924)), ((-1.2112714, 53.2259991), (-1.2024215, 53.2035957)), ((-1.2036203, 53.2096571), (-1.2024215, 53.2035957)), ((-1.3427546, 53.0661714), (-1.2036203, 53.2096571))]",115,Gauge 6,5211,5096 (97.8%),115 (2.2%),0 (0.0%),0.77,0.0
267,27,"[((-1.175082, 53.2977153), (-1.1748809, 53.297899)), ((-1.1748809, 53.297899), (-1.1624269, 53.3096446)), ((-1.1828182, 53.2907073), (-1.175082, 53.2977153)), ((-1.1624269, 53.3096446), (-1.1623165, 53.3097554)), ((-1.182969, 53.2905717), (-1.1828182, 53.2907073)), ((-1.1623165, 53.3097554), (-1.1612513, 53.3108578)), ((-1.2064865, 53.2763263), (-1.182969, 53.2905717)), ((-1.1612513, 53.3108578), (-1.1610128, 53.3111063)), ((-1.2116484, 53.273255), (-1.2064865, 53.2763263)), ((-1.1610128, 53.3111063), (-1.1579218, 53.3143153)), ((-1.2153254, 53.26977), (-1.2116484, 53.273255)), ((-1.1579218, 53.3143153), (-1.1577719, 53.3144727)), ((-1.215522, 53.269467), (-1.2153254, 53.26977)), ((-1.1577719, 53.3144727), (-1.1557407, 53.3165817)), ((-1.2163319, 53.2630308), (-1.215522, 53.269467)), ((-1.1557407, 53.3165817), (-1.155468, 53.3168584)), ((-1.2163319, 53.2630308), (-1.2163012, 53.2628144)), ((-1.155468, 53.3168584), (-1.1554288, 53.3168984)), ((-1.2163012, 53.2628144), (-1.2108698, 53.2269743)), ((-1.1554288, 53.3168984), (-1.1482885, 53.3187601)), ((-1.2110034, 53.2266418), (-1.2108698, 53.2269743)), ((-1.1482885, 53.3187601), (-1.1450093, 53.3180961)), ((-1.2111935, 53.2261924), (-1.2110034, 53.2266418)), ((-1.2112714, 53.2259991), (-1.2111935, 53.2261924)), ((-1.2112714, 53.2259991), (-1.2024215, 53.2035957)), ((-1.2036203, 53.2096571), (-1.2024215, 53.2035957)), ((-1.3427546, 53.0661714), (-1.2036203, 53.2096571))]",115,Gauge 10,864,864 (100.0%),0 (0.0%),0 (0.0%),0,0
268,10,"[((-2.6177773, 53.4529409), (-2.6148704, 53.4530696)), ((-2.6148704, 53.4530696), (-2.6141241, 53.453102)), ((-2.6181693, 53.4529237), (-2.6177773, 53.4529409)), ((-2.6141241, 53.453102), (-2.6071834, 53.4534845)), ((-2.6323483, 53.4520721), (-2.6181693, 53.4529237)), ((-2.6071834, 53.4534845), (-2.6070273, 53.4534977)), ((-2.6325323, 53.4520496), (-2.6323483, 53.4520721)), ((-2.6070273, 53.4534977), (-2.6014606, 53.454191)), ((-2.6330366, 53.4519881), (-2.6325323, 53.4520496)), ((-2.6347852, 53.4498411), (-2.6330366, 53.4519881))]",115,Gauge 6,5211,5096 (97.8%),115 (2.2%),0 (0.0%),2.70,2.9
268,10,"[((-2.6177773, 53.4529409), (-2.6148704, 53.4530696)), ((-2.6148704, 53.4530696), (-2.6141241, 53.453102)), ((-2.6181693, 53.4529237), (-2.6177773, 53.4529409)), ((-2.6141241, 53.453102), (-2.6071834, 53.4534845)), ((-2.6323483, 53.4520721), (-2.6181693, 53.4529237)), ((-2.6071834, 53.4534845), (-2.6070273, 53.4534977)), ((-2.6325323, 53.4520496), (-2.6323483, 53.4520721)), ((-2.6070273, 53.4534977), (-2.6014606, 53.454191)), ((-2.6330366, 53.4519881), (-2.6325323, 53.4520496)), ((-2.6347852, 53.4498411), (-2.6330366, 53.4519881))]",115,Gauge 10,864,850 (98.4%),14 (1.6%),0 (0.0%),2.32,7.5
269,7,"[((1.1268808, 52.0585815), (1.127102, 52.0582631)), ((1.127102, 52.0582631), (1.1278529, 52.0574425)), ((1.1261828, 52.0599241), (1.1268808, 52.0585815)), ((1.1278529, 52.0574425), (1.1284679, 52.0569248)), ((1.1259003, 52.0625391), (1.1261828, 52.0599241)), ((1.1259003, 52.0625391), (1.1260746, 52.0638221)), ((1.1260746, 52.0638221), (1.1261015, 52.0639324))]",115,Gauge 6,5211,5096 (97.8%),115 (2.2%),0 (0.0%),1.07,1.8
269,7,"[((1.1268808, 52.0585815), (1.127102, 52.0582631)), ((1.127102, 52.0582631), (1.1278529, 52.0574425)), ((1.1261828, 52.0599241), (1.1268808, 52.0585815)), ((1.1278529, 52.0574425), (1.1284679, 52.0569248)), ((1.1259003, 52.0625391), (1.1261828, 52.0599241)), ((1.1259003, 52.0625391), (1.1260746, 52.0638221)), ((1.1260746, 52.0638221), (1.1261015, 52.0639324))]",115,Gauge 10,864,864 (100.0%),0 (0.0%),0 (0.0%),0,0
270,2,"[((1.0509975, 51.9500376), (1.0549705, 51.9511611)), ((1.0484137, 51.9495024), (1.0509975, 51.9500376))]",115,Gauge 6,5211,5096 (97.8%),115 (2.2%),0 (0.0%),0.23,0.5
270,2,"[((1.0509975, 51.9500376), (1.0549705, 51.9511611)), ((1.0484137, 51.9495024), (1.0509975, 51.9500376))]",115,Gauge 10,864,861 (99.7%),3 (0.3%),0 (0.0%),0.23,2.0
271,2,"[((-2.1159156, 52.5867627), (-2.1155968, 52.5867217)), ((-2.1162969, 52.5867815), (-2.1159156, 52.5867627))]",115,Gauge 6,5211,5205 (99.9%),6 (0.1%),0 (0.0%),1.68,0.0
271,2,"[((-2.1159156, 52.5867627), (-2.1155968, 52.5867217)), ((-2.1162969, 52.5867815), (-2.1159156, 52.5867627))]",115,Gauge 10,864,858 (99.3%),6 (0.7%),0 (0.0%),2.05,5.0
272,1,"[((-2.1652206, 53.396664), (-2.1647968, 53.3971534))]",115,Gauge 6,5211,5124 (98.3%),87 (1.7%),0 (0.0%),0.01,1.0
272,1,"[((-2.1652206, 53.396664), (-2.1647968, 53.3971534))]",115,Gauge 10,864,864 (100.0%),0 (0.0%),0 (0.0%),0,0
273,14,"[((-1.3760214, 53.0609168), (-1.3758958, 53.0608257)), ((-1.3806742, 53.0634154), (-1.3760214, 53.0609168)), ((-1.3758958, 53.0608257), (-1.3491592, 53.0644322)), ((-1.3808289, 53.0634557), (-1.3806742, 53.0634154)), ((-1.3491592, 53.0644322), (-1.3488947, 53.0644769)), ((-1.3810452, 53.0635163), (-1.3808289, 53.0634557)), ((-1.3488947, 53.0644769), (-1.3484913, 53.064545)), ((-1.4025015, 53.0632357), (-1.3810452, 53.0635163)), ((-1.3484913, 53.064545), (-1.3427546, 53.0661714)), ((-1.4040656, 53.0631621), (-1.4025015, 53.0632357)), ((-1.4043271, 53.0631544), (-1.4040656, 53.0631621)), ((-1.4061447, 53.0630808), (-1.4043271, 53.0631544)), ((np.float64(-1.4105784), np.float64(53.0629096)), (-1.4061447, 53.0630808)), ((-1.4856328, 52.9873863), (np.float64(-1.4105784), np.float64(53.0629096)))]",114,Gauge 6,5211,5043 (96.8%),168 (3.2%),0 (0.0%),3.87,21.2
273,14,"[((-1.3760214, 53.0609168), (-1.3758958, 53.0608257)), ((-1.3806742, 53.0634154), (-1.3760214, 53.0609168)), ((-1.3758958, 53.0608257), (-1.3491592, 53.0644322)), ((-1.3808289, 53.0634557), (-1.3806742, 53.0634154)), ((-1.3491592, 53.0644322), (-1.3488947, 53.0644769)), ((-1.3810452, 53.0635163), (-1.3808289, 53.0634557)), ((-1.3488947, 53.0644769), (-1.3484913, 53.064545)), ((-1.4025015, 53.0632357), (-1.3810452, 53.0635163)), ((-1.3484913, 53.064545), (-1.3427546, 53.0661714)), ((-1.4040656, 53.0631621), (-1.4025015, 53.0632357)), ((-1.4043271, 53.0631544), (-1.4040656, 53.0631621)), ((-1.4061447, 53.0630808), (-1.4043271, 53.0631544)), ((np.float64(-1.4105784), np.float64(53.0629096)), (-1.4061447, 53.0630808)), ((-1.4856328, 52.9873863), (np.float64(-1.4105784), np.float64(53.0629096)))]",114,Gauge 10,864,864 (100.0%),0 (0.0%),0 (0.0%),0,0
274,4,"[((0.3272911, 51.4420955), (0.3291944, 51.441736)), ((0.3291944, 51.441736), (0.3307292, 51.4412581)), ((0.3307292, 51.4412581), (0.3309366, 51.441159)), ((0.3309366, 51.441159), (0.3317701, 51.4407321))]",114,Gauge 6,5211,5098 (97.8%),113 (2.2%),0 (0.0%),0.00,1.0
274,4,"[((0.3272911, 51.4420955), (0.3291944, 51.441736)), ((0.3291944, 51.441736), (0.3307292, 51.4412581)), ((0.3307292, 51.4412581), (0.3309366, 51.441159)), ((0.3309366, 51.441159), (0.3317701, 51.4407321))]",114,Gauge 10,864,864 (100.0%),0 (0.0%),0 (0.0%),0,0
275,5,"[((-2.1204519, 52.8018576), (-2.1169204, 52.7984308)), ((-2.1169204, 52.7984308), (-2.1165034, 52.7979652)), ((-2.1253685, 52.8055745), (-2.1204519, 52.8018576)), ((-2.1266868, 52.8064273), (-2.1253685, 52.8055745)), ((-2.1298729, 52.8082264), (-2.1266868, 52.8064273))]",114,Gauge 6,5211,5144 (98.7%),67 (1.3%),0 (0.0%),1.77,8.6
275,5,"[((-2.1204519, 52.8018576), (-2.1169204, 52.7984308)), ((-2.1169204, 52.7984308), (-2.1165034, 52.7979652)), ((-2.1253685, 52.8055745), (-2.1204519, 52.8018576)), ((-2.1266868, 52.8064273), (-2.1253685, 52.8055745)), ((-2.1298729, 52.8082264), (-2.1266868, 52.8064273))]",114,Gauge 10,864,858 (99.3%),6 (0.7%),0 (0.0%),7.00,28.7
276,4,"[((-2.1266508, 52.8064486), (-2.1263929, 52.8062885)), ((-2.1263929, 52.8062885), (-2.1168668, 52.7984485)), ((-2.1294505, 52.8080389), (-2.1266508, 52.8064486)), ((-2.1168668, 52.7984485), (-2.1164839, 52.7980109))]",114,Gauge 6,5211,5175 (99.3%),36 (0.7%),0 (0.0%),0.88,18.6
276,4,"[((-2.1266508, 52.8064486), (-2.1263929, 52.8062885)), ((-2.1263929, 52.8062885), (-2.1168668, 52.7984485)), ((-2.1294505, 52.8080389), (-2.1266508, 52.8064486)), ((-2.1168668, 52.7984485), (-2.1164839, 52.7980109))]",114,Gauge 10,864,850 (98.4%),14 (1.6%),0 (0.0%),0.82,19.6
277,1,"[((-1.2450539, 52.3781396), (-1.2429019, 52.3774957))]",114,Gauge 6,5211,5174 (99.3%),37 (0.7%),0 (0.0%),0.41,1.1
277,1,"[((-1.2450539, 52.3781396), (-1.2429019, 52.3774957))]",114,Gauge 10,864,856 (99.1%),8 (0.9%),0 (0.0%),0.59,1.6
278,46,"[((-1.3444652, 53.060309), (-1.3443211, 53.0606803)), ((-1.3444652, 53.060309), (-1.3434723, 53.0553015)), ((-1.3443211, 53.0606803), (-1.3434942, 53.063277)), ((-1.3434723, 53.0553015), (-1.3368597, 53.0381461)), ((-1.3434942, 53.063277), (-1.3434268, 53.0634907)), ((-1.3368597, 53.0381461), (-1.3368447, 53.0380928)), ((-1.3434268, 53.0634907), (-1.3408914, 53.0710381)), ((-1.3368447, 53.0380928), (-1.3356653, 53.0339056)), ((-1.3408914, 53.0710381), (-1.3407048, 53.0717856)), ((-1.3356653, 53.0339056), (-1.3356477, 53.0338434)), ((-1.3407048, 53.0717856), (-1.3404825, 53.0732023)), ((-1.3356477, 53.0338434), (-1.3323829, 53.0225996)), ((-1.3404825, 53.0732023), (-1.340455, 53.0736045)), ((-1.3323829, 53.0225996), (-1.3311754, 53.0185062)), ((-1.3443351, 53.080411), (-1.340455, 53.0736045)), ((-1.3311754, 53.0185062), (-1.3310608, 53.0180854)), ((-1.3448063, 53.0807467), (-1.3443351, 53.080411)), ((-1.3450301, 53.0808877), (-1.3448063, 53.0807467)), ((-1.3588221, 53.0894336), (-1.3450301, 53.0808877)), ((-1.3652399, 53.09516), (-1.3588221, 53.0894336)), ((-1.3695724, 53.1110395), (-1.3652399, 53.09516)), ((-1.3695724, 53.1110395), (-1.3694858, 53.1115001)), ((-1.3694858, 53.1115001), (-1.3688291, 53.1148807)), ((-1.3688291, 53.1148807), (-1.3688016, 53.1150236)), ((-1.3688016, 53.1150236), (-1.3686069, 53.1238591)), ((-1.3686084, 53.1239877), (-1.3686069, 53.1238591)), ((-1.3747598, 53.1374619), (-1.3686084, 53.1239877)), ((-1.3752008, 53.1377418), (-1.3747598, 53.1374619)), ((-1.3772671, 53.1389239), (-1.3752008, 53.1377418)), ((-1.377728, 53.1391481), (-1.3772671, 53.1389239)), ((-1.3915575, 53.1599001), (-1.377728, 53.1391481)), ((-1.3915575, 53.1599001), (-1.39124, 53.1659651)), ((-1.3990656, 53.1748942), (-1.39124, 53.1659651)), ((-1.4011737, 53.1810671), (-1.3990656, 53.1748942)), ((-1.4011737, 53.1810671), (-1.400571, 53.1836913)), ((-1.4005726, 53.1847443), (-1.400571, 53.1836913)), ((-1.400584, 53.1848768), (-1.4005726, 53.1847443)), ((-1.4043808, 53.1955253), (-1.400584, 53.1848768)), ((-1.4060849, 53.1994144), (-1.4043808, 53.1955253)), ((-1.4061683, 53.1995953), (-1.4060849, 53.1994144)), ((-1.4138528, 53.2101382), (-1.4061683, 53.1995953)), ((-1.4139698, 53.2102665), (-1.4138528, 53.2101382)), ((-1.4168413, 53.2138603), (-1.4139698, 53.2102665)), ((-1.4202314, 53.2202954), (-1.4168413, 53.2138603)), ((-1.4202835, 53.2204531), (-1.4202314, 53.2202954)), ((-1.421051, 53.2232768), (-1.4202835, 53.2204531))]",113,Gauge 6,5211,5118 (98.2%),93 (1.8%),0 (0.0%),2.62,4.0
278,46,"[((-1.3444652, 53.060309), (-1.3443211, 53.0606803)), ((-1.3444652, 53.060309), (-1.3434723, 53.0553015)), ((-1.3443211, 53.0606803), (-1.3434942, 53.063277)), ((-1.3434723, 53.0553015), (-1.3368597, 53.0381461)), ((-1.3434942, 53.063277), (-1.3434268, 53.0634907)), ((-1.3368597, 53.0381461), (-1.3368447, 53.0380928)), ((-1.3434268, 53.0634907), (-1.3408914, 53.0710381)), ((-1.3368447, 53.0380928), (-1.3356653, 53.0339056)), ((-1.3408914, 53.0710381), (-1.3407048, 53.0717856)), ((-1.3356653, 53.0339056), (-1.3356477, 53.0338434)), ((-1.3407048, 53.0717856), (-1.3404825, 53.0732023)), ((-1.3356477, 53.0338434), (-1.3323829, 53.0225996)), ((-1.3404825, 53.0732023), (-1.340455, 53.0736045)), ((-1.3323829, 53.0225996), (-1.3311754, 53.0185062)), ((-1.3443351, 53.080411), (-1.340455, 53.0736045)), ((-1.3311754, 53.0185062), (-1.3310608, 53.0180854)), ((-1.3448063, 53.0807467), (-1.3443351, 53.080411)), ((-1.3450301, 53.0808877), (-1.3448063, 53.0807467)), ((-1.3588221, 53.0894336), (-1.3450301, 53.0808877)), ((-1.3652399, 53.09516), (-1.3588221, 53.0894336)), ((-1.3695724, 53.1110395), (-1.3652399, 53.09516)), ((-1.3695724, 53.1110395), (-1.3694858, 53.1115001)), ((-1.3694858, 53.1115001), (-1.3688291, 53.1148807)), ((-1.3688291, 53.1148807), (-1.3688016, 53.1150236)), ((-1.3688016, 53.1150236), (-1.3686069, 53.1238591)), ((-1.3686084, 53.1239877), (-1.3686069, 53.1238591)), ((-1.3747598, 53.1374619), (-1.3686084, 53.1239877)), ((-1.3752008, 53.1377418), (-1.3747598, 53.1374619)), ((-1.3772671, 53.1389239), (-1.3752008, 53.1377418)), ((-1.377728, 53.1391481), (-1.3772671, 53.1389239)), ((-1.3915575, 53.1599001), (-1.377728, 53.1391481)), ((-1.3915575, 53.1599001), (-1.39124, 53.1659651)), ((-1.3990656, 53.1748942), (-1.39124, 53.1659651)), ((-1.4011737, 53.1810671), (-1.3990656, 53.1748942)), ((-1.4011737, 53.1810671), (-1.400571, 53.1836913)), ((-1.4005726, 53.1847443), (-1.400571, 53.1836913)), ((-1.400584, 53.1848768), (-1.4005726, 53.1847443)), ((-1.4043808, 53.1955253), (-1.400584, 53.1848768)), ((-1.4060849, 53.1994144), (-1.4043808, 53.1955253)), ((-1.4061683, 53.1995953), (-1.4060849, 53.1994144)), ((-1.4138528, 53.2101382), (-1.4061683, 53.1995953)), ((-1.4139698, 53.2102665), (-1.4138528, 53.2101382)), ((-1.4168413, 53.2138603), (-1.4139698, 53.2102665)), ((-1.4202314, 53.2202954), (-1.4168413, 53.2138603)), ((-1.4202835, 53.2204531), (-1.4202314, 53.2202954)), ((-1.421051, 53.2232768), (-1.4202835, 53.2204531))]",113,Gauge 10,864,864 (100.0%),0 (0.0%),0 (0.0%),0,0
279,29,"[((-3.0313446, 51.5731312), (-3.0214756, 51.5704962)), ((-3.0214756, 51.5704962), (-3.0127611, 51.574353)), ((-3.0322821, 51.5749015), (-3.0313446, 51.5731312)), ((-3.0127611, 51.574353), (-3.0085851, 51.5763438)), ((-3.0322948, 51.5748426), (-3.0322821, 51.5749015)), ((-3.0085851, 51.5763438), (-3.0069966, 51.5785474)), ((-3.0326844, 51.5752264), (-3.0322948, 51.5748426)), ((-3.0069966, 51.5785474), (-3.0061363, 51.5800519)), ((-3.0367406, 51.5780979), (-3.0326844, 51.5752264)), ((-3.0061363, 51.5800519), (-3.0027151, 51.5859173)), ((-3.0378031, 51.5787203), (-3.0367406, 51.5780979)), ((-3.0027151, 51.5859173), (-3.0023847, 51.5865339)), ((-3.0380393, 51.5788698), (-3.0378031, 51.5787203)), ((-3.041909, 51.5792666), (-3.0380393, 51.5788698)), ((-3.0424797, 51.5791706), (-3.041909, 51.5792666)), ((-3.0427856, 51.5791182), (-3.0424797, 51.5791706)), ((-3.0436492, 51.578965), (-3.0427856, 51.5791182)), ((-3.0519839, 51.5809596), (-3.0436492, 51.578965)), ((-3.0575696, 51.5814321), (-3.0519839, 51.5809596)), ((-3.0686287, 51.5802805), (-3.0575696, 51.5814321)), ((-3.0687576, 51.580306), (-3.0686287, 51.5802805)), ((np.float64(-3.1029516), np.float64(51.5833069)), (-3.0687576, 51.580306)), ((-3.1344087, 51.4986339), (np.float64(-3.1029516), np.float64(51.5833069))), ((-3.1356521, 51.4980145), (-3.1344087, 51.4986339)), ((np.float64(-3.1363529), np.float64(51.4977099)), (-3.1356521, 51.4980145)), ((-3.1363978, 51.4977875), (np.float64(-3.1363529), np.float64(51.4977099))), ((-3.1711972, 51.4772814), (-3.1363978, 51.4977875)), ((-3.1724319, 51.4769161), (-3.1711972, 51.4772814)), ((-3.1733523, 51.4766388), (-3.1724319, 51.4769161))]",113,Gauge 6,5211,5101 (97.9%),110 (2.1%),0 (0.0%),0.45,0.2
279,29,"[((-3.0313446, 51.5731312), (-3.0214756, 51.5704962)), ((-3.0214756, 51.5704962), (-3.0127611, 51.574353)), ((-3.0322821, 51.5749015), (-3.0313446, 51.5731312)), ((-3.0127611, 51.574353), (-3.0085851, 51.5763438)), ((-3.0322948, 51.5748426), (-3.0322821, 51.5749015)), ((-3.0085851, 51.5763438), (-3.0069966, 51.5785474)), ((-3.0326844, 51.5752264), (-3.0322948, 51.5748426)), ((-3.0069966, 51.5785474), (-3.0061363, 51.5800519)), ((-3.0367406, 51.5780979), (-3.0326844, 51.5752264)), ((-3.0061363, 51.5800519), (-3.0027151, 51.5859173)), ((-3.0378031, 51.5787203), (-3.0367406, 51.5780979)), ((-3.0027151, 51.5859173), (-3.0023847, 51.5865339)), ((-3.0380393, 51.5788698), (-3.0378031, 51.5787203)), ((-3.041909, 51.5792666), (-3.0380393, 51.5788698)), ((-3.0424797, 51.5791706), (-3.041909, 51.5792666)), ((-3.0427856, 51.5791182), (-3.0424797, 51.5791706)), ((-3.0436492, 51.578965), (-3.0427856, 51.5791182)), ((-3.0519839, 51.5809596), (-3.0436492, 51.578965)), ((-3.0575696, 51.5814321), (-3.0519839, 51.5809596)), ((-3.0686287, 51.5802805), (-3.0575696, 51.5814321)), ((-3.0687576, 51.580306), (-3.0686287, 51.5802805)), ((np.float64(-3.1029516), np.float64(51.5833069)), (-3.0687576, 51.580306)), ((-3.1344087, 51.4986339), (np.float64(-3.1029516), np.float64(51.5833069))), ((-3.1356521, 51.4980145), (-3.1344087, 51.4986339)), ((np.float64(-3.1363529), np.float64(51.4977099)), (-3.1356521, 51.4980145)), ((-3.1363978, 51.4977875), (np.float64(-3.1363529), np.float64(51.4977099))), ((-3.1711972, 51.4772814), (-3.1363978, 51.4977875)), ((-3.1724319, 51.4769161), (-3.1711972, 51.4772814)), ((-3.1733523, 51.4766388), (-3.1724319, 51.4769161))]",113,Gauge 10,864,862 (99.8%),2 (0.2%),0 (0.0%),0.00,2.5
280,5,"[((-1.8956122, 52.4781264), (-1.8920906, 52.4790064)), ((-1.8920906, 52.4790064), (-1.8920196, 52.4790241)), ((-1.8920196, 52.4790241), (-1.8914258, 52.479169)), ((-1.8914258, 52.479169), (-1.8882763, 52.480044)), ((-1.8882763, 52.480044), (-1.8860811, 52.4805982))]",112,Gauge 6,5211,5200 (99.8%),11 (0.2%),0 (0.0%),0.11,0.9
280,5,"[((-1.8956122, 52.4781264), (-1.8920906, 52.4790064)), ((-1.8920906, 52.4790064), (-1.8920196, 52.4790241)), ((-1.8920196, 52.4790241), (-1.8914258, 52.479169)), ((-1.8914258, 52.479169), (-1.8882763, 52.480044)), ((-1.8882763, 52.480044), (-1.8860811, 52.4805982))]",112,Gauge 10,864,864 (100.0%),0 (0.0%),0 (0.0%),0,0
281,3,"[((-1.1397684, 53.5261453), (-1.1397383, 53.5263797)), ((-1.1398036, 53.525932), (-1.1397684, 53.5261453)), ((-1.1397383, 53.5263797), (-1.1397271, 53.5264437))]",111,Gauge 6,5211,5211 (100.0%),0 (0.0%),0 (0.0%),0,0
281,3,"[((-1.1397684, 53.5261453), (-1.1397383, 53.5263797)), ((-1.1398036, 53.525932), (-1.1397684, 53.5261453)), ((-1.1397383, 53.5263797), (-1.1397271, 53.5264437))]",111,Gauge 10,864,864 (100.0%),0 (0.0%),0 (0.0%),0,0
282,25,"[((-0.2399607, 52.5084994), (-0.2399479, 52.5083663)), ((-0.2399479, 52.5083663), (-0.2393113, 52.4993609)), ((-0.2402101, 52.511537), (-0.2399607, 52.5084994)), ((-0.2393113, 52.4993609), (-0.2375505, 52.4750186)), ((-0.2404536, 52.5145002), (-0.2402101, 52.511537)), ((-0.2375505, 52.4750186), (-0.2372744, 52.4712202)), ((-0.2404721, 52.514774), (-0.2404536, 52.5145002)), ((-0.2372744, 52.4712202), (-0.2352985, 52.4439781)), ((-0.2435695, 52.5581329), (-0.2404721, 52.514774)), ((-0.2352985, 52.4439781), (-0.2351579, 52.4428647)), ((-0.2351579, 52.4428647), (-0.2343017, 52.4367623)), ((-0.2343017, 52.4367623), (-0.2342279, 52.4365138)), ((-0.2342279, 52.4365138), (-0.2324217, 52.4322949)), ((-0.2324217, 52.4322949), (-0.2322673, 52.4320299)), ((-0.2322673, 52.4320299), (-0.2245359, 52.4214921)), ((-0.2245359, 52.4214921), (-0.2241024, 52.4208154)), ((-0.2241024, 52.4208154), (-0.2215273, 52.4174131)), ((-0.2215273, 52.4174131), (-0.2212128, 52.4170067)), ((-0.2212128, 52.4170067), (-0.2171558, 52.4115557)), ((-0.2171558, 52.4115557), (-0.2168689, 52.4111292)), ((-0.2168689, 52.4111292), (-0.1975525, 52.3801075)), ((-0.1975525, 52.3801075), (-0.1974187, 52.379898)), ((-0.1974187, 52.379898), (-0.1903382, 52.3362162)), ((-0.1903801, 52.3360393), (-0.1903382, 52.3362162)), ((-0.1908562, 52.3342746), (-0.1903801, 52.3360393))]",111,Gauge 6,5211,5091 (97.7%),120 (2.3%),0 (0.0%),1.30,5.9
282,25,"[((-0.2399607, 52.5084994), (-0.2399479, 52.5083663)), ((-0.2399479, 52.5083663), (-0.2393113, 52.4993609)), ((-0.2402101, 52.511537), (-0.2399607, 52.5084994)), ((-0.2393113, 52.4993609), (-0.2375505, 52.4750186)), ((-0.2404536, 52.5145002), (-0.2402101, 52.511537)), ((-0.2375505, 52.4750186), (-0.2372744, 52.4712202)), ((-0.2404721, 52.514774), (-0.2404536, 52.5145002)), ((-0.2372744, 52.4712202), (-0.2352985, 52.4439781)), ((-0.2435695, 52.5581329), (-0.2404721, 52.514774)), ((-0.2352985, 52.4439781), (-0.2351579, 52.4428647)), ((-0.2351579, 52.4428647), (-0.2343017, 52.4367623)), ((-0.2343017, 52.4367623), (-0.2342279, 52.4365138)), ((-0.2342279, 52.4365138), (-0.2324217, 52.4322949)), ((-0.2324217, 52.4322949), (-0.2322673, 52.4320299)), ((-0.2322673, 52.4320299), (-0.2245359, 52.4214921)), ((-0.2245359, 52.4214921), (-0.2241024, 52.4208154)), ((-0.2241024, 52.4208154), (-0.2215273, 52.4174131)), ((-0.2215273, 52.4174131), (-0.2212128, 52.4170067)), ((-0.2212128, 52.4170067), (-0.2171558, 52.4115557)), ((-0.2171558, 52.4115557), (-0.2168689, 52.4111292)), ((-0.2168689, 52.4111292), (-0.1975525, 52.3801075)), ((-0.1975525, 52.3801075), (-0.1974187, 52.379898)), ((-0.1974187, 52.379898), (-0.1903382, 52.3362162)), ((-0.1903801, 52.3360393), (-0.1903382, 52.3362162)), ((-0.1908562, 52.3342746), (-0.1903801, 52.3360393))]",111,Gauge 10,864,864 (100.0%),0 (0.0%),0 (0.0%),0,0
283,2,"[((-0.0050484, 51.5454073), (-0.0041058, 51.5479077)), ((-0.0058494, 51.5450785), (-0.0050484, 51.5454073))]",111,Gauge 6,5211,4771 (91.6%),440 (8.4%),0 (0.0%),0.13,3.2
283,2,"[((-0.0050484, 51.5454073), (-0.0041058, 51.5479077)), ((-0.0058494, 51.5450785), (-0.0050484, 51.5454073))]",111,Gauge 10,864,864 (100.0%),0 (0.0%),0 (0.0%),0,0
284,1,"[((-1.8778854, 52.4815302), (-1.8770751, 52.4815135))]",111,Gauge 6,5211,5147 (98.8%),64 (1.2%),0 (0.0%),0.02,1.9
284,1,"[((-1.8778854, 52.4815302), (-1.8770751, 52.4815135))]",111,Gauge 10,864,864 (100.0%),0 (0.0%),0 (0.0%),0,0
285,5,"[((-1.1789515, 53.3270355), (-1.1757162, 53.3265067)), ((-1.1757162, 53.3265067), (-1.1754793, 53.3264658)), ((-1.1791599, 53.3270658), (-1.1789515, 53.3270355)), ((-1.1754793, 53.3264658), (-1.1450093, 53.3180961)), ((-1.1896462, 53.3284757), (-1.1791599, 53.3270658))]",110,Gauge 6,5211,5101 (97.9%),110 (2.1%),0 (0.0%),0.76,0.0
285,5,"[((-1.1789515, 53.3270355), (-1.1757162, 53.3265067)), ((-1.1757162, 53.3265067), (-1.1754793, 53.3264658)), ((-1.1791599, 53.3270658), (-1.1789515, 53.3270355)), ((-1.1754793, 53.3264658), (-1.1450093, 53.3180961)), ((-1.1896462, 53.3284757), (-1.1791599, 53.3270658))]",110,Gauge 10,864,864 (100.0%),0 (0.0%),0 (0.0%),0,0
286,7,"[((0.318226, 51.446815), (0.3195437, 51.445331)), ((0.3195437, 51.445331), (0.3209025, 51.4442269)), ((0.3152011, 51.4498981), (0.318226, 51.446815)), ((0.3209025, 51.4442269), (0.3253546, 51.4425423)), ((0.3253546, 51.4425423), (0.3259589, 51.4424324)), ((0.3259589, 51.4424324), (0.3261747, 51.4423781)), ((0.3261747, 51.4423781), (0.3272911, 51.4420955))]",110,Gauge 6,5211,5074 (97.4%),137 (2.6%),0 (0.0%),0.85,30.4
286,7,"[((0.318226, 51.446815), (0.3195437, 51.445331)), ((0.3195437, 51.445331), (0.3209025, 51.4442269)), ((0.3152011, 51.4498981), (0.318226, 51.446815)), ((0.3209025, 51.4442269), (0.3253546, 51.4425423)), ((0.3253546, 51.4425423), (0.3259589, 51.4424324)), ((0.3259589, 51.4424324), (0.3261747, 51.4423781)), ((0.3261747, 51.4423781), (0.3272911, 51.4420955))]",110,Gauge 10,864,864 (100.0%),0 (0.0%),0 (0.0%),0,0
287,40,"[((-1.660977, 53.3293228), (-1.6606464, 53.3292163)), ((-1.6736259, 53.333708), (-1.660977, 53.3293228)), ((-1.6606464, 53.3292163), (-1.658413, 53.3284361)), ((-1.6738564, 53.3337848), (-1.6736259, 53.333708)), ((-1.658413, 53.3284361), (-1.6569377, 53.327883)), ((-1.6771104, 53.3349178), (-1.6738564, 53.3337848)), ((-1.6569377, 53.327883), (-1.6550154, 53.3270919)), ((-1.6772227, 53.3349568), (-1.6771104, 53.3349178)), ((-1.6550154, 53.3270919), (-1.6547052, 53.3269644)), ((-1.6920483, 53.3400627), (-1.6772227, 53.3349568)), ((-1.6547052, 53.3269644), (-1.6534209, 53.3264617)), ((-1.6925268, 53.3402504), (-1.6920483, 53.3400627)), ((-1.6534209, 53.3264617), (-1.6532381, 53.3263901)), ((-1.6960873, 53.3413887), (-1.6925268, 53.3402504)), ((-1.6532381, 53.3263901), (-1.652672, 53.3261685)), ((-1.6962932, 53.341439), (-1.6960873, 53.3413887)), ((-1.652672, 53.3261685), (-1.6524092, 53.3260599)), ((-1.7119809, 53.3431588), (-1.6962932, 53.341439)), ((-1.7123246, 53.3431528), (-1.7119809, 53.3431588)), ((-1.7296037, 53.3460031), (-1.7123246, 53.3431528)), ((-1.7308101, 53.346576), (-1.7296037, 53.3460031)), ((-1.7311029, 53.3467071), (-1.7308101, 53.346576)), ((-1.7340276, 53.3480562), (-1.7311029, 53.3467071)), ((-1.7344006, 53.3482381), (-1.7340276, 53.3480562)), ((-1.7398618, 53.3521158), (-1.7344006, 53.3482381)), ((-1.7399476, 53.3522095), (-1.7398618, 53.3521158)), ((-1.7421947, 53.354348), (-1.7399476, 53.3522095)), ((-1.7423308, 53.3544767), (-1.7421947, 53.354348)), ((-1.7502707, 53.3673702), (-1.7423308, 53.3544767)), ((-1.7503762, 53.3675703), (-1.7502707, 53.3673702)), ((-1.7597138, 53.3723978), (-1.7503762, 53.3675703)), ((-1.7598124, 53.3724247), (-1.7597138, 53.3723978)), ((-1.7935795, 53.3684789), (-1.7598124, 53.3724247)), ((-1.7940295, 53.3683816), (-1.7935795, 53.3684789)), ((-1.8024437, 53.3670829), (-1.7940295, 53.3683816)), ((-1.802768, 53.3670456), (-1.8024437, 53.3670829)), ((-1.8104539, 53.3660933), (-1.802768, 53.3670456)), ((-1.8106808, 53.3660643), (-1.8104539, 53.3660933)), ((-1.8160083, 53.3651286), (-1.8106808, 53.3660643)), ((-1.8162783, 53.3650687), (-1.8160083, 53.3651286))]",109,Gauge 6,5211,5106 (98.0%),105 (2.0%),0 (0.0%),9.61,18.9
287,40,"[((-1.660977, 53.3293228), (-1.6606464, 53.3292163)), ((-1.6736259, 53.333708), (-1.660977, 53.3293228)), ((-1.6606464, 53.3292163), (-1.658413, 53.3284361)), ((-1.6738564, 53.3337848), (-1.6736259, 53.333708)), ((-1.658413, 53.3284361), (-1.6569377, 53.327883)), ((-1.6771104, 53.3349178), (-1.6738564, 53.3337848)), ((-1.6569377, 53.327883), (-1.6550154, 53.3270919)), ((-1.6772227, 53.3349568), (-1.6771104, 53.3349178)), ((-1.6550154, 53.3270919), (-1.6547052, 53.3269644)), ((-1.6920483, 53.3400627), (-1.6772227, 53.3349568)), ((-1.6547052, 53.3269644), (-1.6534209, 53.3264617)), ((-1.6925268, 53.3402504), (-1.6920483, 53.3400627)), ((-1.6534209, 53.3264617), (-1.6532381, 53.3263901)), ((-1.6960873, 53.3413887), (-1.6925268, 53.3402504)), ((-1.6532381, 53.3263901), (-1.652672, 53.3261685)), ((-1.6962932, 53.341439), (-1.6960873, 53.3413887)), ((-1.652672, 53.3261685), (-1.6524092, 53.3260599)), ((-1.7119809, 53.3431588), (-1.6962932, 53.341439)), ((-1.7123246, 53.3431528), (-1.7119809, 53.3431588)), ((-1.7296037, 53.3460031), (-1.7123246, 53.3431528)), ((-1.7308101, 53.346576), (-1.7296037, 53.3460031)), ((-1.7311029, 53.3467071), (-1.7308101, 53.346576)), ((-1.7340276, 53.3480562), (-1.7311029, 53.3467071)), ((-1.7344006, 53.3482381), (-1.7340276, 53.3480562)), ((-1.7398618, 53.3521158), (-1.7344006, 53.3482381)), ((-1.7399476, 53.3522095), (-1.7398618, 53.3521158)), ((-1.7421947, 53.354348), (-1.7399476, 53.3522095)), ((-1.7423308, 53.3544767), (-1.7421947, 53.354348)), ((-1.7502707, 53.3673702), (-1.7423308, 53.3544767)), ((-1.7503762, 53.3675703), (-1.7502707, 53.3673702)), ((-1.7597138, 53.3723978), (-1.7503762, 53.3675703)), ((-1.7598124, 53.3724247), (-1.7597138, 53.3723978)), ((-1.7935795, 53.3684789), (-1.7598124, 53.3724247)), ((-1.7940295, 53.3683816), (-1.7935795, 53.3684789)), ((-1.8024437, 53.3670829), (-1.7940295, 53.3683816)), ((-1.802768, 53.3670456), (-1.8024437, 53.3670829)), ((-1.8104539, 53.3660933), (-1.802768, 53.3670456)), ((-1.8106808, 53.3660643), (-1.8104539, 53.3660933)), ((-1.8160083, 53.3651286), (-1.8106808, 53.3660643)), ((-1.8162783, 53.3650687), (-1.8160083, 53.3651286))]",109,Gauge 10,864,864 (100.0%),0 (0.0%),0 (0.0%),0,0
288,35,"[((0.15054, 51.5254774), (0.1629501, 51.5241121)), ((0.1629501, 51.5241121), (0.16319, 51.524084)), ((0.1371471, 51.52697), (0.15054, 51.5254774)), ((0.16319, 51.524084), (0.182861, 51.5202824)), ((-0.0003261, 51.544837), (0.1371471, 51.52697)), ((0.182861, 51.5202824), (0.1890233, 51.5173862)), ((-0.0030151, 51.544863), (-0.0003261, 51.544837)), ((0.1890233, 51.5173862), (0.213801, 51.5028197)), ((-0.0031128, 51.5448632), (-0.0030151, 51.544863)), ((0.213801, 51.5028197), (0.2223272, 51.4977548)), ((-0.0033235, 51.5448623), (-0.0031128, 51.5448632)), ((0.2223272, 51.4977548), (0.2328533, 51.4924292)), ((-0.0080531, 51.5448835), (-0.0033235, 51.5448623)), ((0.2328533, 51.4924292), (0.2387558, 51.4888496)), ((-0.0090621, 51.5449019), (-0.0080531, 51.5448835)), ((0.2387558, 51.4888496), (0.2391195, 51.4885896)), ((-0.0119373, 51.544939), (-0.0090621, 51.5449019)), ((0.2391195, 51.4885896), (0.2450818, 51.4847943)), ((-0.0130896, 51.5449401), (-0.0119373, 51.544939)), ((0.2450818, 51.4847943), (0.2577892, 51.4789198)), ((np.float64(-0.0130902), np.float64(51.5449217)), (-0.0130896, 51.5449401)), ((0.2577892, 51.4789198), (0.2651576, 51.4745438)), ((np.float64(-0.0130902), np.float64(51.5449217)), (-0.011938, 51.544879)), ((0.2651576, 51.4745438), (0.2664075, 51.4737229)), ((-0.011938, 51.544879), (-0.0104876, 51.5448233)), ((0.2664075, 51.4737229), (0.2704927, 51.4712302)), ((-0.0104876, 51.5448233), (-0.0090626, 51.5448088)), ((0.2704927, 51.4712302), (0.2740113, 51.4692418)), ((-0.0090626, 51.5448088), (-0.0080594, 51.5447998)), ((0.2740113, 51.4692418), (0.3097419, 51.4542813)), ((-0.0080594, 51.5447998), (-0.0058494, 51.5450785)), ((0.3097419, 51.4542813), (0.3104657, 51.453675)), ((0.3104657, 51.453675), (0.3120457, 51.4523938)), ((0.3120457, 51.4523938), (0.31403, 51.4508074)), ((0.31403, 51.4508074), (0.3152011, 51.4498981))]",109,Gauge 6,5211,5048 (96.9%),163 (3.1%),0 (0.0%),0.72,26.2
288,35,"[((0.15054, 51.5254774), (0.1629501, 51.5241121)), ((0.1629501, 51.5241121), (0.16319, 51.524084)), ((0.1371471, 51.52697), (0.15054, 51.5254774)), ((0.16319, 51.524084), (0.182861, 51.5202824)), ((-0.0003261, 51.544837), (0.1371471, 51.52697)), ((0.182861, 51.5202824), (0.1890233, 51.5173862)), ((-0.0030151, 51.544863), (-0.0003261, 51.544837)), ((0.1890233, 51.5173862), (0.213801, 51.5028197)), ((-0.0031128, 51.5448632), (-0.0030151, 51.544863)), ((0.213801, 51.5028197), (0.2223272, 51.4977548)), ((-0.0033235, 51.5448623), (-0.0031128, 51.5448632)), ((0.2223272, 51.4977548), (0.2328533, 51.4924292)), ((-0.0080531, 51.5448835), (-0.0033235, 51.5448623)), ((0.2328533, 51.4924292), (0.2387558, 51.4888496)), ((-0.0090621, 51.5449019), (-0.0080531, 51.5448835)), ((0.2387558, 51.4888496), (0.2391195, 51.4885896)), ((-0.0119373, 51.544939), (-0.0090621, 51.5449019)), ((0.2391195, 51.4885896), (0.2450818, 51.4847943)), ((-0.0130896, 51.5449401), (-0.0119373, 51.544939)), ((0.2450818, 51.4847943), (0.2577892, 51.4789198)), ((np.float64(-0.0130902), np.float64(51.5449217)), (-0.0130896, 51.5449401)), ((0.2577892, 51.4789198), (0.2651576, 51.4745438)), ((np.float64(-0.0130902), np.float64(51.5449217)), (-0.011938, 51.544879)), ((0.2651576, 51.4745438), (0.2664075, 51.4737229)), ((-0.011938, 51.544879), (-0.0104876, 51.5448233)), ((0.2664075, 51.4737229), (0.2704927, 51.4712302)), ((-0.0104876, 51.5448233), (-0.0090626, 51.5448088)), ((0.2704927, 51.4712302), (0.2740113, 51.4692418)), ((-0.0090626, 51.5448088), (-0.0080594, 51.5447998)), ((0.2740113, 51.4692418), (0.3097419, 51.4542813)), ((-0.0080594, 51.5447998), (-0.0058494, 51.5450785)), ((0.3097419, 51.4542813), (0.3104657, 51.453675)), ((0.3104657, 51.453675), (0.3120457, 51.4523938)), ((0.3120457, 51.4523938), (0.31403, 51.4508074)), ((0.31403, 51.4508074), (0.3152011, 51.4498981))]",109,Gauge 10,864,864 (100.0%),0 (0.0%),0 (0.0%),0,0
289,66,"[((-0.6530347, 52.2962989), (-0.6510495, 52.2958107)), ((-0.6603798, 52.297063), (-0.6530347, 52.2962989)), ((-0.6510495, 52.2958107), (-0.6266683, 52.2774933)), ((-0.6606924, 52.2970766), (-0.6603798, 52.297063)), ((-0.6266683, 52.2774933), (-0.6265363, 52.277412)), ((-0.6618796, 52.2971327), (-0.6606924, 52.2970766)), ((-0.6265363, 52.277412), (-0.6063596, 52.2646073)), ((-0.6717558, 52.2990612), (-0.6618796, 52.2971327)), ((-0.6063596, 52.2646073), (-0.606087, 52.264434)), ((-0.6723692, 52.2993977), (-0.6717558, 52.2990612)), ((-0.606087, 52.264434), (-0.5492932, 52.2351519)), ((-0.6747504, 52.3012133), (-0.6723692, 52.2993977)), ((-0.5492932, 52.2351519), (-0.549107, 52.2350936)), ((-0.6756514, 52.3022905), (-0.6747504, 52.3012133)), ((-0.549107, 52.2350936), (-0.5376429, 52.2300161)), ((-0.6766332, 52.3058406), (-0.6756514, 52.3022905)), ((-0.5376429, 52.2300161), (-0.5369464, 52.2296103)), ((-0.6766332, 52.3058406), (-0.6754358, 52.3094705)), ((-0.5369464, 52.2296103), (-0.5294192, 52.2226098)), ((-0.6754358, 52.3094705), (-0.6748471, 52.314441)), ((-0.5294192, 52.2226098), (-0.5292573, 52.222346)), ((-0.7157823, 52.3788899), (-0.6748471, 52.314441)), ((-0.5292573, 52.222346), (-0.5285656, 52.221068)), ((-0.7332969, 52.395568), (-0.7157823, 52.3788899)), ((-0.5285656, 52.221068), (-0.5278573, 52.2192967)), ((-0.7336029, 52.3959509), (-0.7332969, 52.395568)), ((-0.5278573, 52.2192967), (-0.5273359, 52.2168962)), ((-0.737099, 52.4021101), (-0.7336029, 52.3959509)), ((-0.5273359, 52.2168962), (-0.5256549, 52.2036085)), ((-0.7371381, 52.4023826), (-0.737099, 52.4021101)), ((-0.5256549, 52.2036085), (-0.5256276, 52.2033787)), ((-0.7371381, 52.4023826), (-0.7357427, 52.4128667)), ((-0.5256276, 52.2033787), (-0.5255177, 52.2025845)), ((-0.7367271, 52.4155239), (-0.7357427, 52.4128667)), ((-0.5255177, 52.2025845), (-0.5253732, 52.2013765)), ((-0.7369173, 52.415869), (-0.7367271, 52.4155239)), ((-0.5253732, 52.2013765), (-0.5242204, 52.1922524)), ((-0.7450108, 52.4290714), (-0.7369173, 52.415869)), ((-0.5242204, 52.1922524), (-0.5240434, 52.1908367)), ((-0.7596314, 52.4390141), (-0.7450108, 52.4290714)), ((-0.5240434, 52.1908367), (-0.5229114, 52.1817969)), ((-0.7598778, 52.4390732), (-0.7596314, 52.4390141)), ((-0.5229114, 52.1817969), (-0.5228475, 52.1813304)), ((-0.7884589, 52.4420121), (-0.7598778, 52.4390732)), ((-0.5228475, 52.1813304), (-0.5225085, 52.1797011)), ((-0.7886758, 52.4420376), (-0.7884589, 52.4420121)), ((-0.5225085, 52.1797011), (-0.5221248, 52.1784956)), ((-0.7905603, 52.4423232), (-0.7886758, 52.4420376)), ((-0.5221248, 52.1784956), (-0.5115122, 52.1654656)), ((-0.8145279, 52.4445483), (-0.7905603, 52.4423232)), ((-0.5115122, 52.1654656), (-0.5113042, 52.1652724)), ((-0.9020935, 52.469194), (-0.8145279, 52.4445483)), ((-0.5113042, 52.1652724), (-0.5077327, 52.1620301)), ((-0.9091594, 52.4747573), (-0.9020935, 52.469194)), ((-0.5077327, 52.1620301), (-0.5065434, 52.1609268)), ((-0.9092, 52.4748464), (-0.9091594, 52.4747573)), ((-0.5065434, 52.1609268), (-0.4939297, 52.149335)), ((-0.9095942, 52.4763129), (-0.9092, 52.4748464)), ((-0.4939297, 52.149335), (-0.4927924, 52.1483151)), ((-0.9096201, 52.4764751), (-0.9095942, 52.4763129)), ((-0.4927924, 52.1483151), (-0.4854858, 52.1415947)), ((-0.909657, 52.4774032), (-0.9096201, 52.4764751)), ((-0.4854858, 52.1415947), (-0.4849971, 52.1412095)), ((-0.909657, 52.4774032), (-0.9095569, 52.4785431)), ((-0.9095569, 52.4785431), (-0.9094707, 52.4789678)), ((-0.9094707, 52.4789678), (-0.9093799, 52.4792725))]",109,Gauge 6,5211,5135 (98.5%),76 (1.5%),0 (0.0%),6.78,22.1
289,66,"[((-0.6530347, 52.2962989), (-0.6510495, 52.2958107)), ((-0.6603798, 52.297063), (-0.6530347, 52.2962989)), ((-0.6510495, 52.2958107), (-0.6266683, 52.2774933)), ((-0.6606924, 52.2970766), (-0.6603798, 52.297063)), ((-0.6266683, 52.2774933), (-0.6265363, 52.277412)), ((-0.6618796, 52.2971327), (-0.6606924, 52.2970766)), ((-0.6265363, 52.277412), (-0.6063596, 52.2646073)), ((-0.6717558, 52.2990612), (-0.6618796, 52.2971327)), ((-0.6063596, 52.2646073), (-0.606087, 52.264434)), ((-0.6723692, 52.2993977), (-0.6717558, 52.2990612)), ((-0.606087, 52.264434), (-0.5492932, 52.2351519)), ((-0.6747504, 52.3012133), (-0.6723692, 52.2993977)), ((-0.5492932, 52.2351519), (-0.549107, 52.2350936)), ((-0.6756514, 52.3022905), (-0.6747504, 52.3012133)), ((-0.549107, 52.2350936), (-0.5376429, 52.2300161)), ((-0.6766332, 52.3058406), (-0.6756514, 52.3022905)), ((-0.5376429, 52.2300161), (-0.5369464, 52.2296103)), ((-0.6766332, 52.3058406), (-0.6754358, 52.3094705)), ((-0.5369464, 52.2296103), (-0.5294192, 52.2226098)), ((-0.6754358, 52.3094705), (-0.6748471, 52.314441)), ((-0.5294192, 52.2226098), (-0.5292573, 52.222346)), ((-0.7157823, 52.3788899), (-0.6748471, 52.314441)), ((-0.5292573, 52.222346), (-0.5285656, 52.221068)), ((-0.7332969, 52.395568), (-0.7157823, 52.3788899)), ((-0.5285656, 52.221068), (-0.5278573, 52.2192967)), ((-0.7336029, 52.3959509), (-0.7332969, 52.395568)), ((-0.5278573, 52.2192967), (-0.5273359, 52.2168962)), ((-0.737099, 52.4021101), (-0.7336029, 52.3959509)), ((-0.5273359, 52.2168962), (-0.5256549, 52.2036085)), ((-0.7371381, 52.4023826), (-0.737099, 52.4021101)), ((-0.5256549, 52.2036085), (-0.5256276, 52.2033787)), ((-0.7371381, 52.4023826), (-0.7357427, 52.4128667)), ((-0.5256276, 52.2033787), (-0.5255177, 52.2025845)), ((-0.7367271, 52.4155239), (-0.7357427, 52.4128667)), ((-0.5255177, 52.2025845), (-0.5253732, 52.2013765)), ((-0.7369173, 52.415869), (-0.7367271, 52.4155239)), ((-0.5253732, 52.2013765), (-0.5242204, 52.1922524)), ((-0.7450108, 52.4290714), (-0.7369173, 52.415869)), ((-0.5242204, 52.1922524), (-0.5240434, 52.1908367)), ((-0.7596314, 52.4390141), (-0.7450108, 52.4290714)), ((-0.5240434, 52.1908367), (-0.5229114, 52.1817969)), ((-0.7598778, 52.4390732), (-0.7596314, 52.4390141)), ((-0.5229114, 52.1817969), (-0.5228475, 52.1813304)), ((-0.7884589, 52.4420121), (-0.7598778, 52.4390732)), ((-0.5228475, 52.1813304), (-0.5225085, 52.1797011)), ((-0.7886758, 52.4420376), (-0.7884589, 52.4420121)), ((-0.5225085, 52.1797011), (-0.5221248, 52.1784956)), ((-0.7905603, 52.4423232), (-0.7886758, 52.4420376)), ((-0.5221248, 52.1784956), (-0.5115122, 52.1654656)), ((-0.8145279, 52.4445483), (-0.7905603, 52.4423232)), ((-0.5115122, 52.1654656), (-0.5113042, 52.1652724)), ((-0.9020935, 52.469194), (-0.8145279, 52.4445483)), ((-0.5113042, 52.1652724), (-0.5077327, 52.1620301)), ((-0.9091594, 52.4747573), (-0.9020935, 52.469194)), ((-0.5077327, 52.1620301), (-0.5065434, 52.1609268)), ((-0.9092, 52.4748464), (-0.9091594, 52.4747573)), ((-0.5065434, 52.1609268), (-0.4939297, 52.149335)), ((-0.9095942, 52.4763129), (-0.9092, 52.4748464)), ((-0.4939297, 52.149335), (-0.4927924, 52.1483151)), ((-0.9096201, 52.4764751), (-0.9095942, 52.4763129)), ((-0.4927924, 52.1483151), (-0.4854858, 52.1415947)), ((-0.909657, 52.4774032), (-0.9096201, 52.4764751)), ((-0.4854858, 52.1415947), (-0.4849971, 52.1412095)), ((-0.909657, 52.4774032), (-0.9095569, 52.4785431)), ((-0.9095569, 52.4785431), (-0.9094707, 52.4789678)), ((-0.9094707, 52.4789678), (-0.9093799, 52.4792725))]",109,Gauge 10,864,864 (100.0%),0 (0.0%),0 (0.0%),0,0
290,52,"[((-2.0879958, 52.5492642), (-2.0875069, 52.5481942)), ((-2.0880515, 52.5493843), (-2.0879958, 52.5492642)), ((-2.0875069, 52.5481942), (-2.0874747, 52.5481314)), ((-2.0890285, 52.5515168), (-2.0880515, 52.5493843)), ((-2.0874747, 52.5481314), (-2.0777531, 52.5347883)), ((-2.0890955, 52.5516707), (-2.0890285, 52.5515168)), ((-2.0777531, 52.5347883), (-2.0742139, 52.533448)), ((-2.0895267, 52.5526097), (-2.0890955, 52.5516707)), ((-2.0742139, 52.533448), (-2.0738764, 52.5333674)), ((-2.0896139, 52.5527771), (-2.0895267, 52.5526097)), ((-2.0738764, 52.5333674), (-2.0724591, 52.5329614)), ((-2.0936807, 52.5576712), (-2.0896139, 52.5527771)), ((-2.0724591, 52.5329614), (-2.0685598, 52.5317739)), ((-2.0937846, 52.5577694), (-2.0936807, 52.5576712)), ((-2.0685598, 52.5317739), (-2.0684562, 52.5317367)), ((-2.0972085, 52.5609862), (-2.0937846, 52.5577694)), ((-2.0684562, 52.5317367), (-2.0635989, 52.5295083)), ((-2.097384, 52.5611513), (-2.0972085, 52.5609862)), ((-2.0635989, 52.5295083), (-2.0633005, 52.5293834)), ((-2.1008663, 52.5644404), (-2.097384, 52.5611513)), ((-2.0633005, 52.5293834), (-2.062997, 52.5292481)), ((-2.1009743, 52.5645415), (-2.1008663, 52.5644404)), ((-2.062997, 52.5292481), (-2.0628749, 52.5291943)), ((-2.1013691, 52.564941), (-2.1009743, 52.5645415)), ((-2.0628749, 52.5291943), (-2.0529255, 52.5256795)), ((-2.1015121, 52.5650954), (-2.1013691, 52.564941)), ((-2.0529255, 52.5256795), (-2.0527747, 52.5256309)), ((-2.1024472, 52.5662967), (-2.1015121, 52.5650954)), ((-2.0527747, 52.5256309), (-2.051549, 52.5252403)), ((-2.1025596, 52.5664638), (-2.1024472, 52.5662967)), ((-2.051549, 52.5252403), (-2.0513803, 52.5251907)), ((-2.1051912, 52.5714492), (-2.1025596, 52.5664638)), ((-2.0513803, 52.5251907), (-2.0503884, 52.524876)), ((-2.1053079, 52.5716703), (-2.1051912, 52.5714492)), ((-2.0503884, 52.524876), (-2.0501502, 52.5247999)), ((-2.1064733, 52.5739721), (-2.1053079, 52.5716703)), ((-2.1065268, 52.574076), (-2.1064733, 52.5739721)), ((-2.1076799, 52.576345), (-2.1065268, 52.574076)), ((-2.1077349, 52.5764502), (-2.1076799, 52.576345)), ((-2.1081353, 52.5772427), (-2.1077349, 52.5764502)), ((-2.1083263, 52.5776091), (-2.1081353, 52.5772427)), ((-2.1096648, 52.5801925), (-2.1083263, 52.5776091)), ((-2.1097345, 52.5803408), (-2.1096648, 52.5801925)), ((-2.1099171, 52.5807033), (-2.1097345, 52.5803408)), ((-2.1099732, 52.5808159), (-2.1099171, 52.5807033)), ((-2.1103836, 52.5816145), (-2.1099732, 52.5808159)), ((-2.1106851, 52.5821951), (-2.1103836, 52.5816145)), ((-2.110853, 52.5825166), (-2.1106851, 52.5821951)), ((-2.1117085, 52.5842001), (-2.110853, 52.5825166)), ((-2.1145826, 52.5864688), (-2.1117085, 52.5842001)), ((-2.1149632, 52.5865878), (-2.1145826, 52.5864688)), ((-2.1155968, 52.5867217), (-2.1149632, 52.5865878))]",109,Gauge 6,5211,5211 (100.0%),0 (0.0%),0 (0.0%),0,0
290,52,"[((-2.0879958, 52.5492642), (-2.0875069, 52.5481942)), ((-2.0880515, 52.5493843), (-2.0879958, 52.5492642)), ((-2.0875069, 52.5481942), (-2.0874747, 52.5481314)), ((-2.0890285, 52.5515168), (-2.0880515, 52.5493843)), ((-2.0874747, 52.5481314), (-2.0777531, 52.5347883)), ((-2.0890955, 52.5516707), (-2.0890285, 52.5515168)), ((-2.0777531, 52.5347883), (-2.0742139, 52.533448)), ((-2.0895267, 52.5526097), (-2.0890955, 52.5516707)), ((-2.0742139, 52.533448), (-2.0738764, 52.5333674)), ((-2.0896139, 52.5527771), (-2.0895267, 52.5526097)), ((-2.0738764, 52.5333674), (-2.0724591, 52.5329614)), ((-2.0936807, 52.5576712), (-2.0896139, 52.5527771)), ((-2.0724591, 52.5329614), (-2.0685598, 52.5317739)), ((-2.0937846, 52.5577694), (-2.0936807, 52.5576712)), ((-2.0685598, 52.5317739), (-2.0684562, 52.5317367)), ((-2.0972085, 52.5609862), (-2.0937846, 52.5577694)), ((-2.0684562, 52.5317367), (-2.0635989, 52.5295083)), ((-2.097384, 52.5611513), (-2.0972085, 52.5609862)), ((-2.0635989, 52.5295083), (-2.0633005, 52.5293834)), ((-2.1008663, 52.5644404), (-2.097384, 52.5611513)), ((-2.0633005, 52.5293834), (-2.062997, 52.5292481)), ((-2.1009743, 52.5645415), (-2.1008663, 52.5644404)), ((-2.062997, 52.5292481), (-2.0628749, 52.5291943)), ((-2.1013691, 52.564941), (-2.1009743, 52.5645415)), ((-2.0628749, 52.5291943), (-2.0529255, 52.5256795)), ((-2.1015121, 52.5650954), (-2.1013691, 52.564941)), ((-2.0529255, 52.5256795), (-2.0527747, 52.5256309)), ((-2.1024472, 52.5662967), (-2.1015121, 52.5650954)), ((-2.0527747, 52.5256309), (-2.051549, 52.5252403)), ((-2.1025596, 52.5664638), (-2.1024472, 52.5662967)), ((-2.051549, 52.5252403), (-2.0513803, 52.5251907)), ((-2.1051912, 52.5714492), (-2.1025596, 52.5664638)), ((-2.0513803, 52.5251907), (-2.0503884, 52.524876)), ((-2.1053079, 52.5716703), (-2.1051912, 52.5714492)), ((-2.0503884, 52.524876), (-2.0501502, 52.5247999)), ((-2.1064733, 52.5739721), (-2.1053079, 52.5716703)), ((-2.1065268, 52.574076), (-2.1064733, 52.5739721)), ((-2.1076799, 52.576345), (-2.1065268, 52.574076)), ((-2.1077349, 52.5764502), (-2.1076799, 52.576345)), ((-2.1081353, 52.5772427), (-2.1077349, 52.5764502)), ((-2.1083263, 52.5776091), (-2.1081353, 52.5772427)), ((-2.1096648, 52.5801925), (-2.1083263, 52.5776091)), ((-2.1097345, 52.5803408), (-2.1096648, 52.5801925)), ((-2.1099171, 52.5807033), (-2.1097345, 52.5803408)), ((-2.1099732, 52.5808159), (-2.1099171, 52.5807033)), ((-2.1103836, 52.5816145), (-2.1099732, 52.5808159)), ((-2.1106851, 52.5821951), (-2.1103836, 52.5816145)), ((-2.110853, 52.5825166), (-2.1106851, 52.5821951)), ((-2.1117085, 52.5842001), (-2.110853, 52.5825166)), ((-2.1145826, 52.5864688), (-2.1117085, 52.5842001)), ((-2.1149632, 52.5865878), (-2.1145826, 52.5864688)), ((-2.1155968, 52.5867217), (-2.1149632, 52.5865878))]",109,Gauge 10,864,864 (100.0%),0 (0.0%),0 (0.0%),0,0
291,9,"[((-2.1761137, 53.3869143), (-2.1756776, 53.3872983)), ((-2.1764188, 53.386643), (-2.1761137, 53.3869143)), ((-2.1796913, 53.383728), (-2.1764188, 53.386643)), ((-2.1800045, 53.3834832), (-2.1796913, 53.383728)), ((-2.1801604, 53.3833441), (-2.1800045, 53.3834832)), ((-2.1804214, 53.3830995), (-2.1801604, 53.3833441)), ((-2.1823553, 53.3814127), (-2.1804214, 53.3830995)), ((-2.1831209, 53.3807287), (-2.1823553, 53.3814127)), ((-2.18511, 53.3789965), (-2.1831209, 53.3807287))]",109,Gauge 6,5211,5167 (99.2%),44 (0.8%),0 (0.0%),0.03,2.0
291,9,"[((-2.1761137, 53.3869143), (-2.1756776, 53.3872983)), ((-2.1764188, 53.386643), (-2.1761137, 53.3869143)), ((-2.1796913, 53.383728), (-2.1764188, 53.386643)), ((-2.1800045, 53.3834832), (-2.1796913, 53.383728)), ((-2.1801604, 53.3833441), (-2.1800045, 53.3834832)), ((-2.1804214, 53.3830995), (-2.1801604, 53.3833441)), ((-2.1823553, 53.3814127), (-2.1804214, 53.3830995)), ((-2.1831209, 53.3807287), (-2.1823553, 53.3814127)), ((-2.18511, 53.3789965), (-2.1831209, 53.3807287))]",109,Gauge 10,864,856 (99.1%),8 (0.9%),0 (0.0%),0.16,3.0
292,5,"[((-1.8781679, 52.4815281), (-1.8778854, 52.4815302)), ((-1.8783114, 52.4815272), (-1.8781679, 52.4815281)), ((-1.8792615, 52.4815328), (-1.8783114, 52.4815272)), ((-1.8855264, 52.4807325), (-1.8792615, 52.4815328)), ((-1.8860811, 52.4805982), (-1.8855264, 52.4807325))]",109,Gauge 6,5211,5147 (98.8%),64 (1.2%),0 (0.0%),0.02,2.0
292,5,"[((-1.8781679, 52.4815281), (-1.8778854, 52.4815302)), ((-1.8783114, 52.4815272), (-1.8781679, 52.4815281)), ((-1.8792615, 52.4815328), (-1.8783114, 52.4815272)), ((-1.8855264, 52.4807325), (-1.8792615, 52.4815328)), ((-1.8860811, 52.4805982), (-1.8855264, 52.4807325))]",109,Gauge 10,864,864 (100.0%),0 (0.0%),0 (0.0%),0,0
293,2,"[((-2.591126, 53.4556875), (-2.5907227, 53.4557447)), ((-2.6014606, 53.454191), (-2.591126, 53.4556875))]",109,Gauge 6,5211,5102 (97.9%),109 (2.1%),0 (0.0%),0.72,1.2
293,2,"[((-2.591126, 53.4556875), (-2.5907227, 53.4557447)), ((-2.6014606, 53.454191), (-2.591126, 53.4556875))]",109,Gauge 10,864,857 (99.2%),7 (0.8%),0 (0.0%),0.72,1.7
294,195,"[((-2.6684929, 54.5158962), (-2.6684921, 54.5159861)), ((-2.6687147, 54.518531), (-2.6684921, 54.5159861)), ((-2.6696897, 54.5031493), (-2.6684929, 54.5158962)), ((-2.6698837, 54.5220755), (-2.6687147, 54.518531)), ((-2.6698519, 54.5020997), (-2.6696897, 54.5031493)), ((-2.6699425, 54.522181), (-2.6698837, 54.5220755)), ((-2.6698519, 54.5020997), (-2.6596179, 54.4897507)), ((-2.6875316, 54.5423632), (-2.6699425, 54.522181)), ((-2.6596179, 54.4897507), (-2.6465828, 54.4825275)), ((-2.6887275, 54.5553871), (-2.6875316, 54.5423632)), ((-2.6465828, 54.4825275), (-2.6463577, 54.48238)), ((-2.6887275, 54.5553871), (-2.6878242, 54.5581095)), ((-2.6463577, 54.48238), (-2.6416289, 54.4788817)), ((-2.6878242, 54.5581095), (-2.687565, 54.5584599)), ((-2.6416289, 54.4788817), (-2.6413959, 54.4786904)), ((-2.687565, 54.5584599), (-2.6833687, 54.5684071)), ((-2.6413959, 54.4786904), (-2.6240719, 54.4633218)), ((-2.6835071, 54.5687031), (-2.6833687, 54.5684071)), ((-2.6240719, 54.4633218), (-2.6237374, 54.4631186)), ((-2.6854762, 54.5781627), (-2.6835071, 54.5687031)), ((-2.6237374, 54.4631186), (-2.6180562, 54.4577578)), ((-2.6855031, 54.578388), (-2.6854762, 54.5781627)), ((-2.6180562, 54.4577578), (-2.6179519, 54.4575743)), ((-2.6868304, 54.5809997), (-2.6855031, 54.578388)), ((-2.6179519, 54.4575743), (-2.6167407, 54.4550813)), ((-2.6963613, 54.5889383), (-2.6868304, 54.5809997)), ((-2.6167407, 54.4550813), (-2.61671, 54.4550112)), ((-2.6973499, 54.5945457), (-2.6963613, 54.5889383)), ((-2.61671, 54.4550112), (-2.6107488, 54.4423011)), ((-2.6974204, 54.5950636), (-2.6973499, 54.5945457)), ((-2.6107488, 54.4423011), (-2.6101872, 54.4418584)), ((-2.7098583, 54.6134225), (-2.6974204, 54.5950636)), ((-2.6101872, 54.4418584), (-2.5982382, 54.4303013)), ((-2.7101314, 54.6137558), (-2.7098583, 54.6134225)), ((-2.5982382, 54.4303013), (-2.5982183, 54.4301573)), ((-2.7143726, 54.6276548), (-2.7101314, 54.6137558)), ((-2.5982183, 54.4301573), (-2.5981806, 54.4286391)), ((-2.7144419, 54.6277843), (-2.7143726, 54.6276548)), ((-2.5981968, 54.4281728), (-2.5981806, 54.4286391)), ((-2.7184054, 54.6315952), (-2.7144419, 54.6277843)), ((-2.5989173, 54.4203875), (-2.5981968, 54.4281728)), ((-2.722387, 54.63339), (-2.7184054, 54.6315952)), ((-2.5989485, 54.4200921), (-2.5989173, 54.4203875)), ((-2.7269523, 54.634589), (-2.722387, 54.63339)), ((-2.6013078, 54.4120717), (-2.5989485, 54.4200921)), ((-2.7292772, 54.6350864), (-2.7269523, 54.634589)), ((-2.6041311, 54.4072018), (-2.6013078, 54.4120717)), ((-2.7351326, 54.6360082), (-2.7292772, 54.6350864)), ((-2.6043051, 54.4065803), (-2.6041311, 54.4072018)), ((-2.7373261, 54.63626), (-2.7351326, 54.6360082)), ((-2.6043051, 54.4065803), (-2.5858701, 54.3871951)), ((-2.7491212, 54.6381063), (-2.7373261, 54.63626)), ((-2.5858701, 54.3871951), (-2.5824595, 54.3723992)), ((-2.7610755, 54.6441991), (-2.7491212, 54.6381063)), ((-2.5928433, 54.3652563), (-2.5824595, 54.3723992)), ((-2.7612773, 54.6444403), (-2.7610755, 54.6441991)), ((-2.5931264, 54.3652261), (-2.5928433, 54.3652563)), ((-2.7617919, 54.6450907), (-2.7612773, 54.6444403)), ((-2.6084486, 54.3596455), (-2.5931264, 54.3652261)), ((-2.7630059, 54.6465654), (-2.7617919, 54.6450907)), ((-2.6104438, 54.3595064), (-2.6084486, 54.3596455)), ((-2.7630626, 54.6466208), (-2.7630059, 54.6465654)), ((-2.6230833, 54.3575444), (-2.6104438, 54.3595064)), ((-2.7636538, 54.6471393), (-2.7630626, 54.6466208)), ((-2.6399107, 54.3593661), (-2.6230833, 54.3575444)), ((-2.7646011, 54.6478652), (-2.7636538, 54.6471393)), ((-2.6403076, 54.3594208), (-2.6399107, 54.3593661)), ((-2.7671653, 54.651216), (-2.7646011, 54.6478652)), ((-2.6680819, 54.3553193), (-2.6403076, 54.3594208)), ((-2.7672179, 54.6515944), (-2.7671653, 54.651216)), ((-2.6698786, 54.3551035), (-2.6680819, 54.3553193)), ((-2.7672179, 54.6515944), (-2.7657809, 54.655347)), ((-2.7109082, 54.342863), (-2.6698786, 54.3551035)), ((-2.7657809, 54.655347), (-2.7645467, 54.6564586)), ((-2.7110443, 54.3427582), (-2.7109082, 54.342863)), ((-2.7645467, 54.6564586), (-2.7634054, 54.6699217)), ((-2.7127961, 54.3415805), (-2.7110443, 54.3427582)), ((-2.7648505, 54.6711302), (-2.7634054, 54.6699217)), ((-2.7183364, 54.3280786), (-2.7127961, 54.3415805)), ((-2.7651965, 54.6714319), (-2.7648505, 54.6711302)), ((-2.7183561, 54.3277545), (-2.7183364, 54.3280786)), ((-2.7818872, 54.6966346), (-2.7651965, 54.6714319)), ((-2.7183561, 54.3277545), (-2.7182713, 54.3216351)), ((-2.7818872, 54.6966346), (-2.7818787, 54.6969728)), ((-2.7182741, 54.3215879), (-2.7182713, 54.3216351)), ((-2.7842644, 54.702742), (-2.7818787, 54.6969728)), ((-2.7189362, 54.3183543), (-2.7182741, 54.3215879)), ((-2.794611, 54.720562), (-2.7842644, 54.702742)), ((-2.7189477, 54.3183306), (-2.7189362, 54.3183543)), ((-2.7947092, 54.7207355), (-2.794611, 54.720562)), ((-2.7205608, 54.3140917), (-2.7189477, 54.3183306)), ((-2.7965775, 54.7239641), (-2.7947092, 54.7207355)), ((-2.7205638, 54.3140396), (-2.7205608, 54.3140917)), ((-2.7966229, 54.7240391), (-2.7965775, 54.7239641)), ((-2.7205638, 54.3140396), (-2.7203519, 54.3089772)), ((-2.8188976, 54.7569764), (-2.7966229, 54.7240391)), ((-2.8190532, 54.7571957), (-2.8188976, 54.7569764)), ((-2.8217704, 54.7649576), (-2.8190532, 54.7571957)), ((-2.8217976, 54.7650447), (-2.8217704, 54.7649576)), ((-2.8223917, 54.7664083), (-2.8217976, 54.7650447)), ((-2.8224888, 54.7665882), (-2.8223917, 54.7664083)), ((-2.8354031, 54.7753343), (-2.8224888, 54.7665882)), ((-2.8357915, 54.7754619), (-2.8354031, 54.7753343)), ((-2.8487858, 54.7848956), (-2.8357915, 54.7754619)), ((-2.8488267, 54.7849833), (-2.8487858, 54.7848956)), ((-2.8575846, 54.7969788), (-2.8488267, 54.7849833)), ((-2.857647, 54.7970677), (-2.8575846, 54.7969788)), ((-2.8588852, 54.7994208), (-2.857647, 54.7970677)), ((-2.8589291, 54.7995339), (-2.8588852, 54.7994208)), ((-2.861848, 54.8108235), (-2.8589291, 54.7995339)), ((-2.8674563, 54.8204385), (-2.861848, 54.8108235)), ((-2.86752, 54.8204768), (-2.8674563, 54.8204385)), ((-2.8716265, 54.8229407), (-2.86752, 54.8204768)), ((-2.8719179, 54.8231221), (-2.8716265, 54.8229407)), ((-2.8727315, 54.8236253), (-2.8719179, 54.8231221)), ((-2.8766474, 54.8298089), (-2.8727315, 54.8236253)), ((-2.8766474, 54.8298089), (-2.8765904, 54.8301074)), ((-2.8767064, 54.8349027), (-2.8765904, 54.8301074)), ((-2.8843371, 54.844269), (-2.8767064, 54.8349027)), ((-2.8848998, 54.8452873), (-2.8843371, 54.844269)), ((-2.9048618, 54.8677899), (-2.8848998, 54.8452873)), ((-2.9050766, 54.8678947), (-2.9048618, 54.8677899)), ((-2.9151854, 54.8739567), (-2.9050766, 54.8678947)), ((-2.9153512, 54.8740918), (-2.9151854, 54.8739567)), ((-2.9205898, 54.8801818), (-2.9153512, 54.8740918)), ((-2.9218834, 54.8817019), (-2.9205898, 54.8801818)), ((-2.9275017, 54.8858603), (-2.9218834, 54.8817019)), ((-2.9279378, 54.8861715), (-2.9275017, 54.8858603)), ((-2.9309008, 54.8890212), (-2.9279378, 54.8861715)), ((-2.9310774, 54.8891995), (-2.9309008, 54.8890212)), ((-2.9365581, 54.8918527), (-2.9310774, 54.8891995)), ((-2.9382541, 54.8926569), (-2.9365581, 54.8918527)), ((-2.9385296, 54.8928147), (-2.9382541, 54.8926569)), ((-2.9412381, 54.8942522), (-2.9385296, 54.8928147)), ((-2.9453182, 54.8974712), (-2.9412381, 54.8942522)), ((-2.9462466, 54.8982272), (-2.9453182, 54.8974712)), ((-2.9471556, 54.89895), (-2.9462466, 54.8982272)), ((-2.9542225, 54.903986), (-2.9471556, 54.89895)), ((-2.9552941, 54.904825), (-2.9542225, 54.903986)), ((-2.9874096, 54.9442002), (-2.9552941, 54.904825)), ((-3.0140046, 54.9722459), (-2.9874096, 54.9442002)), ((-3.0166146, 54.9744035), (-3.0140046, 54.9722459)), ((-3.0193835, 54.9766829), (-3.0166146, 54.9744035)), ((-3.0194723, 54.976757), (-3.0193835, 54.9766829)), ((-3.0226368, 54.9793817), (-3.0194723, 54.976757)), ((-3.0239346, 54.9804495), (-3.0226368, 54.9793817)), ((-3.032031, 54.9871652), (-3.0239346, 54.9804495)), ((-3.0366176, 54.9909517), (-3.032031, 54.9871652)), ((-3.0368096, 54.9911084), (-3.0366176, 54.9909517)), ((-3.0390828, 54.9929924), (-3.0368096, 54.9911084)), ((-3.0392232, 54.9931089), (-3.0390828, 54.9929924)), ((-3.0443284, 54.9973244), (-3.0392232, 54.9931089)), ((-3.0444178, 54.9973908), (-3.0443284, 54.9973244)), ((-3.0450002, 54.9978921), (-3.0444178, 54.9973908)), ((-3.0455268, 54.9983579), (-3.0450002, 54.9978921)), ((-3.0489869, 55.002039), (-3.0455268, 54.9983579)), ((-3.0493667, 55.0025977), (-3.0489869, 55.002039)), ((-3.0523981, 55.0072465), (-3.0493667, 55.0025977)), ((-3.0526496, 55.0075302), (-3.0523981, 55.0072465)), ((-3.054209, 55.0091051), (-3.0526496, 55.0075302)), ((-3.0595328, 55.0124459), (-3.054209, 55.0091051)), ((-3.0600102, 55.0126682), (-3.0595328, 55.0124459)), ((-3.060142, 55.0127264), (-3.0600102, 55.0126682)), ((-3.0730439, 55.0155937), (-3.060142, 55.0127264)), ((-3.1019188, 55.0197108), (-3.0730439, 55.0155937)), ((-3.102057, 55.01973), (-3.1019188, 55.0197108)), ((-3.1206112, 55.0223599), (-3.102057, 55.01973)), ((-3.1248604, 55.0229016), (-3.1206112, 55.0223599)), ((-3.1259465, 55.0229944), (-3.1248604, 55.0229016)), ((-3.130851, 55.0230728), (-3.1259465, 55.0229944)), ((-3.1316219, 55.0230315), (-3.130851, 55.0230728)), ((-3.1773409, 55.0371765), (-3.1316219, 55.0230315)), ((-3.1775593, 55.0373433), (-3.1773409, 55.0371765)), ((-3.1912137, 55.0427817), (-3.1775593, 55.0373433)), ((-3.1933066, 55.0431307), (-3.1912137, 55.0427817)), ((-3.2133946, 55.051747), (-3.1933066, 55.0431307)), ((-3.2138212, 55.0524094), (-3.2133946, 55.051747)), ((-3.2256972, 55.0630967), (-3.2138212, 55.0524094)), ((-3.2267386, 55.0634706), (-3.2256972, 55.0630967)), ((-3.2302776, 55.0644951), (-3.2267386, 55.0634706)), ((-3.2305218, 55.0645539), (-3.2302776, 55.0644951)), ((-3.2791591, 55.0667304), (-3.2305218, 55.0645539)), ((-3.2809366, 55.066619), (-3.2791591, 55.0667304)), ((-3.2964727, 55.0655493), (-3.2809366, 55.066619)), ((-3.3181191, 55.0832828), (-3.2964727, 55.0655493)), ((-3.3181191, 55.0832828), (-3.3180342, 55.0844993)), ((-3.3180342, 55.0844993), (-3.3179825, 55.0850129)), ((-3.3179825, 55.0850129), (-3.3178904, 55.0867601)), ((-3.3178904, 55.0867601), (-3.3178336, 55.0874388)), ((-3.3278055, 55.1008179), (-3.3178336, 55.0874388)), ((-3.3290448, 55.1011474), (-3.3278055, 55.1008179)), ((-3.3402791, 55.1040962), (-3.3290448, 55.1011474)), ((-3.340539, 55.1041971), (-3.3402791, 55.1040962)), ((-3.3499089, 55.1123826), (-3.340539, 55.1041971)), ((-3.3509485, 55.1150645), (-3.3499089, 55.1123826))]",108,Gauge 6,5211,5202 (99.8%),9 (0.2%),0 (0.0%),40.32,110.7
294,195,"[((-2.6684929, 54.5158962), (-2.6684921, 54.5159861)), ((-2.6687147, 54.518531), (-2.6684921, 54.5159861)), ((-2.6696897, 54.5031493), (-2.6684929, 54.5158962)), ((-2.6698837, 54.5220755), (-2.6687147, 54.518531)), ((-2.6698519, 54.5020997), (-2.6696897, 54.5031493)), ((-2.6699425, 54.522181), (-2.6698837, 54.5220755)), ((-2.6698519, 54.5020997), (-2.6596179, 54.4897507)), ((-2.6875316, 54.5423632), (-2.6699425, 54.522181)), ((-2.6596179, 54.4897507), (-2.6465828, 54.4825275)), ((-2.6887275, 54.5553871), (-2.6875316, 54.5423632)), ((-2.6465828, 54.4825275), (-2.6463577, 54.48238)), ((-2.6887275, 54.5553871), (-2.6878242, 54.5581095)), ((-2.6463577, 54.48238), (-2.6416289, 54.4788817)), ((-2.6878242, 54.5581095), (-2.687565, 54.5584599)), ((-2.6416289, 54.4788817), (-2.6413959, 54.4786904)), ((-2.687565, 54.5584599), (-2.6833687, 54.5684071)), ((-2.6413959, 54.4786904), (-2.6240719, 54.4633218)), ((-2.6835071, 54.5687031), (-2.6833687, 54.5684071)), ((-2.6240719, 54.4633218), (-2.6237374, 54.4631186)), ((-2.6854762, 54.5781627), (-2.6835071, 54.5687031)), ((-2.6237374, 54.4631186), (-2.6180562, 54.4577578)), ((-2.6855031, 54.578388), (-2.6854762, 54.5781627)), ((-2.6180562, 54.4577578), (-2.6179519, 54.4575743)), ((-2.6868304, 54.5809997), (-2.6855031, 54.578388)), ((-2.6179519, 54.4575743), (-2.6167407, 54.4550813)), ((-2.6963613, 54.5889383), (-2.6868304, 54.5809997)), ((-2.6167407, 54.4550813), (-2.61671, 54.4550112)), ((-2.6973499, 54.5945457), (-2.6963613, 54.5889383)), ((-2.61671, 54.4550112), (-2.6107488, 54.4423011)), ((-2.6974204, 54.5950636), (-2.6973499, 54.5945457)), ((-2.6107488, 54.4423011), (-2.6101872, 54.4418584)), ((-2.7098583, 54.6134225), (-2.6974204, 54.5950636)), ((-2.6101872, 54.4418584), (-2.5982382, 54.4303013)), ((-2.7101314, 54.6137558), (-2.7098583, 54.6134225)), ((-2.5982382, 54.4303013), (-2.5982183, 54.4301573)), ((-2.7143726, 54.6276548), (-2.7101314, 54.6137558)), ((-2.5982183, 54.4301573), (-2.5981806, 54.4286391)), ((-2.7144419, 54.6277843), (-2.7143726, 54.6276548)), ((-2.5981968, 54.4281728), (-2.5981806, 54.4286391)), ((-2.7184054, 54.6315952), (-2.7144419, 54.6277843)), ((-2.5989173, 54.4203875), (-2.5981968, 54.4281728)), ((-2.722387, 54.63339), (-2.7184054, 54.6315952)), ((-2.5989485, 54.4200921), (-2.5989173, 54.4203875)), ((-2.7269523, 54.634589), (-2.722387, 54.63339)), ((-2.6013078, 54.4120717), (-2.5989485, 54.4200921)), ((-2.7292772, 54.6350864), (-2.7269523, 54.634589)), ((-2.6041311, 54.4072018), (-2.6013078, 54.4120717)), ((-2.7351326, 54.6360082), (-2.7292772, 54.6350864)), ((-2.6043051, 54.4065803), (-2.6041311, 54.4072018)), ((-2.7373261, 54.63626), (-2.7351326, 54.6360082)), ((-2.6043051, 54.4065803), (-2.5858701, 54.3871951)), ((-2.7491212, 54.6381063), (-2.7373261, 54.63626)), ((-2.5858701, 54.3871951), (-2.5824595, 54.3723992)), ((-2.7610755, 54.6441991), (-2.7491212, 54.6381063)), ((-2.5928433, 54.3652563), (-2.5824595, 54.3723992)), ((-2.7612773, 54.6444403), (-2.7610755, 54.6441991)), ((-2.5931264, 54.3652261), (-2.5928433, 54.3652563)), ((-2.7617919, 54.6450907), (-2.7612773, 54.6444403)), ((-2.6084486, 54.3596455), (-2.5931264, 54.3652261)), ((-2.7630059, 54.6465654), (-2.7617919, 54.6450907)), ((-2.6104438, 54.3595064), (-2.6084486, 54.3596455)), ((-2.7630626, 54.6466208), (-2.7630059, 54.6465654)), ((-2.6230833, 54.3575444), (-2.6104438, 54.3595064)), ((-2.7636538, 54.6471393), (-2.7630626, 54.6466208)), ((-2.6399107, 54.3593661), (-2.6230833, 54.3575444)), ((-2.7646011, 54.6478652), (-2.7636538, 54.6471393)), ((-2.6403076, 54.3594208), (-2.6399107, 54.3593661)), ((-2.7671653, 54.651216), (-2.7646011, 54.6478652)), ((-2.6680819, 54.3553193), (-2.6403076, 54.3594208)), ((-2.7672179, 54.6515944), (-2.7671653, 54.651216)), ((-2.6698786, 54.3551035), (-2.6680819, 54.3553193)), ((-2.7672179, 54.6515944), (-2.7657809, 54.655347)), ((-2.7109082, 54.342863), (-2.6698786, 54.3551035)), ((-2.7657809, 54.655347), (-2.7645467, 54.6564586)), ((-2.7110443, 54.3427582), (-2.7109082, 54.342863)), ((-2.7645467, 54.6564586), (-2.7634054, 54.6699217)), ((-2.7127961, 54.3415805), (-2.7110443, 54.3427582)), ((-2.7648505, 54.6711302), (-2.7634054, 54.6699217)), ((-2.7183364, 54.3280786), (-2.7127961, 54.3415805)), ((-2.7651965, 54.6714319), (-2.7648505, 54.6711302)), ((-2.7183561, 54.3277545), (-2.7183364, 54.3280786)), ((-2.7818872, 54.6966346), (-2.7651965, 54.6714319)), ((-2.7183561, 54.3277545), (-2.7182713, 54.3216351)), ((-2.7818872, 54.6966346), (-2.7818787, 54.6969728)), ((-2.7182741, 54.3215879), (-2.7182713, 54.3216351)), ((-2.7842644, 54.702742), (-2.7818787, 54.6969728)), ((-2.7189362, 54.3183543), (-2.7182741, 54.3215879)), ((-2.794611, 54.720562), (-2.7842644, 54.702742)), ((-2.7189477, 54.3183306), (-2.7189362, 54.3183543)), ((-2.7947092, 54.7207355), (-2.794611, 54.720562)), ((-2.7205608, 54.3140917), (-2.7189477, 54.3183306)), ((-2.7965775, 54.7239641), (-2.7947092, 54.7207355)), ((-2.7205638, 54.3140396), (-2.7205608, 54.3140917)), ((-2.7966229, 54.7240391), (-2.7965775, 54.7239641)), ((-2.7205638, 54.3140396), (-2.7203519, 54.3089772)), ((-2.8188976, 54.7569764), (-2.7966229, 54.7240391)), ((-2.8190532, 54.7571957), (-2.8188976, 54.7569764)), ((-2.8217704, 54.7649576), (-2.8190532, 54.7571957)), ((-2.8217976, 54.7650447), (-2.8217704, 54.7649576)), ((-2.8223917, 54.7664083), (-2.8217976, 54.7650447)), ((-2.8224888, 54.7665882), (-2.8223917, 54.7664083)), ((-2.8354031, 54.7753343), (-2.8224888, 54.7665882)), ((-2.8357915, 54.7754619), (-2.8354031, 54.7753343)), ((-2.8487858, 54.7848956), (-2.8357915, 54.7754619)), ((-2.8488267, 54.7849833), (-2.8487858, 54.7848956)), ((-2.8575846, 54.7969788), (-2.8488267, 54.7849833)), ((-2.857647, 54.7970677), (-2.8575846, 54.7969788)), ((-2.8588852, 54.7994208), (-2.857647, 54.7970677)), ((-2.8589291, 54.7995339), (-2.8588852, 54.7994208)), ((-2.861848, 54.8108235), (-2.8589291, 54.7995339)), ((-2.8674563, 54.8204385), (-2.861848, 54.8108235)), ((-2.86752, 54.8204768), (-2.8674563, 54.8204385)), ((-2.8716265, 54.8229407), (-2.86752, 54.8204768)), ((-2.8719179, 54.8231221), (-2.8716265, 54.8229407)), ((-2.8727315, 54.8236253), (-2.8719179, 54.8231221)), ((-2.8766474, 54.8298089), (-2.8727315, 54.8236253)), ((-2.8766474, 54.8298089), (-2.8765904, 54.8301074)), ((-2.8767064, 54.8349027), (-2.8765904, 54.8301074)), ((-2.8843371, 54.844269), (-2.8767064, 54.8349027)), ((-2.8848998, 54.8452873), (-2.8843371, 54.844269)), ((-2.9048618, 54.8677899), (-2.8848998, 54.8452873)), ((-2.9050766, 54.8678947), (-2.9048618, 54.8677899)), ((-2.9151854, 54.8739567), (-2.9050766, 54.8678947)), ((-2.9153512, 54.8740918), (-2.9151854, 54.8739567)), ((-2.9205898, 54.8801818), (-2.9153512, 54.8740918)), ((-2.9218834, 54.8817019), (-2.9205898, 54.8801818)), ((-2.9275017, 54.8858603), (-2.9218834, 54.8817019)), ((-2.9279378, 54.8861715), (-2.9275017, 54.8858603)), ((-2.9309008, 54.8890212), (-2.9279378, 54.8861715)), ((-2.9310774, 54.8891995), (-2.9309008, 54.8890212)), ((-2.9365581, 54.8918527), (-2.9310774, 54.8891995)), ((-2.9382541, 54.8926569), (-2.9365581, 54.8918527)), ((-2.9385296, 54.8928147), (-2.9382541, 54.8926569)), ((-2.9412381, 54.8942522), (-2.9385296, 54.8928147)), ((-2.9453182, 54.8974712), (-2.9412381, 54.8942522)), ((-2.9462466, 54.8982272), (-2.9453182, 54.8974712)), ((-2.9471556, 54.89895), (-2.9462466, 54.8982272)), ((-2.9542225, 54.903986), (-2.9471556, 54.89895)), ((-2.9552941, 54.904825), (-2.9542225, 54.903986)), ((-2.9874096, 54.9442002), (-2.9552941, 54.904825)), ((-3.0140046, 54.9722459), (-2.9874096, 54.9442002)), ((-3.0166146, 54.9744035), (-3.0140046, 54.9722459)), ((-3.0193835, 54.9766829), (-3.0166146, 54.9744035)), ((-3.0194723, 54.976757), (-3.0193835, 54.9766829)), ((-3.0226368, 54.9793817), (-3.0194723, 54.976757)), ((-3.0239346, 54.9804495), (-3.0226368, 54.9793817)), ((-3.032031, 54.9871652), (-3.0239346, 54.9804495)), ((-3.0366176, 54.9909517), (-3.032031, 54.9871652)), ((-3.0368096, 54.9911084), (-3.0366176, 54.9909517)), ((-3.0390828, 54.9929924), (-3.0368096, 54.9911084)), ((-3.0392232, 54.9931089), (-3.0390828, 54.9929924)), ((-3.0443284, 54.9973244), (-3.0392232, 54.9931089)), ((-3.0444178, 54.9973908), (-3.0443284, 54.9973244)), ((-3.0450002, 54.9978921), (-3.0444178, 54.9973908)), ((-3.0455268, 54.9983579), (-3.0450002, 54.9978921)), ((-3.0489869, 55.002039), (-3.0455268, 54.9983579)), ((-3.0493667, 55.0025977), (-3.0489869, 55.002039)), ((-3.0523981, 55.0072465), (-3.0493667, 55.0025977)), ((-3.0526496, 55.0075302), (-3.0523981, 55.0072465)), ((-3.054209, 55.0091051), (-3.0526496, 55.0075302)), ((-3.0595328, 55.0124459), (-3.054209, 55.0091051)), ((-3.0600102, 55.0126682), (-3.0595328, 55.0124459)), ((-3.060142, 55.0127264), (-3.0600102, 55.0126682)), ((-3.0730439, 55.0155937), (-3.060142, 55.0127264)), ((-3.1019188, 55.0197108), (-3.0730439, 55.0155937)), ((-3.102057, 55.01973), (-3.1019188, 55.0197108)), ((-3.1206112, 55.0223599), (-3.102057, 55.01973)), ((-3.1248604, 55.0229016), (-3.1206112, 55.0223599)), ((-3.1259465, 55.0229944), (-3.1248604, 55.0229016)), ((-3.130851, 55.0230728), (-3.1259465, 55.0229944)), ((-3.1316219, 55.0230315), (-3.130851, 55.0230728)), ((-3.1773409, 55.0371765), (-3.1316219, 55.0230315)), ((-3.1775593, 55.0373433), (-3.1773409, 55.0371765)), ((-3.1912137, 55.0427817), (-3.1775593, 55.0373433)), ((-3.1933066, 55.0431307), (-3.1912137, 55.0427817)), ((-3.2133946, 55.051747), (-3.1933066, 55.0431307)), ((-3.2138212, 55.0524094), (-3.2133946, 55.051747)), ((-3.2256972, 55.0630967), (-3.2138212, 55.0524094)), ((-3.2267386, 55.0634706), (-3.2256972, 55.0630967)), ((-3.2302776, 55.0644951), (-3.2267386, 55.0634706)), ((-3.2305218, 55.0645539), (-3.2302776, 55.0644951)), ((-3.2791591, 55.0667304), (-3.2305218, 55.0645539)), ((-3.2809366, 55.066619), (-3.2791591, 55.0667304)), ((-3.2964727, 55.0655493), (-3.2809366, 55.066619)), ((-3.3181191, 55.0832828), (-3.2964727, 55.0655493)), ((-3.3181191, 55.0832828), (-3.3180342, 55.0844993)), ((-3.3180342, 55.0844993), (-3.3179825, 55.0850129)), ((-3.3179825, 55.0850129), (-3.3178904, 55.0867601)), ((-3.3178904, 55.0867601), (-3.3178336, 55.0874388)), ((-3.3278055, 55.1008179), (-3.3178336, 55.0874388)), ((-3.3290448, 55.1011474), (-3.3278055, 55.1008179)), ((-3.3402791, 55.1040962), (-3.3290448, 55.1011474)), ((-3.340539, 55.1041971), (-3.3402791, 55.1040962)), ((-3.3499089, 55.1123826), (-3.340539, 55.1041971)), ((-3.3509485, 55.1150645), (-3.3499089, 55.1123826))]",108,Gauge 10,864,861 (99.7%),3 (0.3%),0 (0.0%),94.00,208.0
295,6,"[((-3.1736337, 51.4765536), (-3.1733523, 51.4766388)), ((-3.1739227, 51.4764677), (-3.1736337, 51.4765536)), ((-3.1741977, 51.4763812), (-3.1739227, 51.4764677)), ((-3.1744412, 51.4763093), (-3.1741977, 51.4763812)), ((-3.1755906, 51.4760018), (-3.1744412, 51.4763093)), ((-3.1761854, 51.4758556), (-3.1755906, 51.4760018))]",108,Gauge 6,5211,5196 (99.7%),15 (0.3%),0 (0.0%),0.15,3.0
295,6,"[((-3.1736337, 51.4765536), (-3.1733523, 51.4766388)), ((-3.1739227, 51.4764677), (-3.1736337, 51.4765536)), ((-3.1741977, 51.4763812), (-3.1739227, 51.4764677)), ((-3.1744412, 51.4763093), (-3.1741977, 51.4763812)), ((-3.1755906, 51.4760018), (-3.1744412, 51.4763093)), ((-3.1761854, 51.4758556), (-3.1755906, 51.4760018))]",108,Gauge 10,864,864 (100.0%),0 (0.0%),0 (0.0%),0,0
296,10,"[((-0.6476357, 52.9117058), (-0.646445, 52.909574)), ((-0.646445, 52.909574), (-0.6459618, 52.9089871)), ((-0.6481394, 52.913942), (-0.6476357, 52.9117058)), ((-0.6459618, 52.9089871), (-0.6413217, 52.90525)), ((-0.648334, 52.915407), (-0.6481394, 52.913942)), ((-0.6413217, 52.90525), (-0.6388747, 52.9034395)), ((-0.6483507, 52.9156635), (-0.648334, 52.915407)), ((-0.6388747, 52.9034395), (-0.6384995, 52.903161)), ((-0.6483507, 52.9156635), (-0.6481028, 52.9189141)), ((-0.6384995, 52.903161), (-0.6374785, 52.9024033))]",108,Gauge 6,5211,5211 (100.0%),0 (0.0%),0 (0.0%),0,0
296,10,"[((-0.6476357, 52.9117058), (-0.646445, 52.909574)), ((-0.646445, 52.909574), (-0.6459618, 52.9089871)), ((-0.6481394, 52.913942), (-0.6476357, 52.9117058)), ((-0.6459618, 52.9089871), (-0.6413217, 52.90525)), ((-0.648334, 52.915407), (-0.6481394, 52.913942)), ((-0.6413217, 52.90525), (-0.6388747, 52.9034395)), ((-0.6483507, 52.9156635), (-0.648334, 52.915407)), ((-0.6388747, 52.9034395), (-0.6384995, 52.903161)), ((-0.6483507, 52.9156635), (-0.6481028, 52.9189141)), ((-0.6384995, 52.903161), (-0.6374785, 52.9024033))]",108,Gauge 10,864,864 (100.0%),0 (0.0%),0 (0.0%),0,0
297,3,"[((-0.2480107, 52.571521), (-0.2475788, 52.5709183)), ((-0.2480942, 52.57151), (-0.2475788, 52.5709183)), ((-0.2485847, 52.5719683), (-0.2480942, 52.57151))]",108,Gauge 6,5211,4999 (95.9%),212 (4.1%),0 (0.0%),0.35,1.9
297,3,"[((-0.2480107, 52.571521), (-0.2475788, 52.5709183)), ((-0.2480942, 52.57151), (-0.2475788, 52.5709183)), ((-0.2485847, 52.5719683), (-0.2480942, 52.57151))]",108,Gauge 10,864,841 (97.3%),23 (2.7%),0 (0.0%),0.74,12.3
298,3,"[((-1.9875442, 52.7884605), (-1.9872839, 52.7885144)), ((-1.9872839, 52.7885144), (-1.986619, 52.7886484)), ((-1.9876967, 52.788428), (-1.9875442, 52.7884605))]",107,Gauge 6,5211,5192 (99.6%),19 (0.4%),0 (0.0%),6.41,5.1
298,3,"[((-1.9875442, 52.7884605), (-1.9872839, 52.7885144)), ((-1.9872839, 52.7885144), (-1.986619, 52.7886484)), ((-1.9876967, 52.788428), (-1.9875442, 52.7884605))]",107,Gauge 10,864,856 (99.1%),8 (0.9%),0 (0.0%),8.93,15.0
299,1,"[((-2.188139, 53.3757902), (-2.18511, 53.3789965))]",107,Gauge 6,5211,5165 (99.1%),46 (0.9%),0 (0.0%),6.51,26.1
299,1,"[((-2.188139, 53.3757902), (-2.18511, 53.3789965))]",107,Gauge 10,864,856 (99.1%),8 (0.9%),0 (0.0%),37.41,125.9
300,1,"[((-2.2660475, 53.4785553), (-2.2652685, 53.4785296))]",106,Gauge 6,5211,5204 (99.9%),7 (0.1%),0 (0.0%),1.39,7.7
300,1,"[((-2.2660475, 53.4785553), (-2.2652685, 53.4785296))]",106,Gauge 10,864,859 (99.4%),5 (0.6%),0 (0.0%),1.52,7.2
